image,colour_hex,colour_name,colour_family,colour_role,colour_share,chromatic,slot,n_match,n_near,best_delta_e,match_ids,near_ids
content/swipe/fashion shows ss27/IMG_0036.png,392917,espresso,brown,dominant,0.35,True,layer,34,58,1.0,B021-P027;B027-P008;B021-P002;B012-P001;B030-P009;B028-P002;B042-P015;B040-P003,B043-P001;B055-P011;B060-P003;B061-P002;B001-P001;B009-P001;B041-P005;B042-P035
content/swipe/fashion shows ss27/IMG_0036.png,392917,espresso,brown,dominant,0.35,True,top,39,43,4.2,B028-P012;B053-P003;B026-P010;B055-P002;B059-P004;B007-P003;B031-P002;B052-P001,B042-P009;B031-P008;B039-P002;B031-P007;B021-P005;B057-P003;B021-P023;B028-P007
content/swipe/fashion shows ss27/IMG_0036.png,392917,espresso,brown,dominant,0.35,True,bottom,5,26,8.2,B020-P003;B020-P004;B050-P003;B021-P011;B021-P015,B020-P001;B052-P006;B042-P022;B041-P003;B021-P010;B019-P001;B015-P002;B018-P002
content/swipe/fashion shows ss27/IMG_0036.png,392917,espresso,brown,dominant,0.35,True,dress,4,6,6.4,B041-P007;B042-P010;B041-P006;B033-P004,B042-P031;B042-P014;B041-P002;B042-P030;B042-P021;B042-P011
content/swipe/fashion shows ss27/IMG_0036.png,392917,espresso,brown,dominant,0.35,True,shoes,5,3,6.3,B029-P002;B039-P003;B055-P001;B001-P004;B009-P004,B037-P004;B053-P001;B062-P017
content/swipe/fashion shows ss27/IMG_0036.png,392917,espresso,brown,dominant,0.35,True,bag,3,3,5.3,B054-P003;B043-P005;B056-P004,B053-P004;B053-P005;B043-P006
content/swipe/fashion shows ss27/IMG_0036.png,392917,espresso,brown,dominant,0.35,True,accessory,2,8,9.7,B031-P009;B032-P001,B025-P008;B021-P001;B055-P003;B021-P009;B019-P002;B031-P001;B037-P009;B020-P006
content/swipe/fashion shows ss27/IMG_0036.png,392917,espresso,brown,dominant,0.35,True,base,3,2,7.9,B003-P001;B062-P008;B062-P007,B005-P001;B002-P001
content/swipe/fashion shows ss27/IMG_0036.png,392917,espresso,brown,dominant,0.35,True,multiple,47,58,4.3,B021-P026;B036-P001;B049-P003;B022-P021;B023-P006;B042-P007;B024-P002;B056-P006,B020-P002;B033-P005;B028-P010;B036-P003;B044-P006;B044-P005;B046-P004;B023-P002
content/swipe/fashion shows ss27/IMG_0036.png,5B4528,chocolate,brown,secondary,0.295,True,layer,15,34,2.4,B054-P007;B021-P002;B012-P001;B021-P014;B040-P002;B041-P005;B040-P003;B030-P010,B042-P017;B027-P008;B030-P009;B028-P002;B038-P001;B027-P005;B028-P001;B059-P001
content/swipe/fashion shows ss27/IMG_0036.png,5B4528,chocolate,brown,secondary,0.295,True,top,21,41,4.3,B032-P004;B052-P001;B041-P009;B032-P002;B051-P004;B059-P005;B055-P002;B027-P004,B030-P002;B026-P010;B059-P004;B007-P003;B021-P024;B014-P001;B031-P005;B054-P004
content/swipe/fashion shows ss27/IMG_0036.png,5B4528,chocolate,brown,secondary,0.295,True,bottom,3,11,9.4,B042-P041;B020-P003;B052-P003,B052-P004;B050-P003;B042-P040;B050-P002;B021-P011;B020-P004;B021-P010;B020-P001
content/swipe/fashion shows ss27/IMG_0036.png,5B4528,chocolate,brown,secondary,0.295,True,dress,0,5,14.7,,B041-P007;B041-P006;B042-P010;B033-P004;B042-P031
content/swipe/fashion shows ss27/IMG_0036.png,5B4528,chocolate,brown,secondary,0.295,True,shoes,2,6,5.8,B029-P002;B039-P003,B001-P004;B009-P004;B055-P001;B062-P017;B053-P001;B037-P004
content/swipe/fashion shows ss27/IMG_0036.png,5B4528,chocolate,brown,secondary,0.295,True,bag,1,3,10.5,B054-P003,B043-P005;B056-P004;B053-P004
content/swipe/fashion shows ss27/IMG_0036.png,5B4528,chocolate,brown,secondary,0.295,True,accessory,0,8,13.9,,B031-P009;B032-P001;B037-P009;B019-P002;B055-P003;B025-P008;B021-P001;B037-P008
content/swipe/fashion shows ss27/IMG_0036.png,5B4528,chocolate,brown,secondary,0.295,True,base,1,4,7.9,B062-P007,B003-P001;B062-P008;B002-P001;B005-P001
content/swipe/fashion shows ss27/IMG_0036.png,5B4528,chocolate,brown,secondary,0.295,True,multiple,12,70,1.5,B021-P026;B022-P014;B020-P005;B022-P020;B049-P003;B046-P006;B039-P004;B036-P001,B006-P001;B022-P007;B033-P002;B023-P008;B026-P007;B042-P007;B023-P001;B056-P006
content/swipe/fashion shows ss27/IMG_0036.png,996C2E,ochre,yellow,accent,0.168,True,layer,3,11,6.6,B021-P016;B021-P021;B021-P014,B027-P008;B021-P002;B054-P007;B021-P013;B021-P022;B042-P018;B040-P002;B040-P003
content/swipe/fashion shows ss27/IMG_0036.png,996C2E,ochre,yellow,accent,0.168,True,top,8,14,7.1,B021-P005;B047-P002;B047-P003;B032-P004;B062-P009;B050-P004;B030-P001;B051-P004,B062-P005;B055-P002;B042-P001;B040-P001;B050-P005;B029-P001;B032-P002;B042-P028
content/swipe/fashion shows ss27/IMG_0036.png,996C2E,ochre,yellow,accent,0.168,True,bottom,4,6,8.3,B052-P004;B050-P002;B050-P003;B042-P041,B042-P040;B052-P003;B044-P010;B015-P004;B051-P002;B020-P003
content/swipe/fashion shows ss27/IMG_0036.png,996C2E,ochre,yellow,accent,0.168,True,dress,0,1,19.6,,B042-P010
content/swipe/fashion shows ss27/IMG_0036.png,996C2E,ochre,yellow,accent,0.168,True,shoes,0,1,12.8,,B029-P002
content/swipe/fashion shows ss27/IMG_0036.png,996C2E,ochre,yellow,accent,0.168,True,accessory,0,1,19.5,,B019-P002
content/swipe/fashion shows ss27/IMG_0036.png,996C2E,ochre,yellow,accent,0.168,True,base,1,2,11.8,B062-P007,B003-P001;B026-P009
content/swipe/fashion shows ss27/IMG_0036.png,996C2E,ochre,yellow,accent,0.168,True,multiple,10,20,6.5,B022-P022;B047-P001;B062-P019;B023-P001;B046-P011;B042-P007;B042-P005;B022-P014,B044-P003;B044-P020;B042-P006;B046-P008;B024-P008;B021-P026;B022-P020;B062-P020
content/swipe/fashion shows ss27/IMG_0036.png,8A7554,tobacco,brown,accent,0.096,True,layer,9,15,5.3,B021-P016;B021-P014;B021-P021;B021-P002;B042-P018;B027-P008;B041-P005;B040-P002,B041-P004;B040-P003;B021-P018;B060-P005;B043-P003;B043-P002;B021-P013;B037-P007
content/swipe/fashion shows ss27/IMG_0036.png,8A7554,tobacco,brown,accent,0.096,True,top,11,22,3.0,B032-P004;B030-P001;B042-P028;B062-P009;B031-P005;B062-P005;B055-P002;B021-P005,B029-P001;B027-P004;B051-P004;B016-P003;B062-P002;B050-P004;B032-P002;B050-P005
content/swipe/fashion shows ss27/IMG_0036.png,8A7554,tobacco,brown,accent,0.096,True,bottom,5,8,4.6,B042-P041;B042-P040;B044-P010;B020-P003;B050-P003,B052-P004;B050-P002;B052-P003;B007-P002;B051-P002;B021-P010;B015-P004;B021-P011
content/swipe/fashion shows ss27/IMG_0036.png,8A7554,tobacco,brown,accent,0.096,True,dress,0,2,16.0,,B042-P010;B042-P032
content/swipe/fashion shows ss27/IMG_0036.png,8A7554,tobacco,brown,accent,0.096,True,shoes,1,4,5.7,B029-P002,B001-P004;B009-P004;B062-P017;B053-P001
content/swipe/fashion shows ss27/IMG_0036.png,8A7554,tobacco,brown,accent,0.096,True,bag,0,1,16.6,,B056-P004
content/swipe/fashion shows ss27/IMG_0036.png,8A7554,tobacco,brown,accent,0.096,True,accessory,0,3,13.1,,B019-P002;B037-P008;B037-P009
content/swipe/fashion shows ss27/IMG_0036.png,8A7554,tobacco,brown,accent,0.096,True,base,0,5,13.8,,B003-P001;B062-P007;B005-P001;B004-P001;B026-P009
content/swipe/fashion shows ss27/IMG_0036.png,8A7554,tobacco,brown,accent,0.096,True,multiple,21,38,2.3,B062-P019;B032-P003;B044-P020;B022-P022;B023-P001;B047-P001;B046-P011;B042-P002,B025-P004;B043-P007;B039-P004;B042-P005;B046-P006;B026-P003;B033-P002;B049-P003
content/swipe/fashion shows ss27/IMG_0059.jpeg,422D22,espresso,brown,dominant,0.333,True,layer,35,61,5.3,B028-P002;B042-P015;B042-P016;B059-P001;B021-P022;B040-P003;B021-P027;B021-P002,B027-P005;B042-P003;B042-P004;B053-P006;B043-P001;B061-P002;B001-P001;B009-P001
content/swipe/fashion shows ss27/IMG_0059.jpeg,422D22,espresso,brown,dominant,0.333,True,top,47,36,2.3,B026-P010;B007-P003;B021-P024;B031-P002;B052-P002;B028-P012;B025-P003;B028-P013,B042-P009;B045-P003;B062-P015;B028-P007;B039-P002;B008-P002;B028-P009;B057-P003
content/swipe/fashion shows ss27/IMG_0059.jpeg,422D22,espresso,brown,dominant,0.333,True,bottom,8,23,6.9,B021-P011;B050-P003;B020-P003;B021-P010;B018-P002;B021-P003;B020-P004;B015-P005,B020-P001;B016-P001;B015-P002;B021-P015;B052-P006;B042-P022;B041-P003;B044-P018
content/swipe/fashion shows ss27/IMG_0059.jpeg,422D22,espresso,brown,dominant,0.333,True,dress,4,6,4.9,B041-P007;B041-P006;B042-P010;B033-P004,B042-P031;B042-P014;B042-P011;B041-P002;B042-P021;B042-P030
content/swipe/fashion shows ss27/IMG_0059.jpeg,422D22,espresso,brown,dominant,0.333,True,shoes,5,3,5.3,B055-P001;B039-P003;B029-P002;B001-P004;B009-P004,B037-P004;B053-P001;B062-P017
content/swipe/fashion shows ss27/IMG_0059.jpeg,422D22,espresso,brown,dominant,0.333,True,bag,3,3,1.7,B054-P003;B043-P005;B056-P004,B053-P004;B053-P005;B043-P006
content/swipe/fashion shows ss27/IMG_0059.jpeg,422D22,espresso,brown,dominant,0.333,True,accessory,4,6,5.5,B031-P009;B032-P001;B025-P008;B021-P009,B020-P006;B021-P001;B055-P003;B019-P002;B037-P009;B031-P001
content/swipe/fashion shows ss27/IMG_0059.jpeg,422D22,espresso,brown,dominant,0.333,True,base,5,1,3.2,B003-P001;B062-P008;B005-P001;B062-P007;B002-P001,B026-P009
content/swipe/fashion shows ss27/IMG_0059.jpeg,422D22,espresso,brown,dominant,0.333,True,multiple,54,51,2.5,B042-P007;B023-P006;B026-P007;B036-P001;B022-P007;B032-P003;B024-P002;B049-P003,B023-P010;B028-P010;B044-P005;B022-P004;B033-P005;B020-P002;B027-P011;B023-P015
content/swipe/fashion shows ss27/IMG_0059.jpeg,4A4944,taupe,warm neutral,secondary,0.301,False,layer,40,57,1.5,B038-P001;B027-P005;B042-P035;B043-P001;B055-P009;B023-P012;B027-P007;B041-P005,B019-P005;B021-P002;B055-P011;B012-P004;B056-P002;B008-P003;B043-P002;B030-P008
content/swipe/fashion shows ss27/IMG_0059.jpeg,4A4944,taupe,warm neutral,secondary,0.301,False,top,29,50,2.4,B031-P006;B030-P002;B039-P002;B057-P005;B014-P001;B054-P005;B008-P002;B054-P004,B027-P001;B028-P009;B057-P003;B034-P002;B027-P004;B027-P003;B032-P004;B055-P002
content/swipe/fashion shows ss27/IMG_0059.jpeg,4A4944,taupe,warm neutral,secondary,0.301,False,bottom,5,21,5.8,B020-P003;B048-P003;B015-P002;B020-P001;B015-P001,B041-P003;B042-P041;B020-P004;B049-P001;B021-P015;B044-P018;B042-P022;B011-P002
content/swipe/fashion shows ss27/IMG_0059.jpeg,4A4944,taupe,warm neutral,secondary,0.301,False,dress,0,10,12.9,,B042-P031;B041-P006;B041-P007;B042-P014;B033-P004;B041-P002;B042-P011;B042-P010
content/swipe/fashion shows ss27/IMG_0059.jpeg,4A4944,taupe,warm neutral,secondary,0.301,False,shoes,7,3,5.6,B001-P004;B009-P004;B053-P001;B062-P017;B037-P004;B029-P002;B039-P003,B055-P001;B001-P002;B009-P002
content/swipe/fashion shows ss27/IMG_0059.jpeg,4A4944,taupe,warm neutral,secondary,0.301,False,bag,3,3,9.3,B056-P004;B043-P005;B053-P004,B054-P003;B053-P005;B043-P006
content/swipe/fashion shows ss27/IMG_0059.jpeg,4A4944,taupe,warm neutral,secondary,0.301,False,accessory,6,6,3.9,B055-P003;B037-P009;B021-P001;B019-P002;B031-P009;B032-P001,B037-P008;B020-P006;B021-P009;B031-P001;B001-P003;B009-P003
content/swipe/fashion shows ss27/IMG_0059.jpeg,4A4944,taupe,warm neutral,secondary,0.301,False,base,2,3,10.6,B062-P008;B005-P001,B062-P007;B002-P001;B003-P001
content/swipe/fashion shows ss27/IMG_0059.jpeg,4A4944,taupe,warm neutral,secondary,0.301,False,multiple,57,44,3.6,B027-P011;B023-P007;B023-P015;B039-P004;B024-P004;B028-P006;B023-P011;B022-P016,B021-P008;B042-P005;B022-P007;B019-P006;B042-P019;B024-P006;B026-P007;B023-P002
content/swipe/fashion shows ss27/IMG_0059.jpeg,E2DAD0,cream,warm neutral,secondary,0.164,True,layer,17,4,2.6,B043-P002;B019-P004;B046-P003;B048-P001;B043-P004;B061-P003;B042-P020;B011-P006,B060-P006;B060-P002;B021-P014;B059-P002
content/swipe/fashion shows ss27/IMG_0059.jpeg,E2DAD0,cream,warm neutral,secondary,0.164,True,top,31,15,2.4,B061-P005;B042-P025;B010-P003;B062-P006;B062-P013;B033-P001;B058-P007;B042-P024,B025-P003;B030-P001;B042-P029;B030-P003;B057-P003;B021-P025;B012-P003;B050-P006
content/swipe/fashion shows ss27/IMG_0059.jpeg,E2DAD0,cream,warm neutral,secondary,0.164,True,bottom,11,7,1.4,B021-P011;B042-P039;B021-P010;B048-P003;B007-P002;B011-P002;B042-P038;B015-P004,B048-P002;B051-P001;B051-P002;B050-P007;B050-P002;B050-P008;B051-P003
content/swipe/fashion shows ss27/IMG_0059.jpeg,E2DAD0,cream,warm neutral,secondary,0.164,True,dress,1,1,4.7,B042-P032,B042-P010
content/swipe/fashion shows ss27/IMG_0059.jpeg,E2DAD0,cream,warm neutral,secondary,0.164,True,shoes,0,2,12.2,,B062-P017;B053-P001
content/swipe/fashion shows ss27/IMG_0059.jpeg,E2DAD0,cream,warm neutral,secondary,0.164,True,accessory,3,0,5.8,B020-P006;B045-P004;B025-P008,
content/swipe/fashion shows ss27/IMG_0059.jpeg,E2DAD0,cream,warm neutral,secondary,0.164,True,base,2,0,2.6,B004-P001;B062-P007,
content/swipe/fashion shows ss27/IMG_0059.jpeg,E2DAD0,cream,warm neutral,secondary,0.164,True,multiple,56,18,1.0,B023-P016;B044-P014;B036-P002;B023-P002;B023-P003;B023-P006;B022-P002;B022-P010,B024-P002;B023-P010;B025-P005;B022-P016;B044-P012;B024-P005;B026-P004;B022-P018
content/swipe/fashion shows ss27/IMG_0059.jpeg,88654A,tobacco,brown,accent,0.105,True,layer,9,19,4.4,B021-P016;B021-P002;B021-P014;B054-P007;B021-P021;B040-P002;B040-P003;B041-P004,B008-P003;B043-P002;B043-P003;B042-P018;B015-P003;B027-P008;B021-P013;B037-P007
content/swipe/fashion shows ss27/IMG_0059.jpeg,88654A,tobacco,brown,accent,0.105,True,top,14,17,6.2,B055-P002;B062-P005;B027-P004;B032-P004;B030-P001;B047-P003;B051-P004;B047-P002,B050-P004;B031-P005;B042-P028;B030-P002;B052-P001;B058-P004;B059-P005;B050-P005
content/swipe/fashion shows ss27/IMG_0059.jpeg,88654A,tobacco,brown,accent,0.105,True,bottom,8,2,6.1,B042-P040;B042-P041;B050-P002;B052-P004;B052-P003;B050-P003;B020-P003;B044-P010,B015-P004;B051-P002
content/swipe/fashion shows ss27/IMG_0059.jpeg,88654A,tobacco,brown,accent,0.105,True,dress,0,1,19.9,,B042-P010
content/swipe/fashion shows ss27/IMG_0059.jpeg,88654A,tobacco,brown,accent,0.105,True,shoes,1,3,11.4,B029-P002,B001-P004;B009-P004;B062-P017
content/swipe/fashion shows ss27/IMG_0059.jpeg,88654A,tobacco,brown,accent,0.105,True,bag,0,1,16.6,,B056-P004
content/swipe/fashion shows ss27/IMG_0059.jpeg,88654A,tobacco,brown,accent,0.105,True,accessory,0,3,12.7,,B019-P002;B037-P008;B037-P009
content/swipe/fashion shows ss27/IMG_0059.jpeg,88654A,tobacco,brown,accent,0.105,True,base,1,4,10.7,B062-P007,B002-P001;B003-P001;B005-P001;B026-P009
content/swipe/fashion shows ss27/IMG_0059.jpeg,88654A,tobacco,brown,accent,0.105,True,multiple,12,36,1.7,B023-P001;B022-P014;B046-P006;B062-P019;B022-P022;B042-P007;B047-P001;B044-P020,B021-P026;B022-P013;B024-P003;B042-P019;B046-P008;B042-P005;B024-P006;B022-P020
content/swipe/fashion shows ss27/IMG_0060.jpeg,4B4744,taupe,warm neutral,dominant,0.532,False,layer,44,53,1.6,B027-P005;B042-P035;B038-P001;B023-P012;B055-P009;B043-P001;B027-P007;B053-P006,B055-P011;B060-P002;B042-P018;B030-P008;B058-P001;B023-P013;B060-P006;B043-P002
content/swipe/fashion shows ss27/IMG_0060.jpeg,4B4744,taupe,warm neutral,dominant,0.532,False,top,32,53,2.2,B031-P006;B030-P002;B057-P005;B039-P002;B014-P001;B008-P002;B054-P005;B028-P013,B027-P004;B028-P009;B062-P010;B057-P003;B052-P002;B021-P024;B026-P010;B057-P006
content/swipe/fashion shows ss27/IMG_0060.jpeg,4B4744,taupe,warm neutral,dominant,0.532,False,bottom,5,28,5.2,B020-P003;B015-P002;B048-P003;B020-P001;B015-P001,B041-P003;B042-P041;B049-P001;B020-P004;B021-P015;B044-P018;B042-P022;B011-P002
content/swipe/fashion shows ss27/IMG_0060.jpeg,4B4744,taupe,warm neutral,dominant,0.532,False,dress,1,9,11.2,B041-P006,B041-P007;B042-P031;B033-P004;B042-P014;B041-P002;B042-P010;B042-P011;B042-P021
content/swipe/fashion shows ss27/IMG_0060.jpeg,4B4744,taupe,warm neutral,dominant,0.532,False,shoes,7,3,2.9,B001-P004;B009-P004;B053-P001;B037-P004;B039-P003;B029-P002;B062-P017,B055-P001;B001-P002;B009-P002
content/swipe/fashion shows ss27/IMG_0060.jpeg,4B4744,taupe,warm neutral,dominant,0.532,False,bag,4,2,8.8,B056-P004;B054-P003;B043-P005;B053-P004,B053-P005;B043-P006
content/swipe/fashion shows ss27/IMG_0060.jpeg,4B4744,taupe,warm neutral,dominant,0.532,False,accessory,6,7,4.6,B037-P009;B055-P003;B021-P001;B031-P009;B032-P001;B019-P002,B037-P008;B020-P006;B021-P009;B031-P001;B001-P003;B009-P003;B025-P008
content/swipe/fashion shows ss27/IMG_0060.jpeg,4B4744,taupe,warm neutral,dominant,0.532,False,base,3,2,8.5,B062-P008;B005-P001;B002-P001,B062-P007;B003-P001
content/swipe/fashion shows ss27/IMG_0060.jpeg,4B4744,taupe,warm neutral,dominant,0.532,False,multiple,66,41,2.6,B027-P011;B023-P015;B023-P011;B024-P004;B039-P004;B030-P005;B030-P006;B026-P003,B023-P002;B042-P019;B042-P007;B021-P026;B043-P007;B023-P017;B023-P003;B023-P004
content/swipe/fashion shows ss27/IMG_0060.jpeg,EBDFCD,cream,warm neutral,secondary,0.15,True,layer,16,4,1.3,B046-P003;B048-P001;B043-P004;B019-P004;B061-P003;B043-P002;B001-P001;B009-P001,B041-P004;B060-P002;B060-P006;B021-P014
content/swipe/fashion shows ss27/IMG_0060.jpeg,EBDFCD,cream,warm neutral,secondary,0.15,True,top,27,15,1.0,B062-P006;B058-P007;B033-P001;B042-P025;B042-P024;B038-P002;B061-P005;B062-P013,B052-P002;B057-P006;B062-P003;B030-P001;B042-P029;B025-P003;B030-P003;B007-P001
content/swipe/fashion shows ss27/IMG_0060.jpeg,EBDFCD,cream,warm neutral,secondary,0.15,True,bottom,11,7,3.6,B021-P011;B021-P010;B042-P039;B048-P003;B042-P038;B007-P002;B011-P002;B062-P021,B051-P001;B051-P002;B050-P007;B050-P002;B050-P008;B051-P003;B048-P002
content/swipe/fashion shows ss27/IMG_0060.jpeg,EBDFCD,cream,warm neutral,secondary,0.15,True,dress,1,1,4.3,B042-P032,B042-P010
content/swipe/fashion shows ss27/IMG_0060.jpeg,EBDFCD,cream,warm neutral,secondary,0.15,True,shoes,0,2,15.0,,B062-P017;B053-P001
content/swipe/fashion shows ss27/IMG_0060.jpeg,EBDFCD,cream,warm neutral,secondary,0.15,True,accessory,3,0,8.5,B020-P006;B045-P004;B025-P008,
content/swipe/fashion shows ss27/IMG_0060.jpeg,EBDFCD,cream,warm neutral,secondary,0.15,True,base,2,0,5.2,B004-P001;B062-P007,
content/swipe/fashion shows ss27/IMG_0060.jpeg,EBDFCD,cream,warm neutral,secondary,0.15,True,multiple,48,23,1.4,B036-P002;B023-P002;B023-P005;B023-P003;B023-P016;B044-P014;B046-P007;B022-P002,B042-P002;B022-P020;B024-P001;B023-P010;B024-P006;B057-P004;B022-P021;B024-P002
content/swipe/fashion shows ss27/IMG_0060.jpeg,3C2B25,espresso,brown,secondary,0.133,True,layer,61,35,2.9,B059-P001;B028-P002;B042-P015;B042-P016;B008-P003;B030-P009;B021-P022;B041-P004,B048-P001;B037-P002;B042-P020;B062-P014;B027-P007;B028-P004;B041-P005;B056-P003
content/swipe/fashion shows ss27/IMG_0060.jpeg,3C2B25,espresso,brown,secondary,0.133,True,top,56,30,2.2,B026-P010;B052-P002;B007-P003;B021-P024;B028-P012;B030-P004;B031-P002;B055-P002,B058-P004;B028-P008;B021-P006;B040-P001;B050-P004;B037-P003;B039-P007;B042-P001
content/swipe/fashion shows ss27/IMG_0060.jpeg,3C2B25,espresso,brown,secondary,0.133,True,bottom,15,17,6.3,B021-P011;B020-P003;B021-P010;B018-P002;B020-P004;B020-P001;B015-P002;B015-P005,B044-P018;B011-P002;B019-P001;B042-P040;B042-P038;B056-P001;B042-P023;B042-P033
content/swipe/fashion shows ss27/IMG_0060.jpeg,3C2B25,espresso,brown,secondary,0.133,True,dress,6,4,2.8,B041-P007;B041-P006;B033-P004;B042-P010;B042-P031;B042-P014,B042-P011;B041-P002;B042-P021;B042-P030
content/swipe/fashion shows ss27/IMG_0060.jpeg,3C2B25,espresso,brown,secondary,0.133,True,shoes,7,1,4.6,B039-P003;B029-P002;B055-P001;B001-P004;B009-P004;B037-P004;B053-P001,B062-P017
content/swipe/fashion shows ss27/IMG_0060.jpeg,3C2B25,espresso,brown,secondary,0.133,True,bag,5,1,2.7,B054-P003;B043-P005;B056-P004;B053-P004;B053-P005,B043-P006
content/swipe/fashion shows ss27/IMG_0060.jpeg,3C2B25,espresso,brown,secondary,0.133,True,accessory,7,3,3.5,B031-P009;B032-P001;B021-P009;B025-P008;B021-P001;B020-P006;B019-P002,B055-P003;B031-P001;B037-P009
content/swipe/fashion shows ss27/IMG_0060.jpeg,3C2B25,espresso,brown,secondary,0.133,True,base,5,0,3.5,B062-P008;B003-P001;B005-P001;B062-P007;B002-P001,
content/swipe/fashion shows ss27/IMG_0060.jpeg,3C2B25,espresso,brown,secondary,0.133,True,multiple,85,21,1.6,B026-P007;B042-P007;B023-P006;B022-P007;B024-P002;B032-P003;B024-P006;B056-P006,B057-P004;B026-P002;B026-P001;B046-P001;B022-P012;B042-P012;B044-P011;B018-P003
content/swipe/fashion shows ss27/IMG_0060.jpeg,7B7060,olive,green,secondary,0.116,True,layer,16,20,4.2,B041-P005;B040-P002;B041-P004;B043-P002;B021-P002;B042-P018;B038-P001;B060-P005,B059-P001;B021-P014;B061-P002;B021-P021;B027-P008;B054-P002;B043-P001;B055-P009
content/swipe/fashion shows ss27/IMG_0060.jpeg,7B7060,olive,green,secondary,0.116,True,top,10,22,6.1,B062-P005;B030-P001;B042-P028;B032-P004;B055-P002;B062-P002;B027-P004;B031-P005,B062-P009;B051-P004;B057-P005;B021-P005;B047-P003;B047-P002;B032-P002;B016-P003
content/swipe/fashion shows ss27/IMG_0060.jpeg,7B7060,olive,green,secondary,0.116,True,bottom,4,7,2.1,B020-P003;B042-P040;B044-P010;B042-P041,B050-P003;B048-P003;B050-P002;B052-P004;B052-P003;B007-P002;B021-P010
content/swipe/fashion shows ss27/IMG_0060.jpeg,7B7060,olive,green,secondary,0.116,True,dress,0,1,18.7,,B042-P010
content/swipe/fashion shows ss27/IMG_0060.jpeg,7B7060,olive,green,secondary,0.116,True,shoes,4,0,8.4,B029-P002;B001-P004;B009-P004;B062-P017,
content/swipe/fashion shows ss27/IMG_0060.jpeg,7B7060,olive,green,secondary,0.116,True,bag,1,0,10.0,B056-P004,
content/swipe/fashion shows ss27/IMG_0060.jpeg,7B7060,olive,green,secondary,0.116,True,accessory,3,1,6.5,B019-P002;B037-P008;B037-P009,B055-P003
content/swipe/fashion shows ss27/IMG_0060.jpeg,7B7060,olive,green,secondary,0.116,True,base,1,3,10.0,B005-P001,B002-P001;B062-P007;B003-P001
content/swipe/fashion shows ss27/IMG_0060.jpeg,7B7060,olive,green,secondary,0.116,True,multiple,21,48,4.4,B042-P019;B023-P010;B062-P019;B024-P006;B036-P007;B022-P013;B024-P003;B044-P020,B018-P003;B062-P018;B046-P008;B028-P010;B022-P022;B022-P017;B062-P020;B052-P007
content/swipe/fashion shows ss27/IMG_0061.jpeg,433734,taupe,warm neutral,dominant,0.474,False,layer,64,33,2.0,B042-P016;B059-P001;B041-P004;B055-P008;B028-P001;B040-P003;B028-P002;B040-P002,B037-P002;B008-P001;B042-P018;B021-P019;B042-P034;B028-P005;B017-P001;B042-P020
content/swipe/fashion shows ss27/IMG_0061.jpeg,433734,taupe,warm neutral,dominant,0.474,False,top,50,38,1.9,B058-P003;B028-P013;B031-P002;B030-P004;B014-P001;B027-P002;B054-P004;B059-P004,B021-P005;B037-P003;B041-P009;B021-P012;B031-P007;B031-P004;B028-P008;B031-P008
content/swipe/fashion shows ss27/IMG_0061.jpeg,433734,taupe,warm neutral,dominant,0.474,False,bottom,11,21,5.7,B020-P003;B015-P002;B020-P001;B020-P004;B021-P011;B021-P015;B041-P003;B042-P022,B011-P002;B015-P001;B015-P005;B052-P006;B021-P003;B016-P001;B049-P001;B056-P001
content/swipe/fashion shows ss27/IMG_0061.jpeg,433734,taupe,warm neutral,dominant,0.474,False,dress,6,4,4.7,B041-P006;B041-P007;B033-P004;B042-P031;B042-P010;B042-P014,B041-P002;B042-P011;B042-P021;B042-P030
content/swipe/fashion shows ss27/IMG_0061.jpeg,433734,taupe,warm neutral,dominant,0.474,False,shoes,7,3,2.8,B039-P003;B029-P002;B001-P004;B009-P004;B037-P004;B053-P001;B055-P001,B062-P017;B001-P002;B009-P002
content/swipe/fashion shows ss27/IMG_0061.jpeg,433734,taupe,warm neutral,dominant,0.474,False,bag,4,2,4.9,B054-P003;B043-P005;B056-P004;B053-P004,B053-P005;B043-P006
content/swipe/fashion shows ss27/IMG_0061.jpeg,433734,taupe,warm neutral,dominant,0.474,False,accessory,8,3,2.5,B031-P009;B032-P001;B021-P001;B055-P003;B020-P006;B037-P009;B021-P009;B019-P002,B025-P008;B031-P001;B037-P008
content/swipe/fashion shows ss27/IMG_0061.jpeg,433734,taupe,warm neutral,dominant,0.474,False,base,5,0,2.3,B062-P008;B005-P001;B062-P007;B003-P001;B002-P001,
content/swipe/fashion shows ss27/IMG_0061.jpeg,433734,taupe,warm neutral,dominant,0.474,False,multiple,91,15,2.4,B022-P021;B022-P013;B056-P006;B023-P011;B046-P009;B023-P006;B033-P002;B024-P006,B024-P005;B010-P002;B024-P009;B042-P012;B045-P001;B022-P015;B030-P007;B044-P001
content/swipe/fashion shows ss27/IMG_0061.jpeg,EBDECA,cream,warm neutral,accent,0.15,True,layer,15,5,1.2,B046-P003;B048-P001;B043-P004;B019-P004;B061-P003;B043-P002;B001-P001;B009-P001,B058-P005;B041-P004;B060-P002;B060-P006;B021-P014
content/swipe/fashion shows ss27/IMG_0061.jpeg,EBDECA,cream,warm neutral,accent,0.15,True,top,26,15,0.8,B062-P006;B058-P007;B033-P001;B042-P025;B038-P002;B042-P024;B061-P005;B062-P013,B052-P002;B011-P007;B042-P029;B030-P001;B057-P006;B025-P003;B062-P003;B030-P003
content/swipe/fashion shows ss27/IMG_0061.jpeg,EBDECA,cream,warm neutral,accent,0.15,True,bottom,11,7,4.3,B021-P011;B042-P039;B021-P010;B048-P003;B042-P038;B007-P002;B011-P002;B015-P004,B051-P001;B051-P002;B050-P007;B050-P002;B050-P008;B051-P003;B048-P002
content/swipe/fashion shows ss27/IMG_0061.jpeg,EBDECA,cream,warm neutral,accent,0.15,True,dress,1,1,4.2,B042-P032,B042-P010
content/swipe/fashion shows ss27/IMG_0061.jpeg,EBDECA,cream,warm neutral,accent,0.15,True,shoes,0,2,15.4,,B062-P017;B053-P001
content/swipe/fashion shows ss27/IMG_0061.jpeg,EBDECA,cream,warm neutral,accent,0.15,True,accessory,3,0,9.2,B020-P006;B045-P004;B025-P008,
content/swipe/fashion shows ss27/IMG_0061.jpeg,EBDECA,cream,warm neutral,accent,0.15,True,base,2,0,6.0,B004-P001;B062-P007,
content/swipe/fashion shows ss27/IMG_0061.jpeg,EBDECA,cream,warm neutral,accent,0.15,True,multiple,49,22,2.0,B036-P002;B023-P002;B046-P007;B023-P003;B023-P005;B044-P014;B022-P002;B023-P016,B022-P020;B024-P001;B023-P010;B024-P006;B022-P021;B057-P004;B044-P004;B024-P002
content/swipe/fashion shows ss27/IMG_0061.jpeg,CAB398,oatmeal,warm neutral,secondary,0.139,True,layer,12,12,0.9,B048-P001;B046-P003;B001-P001;B009-P001;B021-P017;B060-P002;B054-P006;B021-P016,B021-P022;B058-P005;B060-P006;B043-P002;B021-P021;B019-P004;B043-P004;B011-P006
content/swipe/fashion shows ss27/IMG_0061.jpeg,CAB398,oatmeal,warm neutral,secondary,0.139,True,top,26,25,2.2,B030-P001;B030-P003;B042-P009;B057-P006;B042-P029;B058-P002;B059-P003;B021-P025,B028-P014;B058-P007;B030-P002;B062-P002;B042-P025;B033-P001;B025-P001;B010-P005
content/swipe/fashion shows ss27/IMG_0061.jpeg,CAB398,oatmeal,warm neutral,secondary,0.139,True,bottom,12,8,2.3,B042-P041;B042-P040;B021-P010;B021-P011;B007-P002;B051-P001;B051-P002;B042-P038,B042-P039;B011-P002;B048-P003;B015-P004;B050-P003;B044-P010;B048-P002;B062-P021
content/swipe/fashion shows ss27/IMG_0061.jpeg,CAB398,oatmeal,warm neutral,secondary,0.139,True,dress,2,0,3.9,B042-P032;B042-P010,
content/swipe/fashion shows ss27/IMG_0061.jpeg,CAB398,oatmeal,warm neutral,secondary,0.139,True,shoes,1,2,7.4,B053-P001,B029-P002;B062-P017
content/swipe/fashion shows ss27/IMG_0061.jpeg,CAB398,oatmeal,warm neutral,secondary,0.139,True,accessory,0,4,14.6,,B025-P008;B045-P004;B020-P006;B037-P008
content/swipe/fashion shows ss27/IMG_0061.jpeg,CAB398,oatmeal,warm neutral,secondary,0.139,True,base,2,2,6.0,B004-P001;B003-P001,B062-P007;B026-P009
content/swipe/fashion shows ss27/IMG_0061.jpeg,CAB398,oatmeal,warm neutral,secondary,0.139,True,multiple,51,32,3.8,B022-P019;B062-P020;B044-P004;B042-P002;B022-P006;B026-P007;B026-P001;B022-P018,B023-P001;B042-P006;B046-P008;B036-P002;B044-P015;B022-P020;B045-P001;B021-P008
content/swipe/fashion shows ss27/IMG_0061.jpeg,6C5949,tobacco,brown,secondary,0.132,True,layer,18,31,1.1,B040-P003;B040-P002;B021-P002;B054-P007;B041-P005;B041-P004;B021-P014;B043-P003,B042-P016;B043-P001;B027-P005;B042-P035;B008-P003;B023-P012;B054-P001;B054-P002
content/swipe/fashion shows ss27/IMG_0061.jpeg,6C5949,tobacco,brown,secondary,0.132,True,top,13,43,1.6,B027-P004;B055-P002;B062-P005;B032-P002;B032-P004;B057-P005;B051-P004;B059-P005,B030-P001;B052-P001;B041-P009;B031-P002;B042-P001;B008-P002;B040-P001;B053-P003
content/swipe/fashion shows ss27/IMG_0061.jpeg,6C5949,tobacco,brown,secondary,0.132,True,bottom,4,7,1.7,B042-P041;B042-P040;B020-P003;B052-P003,B052-P004;B044-P010;B050-P002;B048-P003;B050-P003;B015-P002;B015-P004
content/swipe/fashion shows ss27/IMG_0061.jpeg,6C5949,tobacco,brown,secondary,0.132,True,dress,0,2,16.9,,B041-P006;B041-P007
content/swipe/fashion shows ss27/IMG_0061.jpeg,6C5949,tobacco,brown,secondary,0.132,True,shoes,4,4,6.8,B029-P002;B001-P004;B009-P004;B062-P017,B039-P003;B053-P001;B055-P001;B037-P004
content/swipe/fashion shows ss27/IMG_0061.jpeg,6C5949,tobacco,brown,secondary,0.132,True,bag,1,2,11.2,B056-P004,B054-P003;B043-P005
content/swipe/fashion shows ss27/IMG_0061.jpeg,6C5949,tobacco,brown,secondary,0.132,True,accessory,2,8,7.9,B019-P002;B037-P009,B037-P008;B031-P009;B032-P001;B055-P003;B021-P001;B020-P006;B021-P009;B025-P008
content/swipe/fashion shows ss27/IMG_0061.jpeg,6C5949,tobacco,brown,secondary,0.132,True,base,2,4,11.4,B062-P007;B002-P001,B005-P001;B062-P008;B003-P001;B026-P009
content/swipe/fashion shows ss27/IMG_0061.jpeg,6C5949,tobacco,brown,secondary,0.132,True,multiple,21,52,2.4,B049-P003;B022-P013;B022-P014;B022-P020;B021-P026;B046-P006;B020-P005;B023-P001,B023-P011;B044-P005;B028-P010;B022-P017;B027-P011;B046-P009;B052-P007;B022-P007
content/swipe/fashion shows ss27/IMG_0150.png,0F0C11,black,black,dominant,0.572,False,layer,80,11,0.7,B023-P013;B023-P012;B037-P001;B037-P006;B055-P008;B042-P042;B042-P013;B042-P016,B060-P005;B027-P008;B041-P004;B015-P003;B013-P001;B021-P027;B055-P014;B030-P010
content/swipe/fashion shows ss27/IMG_0150.png,0F0C11,black,black,dominant,0.572,False,top,58,16,2.0,B008-P002;B007-P003;B031-P007;B042-P028;B039-P007;B042-P024;B054-P004;B012-P003,B016-P003;B041-P008;B031-P005;B059-P003;B026-P010;B052-P002;B025-P001;B045-P002
content/swipe/fashion shows ss27/IMG_0150.png,0F0C11,black,black,dominant,0.572,False,bottom,23,5,2.7,B042-P038;B042-P040;B042-P023;B015-P002;B042-P033;B019-P001;B052-P006;B021-P003,B016-P001;B018-P002;B048-P004;B021-P011;B021-P010
content/swipe/fashion shows ss27/IMG_0150.png,0F0C11,black,black,dominant,0.572,False,dress,10,0,1.9,B042-P021;B042-P011;B042-P010;B042-P030;B041-P002;B042-P014;B041-P006;B033-P004,
content/swipe/fashion shows ss27/IMG_0150.png,0F0C11,black,black,dominant,0.572,False,shoes,3,6,6.1,B001-P004;B009-P004;B039-P003,B037-P004;B029-P002;B053-P001;B001-P002;B009-P002;B055-P001
content/swipe/fashion shows ss27/IMG_0150.png,0F0C11,black,black,dominant,0.572,False,bag,6,0,2.3,B043-P006;B043-P005;B056-P004;B053-P005;B054-P003;B053-P004,
content/swipe/fashion shows ss27/IMG_0150.png,0F0C11,black,black,dominant,0.572,False,accessory,6,3,3.1,B031-P001;B031-P009;B032-P001;B055-P003;B019-P002;B021-P001,B021-P009;B020-P006;B025-P008
content/swipe/fashion shows ss27/IMG_0150.png,0F0C11,black,black,dominant,0.572,False,base,4,0,3.0,B062-P008;B062-P007;B003-P001;B005-P001,
content/swipe/fashion shows ss27/IMG_0150.png,0F0C11,black,black,dominant,0.572,False,multiple,77,17,2.7,B024-P001;B036-P001;B026-P001;B034-P001;B022-P017;B023-P007;B039-P004;B024-P005,B044-P009;B044-P013;B033-P002;B023-P001;B036-P003;B050-P001;B023-P010;B024-P006
content/swipe/fashion shows ss27/IMG_0150.png,45373B,dark grey,grey,secondary,0.204,False,layer,53,44,4.0,B060-P002;B059-P001;B042-P016;B055-P008;B023-P012;B028-P001;B041-P004;B008-P003,B060-P004;B027-P008;B048-P001;B037-P002;B054-P002;B061-P001;B021-P002;B012-P001
content/swipe/fashion shows ss27/IMG_0150.png,45373B,dark grey,grey,secondary,0.204,False,top,48,37,2.7,B058-P003;B062-P010;B030-P004;B027-P002;B034-P002;B028-P013;B052-P002;B062-P011,B031-P004;B021-P005;B031-P007;B057-P003;B042-P009;B016-P003;B041-P008;B062-P009
content/swipe/fashion shows ss27/IMG_0150.png,45373B,dark grey,grey,secondary,0.204,False,bottom,11,20,6.6,B015-P002;B020-P001;B020-P003;B021-P011;B018-P002;B016-P001;B021-P010;B020-P004,B011-P002;B044-P018;B021-P003;B015-P001;B021-P015;B041-P003;B042-P022;B052-P006
content/swipe/fashion shows ss27/IMG_0150.png,45373B,dark grey,grey,secondary,0.204,False,dress,4,6,4.8,B041-P006;B041-P007;B033-P004;B042-P031,B042-P014;B042-P010;B042-P011;B041-P002;B042-P021;B042-P030
content/swipe/fashion shows ss27/IMG_0150.png,45373B,dark grey,grey,secondary,0.204,False,shoes,7,3,6.4,B001-P004;B009-P004;B039-P003;B037-P004;B029-P002;B053-P001;B055-P001,B062-P017;B001-P002;B009-P002
content/swipe/fashion shows ss27/IMG_0150.png,45373B,dark grey,grey,secondary,0.204,False,bag,5,1,8.4,B054-P003;B043-P005;B056-P004;B053-P004;B053-P005,B043-P006
content/swipe/fashion shows ss27/IMG_0150.png,45373B,dark grey,grey,secondary,0.204,False,accessory,8,2,3.7,B031-P009;B032-P001;B020-P006;B021-P001;B021-P009;B019-P002;B055-P003;B037-P009,B025-P008;B031-P001
content/swipe/fashion shows ss27/IMG_0150.png,45373B,dark grey,grey,secondary,0.204,False,base,5,1,2.5,B005-P001;B062-P008;B002-P001;B062-P007;B003-P001,B026-P009
content/swipe/fashion shows ss27/IMG_0150.png,45373B,dark grey,grey,secondary,0.204,False,multiple,78,28,2.6,B046-P009;B024-P006;B033-P002;B022-P021;B050-P001;B022-P007;B022-P013;B032-P003,B023-P016;B044-P003;B024-P009;B024-P007;B042-P006;B049-P002;B024-P005;B023-P001
content/swipe/fashion shows ss27/IMG_0150.png,2E1E21,oxblood,red,secondary,0.199,True,layer,73,20,3.5,B008-P003;B060-P003;B027-P006;B060-P002;B059-P001;B015-P003;B023-P013;B013-P001,B040-P004;B062-P014;B039-P006;B055-P010;B039-P005;B042-P018;B055-P007;B021-P027
content/swipe/fashion shows ss27/IMG_0150.png,2E1E21,oxblood,red,secondary,0.199,True,top,60,22,1.6,B021-P023;B062-P010;B021-P012;B034-P002;B021-P004;B007-P001;B058-P003;B030-P004,B010-P004;B025-P002;B012-P003;B016-P003;B031-P008;B062-P004;B058-P004;B031-P006
content/swipe/fashion shows ss27/IMG_0150.png,2E1E21,oxblood,red,secondary,0.199,True,bottom,22,7,3.9,B015-P005;B018-P002;B016-P001;B021-P011;B015-P002;B021-P010;B052-P006;B020-P001,B041-P003;B015-P001;B044-P019;B049-P001;B050-P003;B044-P008;B048-P004
content/swipe/fashion shows ss27/IMG_0150.png,2E1E21,oxblood,red,secondary,0.199,True,dress,10,0,5.1,B041-P006;B033-P004;B041-P007;B042-P010;B042-P031;B042-P014;B042-P011;B042-P021,
content/swipe/fashion shows ss27/IMG_0150.png,2E1E21,oxblood,red,secondary,0.199,True,shoes,6,3,4.7,B001-P004;B009-P004;B039-P003;B055-P001;B029-P002;B037-P004,B053-P001;B001-P002;B009-P002
content/swipe/fashion shows ss27/IMG_0150.png,2E1E21,oxblood,red,secondary,0.199,True,bag,6,0,7.5,B054-P003;B043-P005;B053-P005;B053-P004;B056-P004;B043-P006,
content/swipe/fashion shows ss27/IMG_0150.png,2E1E21,oxblood,red,secondary,0.199,True,accessory,7,3,3.8,B021-P009;B031-P009;B032-P001;B020-P006;B019-P002;B021-P001;B025-P008,B031-P001;B055-P003;B037-P009
content/swipe/fashion shows ss27/IMG_0150.png,2E1E21,oxblood,red,secondary,0.199,True,base,4,1,5.5,B062-P007;B003-P001;B062-P008;B005-P001,B002-P001
content/swipe/fashion shows ss27/IMG_0150.png,2E1E21,oxblood,red,secondary,0.199,True,multiple,89,15,2.4,B022-P005;B033-P002;B024-P002;B023-P017;B036-P003;B032-P003;B024-P006;B016-P004,B039-P004;B023-P010;B045-P001;B034-P004;B044-P013;B022-P022;B036-P004;B046-P001
content/swipe/fashion shows ss27/IMG_0151.jpeg,382C31,oxblood,red,dominant,0.293,True,layer,72,23,4.9,B008-P003;B059-P001;B060-P002;B023-P012;B055-P008;B021-P020;B053-P006;B019-P003,B055-P007;B055-P010;B037-P001;B041-P001;B042-P042;B035-P001;B040-P006;B039-P005
content/swipe/fashion shows ss27/IMG_0151.jpeg,382C31,oxblood,red,dominant,0.293,True,top,63,21,2.8,B062-P010;B030-P004;B058-P003;B027-P002;B021-P023;B034-P002;B062-P003;B027-P001,B021-P006;B025-P002;B012-P003;B059-P005;B055-P006;B025-P003;B062-P004;B031-P008
content/swipe/fashion shows ss27/IMG_0151.jpeg,382C31,oxblood,red,dominant,0.293,True,bottom,20,10,4.9,B015-P002;B020-P001;B018-P002;B015-P005;B056-P001;B011-P002;B016-P001;B021-P011,B019-P001;B042-P040;B042-P038;B042-P023;B042-P033;B044-P019;B048-P004;B044-P008
content/swipe/fashion shows ss27/IMG_0151.jpeg,382C31,oxblood,red,dominant,0.293,True,dress,7,3,4.4,B041-P006;B033-P004;B041-P007;B042-P031;B042-P014;B042-P010;B042-P011,B041-P002;B042-P021;B042-P030
content/swipe/fashion shows ss27/IMG_0151.jpeg,382C31,oxblood,red,dominant,0.293,True,shoes,7,3,7.8,B001-P004;B009-P004;B037-P004;B039-P003;B029-P002;B053-P001;B055-P001,B001-P002;B009-P002;B062-P017
content/swipe/fashion shows ss27/IMG_0151.jpeg,382C31,oxblood,red,dominant,0.293,True,bag,5,1,6.6,B043-P005;B056-P004;B053-P004;B054-P003;B053-P005,B043-P006
content/swipe/fashion shows ss27/IMG_0151.jpeg,382C31,oxblood,red,dominant,0.293,True,accessory,7,3,5.0,B031-P009;B032-P001;B021-P001;B021-P009;B020-P006;B019-P002;B055-P003,B031-P001;B025-P008;B037-P009
content/swipe/fashion shows ss27/IMG_0151.jpeg,382C31,oxblood,red,dominant,0.293,True,base,5,0,4.4,B062-P008;B005-P001;B062-P007;B003-P001;B002-P001,
content/swipe/fashion shows ss27/IMG_0151.jpeg,382C31,oxblood,red,dominant,0.293,True,multiple,92,14,4.2,B024-P006;B034-P001;B026-P004;B056-P005;B044-P017;B046-P009;B056-P006;B019-P007,B044-P001;B022-P020;B036-P004;B039-P004;B034-P004;B022-P015;B020-P005;B045-P001
content/swipe/fashion shows ss27/IMG_0151.jpeg,1D161A,off-black,black,secondary,0.245,False,layer,84,7,2.2,B060-P002;B001-P001;B009-P001;B046-P003;B055-P008;B060-P003;B061-P002;B030-P009,B061-P004;B021-P027;B030-P010;B027-P007;B042-P018;B055-P009;B055-P014
content/swipe/fashion shows ss27/IMG_0151.jpeg,1D161A,off-black,black,secondary,0.245,False,top,62,17,2.0,B034-P002;B055-P005;B007-P003;B058-P003;B031-P007;B018-P001;B027-P002;B059-P008,B042-P026;B062-P011;B058-P007;B021-P006;B011-P003;B054-P005;B045-P002;B059-P003
content/swipe/fashion shows ss27/IMG_0151.jpeg,1D161A,off-black,black,secondary,0.245,False,bottom,26,3,4.5,B052-P006;B015-P002;B021-P003;B011-P002;B042-P040;B042-P022;B042-P038;B019-P001,B021-P010;B048-P004;B050-P003
content/swipe/fashion shows ss27/IMG_0151.jpeg,1D161A,off-black,black,secondary,0.245,False,dress,10,0,3.5,B033-P004;B041-P006;B042-P011;B042-P021;B042-P010;B042-P030;B042-P014;B042-P031,
content/swipe/fashion shows ss27/IMG_0151.jpeg,1D161A,off-black,black,secondary,0.245,False,shoes,5,4,3.1,B001-P004;B009-P004;B039-P003;B037-P004;B029-P002,B053-P001;B055-P001;B001-P002;B009-P002
content/swipe/fashion shows ss27/IMG_0151.jpeg,1D161A,off-black,black,secondary,0.245,False,bag,6,0,4.2,B053-P005;B054-P003;B043-P006;B056-P004;B043-P005;B053-P004,
content/swipe/fashion shows ss27/IMG_0151.jpeg,1D161A,off-black,black,secondary,0.245,False,accessory,7,2,3.7,B031-P009;B032-P001;B019-P002;B021-P001;B031-P001;B021-P009;B055-P003,B020-P006;B025-P008
content/swipe/fashion shows ss27/IMG_0151.jpeg,1D161A,off-black,black,secondary,0.245,False,base,4,1,4.6,B062-P007;B062-P008;B003-P001;B005-P001,B002-P001
content/swipe/fashion shows ss27/IMG_0151.jpeg,1D161A,off-black,black,secondary,0.245,False,multiple,89,13,3.1,B024-P001;B033-P005;B024-P005;B022-P011;B027-P011;B032-P003;B026-P001;B021-P008,B023-P010;B022-P007;B023-P011;B022-P013;B044-P011;B022-P015;B045-P001;B046-P001
content/swipe/fashion shows ss27/IMG_0151.jpeg,52474D,dark grey,grey,secondary,0.241,False,layer,35,59,5.6,B053-P006;B027-P007;B023-P012;B042-P035;B043-P001;B027-P005;B042-P015;B054-P002,B021-P020;B012-P004;B030-P009;B012-P002;B060-P004;B013-P001;B030-P008;B008-P001
content/swipe/fashion shows ss27/IMG_0151.jpeg,52474D,dark grey,grey,secondary,0.241,False,top,26,55,4.9,B008-P002;B057-P006;B058-P003;B057-P005;B034-P002;B030-P002;B054-P005;B014-P001,B031-P005;B060-P001;B037-P003;B062-P002;B062-P003;B028-P012;B028-P007;B021-P023
content/swipe/fashion shows ss27/IMG_0151.jpeg,52474D,dark grey,grey,secondary,0.241,False,bottom,3,25,9.3,B015-P002;B020-P003;B049-P001,B020-P001;B015-P001;B048-P003;B056-P001;B042-P041;B021-P011;B011-P002;B020-P004
content/swipe/fashion shows ss27/IMG_0151.jpeg,52474D,dark grey,grey,secondary,0.241,False,dress,1,8,9.9,B041-P006,B041-P007;B033-P004;B042-P031;B042-P014;B042-P011;B042-P010;B041-P002;B042-P021
content/swipe/fashion shows ss27/IMG_0151.jpeg,52474D,dark grey,grey,secondary,0.241,False,shoes,6,4,4.6,B001-P004;B009-P004;B037-P004;B053-P001;B039-P003;B029-P002,B062-P017;B055-P001;B001-P002;B009-P002
content/swipe/fashion shows ss27/IMG_0151.jpeg,52474D,dark grey,grey,secondary,0.241,False,bag,3,3,8.7,B053-P005;B056-P004;B054-P003,B043-P005;B053-P004;B043-P006
content/swipe/fashion shows ss27/IMG_0151.jpeg,52474D,dark grey,grey,secondary,0.241,False,accessory,7,6,4.9,B021-P001;B020-P006;B037-P009;B031-P009;B032-P001;B021-P009;B055-P003,B019-P002;B037-P008;B001-P003;B009-P003;B025-P008;B031-P001
content/swipe/fashion shows ss27/IMG_0151.jpeg,52474D,dark grey,grey,secondary,0.241,False,base,3,3,6.4,B002-P001;B005-P001;B062-P008,B062-P007;B003-P001;B026-P009
content/swipe/fashion shows ss27/IMG_0151.jpeg,52474D,dark grey,grey,secondary,0.241,False,multiple,56,49,4.1,B046-P009;B046-P001;B033-P002;B023-P015;B022-P012;B024-P004;B022-P021;B006-P001,B026-P008;B036-P001;B052-P007;B019-P006;B026-P005;B042-P007;B020-P005;B046-P005
content/swipe/fashion shows ss27/IMG_0151.jpeg,492919,espresso,brown,accent,0.147,True,layer,20,58,2.6,B042-P018;B021-P002;B021-P022;B021-P027;B015-P003;B013-P001;B042-P016;B059-P001,B023-P013;B055-P008;B021-P014;B027-P006;B030-P010;B028-P001;B037-P007;B021-P020
content/swipe/fashion shows ss27/IMG_0151.jpeg,492919,espresso,brown,accent,0.147,True,top,32,44,0.8,B025-P003;B041-P008;B031-P008;B007-P003;B021-P024;B026-P010;B031-P002;B041-P009,B032-P002;B027-P001;B062-P009;B027-P002;B021-P012;B030-P002;B021-P006;B054-P004
content/swipe/fashion shows ss27/IMG_0151.jpeg,492919,espresso,brown,accent,0.147,True,bottom,5,20,3.5,B050-P003;B021-P011;B021-P010;B021-P003;B018-P002,B020-P003;B016-P001;B015-P005;B052-P003;B052-P004;B020-P004;B020-P001;B015-P002
content/swipe/fashion shows ss27/IMG_0151.jpeg,492919,espresso,brown,accent,0.147,True,dress,3,7,8.8,B041-P007;B041-P006;B042-P010,B033-P004;B042-P031;B042-P014;B042-P030;B042-P011;B042-P021;B041-P002
content/swipe/fashion shows ss27/IMG_0151.jpeg,492919,espresso,brown,accent,0.147,True,shoes,3,4,3.6,B055-P001;B039-P003;B029-P002,B001-P004;B009-P004;B037-P004;B053-P001
content/swipe/fashion shows ss27/IMG_0151.jpeg,492919,espresso,brown,accent,0.147,True,bag,1,5,6.3,B054-P003,B043-P005;B056-P004;B053-P004;B053-P005;B043-P006
content/swipe/fashion shows ss27/IMG_0151.jpeg,492919,espresso,brown,accent,0.147,True,accessory,3,6,7.5,B025-P008;B031-P009;B032-P001,B021-P009;B020-P006;B021-P001;B019-P002;B055-P003;B037-P009
content/swipe/fashion shows ss27/IMG_0151.jpeg,492919,espresso,brown,accent,0.147,True,base,3,3,2.6,B003-P001;B062-P008;B005-P001,B002-P001;B062-P007;B026-P009
content/swipe/fashion shows ss27/IMG_0151.jpeg,492919,espresso,brown,accent,0.147,True,multiple,27,71,6.0,B042-P007;B045-P001;B026-P007;B022-P007;B023-P006;B032-P003;B023-P001;B036-P001,B046-P009;B026-P004;B023-P017;B042-P006;B023-P011;B034-P001;B016-P004;B023-P008
content/swipe/fashion shows ss27/IMG_0152.jpeg,191920,navy,blue,dominant,0.877,True,layer,80,11,1.7,B035-P003;B011-P005;B035-P002;B017-P001;B037-P006;B030-P009;B037-P002;B055-P007,B021-P002;B041-P004;B027-P008;B015-P003;B013-P001;B027-P007;B055-P014;B030-P010
content/swipe/fashion shows ss27/IMG_0152.jpeg,191920,navy,blue,dominant,0.877,True,top,61,16,1.5,B018-P001;B031-P003;B031-P007;B007-P003;B059-P008;B031-P004;B055-P005;B010-P004,B016-P003;B058-P007;B059-P003;B041-P008;B052-P002;B054-P005;B026-P010;B045-P002
content/swipe/fashion shows ss27/IMG_0152.jpeg,191920,navy,blue,dominant,0.877,True,bottom,24,4,1.2,B021-P003;B011-P002;B011-P001;B015-P002;B044-P018;B056-P001;B015-P001;B042-P022,B016-P001;B018-P002;B021-P011;B021-P010
content/swipe/fashion shows ss27/IMG_0152.jpeg,191920,navy,blue,dominant,0.877,True,dress,10,0,2.7,B042-P011;B041-P002;B042-P021;B042-P014;B042-P030;B042-P031;B033-P004;B042-P010,
content/swipe/fashion shows ss27/IMG_0152.jpeg,191920,navy,blue,dominant,0.877,True,shoes,5,4,7.2,B001-P004;B009-P004;B039-P003;B037-P004;B053-P001,B001-P002;B009-P002;B029-P002;B055-P001
content/swipe/fashion shows ss27/IMG_0152.jpeg,191920,navy,blue,dominant,0.877,True,bag,6,0,4.9,B053-P005;B043-P006;B056-P004;B043-P005;B053-P004;B054-P003,
content/swipe/fashion shows ss27/IMG_0152.jpeg,191920,navy,blue,dominant,0.877,True,accessory,6,4,2.7,B019-P002;B031-P001;B021-P001;B031-P009;B032-P001;B055-P003,B021-P009;B020-P006;B025-P008;B037-P009
content/swipe/fashion shows ss27/IMG_0152.jpeg,191920,navy,blue,dominant,0.877,True,base,4,1,6.3,B005-P001;B062-P008;B062-P007;B003-P001,B002-P001
content/swipe/fashion shows ss27/IMG_0152.jpeg,191920,navy,blue,dominant,0.877,True,multiple,81,18,1.4,B026-P003;B022-P011;B022-P012;B023-P008;B026-P002;B024-P005;B026-P001;B047-P004,B024-P006;B033-P002;B049-P003;B044-P011;B036-P003;B046-P009;B026-P007;B042-P007
content/swipe/fashion shows ss27/IMG_0153.jpeg,B6B0B3,light grey,grey,dominant,0.801,False,layer,6,21,4.8,B060-P006;B058-P005;B041-P004;B043-P002;B059-P002;B011-P006,B048-P001;B046-P003;B019-P004;B042-P020;B001-P001;B009-P001;B021-P018;B054-P006
content/swipe/fashion shows ss27/IMG_0153.jpeg,B6B0B3,light grey,grey,dominant,0.801,False,top,21,34,1.2,B011-P007;B057-P003;B052-P002;B062-P002;B007-P001;B025-P001;B028-P014;B062-P015,B011-P008;B010-P001;B030-P001;B042-P024;B021-P012;B030-P003;B058-P007;B016-P003
content/swipe/fashion shows ss27/IMG_0153.jpeg,B6B0B3,light grey,grey,dominant,0.801,False,bottom,8,8,8.3,B048-P002;B042-P038;B015-P004;B007-P002;B021-P011;B011-P002;B021-P010;B042-P041,B042-P040;B048-P003;B042-P039;B062-P021;B044-P010;B051-P001;B050-P002;B051-P002
content/swipe/fashion shows ss27/IMG_0153.jpeg,B6B0B3,light grey,grey,dominant,0.801,False,dress,1,1,11.1,B042-P032,B042-P010
content/swipe/fashion shows ss27/IMG_0153.jpeg,B6B0B3,light grey,grey,dominant,0.801,False,shoes,1,3,8.8,B062-P017,B001-P004;B009-P004;B029-P002
content/swipe/fashion shows ss27/IMG_0153.jpeg,B6B0B3,light grey,grey,dominant,0.801,False,accessory,2,3,7.0,B025-P008;B045-P004,B037-P008;B020-P006;B037-P009
content/swipe/fashion shows ss27/IMG_0153.jpeg,B6B0B3,light grey,grey,dominant,0.801,False,base,1,3,8.1,B004-P001,B062-P007;B003-P001;B005-P001
content/swipe/fashion shows ss27/IMG_0153.jpeg,B6B0B3,light grey,grey,dominant,0.801,False,multiple,59,27,1.6,B022-P015;B057-P004;B022-P021;B022-P013;B022-P020;B024-P001;B022-P016;B023-P009,B026-P001;B042-P005;B044-P004;B062-P018;B023-P002;B036-P005;B022-P003;B026-P003
content/swipe/fashion shows ss27/IMG_0153.jpeg,968C8D,mid grey,grey,secondary,0.109,False,layer,8,17,6.1,B043-P002;B043-P003;B059-P002;B059-P001;B008-P003;B021-P018;B060-P006;B037-P007,B041-P004;B038-P001;B060-P005;B054-P001;B058-P005;B021-P013;B021-P016;B041-P005
content/swipe/fashion shows ss27/IMG_0153.jpeg,968C8D,mid grey,grey,secondary,0.109,False,top,13,27,6.6,B028-P014;B062-P002;B057-P003;B016-P002;B016-P003;B021-P004;B007-P001;B031-P005,B025-P003;B052-P002;B030-P001;B021-P012;B058-P002;B059-P003;B042-P026;B032-P004
content/swipe/fashion shows ss27/IMG_0153.jpeg,968C8D,mid grey,grey,secondary,0.109,False,bottom,2,9,10.7,B007-P002;B044-P010,B021-P010;B042-P041;B020-P003;B021-P011;B048-P002;B048-P003;B042-P040;B042-P038
content/swipe/fashion shows ss27/IMG_0153.jpeg,968C8D,mid grey,grey,secondary,0.109,False,dress,0,2,12.9,,B042-P010;B042-P032
content/swipe/fashion shows ss27/IMG_0153.jpeg,968C8D,mid grey,grey,secondary,0.109,False,shoes,3,3,7.6,B001-P004;B009-P004;B062-P017,B029-P002;B001-P002;B009-P002
content/swipe/fashion shows ss27/IMG_0153.jpeg,968C8D,mid grey,grey,secondary,0.109,False,bag,0,1,17.5,,B056-P004
content/swipe/fashion shows ss27/IMG_0153.jpeg,968C8D,mid grey,grey,secondary,0.109,False,accessory,2,4,5.7,B037-P009;B037-P008,B019-P002;B025-P008;B001-P003;B009-P003
content/swipe/fashion shows ss27/IMG_0153.jpeg,968C8D,mid grey,grey,secondary,0.109,False,base,1,3,7.9,B005-P001,B003-P001;B004-P001;B002-P001
content/swipe/fashion shows ss27/IMG_0153.jpeg,968C8D,mid grey,grey,secondary,0.109,False,multiple,42,37,4.9,B025-P004;B050-P001;B018-P003;B044-P015;B024-P003;B026-P003;B057-P004;B023-P009,B023-P005;B022-P008;B026-P008;B032-P003;B046-P010;B023-P011;B044-P004;B042-P019
content/swipe/fashion shows ss27/IMG_0153.jpeg,D4CFD2,pale grey,cool neutral,secondary,0.09,False,layer,12,8,3.9,B011-P006;B043-P002;B042-P020;B058-P005;B019-P004;B012-P002;B043-P004;B061-P003,B001-P001;B009-P001;B054-P006;B021-P016;B021-P017;B059-P002;B027-P008;B060-P002
content/swipe/fashion shows ss27/IMG_0153.jpeg,D4CFD2,pale grey,cool neutral,secondary,0.09,False,top,28,16,1.6,B011-P007;B011-P008;B025-P001;B057-P006;B007-P001;B010-P001;B010-P005;B061-P005,B058-P002;B042-P009;B059-P003;B042-P028;B021-P012;B038-P002;B025-P003;B062-P001
content/swipe/fashion shows ss27/IMG_0153.jpeg,D4CFD2,pale grey,cool neutral,secondary,0.09,False,bottom,10,3,2.4,B015-P004;B007-P002;B011-P002;B048-P003;B021-P011;B021-P010;B042-P038;B042-P039,B042-P041;B042-P040;B051-P001
content/swipe/fashion shows ss27/IMG_0153.jpeg,D4CFD2,pale grey,cool neutral,secondary,0.09,False,dress,1,1,10.6,B042-P032,B042-P010
content/swipe/fashion shows ss27/IMG_0153.jpeg,D4CFD2,pale grey,cool neutral,secondary,0.09,False,shoes,1,0,9.9,B062-P017,
content/swipe/fashion shows ss27/IMG_0153.jpeg,D4CFD2,pale grey,cool neutral,secondary,0.09,False,accessory,3,1,1.0,B025-P008;B045-P004;B020-P006,B037-P008
content/swipe/fashion shows ss27/IMG_0153.jpeg,D4CFD2,pale grey,cool neutral,secondary,0.09,False,base,2,0,6.4,B004-P001;B062-P007,
content/swipe/fashion shows ss27/IMG_0153.jpeg,D4CFD2,pale grey,cool neutral,secondary,0.09,False,multiple,60,17,1.6,B023-P011;B044-P006;B053-P002;B028-P010;B046-P008;B023-P017;B044-P007;B045-P001,B023-P015;B022-P019;B022-P009;B042-P002;B021-P008;B023-P008;B006-P001;B046-P007
content/swipe/fashion shows ss27/IMG_0166.png,282520,black,black,dominant,0.93,True,layer,84,11,0.0,B038-P001;B037-P007;B021-P020;B040-P002;B043-P001;B055-P011;B040-P003;B023-P012,B027-P007;B035-P001;B060-P004;B041-P005;B015-P003;B054-P007;B013-P001;B061-P001
content/swipe/fashion shows ss27/IMG_0166.png,282520,black,black,dominant,0.93,True,top,62,22,2.7,B057-P005;B016-P003;B030-P001;B030-P002;B027-P001;B039-P002;B057-P003;B062-P002,B021-P012;B057-P001;B059-P005;B062-P009;B055-P004;B061-P005;B042-P026;B025-P003
content/swipe/fashion shows ss27/IMG_0166.png,282520,black,black,dominant,0.93,True,bottom,21,9,2.0,B020-P004;B021-P015;B020-P003;B041-P003;B020-P001;B042-P022;B052-P006;B044-P018,B015-P005;B049-P001;B021-P011;B018-P002;B016-P001;B021-P010;B048-P004;B050-P003
content/swipe/fashion shows ss27/IMG_0166.png,282520,black,black,dominant,0.93,True,dress,10,0,3.7,B042-P031;B042-P014;B033-P004;B041-P006;B041-P002;B041-P007;B042-P010;B042-P030,
content/swipe/fashion shows ss27/IMG_0166.png,282520,black,black,dominant,0.93,True,shoes,6,4,2.6,B039-P003;B029-P002;B037-P004;B053-P001;B001-P004;B009-P004,B055-P001;B001-P002;B009-P002;B062-P017
content/swipe/fashion shows ss27/IMG_0166.png,282520,black,black,dominant,0.93,True,bag,6,0,3.2,B043-P005;B053-P004;B056-P004;B053-P005;B054-P003;B043-P006,
content/swipe/fashion shows ss27/IMG_0166.png,282520,black,black,dominant,0.93,True,accessory,6,4,6.2,B021-P001;B031-P009;B032-P001;B055-P003;B019-P002;B031-P001,B021-P009;B037-P009;B020-P006;B025-P008
content/swipe/fashion shows ss27/IMG_0166.png,282520,black,black,dominant,0.93,True,base,4,1,5.0,B062-P007;B005-P001;B062-P008;B003-P001,B002-P001
content/swipe/fashion shows ss27/IMG_0166.png,282520,black,black,dominant,0.93,True,multiple,90,14,2.5,B043-P007;B026-P005;B042-P005;B030-P005;B044-P003;B020-P002;B044-P006;B023-P014,B021-P026;B034-P003;B033-P002;B022-P020;B020-P005;B036-P003;B006-P001;B016-P004
content/swipe/fashion shows ss27/IMG_0802.png,C94342,brick,red,dominant,0.466,True,layer,1,0,10.6,B015-P003,
content/swipe/fashion shows ss27/IMG_0802.png,C94342,brick,red,dominant,0.466,True,top,11,8,3.3,B042-P008;B061-P005;B062-P005;B045-P003;B045-P002;B059-P007;B057-P001;B059-P008,B016-P002;B059-P006;B025-P003;B050-P004;B050-P005;B021-P012;B040-P001;B042-P001
content/swipe/fashion shows ss27/IMG_0802.png,C94342,brick,red,dominant,0.466,True,bottom,1,3,10.8,B015-P004,B052-P004;B050-P002;B052-P003
content/swipe/fashion shows ss27/IMG_0802.png,C94342,brick,red,dominant,0.466,True,base,0,2,12.6,,B026-P009;B002-P001
content/swipe/fashion shows ss27/IMG_0802.png,C94342,brick,red,dominant,0.466,True,multiple,1,2,11.3,B046-P001,B006-P001;B042-P007
content/swipe/fashion shows ss27/IMG_0802.png,AE3334,brick,red,secondary,0.371,True,layer,1,1,9.7,B015-P003,B060-P003
content/swipe/fashion shows ss27/IMG_0802.png,AE3334,brick,red,secondary,0.371,True,top,13,6,4.7,B045-P002;B042-P008;B059-P008;B057-P001;B058-P006;B061-P005;B045-P003;B058-P004,B040-P001;B042-P001;B062-P009;B050-P004;B031-P008;B032-P002
content/swipe/fashion shows ss27/IMG_0802.png,AE3334,brick,red,secondary,0.371,True,bottom,0,5,13.2,,B015-P004;B052-P003;B052-P004;B021-P003;B050-P002
content/swipe/fashion shows ss27/IMG_0802.png,AE3334,brick,red,secondary,0.371,True,accessory,0,1,17.7,,B025-P008
content/swipe/fashion shows ss27/IMG_0802.png,AE3334,brick,red,secondary,0.371,True,base,1,1,6.9,B026-P009,B002-P001
content/swipe/fashion shows ss27/IMG_0802.png,AE3334,brick,red,secondary,0.371,True,multiple,1,5,4.5,B046-P001,B006-P001;B036-P003;B046-P006;B022-P014;B042-P007
content/swipe/fashion shows ss27/IMG_0802.png,831D1E,rust,orange,accent,0.106,True,layer,0,8,14.1,,B015-P003;B042-P018;B060-P003;B013-P001;B021-P014;B060-P002;B042-P016;B021-P002
content/swipe/fashion shows ss27/IMG_0802.png,831D1E,rust,orange,accent,0.106,True,top,8,24,2.4,B045-P002;B059-P008;B045-P003;B058-P006;B059-P006;B058-P004;B050-P004;B031-P008,B062-P009;B057-P001;B016-P002;B042-P001;B059-P007;B040-P001;B021-P005;B061-P005
content/swipe/fashion shows ss27/IMG_0802.png,831D1E,rust,orange,accent,0.106,True,bottom,1,7,11.5,B021-P003,B050-P003;B052-P004;B021-P010;B052-P003;B021-P011;B015-P004;B018-P002
content/swipe/fashion shows ss27/IMG_0802.png,831D1E,rust,orange,accent,0.106,True,dress,0,1,19.1,,B041-P006
content/swipe/fashion shows ss27/IMG_0802.png,831D1E,rust,orange,accent,0.106,True,shoes,0,1,14.0,,B055-P001
content/swipe/fashion shows ss27/IMG_0802.png,831D1E,rust,orange,accent,0.106,True,bag,0,1,19.0,,B054-P003
content/swipe/fashion shows ss27/IMG_0802.png,831D1E,rust,orange,accent,0.106,True,accessory,1,4,9.3,B025-P008,B021-P009;B020-P006;B031-P009;B032-P001
content/swipe/fashion shows ss27/IMG_0802.png,831D1E,rust,orange,accent,0.106,True,base,1,3,7.4,B026-P009,B003-P001;B002-P001;B005-P001
content/swipe/fashion shows ss27/IMG_0802.png,831D1E,rust,orange,accent,0.106,True,multiple,2,17,6.1,B046-P001;B036-P003,B045-P001;B022-P015;B022-P022;B006-P001;B022-P014;B022-P007;B032-P003;B026-P007
content/swipe/fashion shows ss27/IMG_0803.png,EEEAF0,white,white,dominant,0.641,True,layer,8,9,4.1,B042-P020;B012-P002;B011-P006;B043-P002;B019-P004;B043-P004;B061-P003;B046-P003,B048-P001;B058-P005;B060-P006;B041-P004;B021-P016;B001-P001;B009-P001;B054-P006
content/swipe/fashion shows ss27/IMG_0803.png,EEEAF0,white,white,dominant,0.641,True,top,20,18,1.6,B057-P002;B011-P008;B026-P010;B010-P001;B011-P007;B010-P003;B062-P012;B007-P001,B012-P003;B062-P006;B062-P003;B042-P024;B062-P002;B052-P002;B062-P001;B042-P027
content/swipe/fashion shows ss27/IMG_0803.png,EEEAF0,white,white,dominant,0.641,True,bottom,8,4,4.4,B062-P021;B048-P003;B015-P004;B011-P002;B007-P002;B021-P010;B021-P011;B042-P039,B042-P038;B048-P002;B042-P041;B042-P040
content/swipe/fashion shows ss27/IMG_0803.png,EEEAF0,white,white,dominant,0.641,True,dress,1,0,10.2,B042-P032,
content/swipe/fashion shows ss27/IMG_0803.png,EEEAF0,white,white,dominant,0.641,True,shoes,0,1,14.4,,B062-P017
content/swipe/fashion shows ss27/IMG_0803.png,EEEAF0,white,white,dominant,0.641,True,accessory,3,0,4.2,B020-P006;B045-P004;B025-P008,
content/swipe/fashion shows ss27/IMG_0803.png,EEEAF0,white,white,dominant,0.641,True,base,2,0,6.4,B004-P001;B062-P007,
content/swipe/fashion shows ss27/IMG_0803.png,EEEAF0,white,white,dominant,0.641,True,multiple,33,35,4.0,B022-P003;B028-P011;B046-P009;B036-P002;B042-P036;B027-P010;B028-P006;B042-P005,B022-P020;B026-P004;B057-P004;B021-P007;B036-P006;B023-P009;B025-P006;B052-P007
content/swipe/fashion shows ss27/IMG_0803.png,A7968D,oatmeal,warm neutral,secondary,0.253,False,layer,10,18,6.4,B043-P002;B041-P004;B060-P006;B021-P018;B021-P016;B059-P002;B043-P003;B021-P013,B021-P014;B008-P003;B059-P001;B058-P005;B027-P008;B021-P021;B060-P002;B021-P022
content/swipe/fashion shows ss27/IMG_0803.png,A7968D,oatmeal,warm neutral,secondary,0.253,False,top,24,22,3.7,B016-P003;B021-P004;B028-P014;B030-P002;B025-P003;B031-P005;B055-P002;B058-P002,B007-P001;B050-P004;B062-P015;B016-P002;B050-P005;B021-P012;B038-P002;B021-P005
content/swipe/fashion shows ss27/IMG_0803.png,A7968D,oatmeal,warm neutral,secondary,0.253,False,bottom,6,14,4.6,B007-P002;B021-P010;B021-P011;B042-P040;B042-P041;B044-P010,B042-P038;B050-P003;B051-P002;B050-P002;B050-P008;B051-P003;B020-P003;B050-P007
content/swipe/fashion shows ss27/IMG_0803.png,A7968D,oatmeal,warm neutral,secondary,0.253,False,dress,2,0,6.5,B042-P010;B042-P032,
content/swipe/fashion shows ss27/IMG_0803.png,A7968D,oatmeal,warm neutral,secondary,0.253,False,shoes,1,4,9.8,B029-P002,B001-P004;B009-P004;B062-P017;B053-P001
content/swipe/fashion shows ss27/IMG_0803.png,A7968D,oatmeal,warm neutral,secondary,0.253,False,accessory,2,3,9.0,B037-P008;B037-P009,B025-P008;B045-P004;B019-P002
content/swipe/fashion shows ss27/IMG_0803.png,A7968D,oatmeal,warm neutral,secondary,0.253,False,base,2,3,8.6,B003-P001;B004-P001,B005-P001;B026-P009;B062-P007
content/swipe/fashion shows ss27/IMG_0803.png,A7968D,oatmeal,warm neutral,secondary,0.253,False,multiple,53,29,1.5,B023-P009;B023-P014;B062-P019;B023-P017;B062-P018;B023-P008;B022-P020;B023-P015,B036-P008;B047-P001;B046-P011;B046-P010;B036-P006;B026-P001;B036-P005;B022-P010
content/swipe/fashion shows ss27/IMG_0803.png,442C21,espresso,brown,accent,0.07,True,layer,34,60,5.4,B042-P018;B021-P022;B042-P016;B059-P001;B028-P002;B042-P015;B021-P027;B021-P002,B042-P003;B042-P004;B060-P005;B021-P014;B053-P006;B027-P005;B061-P002;B001-P001
content/swipe/fashion shows ss27/IMG_0803.png,442C21,espresso,brown,accent,0.07,True,top,43,40,2.1,B007-P003;B021-P024;B026-P010;B031-P002;B025-P003;B052-P002;B062-P011;B028-P012,B016-P003;B034-P002;B031-P006;B057-P005;B062-P009;B021-P006;B032-P002;B042-P009
content/swipe/fashion shows ss27/IMG_0803.png,442C21,espresso,brown,accent,0.07,True,bottom,8,22,6.1,B021-P011;B050-P003;B021-P010;B020-P003;B018-P002;B021-P003;B015-P005;B016-P001,B020-P004;B020-P001;B015-P002;B021-P015;B052-P006;B042-P022;B041-P003;B044-P018
content/swipe/fashion shows ss27/IMG_0803.png,442C21,espresso,brown,accent,0.07,True,dress,4,6,5.7,B041-P007;B041-P006;B042-P010;B033-P004,B042-P031;B042-P014;B042-P011;B042-P021;B042-P030;B041-P002
content/swipe/fashion shows ss27/IMG_0803.png,442C21,espresso,brown,accent,0.07,True,shoes,5,2,4.0,B055-P001;B039-P003;B029-P002;B001-P004;B009-P004,B037-P004;B053-P001
content/swipe/fashion shows ss27/IMG_0803.png,442C21,espresso,brown,accent,0.07,True,bag,2,4,3.0,B054-P003;B043-P005,B056-P004;B053-P004;B053-P005;B043-P006
content/swipe/fashion shows ss27/IMG_0803.png,442C21,espresso,brown,accent,0.07,True,accessory,4,6,6.0,B031-P009;B032-P001;B025-P008;B021-P009,B020-P006;B021-P001;B055-P003;B019-P002;B037-P009;B031-P001
content/swipe/fashion shows ss27/IMG_0803.png,442C21,espresso,brown,accent,0.07,True,base,5,1,1.7,B003-P001;B062-P008;B005-P001;B062-P007;B002-P001,B026-P009
content/swipe/fashion shows ss27/IMG_0803.png,442C21,espresso,brown,accent,0.07,True,multiple,45,59,2.7,B042-P007;B026-P007;B023-P006;B022-P007;B032-P003;B036-P001;B024-P002;B024-P006,B039-P004;B023-P014;B043-P007;B044-P003;B052-P007;B023-P009;B023-P002;B044-P002
content/swipe/fashion shows ss27/IMG_0804.png,E9E7E3,white,white,dominant,0.546,False,layer,10,8,2.0,B019-P004;B042-P020;B043-P002;B043-P004;B061-P003;B011-P006;B012-P002;B046-P003,B001-P001;B009-P001;B021-P016;B041-P004;B027-P008;B054-P006;B060-P006;B021-P017
content/swipe/fashion shows ss27/IMG_0804.png,E9E7E3,white,white,dominant,0.546,False,top,26,16,1.1,B010-P003;B062-P013;B062-P012;B026-P010;B010-P001;B057-P002;B011-P008;B042-P025,B052-P002;B042-P028;B042-P009;B012-P003;B059-P003;B058-P002;B062-P001;B042-P027
content/swipe/fashion shows ss27/IMG_0804.png,E9E7E3,white,white,dominant,0.546,False,bottom,9,4,1.9,B048-P003;B021-P010;B021-P011;B042-P039;B062-P021;B011-P002;B015-P004;B007-P002,B048-P002;B042-P041;B042-P040;B051-P001
content/swipe/fashion shows ss27/IMG_0804.png,E9E7E3,white,white,dominant,0.546,False,dress,1,0,4.5,B042-P032,
content/swipe/fashion shows ss27/IMG_0804.png,E9E7E3,white,white,dominant,0.546,False,shoes,0,1,12.4,,B062-P017
content/swipe/fashion shows ss27/IMG_0804.png,E9E7E3,white,white,dominant,0.546,False,accessory,3,0,2.1,B020-P006;B045-P004;B025-P008,
content/swipe/fashion shows ss27/IMG_0804.png,E9E7E3,white,white,dominant,0.546,False,base,2,0,1.8,B004-P001;B062-P007,
content/swipe/fashion shows ss27/IMG_0804.png,E9E7E3,white,white,dominant,0.546,False,multiple,45,26,1.6,B022-P003;B042-P036;B036-P009;B027-P009;B027-P010;B028-P011;B042-P005;B028-P006,B044-P020;B036-P008;B022-P006;B026-P004;B043-P007;B022-P021;B024-P001;B026-P007
content/swipe/fashion shows ss27/IMG_0804.png,296358,emerald,green,secondary,0.189,True,layer,2,9,5.0,B061-P004;B060-P006,B060-P005;B061-P002;B037-P007;B042-P018;B055-P014;B038-P001;B037-P002;B043-P001
content/swipe/fashion shows ss27/IMG_0804.png,296358,emerald,green,secondary,0.189,True,top,1,5,6.2,B059-P003,B057-P001;B042-P026;B034-P002;B039-P002;B037-P003
content/swipe/fashion shows ss27/IMG_0804.png,296358,emerald,green,secondary,0.189,True,bottom,0,1,16.5,,B048-P003
content/swipe/fashion shows ss27/IMG_0804.png,296358,emerald,green,secondary,0.189,True,shoes,0,1,16.9,,B062-P017
content/swipe/fashion shows ss27/IMG_0804.png,296358,emerald,green,secondary,0.189,True,bag,0,1,19.1,,B056-P004
content/swipe/fashion shows ss27/IMG_0804.png,296358,emerald,green,secondary,0.189,True,accessory,0,3,15.0,,B045-P004;B055-P003;B037-P008
content/swipe/fashion shows ss27/IMG_0804.png,296358,emerald,green,secondary,0.189,True,multiple,0,13,16.8,,B042-P007;B023-P007;B036-P007;B052-P007;B033-P003;B044-P016;B039-P004;B042-P006
content/swipe/fashion shows ss27/IMG_0804.png,D7AB88,tan,brown,accent,0.134,True,layer,14,5,3.4,B021-P014;B060-P002;B021-P017;B021-P016;B054-P006;B048-P001;B021-P022;B046-P003,B060-P006;B058-P005;B043-P002;B019-P004;B021-P018
content/swipe/fashion shows ss27/IMG_0804.png,D7AB88,tan,brown,accent,0.134,True,top,18,27,2.3,B021-P025;B050-P006;B050-P005;B050-P004;B030-P003;B030-P001;B042-P009;B032-P004,B052-P002;B042-P024;B030-P002;B028-P013;B062-P009;B028-P014;B061-P005;B062-P006
content/swipe/fashion shows ss27/IMG_0804.png,D7AB88,tan,brown,accent,0.134,True,bottom,11,7,2.7,B050-P002;B050-P007;B050-P008;B051-P002;B051-P003;B051-P001;B042-P041;B042-P040,B050-P003;B042-P038;B042-P039;B048-P003;B044-P010;B011-P002;B015-P004
content/swipe/fashion shows ss27/IMG_0804.png,D7AB88,tan,brown,accent,0.134,True,dress,2,0,7.0,B042-P010;B042-P032,
content/swipe/fashion shows ss27/IMG_0804.png,D7AB88,tan,brown,accent,0.134,True,shoes,1,1,5.0,B053-P001,B029-P002
content/swipe/fashion shows ss27/IMG_0804.png,D7AB88,tan,brown,accent,0.134,True,accessory,0,1,18.5,,B025-P008
content/swipe/fashion shows ss27/IMG_0804.png,D7AB88,tan,brown,accent,0.134,True,base,3,1,2.0,B004-P001;B003-P001;B026-P009,B062-P007
content/swipe/fashion shows ss27/IMG_0804.png,D7AB88,tan,brown,accent,0.134,True,multiple,19,53,6.5,B023-P011;B024-P008;B046-P011;B047-P001;B022-P019;B026-P007;B033-P002;B022-P018,B024-P006;B046-P008;B024-P005;B042-P005;B044-P020;B023-P014;B023-P017;B023-P008
content/swipe/fashion shows ss27/IMG_0804.png,766C66,stone,warm neutral,secondary,0.074,False,layer,15,24,2.4,B041-P004;B043-P002;B041-P005;B040-P002;B043-P003;B038-P001;B008-P003;B054-P001,B042-P018;B054-P007;B021-P018;B021-P016;B043-P001;B055-P009;B042-P015;B053-P006
content/swipe/fashion shows ss27/IMG_0804.png,766C66,stone,warm neutral,secondary,0.074,False,top,10,31,8.3,B062-P005;B027-P004;B016-P002;B055-P002;B030-P001;B062-P002;B030-P002;B057-P005,B031-P005;B062-P012;B008-P002;B034-P002;B062-P009;B032-P002;B059-P005;B031-P006
content/swipe/fashion shows ss27/IMG_0804.png,766C66,stone,warm neutral,secondary,0.074,False,bottom,4,7,3.9,B020-P003;B042-P040;B042-P041;B044-P010,B048-P003;B048-P002;B052-P003;B050-P003;B050-P002;B052-P004;B052-P005
content/swipe/fashion shows ss27/IMG_0804.png,766C66,stone,warm neutral,secondary,0.074,False,shoes,4,4,6.1,B001-P004;B009-P004;B062-P017;B029-P002,B039-P003;B053-P001;B001-P002;B009-P002
content/swipe/fashion shows ss27/IMG_0804.png,766C66,stone,warm neutral,secondary,0.074,False,bag,1,1,6.7,B056-P004,B053-P005
content/swipe/fashion shows ss27/IMG_0804.png,766C66,stone,warm neutral,secondary,0.074,False,accessory,3,8,2.9,B019-P002;B037-P009;B037-P008,B021-P001;B020-P006;B055-P003;B021-P009;B001-P003;B009-P003;B031-P009;B032-P001
content/swipe/fashion shows ss27/IMG_0804.png,766C66,stone,warm neutral,secondary,0.074,False,base,2,2,7.9,B005-P001;B002-P001,B062-P007;B003-P001
content/swipe/fashion shows ss27/IMG_0804.png,766C66,stone,warm neutral,secondary,0.074,False,multiple,21,52,1.3,B023-P010;B042-P019;B022-P013;B046-P010;B044-P005;B049-P003;B024-P006;B028-P010,B023-P015;B039-P004;B023-P001;B022-P014;B023-P007;B042-P002;B043-P007;B044-P016
content/swipe/fashion shows ss27/IMG_0805.png,17170E,off-black,black,dominant,0.474,True,layer,75,18,2.2,B054-P006;B028-P004;B055-P010;B040-P005;B041-P001;B042-P020;B021-P020;B042-P003,B021-P027;B041-P004;B019-P003;B019-P005;B062-P014;B035-P001;B008-P001;B030-P010
content/swipe/fashion shows ss27/IMG_0805.png,17170E,off-black,black,dominant,0.474,True,top,46,27,4.1,B028-P012;B055-P006;B062-P004;B028-P008;B057-P005;B030-P001;B039-P002;B042-P024,B031-P003;B030-P004;B059-P008;B037-P003;B055-P005;B057-P001;B021-P005;B010-P004
content/swipe/fashion shows ss27/IMG_0805.png,17170E,off-black,black,dominant,0.474,True,bottom,20,7,4.0,B020-P003;B021-P015;B044-P019;B019-P001;B020-P004;B042-P022;B041-P003;B042-P033,B056-P001;B015-P005;B049-P001;B021-P011;B018-P002;B016-P001;B048-P004
content/swipe/fashion shows ss27/IMG_0805.png,17170E,off-black,black,dominant,0.474,True,dress,10,0,5.5,B042-P014;B041-P002;B042-P031;B042-P030;B042-P010;B042-P021;B041-P006;B042-P011,
content/swipe/fashion shows ss27/IMG_0805.png,17170E,off-black,black,dominant,0.474,True,shoes,5,1,5.4,B039-P003;B001-P004;B009-P004;B029-P002;B037-P004,B053-P001
content/swipe/fashion shows ss27/IMG_0805.png,17170E,off-black,black,dominant,0.474,True,bag,6,0,5.4,B056-P004;B043-P005;B053-P005;B043-P006;B054-P003;B053-P004,
content/swipe/fashion shows ss27/IMG_0805.png,17170E,off-black,black,dominant,0.474,True,accessory,5,2,4.8,B055-P003;B031-P009;B032-P001;B031-P001;B021-P001,B019-P002;B021-P009
content/swipe/fashion shows ss27/IMG_0805.png,17170E,off-black,black,dominant,0.474,True,base,4,0,7.2,B062-P008;B062-P007;B005-P001;B003-P001,
content/swipe/fashion shows ss27/IMG_0805.png,17170E,off-black,black,dominant,0.474,True,multiple,75,21,3.8,B024-P004;B023-P006;B044-P006;B057-P004;B044-P005;B044-P001;B030-P006;B042-P012,B023-P010;B044-P013;B024-P002;B022-P005;B024-P009;B034-P003;B050-P001;B023-P011
content/swipe/fashion shows ss27/IMG_0805.png,16191C,black,black,secondary,0.39,True,layer,80,10,1.0,B028-P005;B028-P003;B039-P005;B037-P002;B048-P001;B055-P007;B055-P010;B028-P004,B027-P008;B021-P002;B041-P004;B055-P014;B027-P007;B021-P027;B030-P010;B055-P009
content/swipe/fashion shows ss27/IMG_0805.png,16191C,black,black,secondary,0.39,True,top,59,17,2.1,B039-P007;B028-P008;B012-P003;B042-P028;B042-P024;B054-P004;B055-P006;B031-P007,B058-P007;B021-P012;B062-P010;B021-P004;B021-P023;B054-P005;B011-P003;B057-P001
content/swipe/fashion shows ss27/IMG_0805.png,16191C,black,black,secondary,0.39,True,bottom,23,5,1.0,B015-P001;B015-P002;B044-P018;B044-P008;B042-P022;B021-P003;B019-P001;B042-P040,B015-P005;B018-P002;B016-P001;B021-P011;B021-P010
content/swipe/fashion shows ss27/IMG_0805.png,16191C,black,black,secondary,0.39,True,dress,10,0,1.6,B041-P002;B042-P011;B042-P014;B042-P021;B042-P031;B042-P030;B042-P010;B033-P004,
content/swipe/fashion shows ss27/IMG_0805.png,16191C,black,black,secondary,0.39,True,shoes,6,2,7.2,B039-P003;B001-P004;B009-P004;B037-P004;B053-P001;B029-P002,B001-P002;B009-P002
content/swipe/fashion shows ss27/IMG_0805.png,16191C,black,black,secondary,0.39,True,bag,6,0,3.3,B056-P004;B043-P006;B043-P005;B053-P005;B053-P004;B054-P003,
content/swipe/fashion shows ss27/IMG_0805.png,16191C,black,black,secondary,0.39,True,accessory,6,3,2.3,B031-P001;B055-P003;B021-P001;B019-P002;B031-P009;B032-P001,B021-P009;B020-P006;B037-P009
content/swipe/fashion shows ss27/IMG_0805.png,16191C,black,black,secondary,0.39,True,base,4,0,5.5,B005-P001;B062-P008;B062-P007;B003-P001,
content/swipe/fashion shows ss27/IMG_0805.png,16191C,black,black,secondary,0.39,True,multiple,79,18,1.6,B030-P007;B024-P007;B018-P003;B022-P017;B026-P001;B030-P006;B049-P002;B039-P004,B022-P005;B024-P002;B049-P003;B044-P011;B023-P011;B024-P006;B046-P009;B026-P007
content/swipe/fashion shows ss27/IMG_0805.png,464532,olive,green,accent,0.087,True,layer,26,56,3.9,B042-P017;B055-P014;B054-P006;B030-P010;B041-P005;B042-P018;B038-P001;B012-P001,B021-P002;B027-P007;B042-P016;B043-P003;B028-P002;B021-P020;B053-P006;B054-P001
content/swipe/fashion shows ss27/IMG_0805.png,464532,olive,green,accent,0.087,True,top,14,51,7.1,B031-P006;B045-P002;B053-P003;B039-P002;B031-P005;B016-P003;B030-P002;B059-P005,B028-P012;B059-P004;B062-P015;B028-P007;B054-P005;B059-P003;B032-P004;B057-P003
content/swipe/fashion shows ss27/IMG_0805.png,464532,olive,green,accent,0.087,True,bottom,1,20,7.2,B020-P003,B041-P003;B020-P004;B042-P041;B020-P001;B021-P015;B048-P003;B042-P022;B015-P002
content/swipe/fashion shows ss27/IMG_0805.png,464532,olive,green,accent,0.087,True,dress,0,8,14.7,,B042-P031;B041-P007;B042-P014;B033-P004;B041-P006;B041-P002;B042-P010;B042-P030
content/swipe/fashion shows ss27/IMG_0805.png,464532,olive,green,accent,0.087,True,shoes,7,0,8.2,B029-P002;B053-P001;B062-P017;B039-P003;B037-P004;B001-P004;B009-P004,
content/swipe/fashion shows ss27/IMG_0805.png,464532,olive,green,accent,0.087,True,bag,0,5,12.2,,B056-P004;B043-P005;B054-P003;B053-P004;B053-P005
content/swipe/fashion shows ss27/IMG_0805.png,464532,olive,green,accent,0.087,True,accessory,2,5,8.7,B055-P003;B037-P009,B019-P002;B021-P001;B031-P009;B032-P001;B037-P008
content/swipe/fashion shows ss27/IMG_0805.png,464532,olive,green,accent,0.087,True,base,0,5,14.5,,B062-P008;B005-P001;B062-P007;B003-P001;B002-P001
content/swipe/fashion shows ss27/IMG_0805.png,464532,olive,green,accent,0.087,True,multiple,22,71,5.4,B039-P004;B023-P007;B023-P008;B024-P004;B023-P011;B022-P020;B027-P011;B028-P006,B022-P013;B022-P021;B036-P001;B044-P002;B036-P007;B026-P005;B053-P002;B044-P011
content/swipe/fashion shows ss27/IMG_0806.png,171C20,black,black,dominant,0.906,True,layer,80,11,1.7,B028-P005;B028-P003;B055-P007;B055-P012;B048-P001;B037-P002;B037-P005;B011-P005,B055-P014;B027-P008;B041-P004;B021-P002;B027-P007;B030-P010;B021-P027;B055-P009
content/swipe/fashion shows ss27/IMG_0806.png,171C20,black,black,dominant,0.906,True,top,58,18,3.1,B012-P003;B028-P008;B039-P007;B028-P009;B031-P004;B042-P028;B039-P002;B042-P024,B055-P002;B054-P005;B011-P003;B021-P005;B057-P001;B062-P010;B021-P012;B021-P023
content/swipe/fashion shows ss27/IMG_0806.png,171C20,black,black,dominant,0.906,True,bottom,23,4,2.1,B015-P001;B044-P018;B044-P008;B015-P002;B021-P003;B042-P022;B011-P001;B011-P002,B015-P005;B018-P002;B016-P001;B021-P011
content/swipe/fashion shows ss27/IMG_0806.png,171C20,black,black,dominant,0.906,True,dress,9,1,2.8,B041-P002;B042-P014;B042-P011;B042-P031;B042-P021;B042-P030;B033-P004;B042-P010,B041-P007
content/swipe/fashion shows ss27/IMG_0806.png,171C20,black,black,dominant,0.906,True,shoes,5,3,8.1,B039-P003;B037-P004;B001-P004;B009-P004;B053-P001,B029-P002;B001-P002;B009-P002
content/swipe/fashion shows ss27/IMG_0806.png,171C20,black,black,dominant,0.906,True,bag,6,0,4.7,B053-P004;B056-P004;B043-P006;B043-P005;B053-P005;B054-P003,
content/swipe/fashion shows ss27/IMG_0806.png,171C20,black,black,dominant,0.906,True,accessory,6,3,3.3,B031-P001;B055-P003;B021-P001;B019-P002;B031-P009;B032-P001,B021-P009;B020-P006;B037-P009
content/swipe/fashion shows ss27/IMG_0806.png,171C20,black,black,dominant,0.906,True,base,3,1,4.9,B005-P001;B062-P008;B062-P007,B003-P001
content/swipe/fashion shows ss27/IMG_0806.png,171C20,black,black,dominant,0.906,True,multiple,77,22,2.0,B018-P003;B030-P007;B010-P002;B024-P007;B049-P002;B026-P001;B044-P007;B022-P012,B022-P021;B023-P016;B044-P011;B049-P003;B022-P005;B024-P002;B023-P011;B024-P006
content/swipe/fashion shows ss27/IMG_0806.png,B97648,ochre,yellow,accent,0.065,True,layer,6,4,5.5,B021-P021;B021-P014;B021-P022;B021-P013;B015-P003;B021-P016,B027-P008;B060-P002;B021-P002;B008-P003
content/swipe/fashion shows ss27/IMG_0806.png,B97648,ochre,yellow,accent,0.065,True,top,8,18,1.0,B050-P004;B050-P005;B021-P005;B062-P009;B029-P001;B047-P003;B047-P002;B032-P004,B055-P002;B030-P001;B030-P002;B025-P003;B031-P005;B016-P003;B016-P002;B050-P006
content/swipe/fashion shows ss27/IMG_0806.png,B97648,ochre,yellow,accent,0.065,True,bottom,5,11,1.3,B050-P002;B050-P003;B052-P004;B051-P002;B015-P004,B042-P041;B050-P008;B051-P003;B042-P040;B050-P007;B044-P010;B052-P003;B007-P002
content/swipe/fashion shows ss27/IMG_0806.png,B97648,ochre,yellow,accent,0.065,True,dress,0,2,14.5,,B042-P010;B042-P032
content/swipe/fashion shows ss27/IMG_0806.png,B97648,ochre,yellow,accent,0.065,True,shoes,0,2,13.2,,B029-P002;B053-P001
content/swipe/fashion shows ss27/IMG_0806.png,B97648,ochre,yellow,accent,0.065,True,base,2,1,8.9,B026-P009;B003-P001,B004-P001
content/swipe/fashion shows ss27/IMG_0806.png,B97648,ochre,yellow,accent,0.065,True,multiple,10,20,4.7,B042-P005;B046-P011;B042-P007;B047-P001;B022-P022;B042-P006;B023-P001;B044-P003,B044-P020;B046-P008;B023-P011;B062-P019;B022-P020;B033-P002;B062-P020;B022-P014
content/swipe/fashion shows ss27/IMG_0807.png,787456,olive,green,dominant,0.323,True,layer,8,17,2.4,B042-P018;B060-P005;B041-P005;B038-P001;B037-P007;B021-P018;B021-P002;B043-P002,B040-P002;B043-P003;B021-P016;B027-P008;B054-P007;B041-P004;B040-P003;B059-P001
content/swipe/fashion shows ss27/IMG_0807.png,787456,olive,green,dominant,0.323,True,top,5,17,9.5,B042-P028;B062-P005;B030-P001;B032-P004;B062-P002,B031-P005;B030-P002;B055-P002;B062-P009;B027-P004;B051-P004;B047-P002;B047-P003
content/swipe/fashion shows ss27/IMG_0807.png,787456,olive,green,dominant,0.323,True,bottom,4,4,8.1,B020-P003;B044-P010;B042-P040;B042-P041,B050-P003;B048-P003;B050-P002;B052-P004
content/swipe/fashion shows ss27/IMG_0807.png,787456,olive,green,dominant,0.323,True,shoes,1,3,11.1,B029-P002,B062-P017;B001-P004;B009-P004
content/swipe/fashion shows ss27/IMG_0807.png,787456,olive,green,dominant,0.323,True,bag,0,1,14.1,,B056-P004
content/swipe/fashion shows ss27/IMG_0807.png,787456,olive,green,dominant,0.323,True,accessory,1,3,10.9,B037-P008,B019-P002;B037-P009;B045-P004
content/swipe/fashion shows ss27/IMG_0807.png,787456,olive,green,dominant,0.323,True,base,0,2,14.3,,B005-P001;B062-P007
content/swipe/fashion shows ss27/IMG_0807.png,787456,olive,green,dominant,0.323,True,multiple,5,50,5.9,B039-P004;B042-P019;B062-P019;B036-P007;B042-P002,B024-P006;B043-P007;B023-P010;B032-P003;B044-P020;B026-P003;B022-P013;B057-P004
content/swipe/fashion shows ss27/IMG_0807.png,5F5D44,olive,green,secondary,0.275,True,layer,10,35,1.4,B042-P018;B060-P005;B041-P005;B037-P007;B043-P003;B054-P007;B038-P001;B021-P002,B042-P017;B055-P009;B030-P010;B043-P002;B043-P001;B041-P004;B012-P001;B027-P005
content/swipe/fashion shows ss27/IMG_0807.png,5F5D44,olive,green,secondary,0.275,True,top,4,32,10.1,B062-P005;B030-P002;B057-P005;B031-P006,B055-P002;B027-P004;B059-P003;B059-P005;B051-P004;B039-P002;B047-P002;B047-P003
content/swipe/fashion shows ss27/IMG_0807.png,5F5D44,olive,green,secondary,0.275,True,bottom,2,4,10.5,B020-P003;B042-P041,B042-P040;B044-P010;B048-P003;B052-P003
content/swipe/fashion shows ss27/IMG_0807.png,5F5D44,olive,green,secondary,0.275,True,shoes,2,5,9.3,B062-P017;B029-P002,B001-P004;B009-P004;B053-P001;B039-P003;B037-P004
content/swipe/fashion shows ss27/IMG_0807.png,5F5D44,olive,green,secondary,0.275,True,bag,1,1,12.0,B056-P004,B054-P003
content/swipe/fashion shows ss27/IMG_0807.png,5F5D44,olive,green,secondary,0.275,True,accessory,3,3,11.3,B019-P002;B037-P008;B037-P009,B055-P003;B021-P001;B045-P004
content/swipe/fashion shows ss27/IMG_0807.png,5F5D44,olive,green,secondary,0.275,True,base,0,2,15.6,,B062-P007;B005-P001
content/swipe/fashion shows ss27/IMG_0807.png,5F5D44,olive,green,secondary,0.275,True,multiple,6,51,7.7,B023-P007;B042-P019;B036-P007;B039-P004;B022-P013;B049-P003,B022-P020;B024-P004;B053-P002;B021-P026;B023-P015;B052-P007;B062-P019;B044-P005
content/swipe/fashion shows ss27/IMG_0807.png,948D6B,sage,green,accent,0.217,True,layer,3,26,7.0,B027-P008;B021-P018;B060-P005,B042-P018;B043-P002;B021-P016;B043-P003;B037-P007;B059-P001;B021-P013;B021-P021
content/swipe/fashion shows ss27/IMG_0807.png,948D6B,sage,green,accent,0.217,True,top,10,22,6.8,B042-P028;B031-P005;B030-P002;B032-P004;B062-P002;B030-P001;B055-P002;B042-P029,B047-P002;B062-P009;B025-P003;B029-P001;B016-P003;B030-P003;B059-P003;B058-P002
content/swipe/fashion shows ss27/IMG_0807.png,948D6B,sage,green,accent,0.217,True,bottom,3,11,9.3,B044-P010;B042-P041;B021-P010,B042-P040;B021-P011;B007-P002;B020-P003;B050-P003;B051-P002;B042-P038;B050-P002
content/swipe/fashion shows ss27/IMG_0807.png,948D6B,sage,green,accent,0.217,True,dress,0,2,13.0,,B042-P032;B042-P010
content/swipe/fashion shows ss27/IMG_0807.png,948D6B,sage,green,accent,0.217,True,shoes,1,4,8.8,B029-P002,B062-P017;B053-P001;B001-P004;B009-P004
content/swipe/fashion shows ss27/IMG_0807.png,948D6B,sage,green,accent,0.217,True,accessory,1,2,11.6,B037-P008,B037-P009;B019-P002
content/swipe/fashion shows ss27/IMG_0807.png,948D6B,sage,green,accent,0.217,True,base,0,3,14.7,,B003-P001;B005-P001;B004-P001
content/swipe/fashion shows ss27/IMG_0807.png,948D6B,sage,green,accent,0.217,True,multiple,19,45,6.3,B042-P002;B062-P020;B043-P007;B032-P003;B025-P007;B062-P018;B036-P007;B033-P002,B023-P001;B033-P005;B025-P004;B023-P009;B026-P002;B021-P007;B024-P008;B023-P014
content/swipe/fashion shows ss27/IMG_0807.png,433F2F,olive,green,secondary,0.138,True,layer,34,60,2.1,B042-P017;B054-P006;B030-P010;B055-P014;B012-P001;B041-P005;B055-P009;B040-P003,B053-P006;B055-P011;B056-P002;B012-P002;B043-P003;B023-P013;B019-P004;B019-P003
content/swipe/fashion shows ss27/IMG_0807.png,433F2F,olive,green,secondary,0.138,True,top,21,54,5.6,B031-P006;B053-P003;B045-P002;B031-P005;B016-P003;B031-P002;B059-P005;B014-P001,B032-P004;B057-P003;B058-P003;B062-P003;B027-P003;B054-P005;B055-P002;B030-P004
content/swipe/fashion shows ss27/IMG_0807.png,433F2F,olive,green,secondary,0.138,True,bottom,3,22,4.6,B020-P003;B020-P004;B041-P003,B020-P001;B021-P015;B042-P041;B042-P022;B015-P002;B044-P018;B015-P001;B052-P006
content/swipe/fashion shows ss27/IMG_0807.png,433F2F,olive,green,secondary,0.138,True,dress,0,10,12.6,,B041-P007;B042-P031;B042-P014;B033-P004;B041-P006;B042-P010;B041-P002;B042-P030
content/swipe/fashion shows ss27/IMG_0807.png,433F2F,olive,green,secondary,0.138,True,shoes,7,1,6.8,B029-P002;B039-P003;B053-P001;B037-P004;B001-P004;B009-P004;B062-P017,B055-P001
content/swipe/fashion shows ss27/IMG_0807.png,433F2F,olive,green,secondary,0.138,True,bag,3,3,10.2,B056-P004;B054-P003;B043-P005,B053-P004;B053-P005;B043-P006
content/swipe/fashion shows ss27/IMG_0807.png,433F2F,olive,green,secondary,0.138,True,accessory,2,6,7.6,B055-P003;B037-P009,B031-P009;B032-P001;B021-P001;B019-P002;B037-P008;B031-P001
content/swipe/fashion shows ss27/IMG_0807.png,433F2F,olive,green,secondary,0.138,True,base,1,4,11.6,B062-P008,B005-P001;B062-P007;B003-P001;B002-P001
content/swipe/fashion shows ss27/IMG_0807.png,433F2F,olive,green,secondary,0.138,True,multiple,42,55,3.5,B039-P004;B023-P007;B023-P008;B024-P004;B023-P011;B030-P005;B022-P020;B023-P009,B042-P005;B028-P010;B043-P007;B053-P002;B036-P008;B022-P017;B022-P004;B046-P009
content/swipe/fashion shows ss27/IMG_0808.png,E1C990,butter,yellow,dominant,0.736,True,layer,9,13,4.3,B027-P008;B001-P001;B009-P001;B060-P002;B021-P016;B021-P017;B046-P003;B048-P001,B021-P014;B041-P004;B043-P004;B061-P003;B019-P004;B043-P002;B021-P022;B021-P013
content/swipe/fashion shows ss27/IMG_0808.png,E1C990,butter,yellow,dominant,0.736,True,top,11,24,5.8,B038-P002;B039-P001;B042-P028;B042-P029;B057-P006;B042-P024;B042-P009;B062-P006,B058-P007;B033-P001;B059-P003;B042-P025;B050-P006;B062-P012;B025-P003;B050-P005
content/swipe/fashion shows ss27/IMG_0808.png,E1C990,butter,yellow,dominant,0.736,True,bottom,4,11,11.0,B051-P001;B042-P040;B042-P041;B051-P002,B050-P007;B021-P011;B050-P002;B042-P038;B050-P008;B051-P003;B021-P010;B042-P039
content/swipe/fashion shows ss27/IMG_0808.png,E1C990,butter,yellow,dominant,0.736,True,dress,1,1,9.7,B042-P032,B042-P010
content/swipe/fashion shows ss27/IMG_0808.png,E1C990,butter,yellow,dominant,0.736,True,shoes,1,0,9.2,B053-P001,
content/swipe/fashion shows ss27/IMG_0808.png,E1C990,butter,yellow,dominant,0.736,True,accessory,0,1,19.4,,B020-P006
content/swipe/fashion shows ss27/IMG_0808.png,E1C990,butter,yellow,dominant,0.736,True,base,0,2,13.1,,B004-P001;B003-P001
content/swipe/fashion shows ss27/IMG_0808.png,E1C990,butter,yellow,dominant,0.736,True,multiple,4,61,9.3,B046-P007;B026-P001;B062-P020;B052-P007,B023-P002;B022-P002;B023-P003;B044-P004;B046-P010;B022-P010;B022-P019;B026-P007
content/swipe/fashion shows ss27/IMG_0808.png,584E42,chocolate,brown,secondary,0.112,True,layer,34,46,1.2,B041-P005;B055-P009;B042-P015;B030-P010;B040-P002;B040-P003;B038-P001;B012-P001,B043-P002;B027-P008;B054-P001;B021-P020;B021-P027;B062-P014;B019-P003;B019-P004
content/swipe/fashion shows ss27/IMG_0808.png,584E42,chocolate,brown,secondary,0.112,True,top,22,53,3.7,B057-P005;B059-P005;B030-P002;B031-P006;B028-P013;B027-P004;B032-P004;B031-P002,B041-P009;B027-P002;B016-P003;B045-P002;B030-P004;B052-P001;B058-P007;B021-P024
content/swipe/fashion shows ss27/IMG_0808.png,584E42,chocolate,brown,secondary,0.112,True,bottom,2,19,5.9,B020-P003;B042-P041,B042-P040;B048-P003;B015-P002;B020-P001;B052-P003;B020-P004;B041-P003;B015-P001
content/swipe/fashion shows ss27/IMG_0808.png,584E42,chocolate,brown,secondary,0.112,True,dress,0,6,13.7,,B041-P006;B041-P007;B042-P031;B033-P004;B042-P014;B042-P010
content/swipe/fashion shows ss27/IMG_0808.png,584E42,chocolate,brown,secondary,0.112,True,shoes,7,1,2.7,B029-P002;B001-P004;B009-P004;B062-P017;B039-P003;B053-P001;B037-P004,B055-P001
content/swipe/fashion shows ss27/IMG_0808.png,584E42,chocolate,brown,secondary,0.112,True,bag,2,3,10.5,B056-P004;B054-P003,B043-P005;B053-P004;B053-P005
content/swipe/fashion shows ss27/IMG_0808.png,584E42,chocolate,brown,secondary,0.112,True,accessory,6,4,6.8,B037-P009;B019-P002;B055-P003;B031-P009;B032-P001;B021-P001,B037-P008;B020-P006;B021-P009;B025-P008
content/swipe/fashion shows ss27/IMG_0808.png,584E42,chocolate,brown,secondary,0.112,True,base,2,3,11.5,B062-P008;B002-P001,B005-P001;B003-P001;B062-P007
content/swipe/fashion shows ss27/IMG_0808.png,584E42,chocolate,brown,secondary,0.112,True,multiple,39,56,3.3,B022-P020;B049-P003;B039-P004;B024-P004;B022-P013;B020-P005;B023-P007;B023-P011,B022-P017;B019-P007;B028-P011;B026-P007;B022-P012;B026-P004;B042-P019;B044-P016
content/swipe/fashion shows ss27/IMG_0808.png,C79565,gold,yellow,accent,0.082,True,layer,9,9,2.0,B021-P022;B021-P021;B021-P014;B021-P013;B021-P016;B060-P002;B027-P008;B021-P017,B046-P003;B054-P006;B041-P004;B001-P001;B009-P001;B015-P003;B043-P002;B021-P018
content/swipe/fashion shows ss27/IMG_0808.png,C79565,gold,yellow,accent,0.082,True,top,15,13,5.0,B029-P001;B050-P004;B050-P005;B050-P006;B032-P004;B021-P025;B047-P003;B047-P002,B021-P004;B055-P002;B042-P029;B031-P005;B042-P009;B025-P003;B038-P002;B058-P002
content/swipe/fashion shows ss27/IMG_0808.png,C79565,gold,yellow,accent,0.082,True,bottom,8,8,3.2,B051-P002;B050-P008;B051-P003;B050-P002;B050-P007;B050-P003;B051-P001;B007-P002,B042-P040;B021-P010;B042-P041;B021-P011;B052-P004;B044-P010;B042-P038;B015-P004
content/swipe/fashion shows ss27/IMG_0808.png,C79565,gold,yellow,accent,0.082,True,dress,2,0,8.4,B042-P010;B042-P032,
content/swipe/fashion shows ss27/IMG_0808.png,C79565,gold,yellow,accent,0.082,True,shoes,1,1,6.5,B053-P001,B029-P002
content/swipe/fashion shows ss27/IMG_0808.png,C79565,gold,yellow,accent,0.082,True,base,3,0,6.4,B003-P001;B026-P009;B004-P001,
content/swipe/fashion shows ss27/IMG_0808.png,C79565,gold,yellow,accent,0.082,True,multiple,14,46,1.6,B046-P011;B047-P001;B044-P003;B024-P008;B042-P006;B042-P005;B023-P001;B023-P011,B022-P022;B044-P020;B022-P019;B022-P020;B042-P007;B062-P018;B042-P002;B023-P010
content/swipe/fashion shows ss27/IMG_0808.png,908470,tan,brown,secondary,0.07,True,layer,11,21,5.5,B021-P018;B043-P003;B027-P008;B060-P005;B043-P002;B037-P007;B059-P001;B021-P016,B038-P001;B041-P005;B021-P013;B021-P021;B059-P002;B041-P004;B040-P002;B021-P002
content/swipe/fashion shows ss27/IMG_0808.png,908470,tan,brown,secondary,0.07,True,top,10,25,1.1,B042-P028;B031-P005;B030-P002;B055-P002;B030-P001;B032-P004;B062-P002;B016-P003,B021-P004;B021-P005;B025-P003;B062-P005;B047-P003;B057-P006;B047-P002;B016-P002
content/swipe/fashion shows ss27/IMG_0808.png,908470,tan,brown,secondary,0.07,True,bottom,6,9,2.9,B044-P010;B042-P041;B042-P040;B020-P003;B007-P002;B021-P010,B050-P003;B021-P011;B050-P002;B051-P002;B052-P004;B048-P003;B050-P008;B051-P003
content/swipe/fashion shows ss27/IMG_0808.png,908470,tan,brown,secondary,0.07,True,dress,1,1,12.0,B042-P010,B042-P032
content/swipe/fashion shows ss27/IMG_0808.png,908470,tan,brown,secondary,0.07,True,shoes,3,2,3.7,B029-P002;B001-P004;B009-P004,B062-P017;B053-P001
content/swipe/fashion shows ss27/IMG_0808.png,908470,tan,brown,secondary,0.07,True,bag,0,1,16.5,,B056-P004
content/swipe/fashion shows ss27/IMG_0808.png,908470,tan,brown,secondary,0.07,True,accessory,2,1,8.7,B037-P008;B037-P009,B019-P002
content/swipe/fashion shows ss27/IMG_0808.png,908470,tan,brown,secondary,0.07,True,base,2,2,10.8,B005-P001;B003-P001,B004-P001;B026-P009
content/swipe/fashion shows ss27/IMG_0808.png,908470,tan,brown,secondary,0.07,True,multiple,37,35,3.1,B042-P002;B043-P007;B024-P006;B062-P020;B062-P018;B044-P020;B032-P003;B036-P007,B023-P011;B044-P015;B046-P011;B022-P022;B021-P008;B024-P005;B023-P015;B047-P001
content/swipe/fashion shows ss27/IMG_0809.png,472A27,espresso,brown,dominant,0.373,True,layer,24,68,3.0,B013-P001;B015-P003;B060-P002;B042-P018;B059-P001;B021-P022;B042-P016;B008-P003,B012-P001;B027-P008;B037-P007;B028-P003;B055-P009;B030-P010;B053-P006;B054-P007
content/swipe/fashion shows ss27/IMG_0809.png,472A27,espresso,brown,dominant,0.373,True,top,33,50,2.1,B031-P002;B021-P024;B062-P011;B052-P002;B021-P005;B007-P003;B031-P008;B026-P010,B030-P002;B054-P004;B032-P004;B040-P001;B062-P003;B014-P001;B042-P001;B062-P001
content/swipe/fashion shows ss27/IMG_0809.png,472A27,espresso,brown,dominant,0.373,True,bottom,7,23,3.5,B021-P011;B021-P010;B021-P003;B018-P002;B016-P001;B050-P003;B015-P005,B015-P002;B020-P003;B020-P001;B020-P004;B052-P006;B021-P015;B042-P022;B011-P002
content/swipe/fashion shows ss27/IMG_0809.png,472A27,espresso,brown,dominant,0.373,True,dress,4,6,4.7,B041-P006;B041-P007;B042-P010;B033-P004,B042-P031;B042-P014;B042-P011;B042-P021;B042-P030;B041-P002
content/swipe/fashion shows ss27/IMG_0809.png,472A27,espresso,brown,dominant,0.373,True,shoes,5,2,3.4,B055-P001;B039-P003;B001-P004;B009-P004;B029-P002,B037-P004;B053-P001
content/swipe/fashion shows ss27/IMG_0809.png,472A27,espresso,brown,dominant,0.373,True,bag,1,5,6.9,B054-P003,B043-P005;B056-P004;B053-P004;B053-P005;B043-P006
content/swipe/fashion shows ss27/IMG_0809.png,472A27,espresso,brown,dominant,0.373,True,accessory,5,5,6.0,B031-P009;B032-P001;B025-P008;B021-P009;B020-P006,B021-P001;B019-P002;B055-P003;B037-P009;B031-P001
content/swipe/fashion shows ss27/IMG_0809.png,472A27,espresso,brown,dominant,0.373,True,base,5,1,4.3,B003-P001;B005-P001;B062-P008;B002-P001;B062-P007,B026-P009
content/swipe/fashion shows ss27/IMG_0809.png,472A27,espresso,brown,dominant,0.373,True,multiple,31,74,3.3,B032-P003;B022-P007;B026-P007;B042-P007;B024-P006;B033-P002;B022-P015;B023-P006,B042-P006;B050-P001;B030-P006;B022-P020;B030-P005;B022-P014;B028-P011;B024-P003
content/swipe/fashion shows ss27/IMG_0809.png,6B4B4B,burgundy,red,secondary,0.25,True,layer,6,48,6.9,B060-P003;B060-P002;B042-P015;B042-P016;B040-P003;B040-P002,B041-P004;B013-P001;B055-P009;B059-P001;B023-P012;B053-P006;B015-P003;B021-P014
content/swipe/fashion shows ss27/IMG_0809.png,6B4B4B,burgundy,red,secondary,0.25,True,top,8,58,8.9,B062-P011;B062-P009;B027-P004;B031-P002;B021-P024;B057-P005;B032-P004;B058-P003,B059-P005;B055-P002;B028-P013;B059-P006;B030-P002;B031-P008;B032-P002;B052-P002
content/swipe/fashion shows ss27/IMG_0809.png,6B4B4B,burgundy,red,secondary,0.25,True,bottom,1,15,10.6,B021-P003,B042-P041;B052-P003;B021-P010;B021-P011;B020-P003;B050-P003;B052-P004;B015-P002
content/swipe/fashion shows ss27/IMG_0809.png,6B4B4B,burgundy,red,secondary,0.25,True,dress,0,3,12.4,,B041-P006;B041-P007;B033-P004
content/swipe/fashion shows ss27/IMG_0809.png,6B4B4B,burgundy,red,secondary,0.25,True,shoes,3,5,10.8,B001-P004;B009-P004;B055-P001,B029-P002;B039-P003;B037-P004;B053-P001;B062-P017
content/swipe/fashion shows ss27/IMG_0809.png,6B4B4B,burgundy,red,secondary,0.25,True,bag,0,4,13.2,,B054-P003;B053-P005;B056-P004;B043-P005
content/swipe/fashion shows ss27/IMG_0809.png,6B4B4B,burgundy,red,secondary,0.25,True,accessory,4,6,5.6,B020-P006;B021-P009;B031-P009;B032-P001,B025-P008;B037-P009;B021-P001;B019-P002;B055-P003;B037-P008
content/swipe/fashion shows ss27/IMG_0809.png,6B4B4B,burgundy,red,secondary,0.25,True,base,3,3,3.6,B002-P001;B005-P001;B026-P009,B003-P001;B062-P008;B062-P007
content/swipe/fashion shows ss27/IMG_0809.png,6B4B4B,burgundy,red,secondary,0.25,True,multiple,10,69,5.3,B006-P001;B046-P001;B033-P002;B022-P013;B022-P021;B046-P009;B022-P007;B049-P003,B024-P006;B026-P007;B024-P004;B022-P014;B020-P005;B023-P006;B023-P015;B023-P011
content/swipe/fashion shows ss27/IMG_0809.png,2C1C1B,off-black,black,secondary,0.249,True,layer,76,17,2.8,B008-P003;B027-P006;B060-P003;B059-P001;B021-P022;B042-P016;B042-P017;B023-P013,B039-P005;B058-P001;B040-P005;B055-P007;B060-P004;B008-P001;B062-P014;B030-P010
content/swipe/fashion shows ss27/IMG_0809.png,2C1C1B,off-black,black,secondary,0.249,True,top,60,22,2.6,B021-P004;B007-P001;B021-P023;B021-P024;B021-P012;B062-P010;B027-P003;B041-P008,B062-P009;B012-P003;B061-P005;B062-P004;B010-P004;B058-P004;B025-P002;B059-P005
content/swipe/fashion shows ss27/IMG_0809.png,2C1C1B,off-black,black,secondary,0.249,True,bottom,23,6,4.4,B015-P005;B018-P002;B021-P011;B016-P001;B052-P006;B020-P004;B021-P010;B020-P003,B044-P019;B015-P001;B050-P003;B049-P001;B044-P008;B048-P004
content/swipe/fashion shows ss27/IMG_0809.png,2C1C1B,off-black,black,secondary,0.249,True,dress,10,0,4.2,B041-P007;B033-P004;B041-P006;B042-P010;B042-P031;B042-P014;B042-P011;B042-P021,
content/swipe/fashion shows ss27/IMG_0809.png,2C1C1B,off-black,black,secondary,0.249,True,shoes,6,3,3.9,B001-P004;B009-P004;B039-P003;B029-P002;B055-P001;B037-P004,B053-P001;B001-P002;B009-P002
content/swipe/fashion shows ss27/IMG_0809.png,2C1C1B,off-black,black,secondary,0.249,True,bag,6,0,6.0,B054-P003;B043-P005;B053-P005;B053-P004;B056-P004;B043-P006,
content/swipe/fashion shows ss27/IMG_0809.png,2C1C1B,off-black,black,secondary,0.249,True,accessory,7,3,5.3,B021-P009;B031-P009;B032-P001;B025-P008;B021-P001;B019-P002;B020-P006,B031-P001;B055-P003;B037-P009
content/swipe/fashion shows ss27/IMG_0809.png,2C1C1B,off-black,black,secondary,0.249,True,base,4,1,4.0,B003-P001;B062-P007;B062-P008;B005-P001,B002-P001
content/swipe/fashion shows ss27/IMG_0809.png,2C1C1B,off-black,black,secondary,0.249,True,multiple,88,16,0.6,B022-P005;B024-P002;B033-P002;B023-P016;B023-P017;B032-P003;B036-P003;B022-P021,B046-P010;B010-P002;B022-P022;B044-P009;B023-P010;B034-P004;B044-P013;B036-P004
content/swipe/fashion shows ss27/IMG_0809.png,D39E76,gold,yellow,accent,0.099,True,layer,10,8,2.0,B021-P014;B021-P022;B021-P013;B021-P016;B021-P021;B060-P002;B021-P017;B054-P006,B041-P004;B027-P008;B001-P001;B009-P001;B043-P002;B015-P003;B060-P006;B021-P018
content/swipe/fashion shows ss27/IMG_0809.png,D39E76,gold,yellow,accent,0.099,True,top,12,23,1.2,B050-P004;B050-P005;B050-P006;B021-P025;B029-P001;B032-P004;B030-P003;B030-P001,B042-P029;B058-P002;B062-P009;B030-P002;B038-P002;B025-P003;B059-P003;B047-P003
content/swipe/fashion shows ss27/IMG_0809.png,D39E76,gold,yellow,accent,0.099,True,bottom,10,5,2.3,B050-P002;B050-P008;B051-P003;B051-P002;B050-P007;B051-P001;B007-P002;B050-P003,B021-P010;B021-P011;B042-P038;B052-P004;B044-P010
content/swipe/fashion shows ss27/IMG_0809.png,D39E76,gold,yellow,accent,0.099,True,dress,2,0,7.5,B042-P010;B042-P032,
content/swipe/fashion shows ss27/IMG_0809.png,D39E76,gold,yellow,accent,0.099,True,shoes,1,1,6.1,B053-P001,B029-P002
content/swipe/fashion shows ss27/IMG_0809.png,D39E76,gold,yellow,accent,0.099,True,base,3,1,4.5,B004-P001;B026-P009;B003-P001,B062-P007
content/swipe/fashion shows ss27/IMG_0809.png,D39E76,gold,yellow,accent,0.099,True,multiple,14,51,4.0,B046-P011;B047-P001;B024-P008;B023-P011;B044-P003;B042-P006;B023-P001;B033-P002,B023-P010;B022-P006;B032-P003;B062-P020;B042-P002;B026-P001;B022-P020;B023-P014
content/swipe/fashion shows ss27/IMG_0811.png,131210,black,black,dominant,0.494,False,layer,79,12,1.0,B061-P003;B056-P003;B041-P001;B021-P020;B042-P020;B042-P034;B021-P019;B042-P037,B058-P001;B060-P004;B041-P004;B021-P027;B055-P014;B061-P001;B030-P010;B015-P003
content/swipe/fashion shows ss27/IMG_0811.png,131210,black,black,dominant,0.494,False,top,57,18,1.2,B055-P006;B042-P024;B054-P004;B039-P007;B062-P004;B042-P028;B042-P009;B008-P002,B041-P008;B025-P002;B042-P026;B062-P010;B021-P023;B026-P010;B061-P005;B052-P002
content/swipe/fashion shows ss27/IMG_0811.png,131210,black,black,dominant,0.494,False,bottom,22,6,1.2,B019-P001;B044-P019;B042-P040;B042-P038;B042-P033;B042-P023;B052-P006;B020-P003,B049-P001;B018-P002;B016-P001;B021-P011;B048-P004;B021-P010
content/swipe/fashion shows ss27/IMG_0811.png,131210,black,black,dominant,0.494,False,dress,10,0,2.1,B042-P030;B042-P021;B041-P002;B042-P010;B042-P014;B042-P011;B042-P031;B041-P006,
content/swipe/fashion shows ss27/IMG_0811.png,131210,black,black,dominant,0.494,False,shoes,5,4,5.0,B039-P003;B001-P004;B009-P004;B029-P002;B037-P004,B053-P001;B001-P002;B009-P002;B055-P001
content/swipe/fashion shows ss27/IMG_0811.png,131210,black,black,dominant,0.494,False,bag,6,0,1.2,B056-P004;B043-P005;B043-P006;B053-P005;B054-P003;B053-P004,
content/swipe/fashion shows ss27/IMG_0811.png,131210,black,black,dominant,0.494,False,accessory,6,3,3.4,B055-P003;B031-P009;B032-P001;B031-P001;B021-P001;B019-P002,B021-P009;B025-P008;B020-P006
content/swipe/fashion shows ss27/IMG_0811.png,131210,black,black,dominant,0.494,False,base,4,0,3.2,B062-P008;B062-P007;B005-P001;B003-P001,
content/swipe/fashion shows ss27/IMG_0811.png,131210,black,black,dominant,0.494,False,multiple,80,17,0.5,B023-P006;B044-P001;B044-P005;B042-P012;B022-P016;B023-P007;B036-P001;B022-P017,B023-P010;B050-P001;B023-P001;B024-P006;B042-P007;B033-P002;B036-P003;B026-P007
content/swipe/fashion shows ss27/IMG_0811.png,3B3731,taupe,warm neutral,secondary,0.147,False,layer,67,30,1.8,B028-P003;B061-P003;B028-P001;B041-P004;B055-P008;B060-P005;B030-P010;B023-P012,B056-P003;B041-P001;B058-P001;B008-P001;B017-P001;B040-P005;B060-P002;B039-P006
content/swipe/fashion shows ss27/IMG_0811.png,3B3731,taupe,warm neutral,secondary,0.147,False,top,53,33,2.1,B031-P005;B014-P001;B054-P004;B031-P002;B031-P006;B053-P003;B030-P002;B059-P004,B055-P006;B059-P008;B032-P004;B021-P023;B062-P011;B061-P005;B062-P004;B021-P004
content/swipe/fashion shows ss27/IMG_0811.png,3B3731,taupe,warm neutral,secondary,0.147,False,bottom,11,20,3.5,B020-P003;B020-P001;B020-P004;B041-P003;B015-P002;B021-P015;B042-P022;B044-P018,B021-P003;B019-P001;B044-P019;B042-P040;B042-P038;B049-P001;B042-P023;B011-P001
content/swipe/fashion shows ss27/IMG_0811.png,3B3731,taupe,warm neutral,secondary,0.147,False,dress,6,4,7.9,B042-P031;B041-P007;B033-P004;B042-P014;B041-P006;B041-P002,B042-P010;B042-P011;B042-P021;B042-P030
content/swipe/fashion shows ss27/IMG_0811.png,3B3731,taupe,warm neutral,secondary,0.147,False,shoes,6,4,3.1,B029-P002;B039-P003;B053-P001;B037-P004;B001-P004;B009-P004,B062-P017;B055-P001;B001-P002;B009-P002
content/swipe/fashion shows ss27/IMG_0811.png,3B3731,taupe,warm neutral,secondary,0.147,False,bag,5,1,5.1,B056-P004;B043-P005;B053-P004;B054-P003;B053-P005,B043-P006
content/swipe/fashion shows ss27/IMG_0811.png,3B3731,taupe,warm neutral,secondary,0.147,False,accessory,6,5,4.8,B055-P003;B031-P009;B032-P001;B021-P001;B037-P009;B019-P002,B031-P001;B021-P009;B020-P006;B025-P008;B037-P008
content/swipe/fashion shows ss27/IMG_0811.png,3B3731,taupe,warm neutral,secondary,0.147,False,base,4,1,6.4,B062-P008;B005-P001;B062-P007;B003-P001,B002-P001
content/swipe/fashion shows ss27/IMG_0811.png,3B3731,taupe,warm neutral,secondary,0.147,False,multiple,89,15,1.0,B023-P008;B024-P004;B030-P005;B026-P011;B023-P009;B026-P003;B023-P011;B023-P007,B044-P001;B030-P007;B024-P009;B023-P001;B022-P014;B044-P016;B046-P001;B036-P003
content/swipe/fashion shows ss27/IMG_0811.png,D0A85C,gold,yellow,accent,0.132,True,layer,6,8,7.2,B060-P002;B021-P016;B021-P014;B027-P008;B021-P022;B021-P021,B021-P017;B021-P013;B048-P001;B046-P003;B001-P001;B009-P001;B054-P006;B041-P004
content/swipe/fashion shows ss27/IMG_0811.png,D0A85C,gold,yellow,accent,0.132,True,top,9,21,10.4,B038-P002;B021-P025;B050-P004;B032-P004;B050-P005;B047-P002;B047-P003;B050-P006,B057-P006;B030-P003;B042-P029;B030-P001;B042-P009;B042-P028;B025-P003;B059-P003
content/swipe/fashion shows ss27/IMG_0811.png,D0A85C,gold,yellow,accent,0.132,True,bottom,6,7,10.2,B050-P007;B050-P008;B051-P003;B050-P002;B051-P002;B051-P001,B042-P040;B042-P041;B021-P010;B021-P011;B007-P002;B050-P003;B042-P038
content/swipe/fashion shows ss27/IMG_0811.png,D0A85C,gold,yellow,accent,0.132,True,dress,0,2,13.9,,B042-P010;B042-P032
content/swipe/fashion shows ss27/IMG_0811.png,D0A85C,gold,yellow,accent,0.132,True,shoes,1,1,6.0,B053-P001,B029-P002
content/swipe/fashion shows ss27/IMG_0811.png,D0A85C,gold,yellow,accent,0.132,True,base,1,2,11.7,B004-P001,B003-P001;B026-P009
content/swipe/fashion shows ss27/IMG_0811.png,D0A85C,gold,yellow,accent,0.132,True,multiple,5,45,10.4,B046-P011;B024-P008;B044-P003;B047-P001;B033-P002,B023-P011;B044-P004;B023-P001;B042-P006;B042-P005;B062-P020;B022-P018;B042-P002
content/swipe/fashion shows ss27/IMG_0811.png,7A5B29,ochre,yellow,accent,0.123,True,layer,5,19,6.5,B054-P007;B021-P014;B021-P002;B021-P016;B040-P003,B040-P002;B042-P018;B021-P021;B041-P005;B012-P001;B041-P004;B043-P003;B042-P015
content/swipe/fashion shows ss27/IMG_0811.png,7A5B29,ochre,yellow,accent,0.123,True,top,11,15,2.4,B047-P002;B047-P003;B051-P004;B032-P002;B052-P001;B062-P005;B055-P002;B027-P004,B030-P001;B021-P005;B041-P009;B059-P005;B062-P009;B016-P002;B057-P005;B042-P028
content/swipe/fashion shows ss27/IMG_0811.png,7A5B29,ochre,yellow,accent,0.123,True,bottom,5,4,9.9,B042-P041;B052-P003;B050-P002;B042-P040;B052-P004,B020-P003;B044-P010;B050-P003;B015-P004
content/swipe/fashion shows ss27/IMG_0811.png,7A5B29,ochre,yellow,accent,0.123,True,shoes,0,2,13.2,,B029-P002;B062-P017
content/swipe/fashion shows ss27/IMG_0811.png,7A5B29,ochre,yellow,accent,0.123,True,bag,0,2,19.4,,B056-P004;B054-P003
content/swipe/fashion shows ss27/IMG_0811.png,7A5B29,ochre,yellow,accent,0.123,True,accessory,0,3,16.4,,B019-P002;B037-P008;B037-P009
content/swipe/fashion shows ss27/IMG_0811.png,7A5B29,ochre,yellow,accent,0.123,True,base,1,0,4.8,B062-P007,
content/swipe/fashion shows ss27/IMG_0811.png,7A5B29,ochre,yellow,accent,0.123,True,multiple,5,19,6.8,B046-P006;B022-P014;B023-P001;B021-P026;B062-P019,B022-P022;B049-P003;B047-P001;B020-P005;B042-P007;B022-P020;B022-P013;B046-P011
content/swipe/fashion shows ss27/IMG_0812.png,51432C,olive,green,dominant,0.244,True,layer,29,48,2.8,B012-P001;B054-P007;B021-P002;B030-P010;B041-P005;B054-P006;B040-P002;B040-P003,B037-P007;B060-P005;B043-P001;B021-P020;B043-P003;B027-P007;B053-P006;B021-P022
content/swipe/fashion shows ss27/IMG_0812.png,51432C,olive,green,dominant,0.244,True,top,21,49,4.9,B059-P005;B032-P004;B053-P003;B028-P013;B041-P009;B031-P006;B031-P002;B051-P004,B026-P010;B039-P002;B045-P002;B025-P003;B058-P003;B007-P003;B021-P024;B041-P008
content/swipe/fashion shows ss27/IMG_0812.png,51432C,olive,green,dominant,0.244,True,bottom,2,17,6.2,B020-P003;B042-P041,B052-P003;B020-P004;B050-P003;B020-P001;B052-P004;B042-P040;B041-P003;B021-P015
content/swipe/fashion shows ss27/IMG_0812.png,51432C,olive,green,dominant,0.244,True,dress,0,7,13.0,,B041-P007;B041-P006;B042-P031;B042-P010;B033-P004;B042-P014;B041-P002
content/swipe/fashion shows ss27/IMG_0812.png,51432C,olive,green,dominant,0.244,True,shoes,4,4,3.6,B029-P002;B039-P003;B001-P004;B009-P004,B053-P001;B037-P004;B062-P017;B055-P001
content/swipe/fashion shows ss27/IMG_0812.png,51432C,olive,green,dominant,0.244,True,bag,1,4,9.5,B054-P003,B056-P004;B043-P005;B053-P004;B053-P005
content/swipe/fashion shows ss27/IMG_0812.png,51432C,olive,green,dominant,0.244,True,accessory,0,8,12.2,,B055-P003;B037-P009;B031-P009;B032-P001;B019-P002;B021-P001;B037-P008;B025-P008
content/swipe/fashion shows ss27/IMG_0812.png,51432C,olive,green,dominant,0.244,True,base,1,4,11.5,B062-P007,B062-P008;B003-P001;B005-P001;B002-P001
content/swipe/fashion shows ss27/IMG_0812.png,51432C,olive,green,dominant,0.244,True,multiple,20,73,4.6,B020-P005;B021-P026;B039-P004;B022-P020;B022-P014;B036-P001;B049-P003;B022-P013,B006-P001;B026-P011;B030-P006;B044-P017;B023-P015;B019-P007;B026-P007;B023-P009
content/swipe/fashion shows ss27/IMG_0812.png,291F18,espresso,brown,secondary,0.243,True,layer,80,14,1.3,B040-P003;B042-P016;B012-P001;B042-P017;B023-P013;B040-P002;B021-P002;B059-P001,B062-P014;B055-P009;B055-P014;B055-P012;B008-P001;B058-P001;B061-P004;B054-P007
content/swipe/fashion shows ss27/IMG_0812.png,291F18,espresso,brown,secondary,0.243,True,top,60,25,1.4,B055-P002;B028-P013;B027-P003;B030-P001;B031-P002;B027-P001;B059-P004;B007-P001,B059-P005;B031-P006;B055-P004;B052-P001;B010-P004;B059-P003;B062-P009;B031-P008
content/swipe/fashion shows ss27/IMG_0812.png,291F18,espresso,brown,secondary,0.243,True,bottom,23,6,4.7,B020-P004;B020-P003;B021-P015;B052-P006;B020-P001;B042-P022;B041-P003;B019-P001,B016-P001;B021-P010;B056-P001;B050-P003;B049-P001;B048-P004
content/swipe/fashion shows ss27/IMG_0812.png,291F18,espresso,brown,secondary,0.243,True,dress,10,0,3.2,B041-P007;B042-P010;B041-P006;B033-P004;B042-P031;B042-P014;B041-P002;B042-P030,
content/swipe/fashion shows ss27/IMG_0812.png,291F18,espresso,brown,secondary,0.243,True,shoes,7,2,3.3,B039-P003;B001-P004;B009-P004;B029-P002;B037-P004;B053-P001;B055-P001,B001-P002;B009-P002
content/swipe/fashion shows ss27/IMG_0812.png,291F18,espresso,brown,secondary,0.243,True,bag,6,0,4.3,B054-P003;B043-P005;B053-P005;B053-P004;B056-P004;B043-P006,
content/swipe/fashion shows ss27/IMG_0812.png,291F18,espresso,brown,secondary,0.243,True,accessory,7,3,5.6,B031-P009;B032-P001;B021-P001;B019-P002;B055-P003;B031-P001;B021-P009,B025-P008;B020-P006;B037-P009
content/swipe/fashion shows ss27/IMG_0812.png,291F18,espresso,brown,secondary,0.243,True,base,4,1,3.9,B003-P001;B062-P007;B062-P008;B005-P001,B002-P001
content/swipe/fashion shows ss27/IMG_0812.png,291F18,espresso,brown,secondary,0.243,True,multiple,88,16,2.3,B022-P021;B042-P006;B056-P006;B023-P017;B023-P016;B024-P002;B026-P011;B044-P003,B020-P005;B047-P004;B024-P009;B034-P004;B022-P020;B034-P003;B036-P004;B016-P004
content/swipe/fashion shows ss27/IMG_0812.png,D1C05D,mustard,yellow,accent,0.201,True,layer,1,9,11.9,B027-P008,B060-P002;B001-P001;B009-P001;B046-P003;B048-P001;B021-P017;B021-P016;B054-P006
content/swipe/fashion shows ss27/IMG_0812.png,D1C05D,mustard,yellow,accent,0.201,True,top,1,23,12.0,B038-P002,B039-P001;B042-P029;B057-P006;B042-P028;B030-P001;B030-P003;B021-P025;B032-P004
content/swipe/fashion shows ss27/IMG_0812.png,D1C05D,mustard,yellow,accent,0.201,True,bottom,0,11,16.7,,B042-P040;B042-P041;B051-P001;B051-P002;B050-P007;B021-P011;B021-P010;B050-P002
content/swipe/fashion shows ss27/IMG_0812.png,D1C05D,mustard,yellow,accent,0.201,True,dress,0,1,16.9,,B042-P032
content/swipe/fashion shows ss27/IMG_0812.png,D1C05D,mustard,yellow,accent,0.201,True,shoes,0,1,13.8,,B053-P001
content/swipe/fashion shows ss27/IMG_0812.png,D1C05D,mustard,yellow,accent,0.201,True,base,0,1,18.8,,B004-P001
content/swipe/fashion shows ss27/IMG_0812.png,D1C05D,mustard,yellow,accent,0.201,True,multiple,0,24,17.0,,B044-P004;B033-P002;B046-P007;B062-P020;B026-P001;B042-P002;B036-P008;B024-P008
content/swipe/fashion shows ss27/IMG_0812.png,A58D2C,mustard,yellow,accent,0.161,True,layer,1,8,9.6,B027-P008,B021-P021;B060-P002;B021-P016;B021-P014;B021-P013;B021-P022;B042-P018;B021-P018
content/swipe/fashion shows ss27/IMG_0812.png,A58D2C,mustard,yellow,accent,0.161,True,top,2,18,7.8,B047-P002;B047-P003,B032-P004;B029-P001;B062-P009;B030-P002;B042-P028;B021-P005;B031-P005;B030-P001
content/swipe/fashion shows ss27/IMG_0812.png,A58D2C,mustard,yellow,accent,0.161,True,bottom,0,10,16.8,,B050-P003;B042-P041;B051-P002;B044-P010;B050-P002;B021-P010;B042-P040;B050-P008
content/swipe/fashion shows ss27/IMG_0812.png,A58D2C,mustard,yellow,accent,0.161,True,dress,0,2,18.7,,B042-P010;B042-P032
content/swipe/fashion shows ss27/IMG_0812.png,A58D2C,mustard,yellow,accent,0.161,True,shoes,0,2,15.6,,B053-P001;B029-P002
content/swipe/fashion shows ss27/IMG_0812.png,A58D2C,mustard,yellow,accent,0.161,True,base,0,2,17.8,,B003-P001;B004-P001
content/swipe/fashion shows ss27/IMG_0812.png,A58D2C,mustard,yellow,accent,0.161,True,multiple,0,21,13.2,,B044-P003;B032-P003;B023-P001;B033-P002;B024-P008;B042-P005;B042-P006;B046-P011
content/swipe/fashion shows ss27/IMG_0813.png,201E1E,black,black,dominant,0.939,False,layer,85,9,1.2,B061-P002;B042-P035;B027-P005;B035-P004;B046-P003;B055-P011;B001-P001;B009-P001,B030-P010;B027-P007;B015-P003;B013-P001;B055-P009;B042-P018;B041-P005;B054-P007
content/swipe/fashion shows ss27/IMG_0813.png,201E1E,black,black,dominant,0.939,False,top,66,15,1.3,B014-P001;B057-P005;B027-P002;B039-P002;B042-P009;B042-P028;B028-P008;B028-P009,B054-P005;B031-P006;B025-P001;B057-P001;B062-P011;B011-P003;B059-P005;B025-P003
content/swipe/fashion shows ss27/IMG_0813.png,201E1E,black,black,dominant,0.939,False,bottom,23,6,1.6,B042-P022;B021-P015;B020-P004;B020-P001;B020-P003;B044-P018;B052-P006;B015-P002,B018-P002;B016-P001;B021-P011;B048-P004;B021-P010;B050-P003
content/swipe/fashion shows ss27/IMG_0813.png,201E1E,black,black,dominant,0.939,False,dress,10,0,1.6,B042-P014;B042-P031;B033-P004;B041-P002;B042-P011;B041-P006;B042-P021;B042-P030,
content/swipe/fashion shows ss27/IMG_0813.png,201E1E,black,black,dominant,0.939,False,shoes,6,3,3.6,B039-P003;B001-P004;B009-P004;B037-P004;B029-P002;B053-P001,B001-P002;B009-P002;B055-P001
content/swipe/fashion shows ss27/IMG_0813.png,201E1E,black,black,dominant,0.939,False,bag,6,0,2.5,B053-P005;B053-P004;B043-P005;B056-P004;B054-P003;B043-P006,
content/swipe/fashion shows ss27/IMG_0813.png,201E1E,black,black,dominant,0.939,False,accessory,6,4,3.5,B021-P001;B031-P009;B032-P001;B019-P002;B031-P001;B055-P003,B021-P009;B020-P006;B025-P008;B037-P009
content/swipe/fashion shows ss27/IMG_0813.png,201E1E,black,black,dominant,0.939,False,base,4,1,3.6,B062-P007;B005-P001;B062-P008;B003-P001,B002-P001
content/swipe/fashion shows ss27/IMG_0813.png,201E1E,black,black,dominant,0.939,False,multiple,89,15,0.8,B023-P015;B023-P014;B028-P006;B030-P005;B049-P002;B021-P008;B023-P003;B043-P007,B022-P007;B044-P011;B036-P003;B022-P013;B016-P004;B021-P026;B022-P020;B020-P005
content/swipe/fashion shows ss27/IMG_0814.png,171514,black,black,dominant,0.506,False,layer,82,11,0.7,B021-P019;B042-P034;B028-P001;B061-P003;B042-P020;B027-P005;B056-P003;B054-P001,B021-P027;B061-P001;B055-P014;B015-P003;B030-P010;B013-P001;B027-P007;B055-P009
content/swipe/fashion shows ss27/IMG_0814.png,171514,black,black,dominant,0.506,False,top,64,13,0.9,B042-P024;B054-P004;B042-P009;B042-P028;B014-P001;B055-P006;B008-P002;B039-P007,B052-P002;B058-P007;B025-P001;B031-P006;B054-P005;B057-P001;B011-P003;B025-P003
content/swipe/fashion shows ss27/IMG_0814.png,171514,black,black,dominant,0.506,False,bottom,22,7,1.3,B052-P006;B019-P001;B042-P040;B042-P038;B042-P022;B020-P003;B021-P015;B042-P023,B049-P001;B018-P002;B016-P001;B021-P011;B048-P004;B021-P010;B050-P003
content/swipe/fashion shows ss27/IMG_0814.png,171514,black,black,dominant,0.506,False,dress,10,0,2.5,B042-P014;B042-P030;B042-P021;B041-P002;B042-P010;B042-P011;B041-P006;B042-P031,
content/swipe/fashion shows ss27/IMG_0814.png,171514,black,black,dominant,0.506,False,shoes,6,3,4.3,B039-P003;B001-P004;B009-P004;B029-P002;B037-P004;B053-P001,B001-P002;B009-P002;B055-P001
content/swipe/fashion shows ss27/IMG_0814.png,171514,black,black,dominant,0.506,False,bag,6,0,1.2,B053-P005;B056-P004;B043-P005;B043-P006;B054-P003;B053-P004,
content/swipe/fashion shows ss27/IMG_0814.png,171514,black,black,dominant,0.506,False,accessory,6,3,2.7,B031-P009;B032-P001;B055-P003;B031-P001;B021-P001;B019-P002,B021-P009;B020-P006;B025-P008
content/swipe/fashion shows ss27/IMG_0814.png,171514,black,black,dominant,0.506,False,base,4,0,3.0,B062-P008;B062-P007;B003-P001;B005-P001,
content/swipe/fashion shows ss27/IMG_0814.png,171514,black,black,dominant,0.506,False,multiple,83,18,0.7,B023-P007;B023-P006;B036-P001;B046-P004;B021-P008;B042-P012;B044-P005;B030-P006,B024-P006;B042-P007;B033-P002;B036-P003;B026-P007;B023-P011;B022-P007;B046-P009
content/swipe/fashion shows ss27/IMG_0814.png,A5672D,ochre,yellow,secondary,0.353,True,layer,3,11,6.0,B021-P021;B021-P014;B021-P016,B015-P003;B021-P002;B021-P013;B021-P022;B027-P008;B054-P007;B040-P002;B040-P003
content/swipe/fashion shows ss27/IMG_0814.png,A5672D,ochre,yellow,secondary,0.353,True,top,9,16,6.6,B021-P005;B050-P004;B047-P003;B047-P002;B062-P009;B050-P005;B032-P004;B040-P001,B016-P002;B030-P001;B051-P004;B062-P005;B032-P002;B055-P002;B029-P001;B030-P002
content/swipe/fashion shows ss27/IMG_0814.png,A5672D,ochre,yellow,secondary,0.353,True,bottom,4,6,3.8,B052-P004;B050-P002;B050-P003;B015-P004,B052-P003;B042-P041;B042-P040;B051-P002;B044-P010;B020-P003
content/swipe/fashion shows ss27/IMG_0814.png,A5672D,ochre,yellow,secondary,0.353,True,dress,0,1,19.8,,B042-P010
content/swipe/fashion shows ss27/IMG_0814.png,A5672D,ochre,yellow,secondary,0.353,True,shoes,0,1,14.5,,B029-P002
content/swipe/fashion shows ss27/IMG_0814.png,A5672D,ochre,yellow,secondary,0.353,True,base,0,3,13.0,,B062-P007;B003-P001;B026-P009
content/swipe/fashion shows ss27/IMG_0814.png,A5672D,ochre,yellow,secondary,0.353,True,multiple,9,17,5.8,B047-P001;B022-P022;B042-P007;B046-P011;B023-P001;B042-P005;B062-P019;B046-P006,B032-P003;B042-P006;B044-P003;B044-P020;B046-P008;B024-P008;B022-P020;B023-P011
content/swipe/fashion shows ss27/IMG_0814.png,504737,olive,green,secondary,0.076,True,layer,35,49,3.1,B041-P005;B030-P010;B012-P001;B055-P009;B040-P002;B042-P015;B054-P007;B040-P003,B021-P020;B054-P001;B054-P002;B012-P002;B008-P003;B023-P013;B055-P011;B019-P004
content/swipe/fashion shows ss27/IMG_0814.png,504737,olive,green,secondary,0.076,True,top,24,50,4.5,B059-P005;B031-P006;B057-P005;B030-P002;B028-P013;B053-P003;B031-P002;B032-P004,B052-P001;B027-P002;B054-P005;B026-P010;B030-P004;B062-P015;B027-P001;B027-P003
content/swipe/fashion shows ss27/IMG_0814.png,504737,olive,green,secondary,0.076,True,bottom,2,21,4.3,B020-P003;B042-P041,B020-P001;B020-P004;B041-P003;B015-P002;B048-P003;B021-P015;B042-P040;B052-P003
content/swipe/fashion shows ss27/IMG_0814.png,504737,olive,green,secondary,0.076,True,dress,0,7,13.1,,B041-P007;B041-P006;B042-P031;B033-P004;B042-P014;B042-P010;B041-P002
content/swipe/fashion shows ss27/IMG_0814.png,504737,olive,green,secondary,0.076,True,shoes,7,1,2.6,B029-P002;B039-P003;B001-P004;B009-P004;B062-P017;B053-P001;B037-P004,B055-P001
content/swipe/fashion shows ss27/IMG_0814.png,504737,olive,green,secondary,0.076,True,bag,1,4,10.0,B054-P003,B056-P004;B043-P005;B053-P004;B053-P005
content/swipe/fashion shows ss27/IMG_0814.png,504737,olive,green,secondary,0.076,True,accessory,4,5,9.1,B037-P009;B055-P003;B031-P009;B032-P001,B019-P002;B021-P001;B037-P008;B020-P006;B021-P009
content/swipe/fashion shows ss27/IMG_0814.png,504737,olive,green,secondary,0.076,True,base,1,4,11.3,B062-P008,B003-P001;B005-P001;B062-P007;B002-P001
content/swipe/fashion shows ss27/IMG_0814.png,504737,olive,green,secondary,0.076,True,multiple,40,57,2.9,B039-P004;B022-P020;B020-P005;B023-P011;B023-P007;B049-P003;B022-P013;B022-P021,B026-P005;B026-P007;B044-P002;B044-P013;B034-P001;B044-P005;B024-P003;B042-P007
content/swipe/fashion shows ss27/IMG_0815.png,C9AC8A,tan,brown,dominant,0.416,True,layer,14,10,2.6,B060-P002;B021-P016;B048-P001;B046-P003;B021-P017;B021-P014;B054-P006;B001-P001,B060-P006;B043-P002;B058-P005;B021-P018;B019-P004;B043-P004;B011-P006;B059-P002
content/swipe/fashion shows ss27/IMG_0815.png,C9AC8A,tan,brown,dominant,0.416,True,top,20,25,2.9,B021-P025;B030-P003;B030-P001;B050-P006;B057-P006;B042-P009;B042-P029;B032-P004,B052-P002;B039-P001;B062-P015;B031-P005;B062-P006;B061-P005;B062-P009;B055-P002
content/swipe/fashion shows ss27/IMG_0815.png,C9AC8A,tan,brown,dominant,0.416,True,bottom,12,6,4.8,B042-P040;B042-P041;B021-P010;B050-P002;B051-P001;B051-P002;B050-P008;B021-P011,B050-P003;B042-P039;B044-P010;B011-P002;B048-P003;B015-P004
content/swipe/fashion shows ss27/IMG_0815.png,C9AC8A,tan,brown,dominant,0.416,True,dress,2,0,5.3,B042-P032;B042-P010,
content/swipe/fashion shows ss27/IMG_0815.png,C9AC8A,tan,brown,dominant,0.416,True,shoes,1,2,4.7,B053-P001,B029-P002;B062-P017
content/swipe/fashion shows ss27/IMG_0815.png,C9AC8A,tan,brown,dominant,0.416,True,accessory,0,4,17.4,,B025-P008;B037-P008;B045-P004;B020-P006
content/swipe/fashion shows ss27/IMG_0815.png,C9AC8A,tan,brown,dominant,0.416,True,base,2,2,4.4,B004-P001;B003-P001,B026-P009;B062-P007
content/swipe/fashion shows ss27/IMG_0815.png,C9AC8A,tan,brown,dominant,0.416,True,multiple,37,41,5.1,B044-P004;B033-P002;B024-P008;B022-P019;B023-P011;B022-P018;B042-P002;B062-P020,B023-P006;B036-P009;B023-P002;B023-P015;B024-P001;B025-P007;B036-P006;B046-P007
content/swipe/fashion shows ss27/IMG_0815.png,2F231D,espresso,brown,secondary,0.382,True,layer,81,14,2.2,B042-P016;B028-P002;B042-P015;B023-P013;B042-P017;B040-P003;B008-P003;B021-P002,B055-P007;B054-P007;B058-P001;B008-P001;B055-P014;B055-P012;B027-P007;B060-P004
content/swipe/fashion shows ss27/IMG_0815.png,2F231D,espresso,brown,secondary,0.382,True,top,59,27,0.9,B055-P002;B027-P003;B028-P013;B059-P004;B026-P010;B027-P001;B028-P012;B030-P004,B031-P003;B012-P003;B031-P008;B045-P002;B052-P001;B055-P004;B061-P005;B010-P004
content/swipe/fashion shows ss27/IMG_0815.png,2F231D,espresso,brown,secondary,0.382,True,bottom,23,6,5.7,B020-P004;B020-P003;B020-P001;B021-P015;B052-P006;B021-P011;B042-P022;B015-P005,B011-P001;B050-P003;B056-P001;B044-P008;B049-P001;B048-P004
content/swipe/fashion shows ss27/IMG_0815.png,2F231D,espresso,brown,secondary,0.382,True,dress,10,0,1.2,B041-P007;B042-P010;B033-P004;B041-P006;B042-P031;B042-P014;B042-P011;B042-P030,
content/swipe/fashion shows ss27/IMG_0815.png,2F231D,espresso,brown,secondary,0.382,True,shoes,7,3,4.8,B039-P003;B029-P002;B001-P004;B009-P004;B037-P004;B055-P001;B053-P001,B001-P002;B009-P002;B062-P017
content/swipe/fashion shows ss27/IMG_0815.png,2F231D,espresso,brown,secondary,0.382,True,bag,6,0,5.3,B043-P005;B054-P003;B053-P005;B053-P004;B056-P004;B043-P006,
content/swipe/fashion shows ss27/IMG_0815.png,2F231D,espresso,brown,secondary,0.382,True,accessory,8,2,6.5,B031-P009;B032-P001;B021-P001;B021-P009;B019-P002;B025-P008;B031-P001;B055-P003,B020-P006;B037-P009
content/swipe/fashion shows ss27/IMG_0815.png,2F231D,espresso,brown,secondary,0.382,True,base,4,1,4.4,B003-P001;B062-P007;B062-P008;B005-P001,B002-P001
content/swipe/fashion shows ss27/IMG_0815.png,2F231D,espresso,brown,secondary,0.382,True,multiple,91,13,0.7,B022-P021;B024-P002;B023-P017;B056-P006;B019-P007;B023-P016;B044-P017;B042-P006,B024-P009;B006-P001;B045-P001;B047-P004;B044-P011;B034-P003;B034-P004;B022-P015
content/swipe/fashion shows ss27/IMG_0815.png,AC9374,tan,brown,secondary,0.122,True,layer,11,16,5.1,B021-P016;B027-P008;B021-P013;B021-P021;B021-P014;B021-P022;B060-P002;B048-P001,B043-P002;B021-P017;B001-P001;B009-P001;B054-P006;B060-P006;B043-P003;B059-P002
content/swipe/fashion shows ss27/IMG_0815.png,AC9374,tan,brown,secondary,0.122,True,top,25,15,2.3,B032-P004;B029-P001;B030-P002;B016-P003;B031-P005;B055-P002;B062-P009;B030-P003,B028-P014;B062-P002;B052-P002;B042-P024;B062-P015;B057-P003;B062-P012;B039-P001
content/swipe/fashion shows ss27/IMG_0815.png,AC9374,tan,brown,secondary,0.122,True,bottom,11,5,7.5,B007-P002;B021-P010;B042-P040;B042-P041;B050-P003;B051-P002;B021-P011;B044-P010,B050-P007;B051-P001;B042-P038;B020-P003;B052-P004
content/swipe/fashion shows ss27/IMG_0815.png,AC9374,tan,brown,secondary,0.122,True,dress,2,0,5.8,B042-P010;B042-P032,
content/swipe/fashion shows ss27/IMG_0815.png,AC9374,tan,brown,secondary,0.122,True,shoes,2,3,6.9,B029-P002;B053-P001,B001-P004;B009-P004;B062-P017
content/swipe/fashion shows ss27/IMG_0815.png,AC9374,tan,brown,secondary,0.122,True,accessory,0,2,13.6,,B037-P008;B037-P009
content/swipe/fashion shows ss27/IMG_0815.png,AC9374,tan,brown,secondary,0.122,True,base,2,2,5.8,B003-P001;B004-P001,B026-P009;B005-P001
content/swipe/fashion shows ss27/IMG_0815.png,AC9374,tan,brown,secondary,0.122,True,multiple,37,35,2.8,B033-P002;B024-P008;B062-P020;B023-P001;B044-P003;B046-P008;B042-P006;B023-P011,B020-P005;B024-P002;B022-P006;B021-P007;B026-P007;B025-P006;B036-P007;B021-P008
content/swipe/fashion shows ss27/IMG_0815.png,BC9A60,gold,yellow,accent,0.08,True,layer,8,9,6.3,B027-P008;B060-P002;B021-P016;B021-P021;B021-P014;B021-P022;B021-P013;B048-P001,B046-P003;B021-P017;B001-P001;B009-P001;B054-P006;B041-P004;B021-P018;B043-P002
content/swipe/fashion shows ss27/IMG_0815.png,BC9A60,gold,yellow,accent,0.08,True,top,15,15,6.7,B032-P004;B029-P001;B047-P003;B047-P002;B021-P025;B050-P004;B050-P006;B030-P003,B016-P003;B025-P003;B031-P005;B021-P005;B059-P003;B042-P009;B055-P002;B042-P028
content/swipe/fashion shows ss27/IMG_0815.png,BC9A60,gold,yellow,accent,0.08,True,bottom,10,5,9.6,B051-P002;B050-P008;B050-P002;B051-P003;B050-P007;B042-P040;B021-P010;B042-P041,B007-P002;B021-P011;B044-P010;B042-P038;B052-P004
content/swipe/fashion shows ss27/IMG_0815.png,BC9A60,gold,yellow,accent,0.08,True,dress,2,0,10.5,B042-P010;B042-P032,
content/swipe/fashion shows ss27/IMG_0815.png,BC9A60,gold,yellow,accent,0.08,True,shoes,1,1,6.5,B053-P001,B029-P002
content/swipe/fashion shows ss27/IMG_0815.png,BC9A60,gold,yellow,accent,0.08,True,accessory,0,1,19.4,,B037-P008
content/swipe/fashion shows ss27/IMG_0815.png,BC9A60,gold,yellow,accent,0.08,True,base,2,1,10.0,B003-P001;B004-P001,B026-P009
content/swipe/fashion shows ss27/IMG_0815.png,BC9A60,gold,yellow,accent,0.08,True,multiple,13,51,6.1,B044-P003;B024-P008;B033-P002;B046-P011;B047-P001;B023-P001;B042-P006;B023-P011,B022-P018;B042-P002;B044-P020;B062-P018;B022-P019;B022-P022;B022-P020;B062-P019
content/swipe/fashion shows ss27/IMG_0817.png,1E2223,black,black,dominant,0.662,True,layer,83,10,1.5,B056-P002;B055-P011;B028-P003;B042-P035;B028-P005;B048-P001;B043-P001;B035-P004,B021-P002;B027-P007;B030-P010;B055-P009;B021-P027;B041-P005;B013-P001;B015-P003
content/swipe/fashion shows ss27/IMG_0817.png,1E2223,black,black,dominant,0.662,True,top,60,16,2.1,B028-P009;B057-P003;B028-P008;B039-P002;B028-P007;B057-P005;B039-P007;B045-P003,B025-P002;B031-P006;B062-P010;B021-P005;B026-P010;B021-P012;B021-P023;B011-P003
content/swipe/fashion shows ss27/IMG_0817.png,1E2223,black,black,dominant,0.662,True,bottom,22,6,1.8,B041-P003;B044-P018;B042-P022;B015-P001;B021-P015;B020-P001;B044-P008;B015-P002,B048-P004;B015-P005;B018-P002;B016-P001;B021-P011;B048-P003
content/swipe/fashion shows ss27/IMG_0817.png,1E2223,black,black,dominant,0.662,True,dress,10,0,2.5,B042-P031;B042-P014;B041-P002;B042-P011;B042-P021;B042-P030;B033-P004;B042-P010,
content/swipe/fashion shows ss27/IMG_0817.png,1E2223,black,black,dominant,0.662,True,shoes,6,4,6.6,B039-P003;B037-P004;B053-P001;B029-P002;B001-P004;B009-P004,B001-P002;B009-P002;B062-P017;B055-P001
content/swipe/fashion shows ss27/IMG_0817.png,1E2223,black,black,dominant,0.662,True,bag,6,0,3.0,B053-P004;B056-P004;B043-P005;B053-P005;B043-P006;B054-P003,
content/swipe/fashion shows ss27/IMG_0817.png,1E2223,black,black,dominant,0.662,True,accessory,6,3,4.4,B055-P003;B021-P001;B031-P001;B019-P002;B031-P009;B032-P001,B021-P009;B037-P009;B020-P006
content/swipe/fashion shows ss27/IMG_0817.png,1E2223,black,black,dominant,0.662,True,base,4,0,3.5,B005-P001;B062-P007;B062-P008;B003-P001,
content/swipe/fashion shows ss27/IMG_0817.png,1E2223,black,black,dominant,0.662,True,multiple,81,20,2.2,B036-P007;B036-P008;B042-P019;B028-P006;B057-P004;B049-P002;B020-P002;B044-P007,B023-P016;B024-P002;B022-P005;B046-P009;B024-P006;B022-P013;B026-P007;B042-P007
content/swipe/fashion shows ss27/IMG_0817.png,C2C5C8,pale grey,cool neutral,secondary,0.258,False,layer,9,13,3.8,B058-P005;B011-P006;B043-P002;B042-P020;B060-P006;B019-P004;B043-P004;B061-P003,B012-P002;B046-P003;B059-P002;B048-P001;B001-P001;B009-P001;B021-P016;B054-P006
content/swipe/fashion shows ss27/IMG_0817.png,C2C5C8,pale grey,cool neutral,secondary,0.258,False,top,28,17,3.0,B025-P001;B057-P006;B062-P003;B062-P002;B011-P007;B058-P007;B007-P001;B010-P001,B058-P002;B059-P003;B042-P028;B062-P006;B033-P001;B025-P003;B042-P009;B038-P002
content/swipe/fashion shows ss27/IMG_0817.png,C2C5C8,pale grey,cool neutral,secondary,0.258,False,bottom,10,2,4.5,B015-P004;B011-P002;B048-P002;B042-P038;B007-P002;B042-P039;B021-P011;B048-P003,B042-P041;B042-P040
content/swipe/fashion shows ss27/IMG_0817.png,C2C5C8,pale grey,cool neutral,secondary,0.258,False,dress,0,2,12.0,,B042-P032;B042-P010
content/swipe/fashion shows ss27/IMG_0817.png,C2C5C8,pale grey,cool neutral,secondary,0.258,False,shoes,1,0,4.8,B062-P017,
content/swipe/fashion shows ss27/IMG_0817.png,C2C5C8,pale grey,cool neutral,secondary,0.258,False,accessory,3,1,3.4,B045-P004;B025-P008;B020-P006,B037-P008
content/swipe/fashion shows ss27/IMG_0817.png,C2C5C8,pale grey,cool neutral,secondary,0.258,False,base,1,1,7.7,B004-P001,B062-P007
content/swipe/fashion shows ss27/IMG_0817.png,C2C5C8,pale grey,cool neutral,secondary,0.258,False,multiple,61,19,1.9,B044-P007;B046-P008;B044-P015;B053-P002;B044-P006;B022-P020;B023-P016;B023-P011,B023-P008;B042-P002;B026-P001;B026-P007;B022-P019;B052-P007;B022-P018;B062-P019
content/swipe/fashion shows ss27/IMG_0818.png,171B1B,black,black,dominant,0.881,True,layer,81,10,1.5,B055-P010;B040-P005;B028-P004;B035-P004;B028-P003;B042-P035;B028-P005;B041-P001,B021-P002;B041-P004;B061-P001;B030-P010;B021-P027;B027-P007;B055-P009;B015-P003
content/swipe/fashion shows ss27/IMG_0818.png,171B1B,black,black,dominant,0.881,True,top,56,18,2.0,B028-P008;B039-P007;B055-P006;B057-P003;B039-P002;B062-P004;B042-P024;B054-P004,B057-P001;B025-P002;B058-P007;B025-P001;B021-P005;B054-P005;B062-P010;B021-P012
content/swipe/fashion shows ss27/IMG_0818.png,171B1B,black,black,dominant,0.881,True,bottom,22,5,2.2,B015-P001;B042-P022;B044-P019;B044-P008;B041-P003;B021-P015;B019-P001;B044-P018,B048-P004;B015-P005;B018-P002;B016-P001;B021-P011
content/swipe/fashion shows ss27/IMG_0818.png,171B1B,black,black,dominant,0.881,True,dress,9,1,2.1,B041-P002;B042-P014;B042-P031;B042-P011;B042-P030;B042-P021;B042-P010;B033-P004,B041-P007
content/swipe/fashion shows ss27/IMG_0818.png,171B1B,black,black,dominant,0.881,True,shoes,6,2,6.6,B039-P003;B037-P004;B001-P004;B009-P004;B053-P001;B029-P002,B001-P002;B009-P002
content/swipe/fashion shows ss27/IMG_0818.png,171B1B,black,black,dominant,0.881,True,bag,6,0,3.8,B056-P004;B043-P005;B043-P006;B053-P004;B053-P005;B054-P003,
content/swipe/fashion shows ss27/IMG_0818.png,171B1B,black,black,dominant,0.881,True,accessory,6,3,2.0,B055-P003;B031-P001;B021-P001;B031-P009;B032-P001;B019-P002,B021-P009;B037-P009;B020-P006
content/swipe/fashion shows ss27/IMG_0818.png,171B1B,black,black,dominant,0.881,True,base,4,0,5.7,B005-P001;B062-P008;B062-P007;B003-P001,
content/swipe/fashion shows ss27/IMG_0818.png,171B1B,black,black,dominant,0.881,True,multiple,79,19,2.2,B024-P004;B057-P004;B044-P007;B030-P006;B044-P005;B044-P006;B042-P012;B049-P002,B049-P003;B022-P005;B024-P002;B044-P011;B023-P011;B024-P006;B042-P007;B046-P009
content/swipe/fashion shows ss27/IMG_0819.png,DCE5E6,white,white,dominant,0.895,False,layer,8,9,4.1,B042-P020;B011-P006;B019-P004;B012-P002;B043-P002;B061-P003;B043-P004;B058-P005,B046-P003;B048-P001;B060-P006;B001-P001;B009-P001;B041-P004;B021-P016;B027-P008
content/swipe/fashion shows ss27/IMG_0819.png,DCE5E6,white,white,dominant,0.895,False,top,21,18,4.0,B010-P001;B062-P012;B057-P006;B010-P003;B011-P008;B026-P010;B058-P007;B062-P013,B028-P013;B042-P024;B042-P027;B028-P014;B021-P004;B010-P005;B038-P002;B039-P001
content/swipe/fashion shows ss27/IMG_0819.png,DCE5E6,white,white,dominant,0.895,False,bottom,9,3,4.8,B011-P002;B015-P004;B062-P021;B042-P039;B048-P003;B021-P010;B021-P011;B007-P002,B048-P002;B042-P041;B042-P040
content/swipe/fashion shows ss27/IMG_0819.png,DCE5E6,white,white,dominant,0.895,False,dress,1,0,8.3,B042-P032,
content/swipe/fashion shows ss27/IMG_0819.png,DCE5E6,white,white,dominant,0.895,False,shoes,1,0,10.2,B062-P017,
content/swipe/fashion shows ss27/IMG_0819.png,DCE5E6,white,white,dominant,0.895,False,accessory,3,0,4.1,B020-P006;B045-P004;B025-P008,
content/swipe/fashion shows ss27/IMG_0819.png,DCE5E6,white,white,dominant,0.895,False,base,1,1,6.7,B004-P001,B062-P007
content/swipe/fashion shows ss27/IMG_0819.png,DCE5E6,white,white,dominant,0.895,False,multiple,41,28,3.2,B042-P005;B027-P009;B027-P010;B028-P011;B028-P006;B042-P036;B022-P003;B036-P009,B023-P009;B024-P003;B022-P021;B036-P008;B022-P013;B022-P015;B024-P001;B044-P020
content/swipe/fashion shows ss27/IMG_0820.png,DBE1DF,pale grey,cool neutral,dominant,0.505,False,layer,10,9,3.6,B011-P006;B042-P020;B019-P004;B043-P002;B061-P003;B043-P004;B012-P002;B058-P005,B060-P006;B001-P001;B009-P001;B041-P004;B027-P008;B021-P016;B054-P006;B021-P017
content/swipe/fashion shows ss27/IMG_0820.png,DBE1DF,pale grey,cool neutral,dominant,0.505,False,top,24,16,3.3,B062-P012;B010-P001;B010-P003;B062-P013;B057-P006;B026-P010;B011-P008;B025-P001,B010-P005;B038-P002;B039-P001;B062-P001;B042-P027;B052-P002;B042-P028;B059-P003
content/swipe/fashion shows ss27/IMG_0820.png,DBE1DF,pale grey,cool neutral,dominant,0.505,False,bottom,9,3,3.7,B011-P002;B015-P004;B042-P039;B021-P010;B021-P011;B048-P003;B062-P021;B007-P002,B048-P002;B042-P041;B042-P040
content/swipe/fashion shows ss27/IMG_0820.png,DBE1DF,pale grey,cool neutral,dominant,0.505,False,dress,1,0,6.8,B042-P032,
content/swipe/fashion shows ss27/IMG_0820.png,DBE1DF,pale grey,cool neutral,dominant,0.505,False,shoes,1,0,9.6,B062-P017,
content/swipe/fashion shows ss27/IMG_0820.png,DBE1DF,pale grey,cool neutral,dominant,0.505,False,accessory,3,0,3.5,B020-P006;B045-P004;B025-P008,
content/swipe/fashion shows ss27/IMG_0820.png,DBE1DF,pale grey,cool neutral,dominant,0.505,False,base,1,1,5.3,B004-P001,B062-P007
content/swipe/fashion shows ss27/IMG_0820.png,DBE1DF,pale grey,cool neutral,dominant,0.505,False,multiple,44,27,2.8,B027-P009;B042-P005;B027-P010;B028-P006;B042-P036;B028-P011;B022-P003;B028-P010,B022-P021;B043-P007;B024-P001;B044-P020;B022-P013;B046-P010;B022-P015;B046-P007
content/swipe/fashion shows ss27/IMG_0820.png,0491D9,steel blue,blue,secondary,0.319,True,layer,1,0,8.3,B062-P014,
content/swipe/fashion shows ss27/IMG_0820.png,0491D9,steel blue,blue,secondary,0.319,True,top,5,2,10.1,B062-P015;B062-P016;B011-P004;B011-P003;B055-P004,B042-P026;B062-P012
content/swipe/fashion shows ss27/IMG_0820.png,0491D9,steel blue,blue,secondary,0.319,True,bottom,1,2,11.8,B052-P005,B048-P002;B048-P003
content/swipe/fashion shows ss27/IMG_0820.png,0491D9,steel blue,blue,secondary,0.319,True,shoes,0,2,13.2,,B001-P002;B009-P002
content/swipe/fashion shows ss27/IMG_0820.png,0491D9,steel blue,blue,secondary,0.319,True,accessory,0,2,14.4,,B001-P003;B009-P003
content/swipe/fashion shows ss27/IMG_0820.png,0491D9,steel blue,blue,secondary,0.319,True,multiple,3,5,5.3,B026-P006;B033-P003;B046-P001,B022-P008;B046-P002;B010-P002;B026-P008;B036-P005
content/swipe/fashion shows ss27/IMG_0820.png,B7C1C4,light grey,grey,secondary,0.136,False,layer,7,14,4.9,B058-P005;B011-P006;B060-P006;B043-P002;B042-P020;B019-P004;B059-P002,B043-P004;B061-P003;B041-P004;B012-P002;B046-P003;B048-P001;B001-P001;B009-P001
content/swipe/fashion shows ss27/IMG_0820.png,B7C1C4,light grey,grey,secondary,0.136,False,top,18,25,2.3,B062-P003;B062-P002;B025-P001;B058-P007;B057-P006;B042-P027;B062-P015;B007-P001,B062-P013;B026-P010;B052-P002;B042-P025;B042-P024;B042-P028;B059-P003;B057-P002
content/swipe/fashion shows ss27/IMG_0820.png,B7C1C4,light grey,grey,secondary,0.136,False,bottom,8,4,4.8,B048-P002;B015-P004;B011-P002;B042-P038;B048-P003;B042-P039;B021-P011;B007-P002,B021-P010;B062-P021;B042-P041;B042-P040
content/swipe/fashion shows ss27/IMG_0820.png,B7C1C4,light grey,grey,secondary,0.136,False,dress,0,2,13.6,,B042-P032;B042-P010
content/swipe/fashion shows ss27/IMG_0820.png,B7C1C4,light grey,grey,secondary,0.136,False,shoes,1,0,1.9,B062-P017,
content/swipe/fashion shows ss27/IMG_0820.png,B7C1C4,light grey,grey,secondary,0.136,False,accessory,3,2,5.7,B045-P004;B025-P008;B020-P006,B037-P008;B037-P009
content/swipe/fashion shows ss27/IMG_0820.png,B7C1C4,light grey,grey,secondary,0.136,False,base,1,1,9.8,B004-P001,B062-P007
content/swipe/fashion shows ss27/IMG_0820.png,B7C1C4,light grey,grey,secondary,0.136,False,multiple,49,33,3.7,B024-P005;B026-P004;B023-P016;B044-P007;B044-P015;B022-P020;B046-P008;B057-P004,B036-P009;B023-P003;B023-P015;B022-P002;B023-P008;B046-P009;B062-P020;B023-P002
content/swipe/fashion shows ss27/IMG_0821.png,736858,tobacco,brown,dominant,0.667,True,layer,15,27,2.3,B041-P005;B040-P002;B021-P002;B041-P004;B040-P003;B043-P002;B043-P003;B042-P018,B055-P009;B043-P001;B021-P014;B042-P015;B021-P018;B054-P002;B061-P002;B030-P010
content/swipe/fashion shows ss27/IMG_0821.png,736858,tobacco,brown,dominant,0.667,True,top,10,29,4.3,B062-P005;B055-P002;B027-P004;B030-P001;B032-P004;B030-P002;B057-P005;B042-P028,B031-P005;B032-P002;B016-P002;B047-P003;B059-P005;B047-P002;B031-P006;B062-P009
content/swipe/fashion shows ss27/IMG_0821.png,736858,tobacco,brown,dominant,0.667,True,bottom,4,5,3.3,B020-P003;B042-P040;B042-P041;B044-P010,B048-P003;B052-P003;B050-P002;B052-P004;B050-P003
content/swipe/fashion shows ss27/IMG_0821.png,736858,tobacco,brown,dominant,0.667,True,shoes,4,2,9.8,B062-P017;B001-P004;B009-P004;B029-P002,B039-P003;B053-P001
content/swipe/fashion shows ss27/IMG_0821.png,736858,tobacco,brown,dominant,0.667,True,bag,1,1,9.0,B056-P004,B054-P003
content/swipe/fashion shows ss27/IMG_0821.png,736858,tobacco,brown,dominant,0.667,True,accessory,3,4,5.4,B019-P002;B037-P008;B037-P009,B055-P003;B021-P001;B031-P009;B032-P001
content/swipe/fashion shows ss27/IMG_0821.png,736858,tobacco,brown,dominant,0.667,True,base,1,2,11.8,B005-P001,B062-P007;B002-P001
content/swipe/fashion shows ss27/IMG_0821.png,736858,tobacco,brown,dominant,0.667,True,multiple,19,49,5.1,B042-P019;B022-P013;B023-P010;B049-P003;B062-P019;B036-P007;B022-P014;B023-P001,B022-P017;B044-P009;B052-P007;B046-P006;B023-P015;B025-P004;B021-P026;B057-P004
content/swipe/fashion shows ss27/IMG_0821.png,C18730,ochre,yellow,accent,0.105,True,layer,4,6,8.0,B021-P021;B021-P022;B027-P008;B021-P013,B021-P014;B021-P016;B060-P002;B021-P017;B048-P001;B046-P003
content/swipe/fashion shows ss27/IMG_0821.png,C18730,ochre,yellow,accent,0.105,True,top,4,18,6.2,B047-P002;B047-P003;B029-P001;B021-P005,B050-P004;B062-P009;B050-P005;B032-P004;B050-P006;B030-P002;B021-P025;B055-P002
content/swipe/fashion shows ss27/IMG_0821.png,C18730,ochre,yellow,accent,0.105,True,bottom,3,10,10.2,B051-P002;B050-P002;B050-P003,B051-P003;B050-P008;B050-P007;B052-P004;B051-P001;B042-P041;B021-P010;B042-P040
content/swipe/fashion shows ss27/IMG_0821.png,C18730,ochre,yellow,accent,0.105,True,dress,0,2,15.9,,B042-P010;B042-P032
content/swipe/fashion shows ss27/IMG_0821.png,C18730,ochre,yellow,accent,0.105,True,shoes,0,2,12.2,,B053-P001;B029-P002
content/swipe/fashion shows ss27/IMG_0821.png,C18730,ochre,yellow,accent,0.105,True,base,1,2,12.0,B026-P009,B003-P001;B004-P001
content/swipe/fashion shows ss27/IMG_0821.png,C18730,ochre,yellow,accent,0.105,True,multiple,7,15,7.7,B042-P005;B044-P003;B046-P011;B047-P001;B042-P006;B023-P001;B024-P008,B022-P022;B032-P003;B033-P002;B023-P011;B042-P007;B046-P008;B044-P020;B062-P019
content/swipe/fashion shows ss27/IMG_0821.png,302B22,espresso,brown,secondary,0.095,True,layer,81,15,2.0,B037-P007;B027-P008;B038-P001;B030-P009;B061-P003;B021-P020;B012-P001;B028-P002,B017-P001;B055-P007;B037-P001;B055-P012;B008-P001;B058-P001;B015-P003;B013-P001
content/swipe/fashion shows ss27/IMG_0821.png,302B22,espresso,brown,secondary,0.095,True,top,53,32,1.5,B016-P003;B031-P005;B059-P004;B053-P003;B030-P002;B027-P001;B028-P012;B030-P001,B054-P005;B041-P008;B057-P001;B058-P007;B037-P003;B012-P003;B021-P023;B055-P005
content/swipe/fashion shows ss27/IMG_0821.png,302B22,espresso,brown,secondary,0.095,True,bottom,18,13,4.9,B020-P004;B020-P003;B021-P015;B041-P003;B020-P001;B042-P022;B052-P006;B044-P018,B044-P008;B011-P001;B021-P011;B056-P001;B015-P005;B049-P001;B018-P002;B050-P003
content/swipe/fashion shows ss27/IMG_0821.png,302B22,espresso,brown,secondary,0.095,True,dress,10,0,6.6,B042-P031;B041-P007;B042-P014;B033-P004;B041-P006;B042-P010;B041-P002;B042-P030,
content/swipe/fashion shows ss27/IMG_0821.png,302B22,espresso,brown,secondary,0.095,True,shoes,6,4,3.1,B029-P002;B039-P003;B037-P004;B053-P001;B001-P004;B009-P004,B055-P001;B062-P017;B001-P002;B009-P002
content/swipe/fashion shows ss27/IMG_0821.png,302B22,espresso,brown,secondary,0.095,True,bag,6,0,5.2,B043-P005;B056-P004;B053-P004;B054-P003;B053-P005;B043-P006,
content/swipe/fashion shows ss27/IMG_0821.png,302B22,espresso,brown,secondary,0.095,True,accessory,5,5,8.5,B055-P003;B021-P001;B031-P009;B032-P001;B019-P002,B031-P001;B037-P009;B021-P009;B025-P008;B020-P006
content/swipe/fashion shows ss27/IMG_0821.png,302B22,espresso,brown,secondary,0.095,True,base,4,1,7.0,B062-P007;B062-P008;B005-P001;B003-P001,B002-P001
content/swipe/fashion shows ss27/IMG_0821.png,302B22,espresso,brown,secondary,0.095,True,multiple,90,14,2.7,B023-P007;B023-P008;B024-P004;B026-P005;B049-P003;B019-P007;B044-P017;B023-P009,B024-P009;B036-P003;B006-P001;B034-P004;B047-P004;B036-P004;B022-P014;B034-P003
content/swipe/fashion shows ss27/IMG_0821.png,ECEAD9,off-white,white,secondary,0.075,False,layer,11,8,2.4,B061-P003;B043-P004;B019-P004;B046-P003;B043-P002;B048-P001;B042-P020;B012-P002,B027-P008;B058-P005;B021-P016;B021-P017;B054-P006;B041-P004;B060-P006;B060-P002
content/swipe/fashion shows ss27/IMG_0821.png,ECEAD9,off-white,white,secondary,0.075,False,top,22,15,3.1,B033-P001;B042-P025;B062-P013;B058-P007;B062-P006;B010-P003;B062-P012;B038-P002,B042-P028;B057-P006;B011-P007;B010-P005;B042-P009;B059-P003;B007-P001;B058-P002
content/swipe/fashion shows ss27/IMG_0821.png,ECEAD9,off-white,white,secondary,0.075,False,bottom,9,4,3.5,B042-P039;B021-P010;B021-P011;B048-P003;B062-P021;B011-P002;B042-P038;B015-P004,B042-P041;B042-P040;B048-P002;B051-P001
content/swipe/fashion shows ss27/IMG_0821.png,ECEAD9,off-white,white,secondary,0.075,False,dress,1,0,1.8,B042-P032,
content/swipe/fashion shows ss27/IMG_0821.png,ECEAD9,off-white,white,secondary,0.075,False,shoes,0,1,14.5,,B062-P017
content/swipe/fashion shows ss27/IMG_0821.png,ECEAD9,off-white,white,secondary,0.075,False,accessory,2,1,7.6,B020-P006;B045-P004,B025-P008
content/swipe/fashion shows ss27/IMG_0821.png,ECEAD9,off-white,white,secondary,0.075,False,base,1,1,5.6,B004-P001,B062-P007
content/swipe/fashion shows ss27/IMG_0821.png,ECEAD9,off-white,white,secondary,0.075,False,multiple,39,29,2.6,B023-P005;B036-P002;B036-P009;B044-P014;B023-P016;B023-P002;B027-P009;B042-P036,B053-P002;B043-P007;B062-P020;B024-P003;B022-P020;B022-P006;B023-P009;B044-P020
content/swipe/fashion shows ss27/IMG_0822.png,0E0E0E,black,black,dominant,0.592,False,layer,80,11,0.5,B042-P042;B042-P013;B042-P037;B056-P003;B039-P006;B041-P001;B061-P003;B040-P004,B058-P001;B061-P001;B041-P004;B021-P027;B055-P014;B015-P003;B030-P010;B013-P001
content/swipe/fashion shows ss27/IMG_0822.png,0E0E0E,black,black,dominant,0.592,False,top,58,16,1.5,B055-P006;B062-P004;B039-P007;B042-P024;B054-P004;B008-P002;B042-P028;B028-P008,B041-P008;B045-P002;B061-P005;B021-P023;B062-P010;B026-P010;B052-P002;B025-P001
content/swipe/fashion shows ss27/IMG_0822.png,0E0E0E,black,black,dominant,0.592,False,bottom,22,6,0.6,B042-P023;B042-P038;B042-P033;B042-P040;B019-P001;B044-P019;B052-P006;B015-P001,B049-P001;B018-P002;B048-P004;B016-P001;B021-P011;B021-P010
content/swipe/fashion shows ss27/IMG_0822.png,0E0E0E,black,black,dominant,0.592,False,dress,10,0,0.8,B042-P030;B042-P021;B042-P010;B041-P002;B042-P011;B042-P014;B042-P031;B041-P006,
content/swipe/fashion shows ss27/IMG_0822.png,0E0E0E,black,black,dominant,0.592,False,shoes,3,6,6.4,B039-P003;B001-P004;B009-P004,B037-P004;B029-P002;B053-P001;B001-P002;B009-P002;B055-P001
content/swipe/fashion shows ss27/IMG_0822.png,0E0E0E,black,black,dominant,0.592,False,bag,6,0,0.6,B043-P005;B056-P004;B043-P006;B053-P005;B054-P003;B053-P004,
content/swipe/fashion shows ss27/IMG_0822.png,0E0E0E,black,black,dominant,0.592,False,accessory,6,3,3.4,B031-P001;B055-P003;B031-P009;B032-P001;B021-P001;B019-P002,B021-P009;B025-P008;B020-P006
content/swipe/fashion shows ss27/IMG_0822.png,0E0E0E,black,black,dominant,0.592,False,base,4,0,3.0,B062-P008;B062-P007;B005-P001;B003-P001,
content/swipe/fashion shows ss27/IMG_0822.png,0E0E0E,black,black,dominant,0.592,False,multiple,78,17,0.6,B022-P016;B044-P001;B034-P001;B039-P004;B042-P012;B022-P017;B023-P006;B036-P001,B044-P013;B023-P010;B049-P003;B023-P001;B050-P001;B024-P006;B033-P002;B036-P003
content/swipe/fashion shows ss27/IMG_0822.png,292C2D,black,black,secondary,0.362,False,layer,85,10,2.3,B043-P001;B056-P002;B012-P002;B055-P011;B019-P004;B060-P005;B053-P006;B054-P001,B060-P003;B021-P002;B021-P027;B041-P005;B054-P002;B013-P001;B015-P003;B054-P007
content/swipe/fashion shows ss27/IMG_0822.png,292C2D,black,black,secondary,0.362,False,top,62,17,1.3,B028-P007;B062-P015;B060-P001;B028-P009;B045-P003;B057-P003;B039-P002;B062-P002,B025-P002;B026-P010;B021-P023;B052-P002;B011-P003;B059-P005;B059-P006;B021-P012
content/swipe/fashion shows ss27/IMG_0822.png,292C2D,black,black,secondary,0.362,False,bottom,22,7,2.9,B041-P003;B020-P001;B044-P018;B015-P001;B042-P022;B021-P015;B020-P004;B015-P002,B048-P004;B015-P005;B048-P003;B018-P002;B021-P011;B016-P001;B021-P010
content/swipe/fashion shows ss27/IMG_0822.png,292C2D,black,black,secondary,0.362,False,dress,10,0,3.5,B042-P031;B042-P014;B041-P002;B033-P004;B042-P011;B042-P021;B042-P030;B041-P006,
content/swipe/fashion shows ss27/IMG_0822.png,292C2D,black,black,secondary,0.362,False,shoes,6,4,3.9,B037-P004;B053-P001;B039-P003;B029-P002;B001-P004;B009-P004,B001-P002;B009-P002;B062-P017;B055-P001
content/swipe/fashion shows ss27/IMG_0822.png,292C2D,black,black,secondary,0.362,False,bag,6,0,2.0,B056-P004;B053-P004;B043-P005;B053-P005;B043-P006;B054-P003,
content/swipe/fashion shows ss27/IMG_0822.png,292C2D,black,black,secondary,0.362,False,accessory,6,5,4.3,B021-P001;B019-P002;B055-P003;B031-P001;B031-P009;B032-P001,B037-P009;B021-P009;B020-P006;B001-P003;B009-P003
content/swipe/fashion shows ss27/IMG_0822.png,292C2D,black,black,secondary,0.362,False,base,3,2,1.8,B005-P001;B062-P007;B062-P008,B003-P001;B002-P001
content/swipe/fashion shows ss27/IMG_0822.png,292C2D,black,black,secondary,0.362,False,multiple,82,21,1.8,B022-P017;B044-P002;B036-P007;B044-P005;B036-P008;B046-P005;B020-P002;B046-P010,B024-P002;B024-P006;B022-P005;B023-P016;B032-P003;B026-P007;B022-P007;B033-P002
content/swipe/fashion shows ss27/IMG_0823.png,191D1E,black,black,dominant,0.565,True,layer,82,9,1.9,B055-P010;B028-P003;B028-P005;B028-P004;B035-P004;B042-P035;B056-P002;B040-P005,B041-P004;B021-P002;B027-P007;B030-P010;B021-P027;B055-P009;B015-P003;B013-P001
content/swipe/fashion shows ss27/IMG_0823.png,191D1E,black,black,dominant,0.565,True,top,59,17,1.9,B028-P008;B057-P003;B039-P007;B028-P009;B039-P002;B055-P006;B042-P024;B042-P028,B057-P001;B054-P005;B021-P005;B062-P010;B021-P012;B031-P006;B026-P010;B021-P023
content/swipe/fashion shows ss27/IMG_0823.png,191D1E,black,black,dominant,0.565,True,bottom,22,5,2.2,B015-P001;B042-P022;B041-P003;B044-P018;B044-P008;B021-P015;B044-P019;B019-P001,B048-P004;B015-P005;B018-P002;B016-P001;B021-P011
content/swipe/fashion shows ss27/IMG_0823.png,191D1E,black,black,dominant,0.565,True,dress,10,0,2.2,B041-P002;B042-P014;B042-P031;B042-P011;B042-P021;B042-P030;B042-P010;B033-P004,
content/swipe/fashion shows ss27/IMG_0823.png,191D1E,black,black,dominant,0.565,True,shoes,6,2,6.6,B039-P003;B037-P004;B053-P001;B001-P004;B009-P004;B029-P002,B001-P002;B009-P002
content/swipe/fashion shows ss27/IMG_0823.png,191D1E,black,black,dominant,0.565,True,bag,6,0,4.1,B053-P004;B056-P004;B043-P006;B043-P005;B053-P005;B054-P003,
content/swipe/fashion shows ss27/IMG_0823.png,191D1E,black,black,dominant,0.565,True,accessory,6,3,2.9,B055-P003;B031-P001;B021-P001;B019-P002;B031-P009;B032-P001,B021-P009;B037-P009;B020-P006
content/swipe/fashion shows ss27/IMG_0823.png,191D1E,black,black,dominant,0.565,True,base,4,0,4.8,B005-P001;B062-P008;B062-P007;B003-P001,
content/swipe/fashion shows ss27/IMG_0823.png,191D1E,black,black,dominant,0.565,True,multiple,80,19,2.6,B044-P007;B057-P004;B049-P002;B028-P006;B030-P006;B044-P006;B024-P004;B018-P003,B024-P002;B044-P011;B022-P005;B023-P011;B024-P006;B046-P009;B026-P007;B042-P007
content/swipe/fashion shows ss27/IMG_0823.png,0D3C6E,navy,blue,secondary,0.201,True,layer,3,27,6.9,B060-P004;B042-P034;B042-P017,B056-P002;B037-P002;B061-P001;B008-P003;B008-P001;B058-P001;B062-P014;B019-P005
content/swipe/fashion shows ss27/IMG_0823.png,0D3C6E,navy,blue,secondary,0.201,True,top,9,23,4.4,B007-P003;B055-P004;B025-P001;B062-P003;B011-P003;B055-P005;B059-P006;B055-P013,B062-P001;B037-P003;B018-P001;B061-P005;B058-P007;B057-P001;B010-P004;B034-P002
content/swipe/fashion shows ss27/IMG_0823.png,0D3C6E,navy,blue,secondary,0.201,True,bottom,3,8,3.5,B048-P004;B052-P005;B049-P001,B015-P001;B015-P002;B056-P001;B048-P003;B011-P001;B011-P002;B044-P018;B021-P003
content/swipe/fashion shows ss27/IMG_0823.png,0D3C6E,navy,blue,secondary,0.201,True,dress,0,1,14.6,,B033-P004
content/swipe/fashion shows ss27/IMG_0823.png,0D3C6E,navy,blue,secondary,0.201,True,shoes,2,2,6.4,B001-P002;B009-P002,B037-P004;B053-P001
content/swipe/fashion shows ss27/IMG_0823.png,0D3C6E,navy,blue,secondary,0.201,True,bag,0,2,15.3,,B053-P005;B056-P004
content/swipe/fashion shows ss27/IMG_0823.png,0D3C6E,navy,blue,secondary,0.201,True,accessory,2,2,8.0,B001-P003;B009-P003,B021-P001;B019-P002
content/swipe/fashion shows ss27/IMG_0823.png,0D3C6E,navy,blue,secondary,0.201,True,base,0,1,17.9,,B005-P001
content/swipe/fashion shows ss27/IMG_0823.png,0D3C6E,navy,blue,secondary,0.201,True,multiple,3,43,4.1,B053-P002;B026-P006;B042-P006,B033-P003;B036-P004;B042-P007;B018-P003;B021-P008;B022-P012;B026-P001;B046-P004
content/swipe/fashion shows ss27/IMG_0823.png,D2D7D3,pale grey,cool neutral,secondary,0.175,False,layer,10,9,3.7,B011-P006;B019-P004;B043-P002;B042-P020;B061-P003;B043-P004;B058-P005;B012-P002,B060-P006;B001-P001;B009-P001;B041-P004;B027-P008;B021-P016;B054-P006;B021-P017
content/swipe/fashion shows ss27/IMG_0823.png,D2D7D3,pale grey,cool neutral,secondary,0.175,False,top,26,15,4.2,B025-P001;B062-P003;B062-P012;B010-P001;B010-P003;B057-P006;B062-P013;B062-P015,B010-P005;B042-P027;B052-P002;B012-P003;B059-P003;B062-P001;B058-P002;B042-P009
content/swipe/fashion shows ss27/IMG_0823.png,D2D7D3,pale grey,cool neutral,secondary,0.175,False,bottom,10,2,3.6,B011-P002;B015-P004;B042-P039;B021-P011;B021-P010;B048-P003;B042-P038;B062-P021,B042-P041;B042-P040
content/swipe/fashion shows ss27/IMG_0823.png,D2D7D3,pale grey,cool neutral,secondary,0.175,False,dress,1,0,7.2,B042-P032,
content/swipe/fashion shows ss27/IMG_0823.png,D2D7D3,pale grey,cool neutral,secondary,0.175,False,shoes,1,0,7.8,B062-P017,
content/swipe/fashion shows ss27/IMG_0823.png,D2D7D3,pale grey,cool neutral,secondary,0.175,False,accessory,3,0,3.6,B045-P004;B020-P006;B025-P008,
content/swipe/fashion shows ss27/IMG_0823.png,D2D7D3,pale grey,cool neutral,secondary,0.175,False,base,1,1,5.6,B004-P001,B062-P007
content/swipe/fashion shows ss27/IMG_0823.png,D2D7D3,pale grey,cool neutral,secondary,0.175,False,multiple,51,21,4.2,B028-P006;B028-P010;B045-P001;B042-P005;B027-P009;B042-P036;B026-P002;B027-P010,B062-P020;B022-P016;B026-P001;B046-P007;B022-P006;B052-P007;B024-P006;B024-P002
content/swipe/fashion shows ss27/IMG_0824.png,141716,black,black,dominant,0.933,False,layer,81,10,1.1,B055-P010;B040-P005;B028-P004;B041-P001;B042-P020;B039-P006;B056-P003;B035-P004,B060-P004;B041-P004;B061-P001;B021-P027;B030-P010;B027-P007;B055-P009;B015-P003
content/swipe/fashion shows ss27/IMG_0824.png,141716,black,black,dominant,0.933,False,top,55,18,1.7,B055-P006;B028-P008;B062-P004;B039-P007;B042-P024;B054-P004;B042-P028;B039-P002,B021-P005;B025-P002;B061-P005;B057-P001;B058-P007;B021-P012;B021-P004;B062-P010
content/swipe/fashion shows ss27/IMG_0824.png,141716,black,black,dominant,0.933,False,bottom,21,6,1.6,B044-P019;B015-P001;B019-P001;B042-P022;B042-P040;B042-P038;B044-P008;B021-P015,B049-P001;B048-P004;B015-P005;B018-P002;B016-P001;B021-P011
content/swipe/fashion shows ss27/IMG_0824.png,141716,black,black,dominant,0.933,False,dress,9,1,1.8,B041-P002;B042-P014;B042-P030;B042-P021;B042-P031;B042-P011;B042-P010;B033-P004,B041-P007
content/swipe/fashion shows ss27/IMG_0824.png,141716,black,black,dominant,0.933,False,shoes,6,2,6.2,B039-P003;B001-P004;B009-P004;B037-P004;B053-P001;B029-P002,B001-P002;B009-P002
content/swipe/fashion shows ss27/IMG_0824.png,141716,black,black,dominant,0.933,False,bag,6,0,2.7,B056-P004;B043-P005;B043-P006;B053-P005;B053-P004;B054-P003,
content/swipe/fashion shows ss27/IMG_0824.png,141716,black,black,dominant,0.933,False,accessory,6,2,1.1,B055-P003;B031-P001;B031-P009;B032-P001;B021-P001;B019-P002,B021-P009;B020-P006
content/swipe/fashion shows ss27/IMG_0824.png,141716,black,black,dominant,0.933,False,base,4,0,5.9,B062-P008;B005-P001;B062-P007;B003-P001,
content/swipe/fashion shows ss27/IMG_0824.png,141716,black,black,dominant,0.933,False,multiple,78,19,0.9,B024-P004;B044-P005;B030-P006;B042-P012;B044-P001;B023-P006;B057-P004;B044-P007,B050-P001;B049-P003;B022-P005;B024-P002;B023-P011;B044-P011;B024-P006;B023-P001
content/swipe/fashion shows ss27/IMG_0825.png,CEDADC,pale grey,cool neutral,dominant,0.754,False,layer,8,10,4.8,B011-P006;B042-P020;B019-P004;B043-P002;B061-P003;B043-P004;B058-P005;B012-P002,B060-P006;B046-P003;B048-P001;B001-P001;B009-P001;B041-P004;B059-P002;B027-P008
content/swipe/fashion shows ss27/IMG_0825.png,CEDADC,pale grey,cool neutral,dominant,0.754,False,top,21,18,4.4,B058-P007;B057-P006;B010-P001;B062-P003;B025-P001;B062-P012;B011-P008;B010-P003,B062-P006;B042-P024;B028-P013;B021-P004;B028-P014;B039-P001;B052-P002;B042-P026
content/swipe/fashion shows ss27/IMG_0825.png,CEDADC,pale grey,cool neutral,dominant,0.754,False,bottom,10,2,5.3,B011-P002;B015-P004;B042-P039;B021-P010;B062-P021;B021-P011;B048-P003;B048-P002,B042-P041;B042-P040
content/swipe/fashion shows ss27/IMG_0825.png,CEDADC,pale grey,cool neutral,dominant,0.754,False,dress,1,0,10.1,B042-P032,
content/swipe/fashion shows ss27/IMG_0825.png,CEDADC,pale grey,cool neutral,dominant,0.754,False,shoes,1,0,7.6,B062-P017,
content/swipe/fashion shows ss27/IMG_0825.png,CEDADC,pale grey,cool neutral,dominant,0.754,False,accessory,3,0,4.2,B045-P004;B020-P006;B025-P008,
content/swipe/fashion shows ss27/IMG_0825.png,CEDADC,pale grey,cool neutral,dominant,0.754,False,base,1,1,8.3,B004-P001,B062-P007
content/swipe/fashion shows ss27/IMG_0825.png,CEDADC,pale grey,cool neutral,dominant,0.754,False,multiple,40,33,4.9,B042-P005;B028-P006;B027-P009;B027-P010;B042-P036;B028-P011;B028-P010;B044-P007,B023-P009;B022-P002;B022-P013;B023-P002;B024-P003;B022-P015;B024-P001;B036-P008
content/swipe/fashion shows ss27/IMG_0825.png,92B6BF,steel blue,blue,accent,0.152,True,layer,0,10,12.9,,B059-P002;B058-P005;B060-P006;B011-P006;B043-P002;B059-P001;B042-P020;B062-P014
content/swipe/fashion shows ss27/IMG_0825.png,92B6BF,steel blue,blue,accent,0.152,True,top,4,20,8.7,B042-P027;B042-P026;B062-P003;B058-P007,B062-P002;B062-P001;B012-P003;B057-P006;B025-P001;B055-P004;B011-P004;B062-P012
content/swipe/fashion shows ss27/IMG_0825.png,92B6BF,steel blue,blue,accent,0.152,True,bottom,2,6,8.0,B048-P003;B048-P002,B011-P002;B015-P004;B042-P038;B042-P039;B021-P011;B052-P005
content/swipe/fashion shows ss27/IMG_0825.png,92B6BF,steel blue,blue,accent,0.152,True,shoes,1,0,8.6,B062-P017,
content/swipe/fashion shows ss27/IMG_0825.png,92B6BF,steel blue,blue,accent,0.152,True,accessory,0,4,14.2,,B045-P004;B037-P008;B020-P006;B025-P008
content/swipe/fashion shows ss27/IMG_0825.png,92B6BF,steel blue,blue,accent,0.152,True,base,0,1,18.1,,B004-P001
content/swipe/fashion shows ss27/IMG_0825.png,92B6BF,steel blue,blue,accent,0.152,True,multiple,5,58,6.8,B024-P005;B026-P004;B033-P003;B022-P009;B023-P016,B044-P007;B006-P001;B025-P005;B021-P008;B023-P005;B021-P007;B025-P006;B044-P015
content/swipe/fashion shows ss27/IMG_0826.png,E3DECF,cream,warm neutral,dominant,0.585,False,layer,14,5,3.0,B043-P004;B061-P003;B019-P004;B046-P003;B043-P002;B048-P001;B042-P020;B011-P006,B054-P006;B021-P017;B041-P004;B060-P006;B060-P002
content/swipe/fashion shows ss27/IMG_0826.png,E3DECF,cream,warm neutral,dominant,0.585,False,top,28,14,0.6,B042-P025;B033-P001;B062-P006;B058-P007;B062-P013;B010-P003;B042-P024;B061-P005,B052-P002;B058-P002;B042-P029;B025-P003;B007-P001;B030-P001;B030-P003;B021-P025
content/swipe/fashion shows ss27/IMG_0826.png,E3DECF,cream,warm neutral,dominant,0.585,False,bottom,9,6,1.7,B042-P039;B021-P011;B021-P010;B048-P003;B042-P038;B011-P002;B007-P002;B015-P004,B042-P041;B042-P040;B048-P002;B051-P001;B051-P002;B050-P007
content/swipe/fashion shows ss27/IMG_0826.png,E3DECF,cream,warm neutral,dominant,0.585,False,dress,1,1,2.9,B042-P032,B042-P010
content/swipe/fashion shows ss27/IMG_0826.png,E3DECF,cream,warm neutral,dominant,0.585,False,shoes,0,2,12.8,,B062-P017;B053-P001
content/swipe/fashion shows ss27/IMG_0826.png,E3DECF,cream,warm neutral,dominant,0.585,False,accessory,3,0,7.0,B020-P006;B045-P004;B025-P008,
content/swipe/fashion shows ss27/IMG_0826.png,E3DECF,cream,warm neutral,dominant,0.585,False,base,1,1,4.2,B004-P001,B062-P007
content/swipe/fashion shows ss27/IMG_0826.png,E3DECF,cream,warm neutral,dominant,0.585,False,multiple,48,24,2.0,B036-P002;B023-P005;B044-P014;B023-P016;B023-P002;B023-P003;B022-P002;B036-P009,B024-P001;B042-P002;B022-P019;B057-P004;B022-P021;B022-P013;B024-P006;B023-P010
content/swipe/fashion shows ss27/IMG_0826.png,DADADD,pale grey,cool neutral,secondary,0.379,False,layer,10,9,1.4,B011-P006;B042-P020;B043-P002;B019-P004;B012-P002;B043-P004;B061-P003;B058-P005,B060-P006;B041-P004;B001-P001;B009-P001;B021-P016;B054-P006;B021-P017;B027-P008
content/swipe/fashion shows ss27/IMG_0826.png,DADADD,pale grey,cool neutral,secondary,0.379,False,top,28,14,1.8,B010-P001;B011-P008;B057-P006;B011-P007;B026-P010;B010-P003;B007-P001;B025-P001,B057-P003;B038-P002;B042-P028;B058-P002;B042-P009;B059-P003;B039-P001;B025-P003
content/swipe/fashion shows ss27/IMG_0826.png,DADADD,pale grey,cool neutral,secondary,0.379,False,bottom,10,2,1.3,B015-P004;B011-P002;B007-P002;B048-P003;B062-P021;B021-P011;B021-P010;B042-P039,B042-P041;B042-P040
content/swipe/fashion shows ss27/IMG_0826.png,DADADD,pale grey,cool neutral,secondary,0.379,False,dress,1,0,8.9,B042-P032,
content/swipe/fashion shows ss27/IMG_0826.png,DADADD,pale grey,cool neutral,secondary,0.379,False,shoes,1,0,9.7,B062-P017,
content/swipe/fashion shows ss27/IMG_0826.png,DADADD,pale grey,cool neutral,secondary,0.379,False,accessory,3,0,2.5,B045-P004;B020-P006;B025-P008,
content/swipe/fashion shows ss27/IMG_0826.png,DADADD,pale grey,cool neutral,secondary,0.379,False,base,2,0,5.1,B004-P001;B062-P007,
content/swipe/fashion shows ss27/IMG_0826.png,DADADD,pale grey,cool neutral,secondary,0.379,False,multiple,50,23,1.7,B028-P006;B028-P010;B042-P005;B022-P003;B042-P036;B044-P006;B027-P010;B023-P011,B036-P008;B022-P006;B026-P001;B022-P016;B043-P007;B024-P002;B022-P009;B024-P006
content/swipe/fashion shows ss27/IMG_0827.png,BEC1B8,light grey,grey,dominant,0.511,False,layer,13,9,4.3,B058-P005;B060-P006;B043-P002;B011-P006;B019-P004;B043-P004;B061-P003;B001-P001,B059-P002;B027-P008;B012-P002;B021-P016;B054-P006;B021-P017;B021-P018;B060-P002
content/swipe/fashion shows ss27/IMG_0827.png,BEC1B8,light grey,grey,dominant,0.511,False,top,29,17,2.2,B062-P002;B062-P012;B062-P003;B062-P015;B025-P001;B042-P028;B042-P024;B042-P025,B030-P001;B007-P001;B026-P010;B028-P014;B042-P027;B030-P003;B010-P005;B057-P002
content/swipe/fashion shows ss27/IMG_0827.png,BEC1B8,light grey,grey,dominant,0.511,False,bottom,11,2,4.5,B042-P038;B011-P002;B042-P039;B015-P004;B021-P011;B021-P010;B048-P002;B007-P002,B062-P021;B051-P001
content/swipe/fashion shows ss27/IMG_0827.png,BEC1B8,light grey,grey,dominant,0.511,False,dress,1,1,8.5,B042-P032,B042-P010
content/swipe/fashion shows ss27/IMG_0827.png,BEC1B8,light grey,grey,dominant,0.511,False,shoes,1,1,5.7,B062-P017,B053-P001
content/swipe/fashion shows ss27/IMG_0827.png,BEC1B8,light grey,grey,dominant,0.511,False,accessory,3,2,7.4,B045-P004;B025-P008;B020-P006,B037-P008;B037-P009
content/swipe/fashion shows ss27/IMG_0827.png,BEC1B8,light grey,grey,dominant,0.511,False,base,1,1,6.1,B004-P001,B062-P007
content/swipe/fashion shows ss27/IMG_0827.png,BEC1B8,light grey,grey,dominant,0.511,False,multiple,60,20,2.9,B025-P006;B025-P007;B021-P007;B036-P006;B033-P005;B044-P015;B026-P002;B036-P008,B022-P018;B022-P019;B062-P019;B006-P001;B026-P007;B020-P005;B052-P007;B046-P007
content/swipe/fashion shows ss27/IMG_0827.png,DDD7BE,sage,green,secondary,0.458,True,layer,13,7,5.9,B046-P003;B048-P001;B001-P001;B009-P001;B043-P004;B061-P003;B019-P004;B027-P008,B021-P017;B054-P006;B012-P002;B041-P004;B060-P002;B060-P006;B021-P014
content/swipe/fashion shows ss27/IMG_0827.png,DDD7BE,sage,green,secondary,0.458,True,top,23,19,2.6,B039-P001;B038-P002;B033-P001;B042-P025;B062-P006;B042-P024;B058-P007;B062-P012,B025-P003;B028-P014;B026-P010;B030-P001;B010-P001;B030-P003;B011-P008;B057-P002
content/swipe/fashion shows ss27/IMG_0827.png,DDD7BE,sage,green,secondary,0.458,True,bottom,10,8,5.6,B042-P039;B021-P011;B042-P038;B021-P010;B048-P003;B011-P002;B042-P041;B042-P040,B062-P021;B051-P001;B051-P002;B050-P007;B050-P002;B048-P002;B050-P008;B051-P003
content/swipe/fashion shows ss27/IMG_0827.png,DDD7BE,sage,green,secondary,0.458,True,dress,1,1,4.0,B042-P032,B042-P010
content/swipe/fashion shows ss27/IMG_0827.png,DDD7BE,sage,green,secondary,0.458,True,shoes,0,2,14.0,,B062-P017;B053-P001
content/swipe/fashion shows ss27/IMG_0827.png,DDD7BE,sage,green,secondary,0.458,True,accessory,2,1,10.8,B020-P006;B045-P004,B025-P008
content/swipe/fashion shows ss27/IMG_0827.png,DDD7BE,sage,green,secondary,0.458,True,base,1,1,8.2,B004-P001,B062-P007
content/swipe/fashion shows ss27/IMG_0827.png,DDD7BE,sage,green,secondary,0.458,True,multiple,44,28,4.9,B036-P002;B044-P014;B023-P002;B023-P003;B023-P005;B046-P007;B022-P002;B025-P006,B022-P019;B023-P009;B049-P003;B046-P009;B053-P002;B022-P020;B024-P001;B044-P004
content/swipe/fashion shows ss27/IMG_0828.png,E2E7E9,white,white,dominant,0.366,False,layer,10,8,2.4,B042-P020;B011-P006;B012-P002;B019-P004;B043-P002;B061-P003;B043-P004;B058-P005,B060-P006;B001-P001;B009-P001;B041-P004;B021-P016;B054-P006;B027-P008;B021-P017
content/swipe/fashion shows ss27/IMG_0828.png,E2E7E9,white,white,dominant,0.366,False,top,26,13,2.3,B010-P001;B062-P012;B026-P010;B011-P008;B010-P003;B057-P006;B057-P002;B062-P013,B042-P027;B038-P002;B052-P002;B039-P001;B042-P028;B057-P003;B042-P009;B059-P003
content/swipe/fashion shows ss27/IMG_0828.png,E2E7E9,white,white,dominant,0.366,False,bottom,9,3,3.9,B011-P002;B062-P021;B015-P004;B048-P003;B021-P010;B042-P039;B021-P011;B007-P002,B048-P002;B042-P041;B042-P040
content/swipe/fashion shows ss27/IMG_0828.png,E2E7E9,white,white,dominant,0.366,False,dress,1,0,7.9,B042-P032,
content/swipe/fashion shows ss27/IMG_0828.png,E2E7E9,white,white,dominant,0.366,False,shoes,1,0,11.1,B062-P017,
content/swipe/fashion shows ss27/IMG_0828.png,E2E7E9,white,white,dominant,0.366,False,accessory,3,0,2.4,B020-P006;B045-P004;B025-P008,
content/swipe/fashion shows ss27/IMG_0828.png,E2E7E9,white,white,dominant,0.366,False,base,1,1,5.5,B004-P001,B062-P007
content/swipe/fashion shows ss27/IMG_0828.png,E2E7E9,white,white,dominant,0.366,False,multiple,40,29,1.6,B027-P010;B042-P005;B028-P011;B027-P009;B028-P006;B042-P036;B022-P003;B046-P009,B024-P005;B023-P009;B024-P003;B022-P021;B046-P010;B044-P020;B022-P015;B052-P007
content/swipe/fashion shows ss27/IMG_0828.png,7CA3AC,steel blue,blue,secondary,0.231,True,layer,1,10,11.5,B059-P002,B059-P001;B060-P006;B043-P002;B062-P014;B058-P005;B021-P018;B061-P002;B037-P007
content/swipe/fashion shows ss27/IMG_0828.png,7CA3AC,steel blue,blue,secondary,0.231,True,top,2,17,9.8,B042-P026;B055-P004,B042-P027;B011-P004;B011-P003;B062-P003;B062-P012;B062-P002;B058-P007;B062-P015
content/swipe/fashion shows ss27/IMG_0828.png,7CA3AC,steel blue,blue,secondary,0.231,True,bottom,2,1,6.3,B048-P003;B048-P002,B052-P005
content/swipe/fashion shows ss27/IMG_0828.png,7CA3AC,steel blue,blue,secondary,0.231,True,shoes,1,2,11.8,B062-P017,B001-P002;B009-P002
content/swipe/fashion shows ss27/IMG_0828.png,7CA3AC,steel blue,blue,secondary,0.231,True,accessory,0,5,14.5,,B037-P008;B037-P009;B045-P004;B001-P003;B009-P003
content/swipe/fashion shows ss27/IMG_0828.png,7CA3AC,steel blue,blue,secondary,0.231,True,base,0,1,18.2,,B005-P001
content/swipe/fashion shows ss27/IMG_0828.png,7CA3AC,steel blue,blue,secondary,0.231,True,multiple,3,46,7.5,B033-P003;B024-P005;B046-P001,B022-P008;B026-P006;B006-P001;B022-P009;B044-P007;B044-P015;B021-P007;B021-P008
content/swipe/fashion shows ss27/IMG_0828.png,A4BFC1,sky,blue,secondary,0.209,True,layer,2,15,10.4,B058-P005;B060-P006,B011-P006;B059-P002;B043-P002;B019-P004;B042-P020;B061-P003;B043-P004;B012-P002
content/swipe/fashion shows ss27/IMG_0828.png,A4BFC1,sky,blue,secondary,0.209,True,top,7,29,6.7,B062-P003;B042-P027;B058-P007;B062-P002;B042-P026;B025-P001;B057-P006,B062-P012;B062-P001;B012-P003;B062-P015;B010-P001;B007-P001;B011-P007;B010-P003
content/swipe/fashion shows ss27/IMG_0828.png,A4BFC1,sky,blue,secondary,0.209,True,bottom,2,10,8.3,B048-P002;B048-P003,B011-P002;B015-P004;B042-P038;B042-P039;B021-P011;B021-P010;B007-P002;B062-P021
content/swipe/fashion shows ss27/IMG_0828.png,A4BFC1,sky,blue,secondary,0.209,True,dress,0,1,17.4,,B042-P032
content/swipe/fashion shows ss27/IMG_0828.png,A4BFC1,sky,blue,secondary,0.209,True,shoes,1,0,6.0,B062-P017,
content/swipe/fashion shows ss27/IMG_0828.png,A4BFC1,sky,blue,secondary,0.209,True,accessory,1,3,11.1,B045-P004,B020-P006;B025-P008;B037-P008
content/swipe/fashion shows ss27/IMG_0828.png,A4BFC1,sky,blue,secondary,0.209,True,base,0,1,15.0,,B004-P001
content/swipe/fashion shows ss27/IMG_0828.png,A4BFC1,sky,blue,secondary,0.209,True,multiple,8,67,6.0,B024-P005;B026-P004;B023-P016;B044-P007;B044-P015;B021-P007;B023-P005;B025-P005,B022-P009;B022-P020;B025-P006;B021-P008;B022-P021;B057-P004;B022-P013;B046-P008
content/swipe/fashion shows ss27/IMG_0828.png,D5D1C0,cream,warm neutral,secondary,0.126,False,layer,14,8,5.6,B019-P004;B043-P002;B043-P004;B046-P003;B061-P003;B048-P001;B001-P001;B009-P001,B012-P002;B021-P017;B054-P006;B060-P006;B060-P002;B059-P002;B021-P014;B021-P018
content/swipe/fashion shows ss27/IMG_0828.png,D5D1C0,cream,warm neutral,secondary,0.126,False,top,31,13,3.7,B042-P025;B042-P024;B062-P015;B062-P012;B062-P006;B033-P001;B039-P001;B038-P002,B057-P002;B010-P005;B030-P003;B007-P001;B021-P025;B057-P003;B050-P006;B032-P004
content/swipe/fashion shows ss27/IMG_0828.png,D5D1C0,cream,warm neutral,secondary,0.126,False,bottom,11,7,4.0,B042-P038;B042-P039;B021-P011;B021-P010;B011-P002;B048-P003;B015-P004;B007-P002,B048-P002;B051-P001;B051-P002;B050-P007;B050-P002;B050-P008;B051-P003
content/swipe/fashion shows ss27/IMG_0828.png,D5D1C0,cream,warm neutral,secondary,0.126,False,dress,1,1,3.8,B042-P032,B042-P010
content/swipe/fashion shows ss27/IMG_0828.png,D5D1C0,cream,warm neutral,secondary,0.126,False,shoes,1,1,11.1,B062-P017,B053-P001
content/swipe/fashion shows ss27/IMG_0828.png,D5D1C0,cream,warm neutral,secondary,0.126,False,accessory,3,1,8.9,B020-P006;B045-P004;B025-P008,B037-P008
content/swipe/fashion shows ss27/IMG_0828.png,D5D1C0,cream,warm neutral,secondary,0.126,False,base,1,1,5.7,B004-P001,B062-P007
content/swipe/fashion shows ss27/IMG_0828.png,D5D1C0,cream,warm neutral,secondary,0.126,False,multiple,58,16,3.4,B025-P006;B044-P014;B025-P007;B026-P002;B023-P003;B022-P010;B036-P006;B023-P006,B022-P015;B044-P004;B024-P005;B022-P018;B021-P008;B023-P008;B023-P015;B025-P005
content/swipe/fashion shows ss27/IMG_0829.png,3C3330,taupe,warm neutral,dominant,0.66,False,layer,74,23,1.4,B055-P008;B041-P004;B059-P001;B028-P001;B028-P002;B042-P015;B030-P009;B042-P016,B037-P006;B041-P001;B011-P005;B040-P005;B039-P006;B040-P006;B042-P018;B055-P007
content/swipe/fashion shows ss27/IMG_0829.png,3C3330,taupe,warm neutral,dominant,0.66,False,top,61,27,2.6,B031-P002;B054-P004;B058-P003;B059-P004;B027-P002;B030-P004;B014-P001;B028-P013,B055-P006;B021-P005;B010-P004;B062-P009;B031-P003;B062-P004;B012-P003;B031-P008
content/swipe/fashion shows ss27/IMG_0829.png,3C3330,taupe,warm neutral,dominant,0.66,False,bottom,15,16,5.4,B020-P003;B015-P002;B020-P001;B020-P004;B021-P015;B041-P003;B042-P022;B044-P018,B015-P005;B019-P001;B049-P001;B042-P040;B021-P010;B042-P038;B011-P001;B044-P019
content/swipe/fashion shows ss27/IMG_0829.png,3C3330,taupe,warm neutral,dominant,0.66,False,dress,7,3,5.3,B041-P006;B041-P007;B033-P004;B042-P031;B042-P014;B042-P010;B041-P002,B042-P011;B042-P021;B042-P030
content/swipe/fashion shows ss27/IMG_0829.png,3C3330,taupe,warm neutral,dominant,0.66,False,shoes,7,3,2.5,B039-P003;B029-P002;B037-P004;B053-P001;B001-P004;B009-P004;B055-P001,B062-P017;B001-P002;B009-P002
content/swipe/fashion shows ss27/IMG_0829.png,3C3330,taupe,warm neutral,dominant,0.66,False,bag,5,1,5.0,B043-P005;B054-P003;B056-P004;B053-P004;B053-P005,B043-P006
content/swipe/fashion shows ss27/IMG_0829.png,3C3330,taupe,warm neutral,dominant,0.66,False,accessory,8,2,3.9,B031-P009;B032-P001;B021-P001;B055-P003;B019-P002;B021-P009;B037-P009;B020-P006,B031-P001;B025-P008
content/swipe/fashion shows ss27/IMG_0829.png,3C3330,taupe,warm neutral,dominant,0.66,False,base,5,0,2.1,B062-P008;B062-P007;B005-P001;B003-P001;B002-P001,
content/swipe/fashion shows ss27/IMG_0829.png,3C3330,taupe,warm neutral,dominant,0.66,False,multiple,94,12,1.9,B056-P006;B044-P017;B026-P004;B019-P007;B049-P003;B030-P005;B034-P001;B030-P006,B044-P001;B030-P007;B022-P014;B034-P003;B047-P004;B045-P001;B034-P004;B022-P015
content/swipe/fashion shows ss27/IMG_0829.png,534C4A,taupe,warm neutral,secondary,0.213,False,layer,38,53,3.8,B055-P009;B043-P001;B038-P001;B042-P035;B027-P005;B042-P015;B053-P006;B023-P012,B019-P004;B054-P006;B056-P002;B019-P005;B012-P002;B037-P002;B012-P004;B027-P008
content/swipe/fashion shows ss27/IMG_0829.png,534C4A,taupe,warm neutral,secondary,0.213,False,top,26,60,1.9,B057-P005;B030-P002;B008-P002;B031-P006;B028-P013;B059-P005;B014-P001;B039-P002,B045-P003;B060-P001;B062-P011;B028-P007;B062-P002;B062-P010;B021-P024;B062-P003
content/swipe/fashion shows ss27/IMG_0829.png,534C4A,taupe,warm neutral,secondary,0.213,False,bottom,4,28,7.0,B020-P003;B042-P041;B015-P002;B048-P003,B049-P001;B020-P001;B015-P001;B041-P003;B020-P004;B042-P040;B044-P018;B021-P015
content/swipe/fashion shows ss27/IMG_0829.png,534C4A,taupe,warm neutral,secondary,0.213,False,dress,1,7,11.4,B041-P006,B041-P007;B042-P031;B033-P004;B042-P014;B042-P010;B041-P002;B042-P011
content/swipe/fashion shows ss27/IMG_0829.png,534C4A,taupe,warm neutral,secondary,0.213,False,shoes,7,3,2.2,B001-P004;B009-P004;B029-P002;B062-P017;B053-P001;B039-P003;B037-P004,B055-P001;B001-P002;B009-P002
content/swipe/fashion shows ss27/IMG_0829.png,534C4A,taupe,warm neutral,secondary,0.213,False,bag,2,3,9.0,B056-P004;B054-P003,B043-P005;B053-P005;B053-P004
content/swipe/fashion shows ss27/IMG_0829.png,534C4A,taupe,warm neutral,secondary,0.213,False,accessory,7,6,3.7,B037-P009;B021-P001;B055-P003;B031-P009;B032-P001;B019-P002;B020-P006,B037-P008;B021-P009;B001-P003;B009-P003;B025-P008;B031-P001
content/swipe/fashion shows ss27/IMG_0829.png,534C4A,taupe,warm neutral,secondary,0.213,False,base,3,2,8.7,B002-P001;B062-P008;B005-P001,B062-P007;B003-P001
content/swipe/fashion shows ss27/IMG_0829.png,534C4A,taupe,warm neutral,secondary,0.213,False,multiple,58,46,2.0,B024-P004;B023-P015;B053-P002;B027-P011;B023-P011;B044-P009;B022-P021;B022-P013,B026-P008;B022-P001;B022-P014;B042-P007;B046-P005;B026-P001;B020-P002;B021-P026
content/swipe/fashion shows ss27/IMG_0829.png,777271,stone,warm neutral,secondary,0.097,False,layer,15,20,2.6,B043-P002;B038-P001;B037-P007;B054-P001;B043-P003;B041-P004;B008-P003;B041-P005,B021-P002;B060-P004;B042-P018;B062-P014;B043-P001;B059-P002;B021-P016;B053-P006
content/swipe/fashion shows ss27/IMG_0829.png,777271,stone,warm neutral,secondary,0.097,False,top,6,34,5.0,B016-P002;B062-P002;B062-P012;B030-P001;B042-P028;B062-P005,B027-P004;B031-P005;B055-P002;B030-P002;B034-P002;B057-P005;B032-P004;B008-P002
content/swipe/fashion shows ss27/IMG_0829.png,777271,stone,warm neutral,secondary,0.097,False,bottom,4,6,5.9,B020-P003;B044-P010;B042-P040;B042-P041,B048-P003;B048-P002;B052-P005;B007-P002;B050-P003;B049-P001
content/swipe/fashion shows ss27/IMG_0829.png,777271,stone,warm neutral,secondary,0.097,False,shoes,3,3,3.0,B001-P004;B009-P004;B062-P017,B029-P002;B001-P002;B009-P002
content/swipe/fashion shows ss27/IMG_0829.png,777271,stone,warm neutral,secondary,0.097,False,bag,1,1,6.4,B056-P004,B053-P005
content/swipe/fashion shows ss27/IMG_0829.png,777271,stone,warm neutral,secondary,0.097,False,accessory,3,5,3.7,B037-P009;B037-P008;B019-P002,B001-P003;B009-P003;B021-P001;B020-P006;B055-P003
content/swipe/fashion shows ss27/IMG_0829.png,777271,stone,warm neutral,secondary,0.097,False,base,1,2,4.3,B005-P001,B002-P001;B003-P001
content/swipe/fashion shows ss27/IMG_0829.png,777271,stone,warm neutral,secondary,0.097,False,multiple,22,52,3.5,B023-P010;B046-P010;B042-P019;B018-P003;B057-P004;B044-P005;B024-P006;B036-P007,B022-P008;B042-P002;B044-P016;B044-P020;B024-P004;B022-P020;B044-P015;B020-P005
content/swipe/fashion shows ss27/IMG_0830.png,E0E2E0,pale grey,cool neutral,dominant,0.86,False,layer,10,9,1.9,B042-P020;B011-P006;B019-P004;B043-P002;B043-P004;B061-P003;B012-P002;B046-P003,B001-P001;B009-P001;B060-P006;B041-P004;B021-P016;B027-P008;B054-P006;B021-P017
content/swipe/fashion shows ss27/IMG_0830.png,E0E2E0,pale grey,cool neutral,dominant,0.86,False,top,25,15,2.1,B062-P012;B010-P003;B010-P001;B062-P013;B026-P010;B011-P008;B057-P002;B025-P001,B039-P001;B012-P003;B052-P002;B062-P001;B042-P027;B042-P028;B059-P003;B042-P009
content/swipe/fashion shows ss27/IMG_0830.png,E0E2E0,pale grey,cool neutral,dominant,0.86,False,bottom,9,3,2.7,B011-P002;B015-P004;B048-P003;B021-P010;B042-P039;B021-P011;B062-P021;B007-P002,B048-P002;B042-P041;B042-P040
content/swipe/fashion shows ss27/IMG_0830.png,E0E2E0,pale grey,cool neutral,dominant,0.86,False,dress,1,0,5.9,B042-P032,
content/swipe/fashion shows ss27/IMG_0830.png,E0E2E0,pale grey,cool neutral,dominant,0.86,False,shoes,1,0,10.5,B062-P017,
content/swipe/fashion shows ss27/IMG_0830.png,E0E2E0,pale grey,cool neutral,dominant,0.86,False,accessory,3,0,1.8,B020-P006;B045-P004;B025-P008,
content/swipe/fashion shows ss27/IMG_0830.png,E0E2E0,pale grey,cool neutral,dominant,0.86,False,base,1,1,3.6,B004-P001,B062-P007
content/swipe/fashion shows ss27/IMG_0830.png,E0E2E0,pale grey,cool neutral,dominant,0.86,False,multiple,47,24,1.6,B027-P009;B042-P005;B042-P036;B027-P010;B028-P006;B022-P003;B028-P011;B028-P010,B022-P021;B024-P001;B026-P001;B043-P007;B022-P015;B024-P005;B022-P013;B022-P006
content/swipe/fashion shows ss27/IMG_0830.png,302920,espresso,brown,secondary,0.071,True,layer,79,17,1.8,B027-P008;B037-P007;B030-P009;B038-P001;B012-P001;B028-P002;B042-P015;B040-P003,B017-P001;B037-P001;B041-P005;B055-P007;B027-P007;B055-P012;B008-P001;B015-P003
content/swipe/fashion shows ss27/IMG_0830.png,302920,espresso,brown,secondary,0.071,True,top,56,29,2.8,B016-P003;B059-P004;B053-P003;B031-P005;B028-P012;B028-P013;B030-P002;B027-P001,B021-P005;B037-P003;B055-P005;B012-P003;B054-P005;B058-P007;B021-P012;B052-P001
content/swipe/fashion shows ss27/IMG_0830.png,302920,espresso,brown,secondary,0.071,True,bottom,18,13,4.9,B020-P004;B020-P003;B021-P015;B020-P001;B041-P003;B042-P022;B052-P006;B019-P001,B044-P008;B021-P011;B011-P001;B015-P005;B056-P001;B018-P002;B021-P010;B049-P001
content/swipe/fashion shows ss27/IMG_0830.png,302920,espresso,brown,secondary,0.071,True,dress,10,0,5.5,B041-P007;B042-P031;B033-P004;B041-P006;B042-P010;B042-P014;B041-P002;B042-P030,
content/swipe/fashion shows ss27/IMG_0830.png,302920,espresso,brown,secondary,0.071,True,shoes,6,4,2.8,B029-P002;B039-P003;B037-P004;B053-P001;B001-P004;B009-P004,B055-P001;B062-P017;B001-P002;B009-P002
content/swipe/fashion shows ss27/IMG_0830.png,302920,espresso,brown,secondary,0.071,True,bag,6,0,5.0,B043-P005;B056-P004;B054-P003;B053-P004;B053-P005;B043-P006,
content/swipe/fashion shows ss27/IMG_0830.png,302920,espresso,brown,secondary,0.071,True,accessory,5,5,8.3,B031-P009;B032-P001;B021-P001;B055-P003;B019-P002,B031-P001;B021-P009;B037-P009;B025-P008;B020-P006
content/swipe/fashion shows ss27/IMG_0830.png,302920,espresso,brown,secondary,0.071,True,base,4,1,6.3,B062-P007;B062-P008;B003-P001;B005-P001,B002-P001
content/swipe/fashion shows ss27/IMG_0830.png,302920,espresso,brown,secondary,0.071,True,multiple,90,15,3.7,B049-P003;B023-P008;B023-P007;B019-P007;B044-P017;B026-P005;B022-P021;B024-P004,B036-P003;B006-P001;B024-P009;B047-P004;B034-P004;B022-P014;B036-P004;B034-P003
content/swipe/fashion shows ss27/IMG_0831.png,EDCCD4,blush,pink,dominant,0.519,True,layer,0,17,13.7,,B043-P002;B011-P006;B042-P020;B041-P004;B054-P006;B012-P002;B048-P001;B058-P005
content/swipe/fashion shows ss27/IMG_0831.png,EDCCD4,blush,pink,dominant,0.519,True,top,8,29,6.2,B021-P012;B010-P005;B028-P014;B028-P013;B011-P007;B021-P004;B052-P002;B061-P005,B011-P008;B057-P002;B007-P001;B026-P010;B010-P003;B010-P001;B057-P003;B025-P001
content/swipe/fashion shows ss27/IMG_0831.png,EDCCD4,blush,pink,dominant,0.519,True,bottom,1,11,9.4,B007-P002,B015-P004;B011-P002;B048-P003;B062-P021;B021-P011;B021-P010;B042-P038;B042-P039
content/swipe/fashion shows ss27/IMG_0831.png,EDCCD4,blush,pink,dominant,0.519,True,dress,0,2,18.3,,B042-P032;B042-P010
content/swipe/fashion shows ss27/IMG_0831.png,EDCCD4,blush,pink,dominant,0.519,True,accessory,1,2,10.3,B025-P008,B020-P006;B045-P004
content/swipe/fashion shows ss27/IMG_0831.png,EDCCD4,blush,pink,dominant,0.519,True,base,1,1,5.8,B062-P007,B004-P001
content/swipe/fashion shows ss27/IMG_0831.png,EDCCD4,blush,pink,dominant,0.519,True,multiple,1,66,11.5,B023-P011,B053-P002;B044-P006;B028-P010;B046-P008;B023-P014;B023-P017;B023-P009;B026-P007
content/swipe/fashion shows ss27/IMG_0831.png,352D2C,taupe,warm neutral,secondary,0.403,False,layer,86,10,2.0,B055-P008;B021-P020;B023-P012;B059-P001;B028-P002;B042-P015;B028-P001;B030-P009,B055-P012;B061-P001;B041-P005;B035-P001;B061-P004;B054-P007;B042-P018;B054-P002
content/swipe/fashion shows ss27/IMG_0831.png,352D2C,taupe,warm neutral,secondary,0.403,False,top,67,20,1.7,B027-P002;B030-P004;B030-P002;B027-P001;B059-P004;B054-P004;B062-P003;B058-P003,B025-P003;B042-P026;B057-P006;B025-P002;B032-P004;B031-P008;B059-P003;B021-P006
content/swipe/fashion shows ss27/IMG_0831.png,352D2C,taupe,warm neutral,secondary,0.403,False,bottom,25,6,4.8,B020-P001;B015-P002;B020-P004;B021-P015;B020-P003;B041-P003;B042-P022;B044-P018,B021-P010;B044-P008;B050-P003;B048-P004;B048-P003;B042-P041
content/swipe/fashion shows ss27/IMG_0831.png,352D2C,taupe,warm neutral,secondary,0.403,False,dress,10,0,5.0,B041-P007;B033-P004;B041-P006;B042-P031;B042-P014;B042-P010;B042-P011;B041-P002,
content/swipe/fashion shows ss27/IMG_0831.png,352D2C,taupe,warm neutral,secondary,0.403,False,shoes,7,3,4.6,B039-P003;B029-P002;B037-P004;B053-P001;B001-P004;B009-P004;B055-P001,B001-P002;B009-P002;B062-P017
content/swipe/fashion shows ss27/IMG_0831.png,352D2C,taupe,warm neutral,secondary,0.403,False,bag,6,0,3.2,B043-P005;B056-P004;B053-P004;B054-P003;B053-P005;B043-P006,
content/swipe/fashion shows ss27/IMG_0831.png,352D2C,taupe,warm neutral,secondary,0.403,False,accessory,8,2,4.8,B031-P009;B032-P001;B021-P001;B019-P002;B055-P003;B021-P009;B020-P006;B031-P001,B037-P009;B025-P008
content/swipe/fashion shows ss27/IMG_0831.png,352D2C,taupe,warm neutral,secondary,0.403,False,base,4,1,2.5,B062-P008;B062-P007;B005-P001;B003-P001,B002-P001
content/swipe/fashion shows ss27/IMG_0831.png,352D2C,taupe,warm neutral,secondary,0.403,False,multiple,96,9,0.0,B026-P004;B034-P001;B044-P017;B019-P007;B056-P006;B024-P003;B028-P011;B026-P005,B021-P026;B034-P004;B036-P004;B053-P002;B022-P015;B045-P001;B022-P014;B044-P016
content/swipe/fashion shows ss27/IMG_0832.png,1D201F,black,black,dominant,0.954,False,layer,83,10,2.3,B056-P002;B042-P035;B055-P011;B035-P004;B055-P010;B028-P003;B028-P004;B043-P001,B061-P001;B030-P010;B027-P007;B021-P027;B055-P009;B041-P005;B015-P003;B013-P001
content/swipe/fashion shows ss27/IMG_0832.png,1D201F,black,black,dominant,0.954,False,top,58,18,1.7,B057-P003;B039-P002;B028-P008;B028-P009;B057-P005;B039-P007;B055-P006;B042-P024,B054-P005;B025-P002;B031-P006;B025-P001;B062-P010;B021-P005;B026-P010;B021-P004
content/swipe/fashion shows ss27/IMG_0832.png,1D201F,black,black,dominant,0.954,False,bottom,22,6,1.5,B041-P003;B042-P022;B021-P015;B015-P001;B044-P018;B020-P004;B044-P019;B020-P001,B048-P004;B015-P005;B018-P002;B021-P011;B016-P001;B048-P003
content/swipe/fashion shows ss27/IMG_0832.png,1D201F,black,black,dominant,0.954,False,dress,10,0,2.5,B042-P031;B042-P014;B041-P002;B042-P011;B042-P021;B042-P030;B042-P010;B033-P004,
content/swipe/fashion shows ss27/IMG_0832.png,1D201F,black,black,dominant,0.954,False,shoes,6,4,5.7,B039-P003;B037-P004;B053-P001;B001-P004;B009-P004;B029-P002,B001-P002;B009-P002;B062-P017;B055-P001
content/swipe/fashion shows ss27/IMG_0832.png,1D201F,black,black,dominant,0.954,False,bag,6,0,3.5,B053-P004;B056-P004;B053-P005;B043-P005;B043-P006;B054-P003,
content/swipe/fashion shows ss27/IMG_0832.png,1D201F,black,black,dominant,0.954,False,accessory,6,3,3.6,B055-P003;B021-P001;B031-P001;B031-P009;B032-P001;B019-P002,B021-P009;B037-P009;B020-P006
content/swipe/fashion shows ss27/IMG_0832.png,1D201F,black,black,dominant,0.954,False,base,4,0,4.6,B005-P001;B062-P007;B062-P008;B003-P001,
content/swipe/fashion shows ss27/IMG_0832.png,1D201F,black,black,dominant,0.954,False,multiple,81,20,1.5,B057-P004;B044-P006;B028-P006;B044-P007;B049-P002;B036-P008;B024-P004;B036-P007,B044-P011;B024-P002;B022-P005;B024-P006;B046-P009;B022-P013;B026-P007;B042-P007
content/swipe/fashion shows ss27/IMG_0833.png,E3E8E9,white,white,dominant,0.756,False,layer,10,8,2.4,B042-P020;B011-P006;B012-P002;B019-P004;B043-P002;B061-P003;B043-P004;B058-P005,B060-P006;B001-P001;B009-P001;B041-P004;B021-P016;B027-P008;B054-P006;B021-P017
content/swipe/fashion shows ss27/IMG_0833.png,E3E8E9,white,white,dominant,0.756,False,top,25,14,2.6,B062-P012;B010-P001;B026-P010;B011-P008;B010-P003;B062-P013;B057-P002;B057-P006,B010-P005;B042-P027;B038-P002;B039-P001;B052-P002;B042-P028;B057-P003;B059-P003
content/swipe/fashion shows ss27/IMG_0833.png,E3E8E9,white,white,dominant,0.756,False,bottom,9,3,4.1,B011-P002;B062-P021;B015-P004;B048-P003;B021-P010;B042-P039;B021-P011;B007-P002,B048-P002;B042-P041;B042-P040
content/swipe/fashion shows ss27/IMG_0833.png,E3E8E9,white,white,dominant,0.756,False,dress,1,0,7.4,B042-P032,
content/swipe/fashion shows ss27/IMG_0833.png,E3E8E9,white,white,dominant,0.756,False,shoes,1,0,11.3,B062-P017,
content/swipe/fashion shows ss27/IMG_0833.png,E3E8E9,white,white,dominant,0.756,False,accessory,3,0,2.4,B020-P006;B045-P004;B025-P008,
content/swipe/fashion shows ss27/IMG_0833.png,E3E8E9,white,white,dominant,0.756,False,base,1,1,5.3,B004-P001,B062-P007
content/swipe/fashion shows ss27/IMG_0833.png,E3E8E9,white,white,dominant,0.756,False,multiple,40,29,1.4,B027-P010;B027-P009;B028-P011;B042-P005;B042-P036;B028-P006;B022-P003;B046-P009,B024-P005;B023-P009;B024-P003;B022-P021;B046-P010;B046-P007;B052-P007;B044-P020
content/swipe/fashion shows ss27/IMG_0833.png,CCCCC5,cream,warm neutral,secondary,0.235,False,layer,14,7,4.2,B043-P002;B058-P005;B011-P006;B019-P004;B043-P004;B061-P003;B042-P020;B046-P003,B027-P008;B021-P016;B054-P006;B021-P017;B059-P002;B060-P002;B021-P018
content/swipe/fashion shows ss27/IMG_0833.png,CCCCC5,cream,warm neutral,secondary,0.235,False,top,33,12,2.6,B025-P001;B062-P015;B062-P002;B062-P003;B062-P012;B061-P005;B042-P025;B010-P003,B057-P003;B030-P001;B042-P027;B030-P003;B012-P003;B042-P026;B062-P001;B021-P025
content/swipe/fashion shows ss27/IMG_0833.png,CCCCC5,cream,warm neutral,secondary,0.235,False,bottom,12,2,3.7,B042-P038;B011-P002;B042-P039;B015-P004;B021-P011;B021-P010;B007-P002;B048-P003,B051-P001;B051-P002
content/swipe/fashion shows ss27/IMG_0833.png,CCCCC5,cream,warm neutral,secondary,0.235,False,dress,1,1,7.2,B042-P032,B042-P010
content/swipe/fashion shows ss27/IMG_0833.png,CCCCC5,cream,warm neutral,secondary,0.235,False,shoes,1,1,7.2,B062-P017,B053-P001
content/swipe/fashion shows ss27/IMG_0833.png,CCCCC5,cream,warm neutral,secondary,0.235,False,accessory,3,1,4.9,B045-P004;B020-P006;B025-P008,B037-P008
content/swipe/fashion shows ss27/IMG_0833.png,CCCCC5,cream,warm neutral,secondary,0.235,False,base,1,1,4.8,B004-P001,B062-P007
content/swipe/fashion shows ss27/IMG_0833.png,CCCCC5,cream,warm neutral,secondary,0.235,False,multiple,64,13,2.0,B026-P002;B033-P005;B025-P006;B045-P001;B036-P006;B023-P017;B044-P015;B021-P007,B023-P008;B023-P015;B022-P018;B044-P004;B006-P001;B062-P019;B022-P009;B020-P005
content/swipe/fashion shows ss27/IMG_0835.png,E4EDEF,white,white,dominant,0.51,True,layer,7,9,4.2,B042-P020;B012-P002;B011-P006;B019-P004;B061-P003;B043-P004;B043-P002,B058-P005;B046-P003;B048-P001;B060-P006;B001-P001;B009-P001;B041-P004;B021-P016
content/swipe/fashion shows ss27/IMG_0835.png,E4EDEF,white,white,dominant,0.51,True,top,20,17,3.9,B062-P012;B010-P001;B026-P010;B011-P008;B010-P003;B062-P013;B057-P006;B057-P002,B062-P006;B028-P013;B028-P014;B042-P024;B042-P027;B021-P004;B010-P005;B038-P002
content/swipe/fashion shows ss27/IMG_0835.png,E4EDEF,white,white,dominant,0.51,True,bottom,8,4,5.2,B062-P021;B011-P002;B015-P004;B048-P003;B021-P010;B042-P039;B021-P011;B007-P002,B042-P038;B048-P002;B042-P041;B042-P040
content/swipe/fashion shows ss27/IMG_0835.png,E4EDEF,white,white,dominant,0.51,True,dress,1,0,8.5,B042-P032,
content/swipe/fashion shows ss27/IMG_0835.png,E4EDEF,white,white,dominant,0.51,True,shoes,1,0,12.0,B062-P017,
content/swipe/fashion shows ss27/IMG_0835.png,E4EDEF,white,white,dominant,0.51,True,accessory,3,0,4.2,B020-P006;B045-P004;B025-P008,
content/swipe/fashion shows ss27/IMG_0835.png,E4EDEF,white,white,dominant,0.51,True,base,1,1,7.1,B004-P001,B062-P007
content/swipe/fashion shows ss27/IMG_0835.png,E4EDEF,white,white,dominant,0.51,True,multiple,31,36,3.1,B027-P010;B028-P011;B027-P009;B042-P005;B042-P036;B028-P006;B046-P009;B036-P002,B021-P007;B036-P006;B023-P002;B023-P003;B022-P010;B025-P007;B022-P002;B022-P020
content/swipe/fashion shows ss27/IMG_0835.png,472A1B,espresso,brown,secondary,0.246,True,layer,23,65,3.3,B042-P018;B021-P002;B021-P022;B021-P027;B042-P016;B015-P003;B028-P002;B042-P015,B027-P006;B028-P001;B037-P007;B021-P014;B021-P020;B055-P009;B054-P006;B060-P003
content/swipe/fashion shows ss27/IMG_0835.png,472A1B,espresso,brown,secondary,0.246,True,top,32,49,1.2,B025-P003;B041-P008;B007-P003;B021-P024;B026-P010;B031-P008;B031-P002;B052-P002,B027-P001;B027-P002;B030-P002;B032-P002;B054-P004;B014-P001;B021-P012;B030-P001
content/swipe/fashion shows ss27/IMG_0835.png,472A1B,espresso,brown,secondary,0.246,True,bottom,6,22,4.6,B050-P003;B021-P011;B021-P010;B021-P003;B018-P002;B020-P003,B016-P001;B015-P005;B020-P004;B052-P003;B020-P001;B052-P004;B015-P002;B021-P015
content/swipe/fashion shows ss27/IMG_0835.png,472A1B,espresso,brown,secondary,0.246,True,dress,3,7,7.8,B041-P007;B041-P006;B042-P010,B033-P004;B042-P031;B042-P014;B042-P021;B042-P030;B042-P011;B041-P002
content/swipe/fashion shows ss27/IMG_0835.png,472A1B,espresso,brown,secondary,0.246,True,shoes,3,4,3.7,B055-P001;B039-P003;B029-P002,B001-P004;B009-P004;B037-P004;B053-P001
content/swipe/fashion shows ss27/IMG_0835.png,472A1B,espresso,brown,secondary,0.246,True,bag,1,5,5.2,B054-P003,B043-P005;B056-P004;B053-P004;B053-P005;B043-P006
content/swipe/fashion shows ss27/IMG_0835.png,472A1B,espresso,brown,secondary,0.246,True,accessory,4,5,8.2,B025-P008;B031-P009;B032-P001;B021-P009,B020-P006;B021-P001;B055-P003;B019-P002;B037-P009
content/swipe/fashion shows ss27/IMG_0835.png,472A1B,espresso,brown,secondary,0.246,True,base,3,3,2.0,B003-P001;B062-P008;B005-P001,B002-P001;B062-P007;B026-P009
content/swipe/fashion shows ss27/IMG_0835.png,472A1B,espresso,brown,secondary,0.246,True,multiple,29,72,5.0,B042-P007;B023-P006;B026-P007;B022-P007;B032-P003;B036-P001;B045-P001;B023-P001,B023-P011;B034-P001;B042-P006;B046-P009;B023-P008;B016-P004;B030-P005;B026-P005
content/swipe/fashion shows ss27/IMG_0835.png,A78573,tan,brown,secondary,0.17,True,layer,7,23,6.9,B021-P013;B021-P014;B021-P021;B021-P022;B021-P016;B008-P003;B027-P008,B041-P004;B043-P003;B043-P002;B021-P018;B060-P002;B048-P001;B046-P003;B015-P003
content/swipe/fashion shows ss27/IMG_0835.png,A78573,tan,brown,secondary,0.17,True,top,16,19,4.8,B055-P002;B016-P003;B062-P009;B030-P002;B029-P001;B031-P005;B021-P004;B030-P001,B030-P003;B021-P025;B021-P012;B047-P003;B058-P002;B047-P002;B057-P006;B059-P003
content/swipe/fashion shows ss27/IMG_0835.png,A78573,tan,brown,secondary,0.17,True,bottom,7,9,7.6,B050-P003;B042-P041;B007-P002;B044-P010;B050-P002;B051-P002;B042-P040,B021-P010;B052-P004;B050-P008;B051-P003;B021-P011;B020-P003;B050-P007;B015-P004
content/swipe/fashion shows ss27/IMG_0835.png,A78573,tan,brown,secondary,0.17,True,dress,1,1,7.9,B042-P010,B042-P032
content/swipe/fashion shows ss27/IMG_0835.png,A78573,tan,brown,secondary,0.17,True,shoes,1,4,7.8,B029-P002,B001-P004;B009-P004;B053-P001;B062-P017
content/swipe/fashion shows ss27/IMG_0835.png,A78573,tan,brown,secondary,0.17,True,accessory,0,3,14.4,,B037-P009;B037-P008;B019-P002
content/swipe/fashion shows ss27/IMG_0835.png,A78573,tan,brown,secondary,0.17,True,base,2,3,5.3,B003-P001;B004-P001,B026-P009;B005-P001;B002-P001
content/swipe/fashion shows ss27/IMG_0835.png,A78573,tan,brown,secondary,0.17,True,multiple,27,37,4.5,B046-P008;B022-P020;B044-P020;B042-P006;B023-P001;B032-P003;B023-P011;B023-P009,B026-P003;B043-P007;B024-P005;B023-P015;B023-P010;B044-P004;B020-P005;B024-P002
content/swipe/fashion shows ss27/IMG_0836.png,3C251A,espresso,brown,dominant,0.744,True,layer,34,59,3.9,B021-P022;B042-P018;B021-P002;B021-P027;B028-P002;B042-P015;B059-P001;B015-P003,B061-P003;B001-P001;B009-P001;B027-P005;B055-P009;B061-P002;B046-P003;B043-P001
content/swipe/fashion shows ss27/IMG_0836.png,3C251A,espresso,brown,dominant,0.744,True,top,44,39,1.2,B007-P003;B026-P010;B025-P003;B021-P024;B052-P002;B031-P002;B041-P008;B028-P012,B057-P005;B051-P004;B042-P009;B021-P006;B039-P002;B045-P003;B031-P006;B008-P002
content/swipe/fashion shows ss27/IMG_0836.png,3C251A,espresso,brown,dominant,0.744,True,bottom,9,22,5.3,B021-P011;B050-P003;B021-P010;B018-P002;B021-P003;B015-P005;B016-P001;B020-P003,B020-P001;B052-P006;B021-P015;B015-P002;B042-P022;B041-P003;B019-P001;B042-P040
content/swipe/fashion shows ss27/IMG_0836.png,3C251A,espresso,brown,dominant,0.744,True,dress,4,6,4.8,B041-P007;B041-P006;B042-P010;B033-P004,B042-P031;B042-P014;B042-P030;B042-P011;B042-P021;B041-P002
content/swipe/fashion shows ss27/IMG_0836.png,3C251A,espresso,brown,dominant,0.744,True,shoes,5,2,5.0,B055-P001;B039-P003;B029-P002;B001-P004;B009-P004,B037-P004;B053-P001
content/swipe/fashion shows ss27/IMG_0836.png,3C251A,espresso,brown,dominant,0.744,True,bag,2,4,4.1,B054-P003;B043-P005,B053-P005;B056-P004;B053-P004;B043-P006
content/swipe/fashion shows ss27/IMG_0836.png,3C251A,espresso,brown,dominant,0.744,True,accessory,4,6,7.1,B031-P009;B032-P001;B025-P008;B021-P009,B020-P006;B021-P001;B019-P002;B055-P003;B031-P001;B037-P009
content/swipe/fashion shows ss27/IMG_0836.png,3C251A,espresso,brown,dominant,0.744,True,base,4,1,3.0,B003-P001;B062-P008;B005-P001;B062-P007,B002-P001
content/swipe/fashion shows ss27/IMG_0836.png,3C251A,espresso,brown,dominant,0.744,True,multiple,47,58,2.7,B042-P007;B024-P002;B026-P007;B023-P001;B023-P006;B022-P021;B032-P003;B022-P007,B023-P002;B024-P004;B026-P003;B030-P006;B050-P001;B023-P009;B023-P015;B028-P010
content/swipe/fashion shows ss27/IMG_0836.png,8F7A70,stone,warm neutral,secondary,0.163,False,layer,13,15,5.0,B008-P003;B043-P003;B041-P004;B043-P002;B021-P016;B021-P014;B021-P018;B041-P005,B059-P001;B054-P001;B021-P013;B040-P003;B060-P005;B027-P008;B059-P002;B042-P018
content/swipe/fashion shows ss27/IMG_0836.png,8F7A70,stone,warm neutral,secondary,0.163,False,top,12,26,5.3,B055-P002;B030-P001;B031-P005;B030-P002;B042-P028;B032-P004;B062-P009;B016-P003,B021-P004;B025-P003;B028-P014;B029-P001;B027-P004;B021-P012;B050-P004;B062-P012
content/swipe/fashion shows ss27/IMG_0836.png,8F7A70,stone,warm neutral,secondary,0.163,False,bottom,5,8,5.7,B042-P041;B044-P010;B042-P040;B020-P003;B050-P003,B007-P002;B050-P002;B052-P004;B021-P010;B051-P002;B021-P011;B015-P004;B052-P003
content/swipe/fashion shows ss27/IMG_0836.png,8F7A70,stone,warm neutral,secondary,0.163,False,dress,0,2,13.1,,B042-P010;B042-P032
content/swipe/fashion shows ss27/IMG_0836.png,8F7A70,stone,warm neutral,secondary,0.163,False,shoes,3,1,7.1,B029-P002;B001-P004;B009-P004,B062-P017
content/swipe/fashion shows ss27/IMG_0836.png,8F7A70,stone,warm neutral,secondary,0.163,False,bag,0,1,14.3,,B056-P004
content/swipe/fashion shows ss27/IMG_0836.png,8F7A70,stone,warm neutral,secondary,0.163,False,accessory,3,0,9.7,B037-P009;B019-P002;B037-P008,
content/swipe/fashion shows ss27/IMG_0836.png,8F7A70,stone,warm neutral,secondary,0.163,False,base,2,3,9.7,B005-P001;B003-P001,B002-P001;B004-P001;B026-P009
content/swipe/fashion shows ss27/IMG_0836.png,8F7A70,stone,warm neutral,secondary,0.163,False,multiple,27,46,4.2,B024-P003;B044-P020;B024-P006;B025-P004;B022-P020;B023-P010;B046-P008;B062-P018,B020-P005;B044-P015;B023-P011;B022-P013;B023-P017;B023-P008;B044-P003;B046-P010
content/swipe/fashion shows ss27/IMG_0836.png,AFCFC4,pale grey,cool neutral,secondary,0.076,True,layer,0,14,13.3,,B058-P005;B011-P006;B019-P004;B061-P003;B043-P004;B043-P002;B042-P020;B060-P006
content/swipe/fashion shows ss27/IMG_0836.png,AFCFC4,pale grey,cool neutral,secondary,0.076,True,top,3,27,9.5,B062-P003;B062-P012;B062-P002,B058-P007;B025-P001;B062-P015;B057-P006;B010-P001;B039-P001;B042-P025;B042-P027
content/swipe/fashion shows ss27/IMG_0836.png,AFCFC4,pale grey,cool neutral,secondary,0.076,True,bottom,0,9,14.0,,B011-P002;B042-P039;B042-P038;B048-P002;B015-P004;B021-P011;B021-P010;B048-P003
content/swipe/fashion shows ss27/IMG_0836.png,AFCFC4,pale grey,cool neutral,secondary,0.076,True,dress,0,1,15.5,,B042-P032
content/swipe/fashion shows ss27/IMG_0836.png,AFCFC4,pale grey,cool neutral,secondary,0.076,True,shoes,1,0,10.5,B062-P017,
content/swipe/fashion shows ss27/IMG_0836.png,AFCFC4,pale grey,cool neutral,secondary,0.076,True,accessory,0,3,13.1,,B045-P004;B020-P006;B025-P008
content/swipe/fashion shows ss27/IMG_0836.png,AFCFC4,pale grey,cool neutral,secondary,0.076,True,base,0,1,16.0,,B004-P001
content/swipe/fashion shows ss27/IMG_0836.png,AFCFC4,pale grey,cool neutral,secondary,0.076,True,multiple,0,59,12.4,,B024-P005;B025-P006;B025-P007;B021-P007;B044-P007;B044-P015;B036-P006;B026-P002
content/swipe/fashion shows ss27/IMG_0837.png,A99692,oatmeal,warm neutral,dominant,0.487,False,layer,7,20,7.6,B043-P002;B041-P004;B060-P006;B021-P018;B059-P002;B043-P003;B008-P003,B021-P016;B021-P013;B048-P001;B058-P005;B059-P001;B046-P003;B021-P014;B054-P006
content/swipe/fashion shows ss27/IMG_0837.png,A99692,oatmeal,warm neutral,dominant,0.487,False,top,16,26,2.6,B028-P014;B021-P004;B016-P003;B057-P003;B052-P002;B058-P002;B030-P002;B011-P007,B050-P006;B029-P001;B042-P009;B042-P028;B057-P006;B021-P012;B062-P002;B021-P025
content/swipe/fashion shows ss27/IMG_0837.png,A99692,oatmeal,warm neutral,dominant,0.487,False,bottom,5,14,6.5,B007-P002;B021-P010;B021-P011;B042-P041;B042-P040,B044-P010;B042-P038;B050-P003;B050-P002;B051-P002;B048-P002;B050-P008;B051-P003
content/swipe/fashion shows ss27/IMG_0837.png,A99692,oatmeal,warm neutral,dominant,0.487,False,dress,2,0,8.3,B042-P010;B042-P032,
content/swipe/fashion shows ss27/IMG_0837.png,A99692,oatmeal,warm neutral,dominant,0.487,False,shoes,0,5,12.1,,B029-P002;B001-P004;B009-P004;B062-P017;B053-P001
content/swipe/fashion shows ss27/IMG_0837.png,A99692,oatmeal,warm neutral,dominant,0.487,False,accessory,2,2,10.2,B037-P008;B037-P009,B025-P008;B045-P004
content/swipe/fashion shows ss27/IMG_0837.png,A99692,oatmeal,warm neutral,dominant,0.487,False,base,1,4,10.1,B003-P001,B004-P001;B005-P001;B026-P009;B062-P007
content/swipe/fashion shows ss27/IMG_0837.png,A99692,oatmeal,warm neutral,dominant,0.487,False,multiple,46,35,4.2,B023-P009;B023-P014;B023-P015;B023-P017;B023-P008;B024-P005;B062-P019;B022-P020,B023-P001;B042-P006;B024-P008;B026-P007;B032-P003;B036-P007;B046-P010;B036-P005
content/swipe/fashion shows ss27/IMG_0837.png,A6C8CA,sky,blue,secondary,0.244,True,layer,0,10,12.3,,B058-P005;B011-P006;B060-P006;B042-P020;B019-P004;B043-P002;B061-P003;B059-P002
content/swipe/fashion shows ss27/IMG_0837.png,A6C8CA,sky,blue,secondary,0.244,True,top,5,25,8.2,B062-P003;B058-P007;B042-P027;B062-P002;B057-P006,B062-P001;B025-P001;B012-P003;B042-P026;B062-P012;B010-P001;B062-P015;B007-P001
content/swipe/fashion shows ss27/IMG_0837.png,A6C8CA,sky,blue,secondary,0.244,True,bottom,1,9,10.6,B048-P002,B048-P003;B011-P002;B015-P004;B042-P038;B042-P039;B021-P011;B021-P010;B062-P021
content/swipe/fashion shows ss27/IMG_0837.png,A6C8CA,sky,blue,secondary,0.244,True,dress,0,1,17.4,,B042-P032
content/swipe/fashion shows ss27/IMG_0837.png,A6C8CA,sky,blue,secondary,0.244,True,shoes,1,0,8.2,B062-P017,
content/swipe/fashion shows ss27/IMG_0837.png,A6C8CA,sky,blue,secondary,0.244,True,accessory,1,3,11.9,B045-P004,B020-P006;B025-P008;B037-P008
content/swipe/fashion shows ss27/IMG_0837.png,A6C8CA,sky,blue,secondary,0.244,True,base,0,1,16.5,,B004-P001
content/swipe/fashion shows ss27/IMG_0837.png,A6C8CA,sky,blue,secondary,0.244,True,multiple,3,62,8.3,B024-P005;B026-P004;B023-P016,B044-P007;B044-P015;B025-P005;B021-P007;B025-P006;B022-P009;B023-P005;B028-P006
content/swipe/fashion shows ss27/IMG_0837.png,C5A68D,tan,brown,secondary,0.151,True,layer,14,11,3.4,B021-P016;B021-P014;B048-P001;B046-P003;B041-P004;B060-P002;B021-P017;B054-P006,B060-P006;B043-P002;B058-P005;B021-P018;B059-P002;B019-P004;B011-P006;B043-P003
content/swipe/fashion shows ss27/IMG_0837.png,C5A68D,tan,brown,secondary,0.151,True,top,23,24,2.6,B050-P006;B021-P025;B030-P003;B030-P001;B032-P004;B042-P009;B021-P004;B058-P002,B055-P002;B062-P009;B062-P015;B028-P013;B061-P005;B057-P003;B062-P006;B011-P007
content/swipe/fashion shows ss27/IMG_0837.png,C5A68D,tan,brown,secondary,0.151,True,bottom,11,7,5.1,B007-P002;B042-P041;B042-P040;B021-P010;B050-P002;B050-P008;B051-P003;B021-P011,B042-P038;B050-P003;B044-P010;B042-P039;B015-P004;B011-P002;B048-P003
content/swipe/fashion shows ss27/IMG_0837.png,C5A68D,tan,brown,secondary,0.151,True,dress,2,0,2.9,B042-P010;B042-P032,
content/swipe/fashion shows ss27/IMG_0837.png,C5A68D,tan,brown,secondary,0.151,True,shoes,1,2,7.4,B053-P001,B029-P002;B062-P017
content/swipe/fashion shows ss27/IMG_0837.png,C5A68D,tan,brown,secondary,0.151,True,accessory,0,4,16.2,,B025-P008;B037-P008;B045-P004;B037-P009
content/swipe/fashion shows ss27/IMG_0837.png,C5A68D,tan,brown,secondary,0.151,True,base,3,1,2.7,B004-P001;B003-P001;B026-P009,B062-P007
content/swipe/fashion shows ss27/IMG_0837.png,C5A68D,tan,brown,secondary,0.151,True,multiple,41,37,3.8,B023-P011;B022-P018;B022-P019;B024-P008;B033-P002;B044-P004;B023-P010;B026-P007,B022-P002;B036-P009;B023-P006;B023-P003;B022-P013;B022-P021;B023-P005;B042-P005
content/swipe/fashion shows ss27/IMG_0837.png,9FC3B2,sage,green,secondary,0.097,True,layer,0,11,14.8,,B058-P005;B060-P006;B011-P006;B019-P004;B061-P003;B043-P004;B043-P002;B059-P002
content/swipe/fashion shows ss27/IMG_0837.png,9FC3B2,sage,green,secondary,0.097,True,top,2,20,11.7,B062-P012;B062-P003,B062-P002;B025-P001;B062-P015;B039-P001;B058-P007;B042-P028;B057-P006;B042-P027
content/swipe/fashion shows ss27/IMG_0837.png,9FC3B2,sage,green,secondary,0.097,True,bottom,0,8,16.0,,B042-P038;B048-P002;B048-P003;B042-P039;B011-P002;B015-P004;B021-P011;B021-P010
content/swipe/fashion shows ss27/IMG_0837.png,9FC3B2,sage,green,secondary,0.097,True,dress,0,1,18.2,,B042-P032
content/swipe/fashion shows ss27/IMG_0837.png,9FC3B2,sage,green,secondary,0.097,True,shoes,0,1,12.1,,B062-P017
content/swipe/fashion shows ss27/IMG_0837.png,9FC3B2,sage,green,secondary,0.097,True,accessory,1,2,11.0,B045-P004,B020-P006;B037-P008
content/swipe/fashion shows ss27/IMG_0837.png,9FC3B2,sage,green,secondary,0.097,True,base,0,1,18.0,,B004-P001
content/swipe/fashion shows ss27/IMG_0837.png,9FC3B2,sage,green,secondary,0.097,True,multiple,0,52,14.0,,B025-P006;B024-P005;B025-P007;B021-P007;B036-P008;B043-P007;B023-P005;B036-P006
content/swipe/fashion shows ss27/IMG_0838.png,A03A28,rust,orange,dominant,0.322,True,layer,1,3,5.4,B015-P003,B021-P014;B040-P003;B021-P002
content/swipe/fashion shows ss27/IMG_0838.png,A03A28,rust,orange,dominant,0.322,True,top,14,14,3.8,B058-P004;B059-P008;B016-P002;B059-P007;B045-P003;B010-P005;B061-P005;B045-P002,B062-P005;B032-P002;B050-P004;B031-P008;B027-P004;B032-P004;B055-P002;B062-P009
content/swipe/fashion shows ss27/IMG_0838.png,A03A28,rust,orange,dominant,0.322,True,bottom,3,4,10.6,B052-P004;B015-P004;B052-P003,B050-P002;B021-P003;B050-P003;B042-P041
content/swipe/fashion shows ss27/IMG_0838.png,A03A28,rust,orange,dominant,0.322,True,shoes,0,1,18.9,,B055-P001
content/swipe/fashion shows ss27/IMG_0838.png,A03A28,rust,orange,dominant,0.322,True,accessory,0,1,15.9,,B025-P008
content/swipe/fashion shows ss27/IMG_0838.png,A03A28,rust,orange,dominant,0.322,True,base,1,2,7.9,B026-P009,B002-P001;B062-P007
content/swipe/fashion shows ss27/IMG_0838.png,A03A28,rust,orange,dominant,0.322,True,multiple,1,12,6.8,B046-P001,B046-P006;B022-P014;B036-P003;B042-P007;B023-P001;B006-P001;B045-P001;B047-P001
content/swipe/fashion shows ss27/IMG_0838.png,632015,rust,orange,secondary,0.283,True,layer,1,26,8.6,B042-P018,B015-P003;B013-P001;B060-P003;B021-P002;B021-P022;B021-P014;B060-P002;B042-P016
content/swipe/fashion shows ss27/IMG_0838.png,632015,rust,orange,secondary,0.283,True,top,18,27,2.7,B050-P004;B058-P004;B031-P008;B059-P008;B058-P006;B045-P002;B042-P001;B040-P001,B007-P003;B041-P009;B052-P002;B026-P010;B021-P006;B052-P001;B032-P004;B021-P004
content/swipe/fashion shows ss27/IMG_0838.png,632015,rust,orange,secondary,0.283,True,bottom,4,6,7.0,B050-P003;B021-P010;B021-P003;B021-P011,B052-P004;B052-P003;B018-P002;B016-P001;B015-P005;B020-P003
content/swipe/fashion shows ss27/IMG_0838.png,632015,rust,orange,secondary,0.283,True,dress,0,3,15.0,,B041-P006;B041-P007;B042-P010
content/swipe/fashion shows ss27/IMG_0838.png,632015,rust,orange,secondary,0.283,True,shoes,1,4,8.6,B055-P001,B039-P003;B029-P002;B001-P004;B009-P004
content/swipe/fashion shows ss27/IMG_0838.png,632015,rust,orange,secondary,0.283,True,bag,0,1,14.3,,B054-P003
content/swipe/fashion shows ss27/IMG_0838.png,632015,rust,orange,secondary,0.283,True,accessory,1,4,3.8,B025-P008,B031-P009;B032-P001;B021-P009;B020-P006
content/swipe/fashion shows ss27/IMG_0838.png,632015,rust,orange,secondary,0.283,True,base,2,4,10.3,B003-P001;B026-P009,B002-P001;B005-P001;B062-P008;B062-P007
content/swipe/fashion shows ss27/IMG_0838.png,632015,rust,orange,secondary,0.283,True,multiple,4,32,5.7,B036-P003;B045-P001;B022-P015;B022-P022,B046-P001;B042-P007;B032-P003;B022-P007;B022-P014;B026-P007;B023-P001;B033-P002
content/swipe/fashion shows ss27/IMG_0838.png,320F0B,off-black,black,accent,0.193,True,layer,12,71,6.0,B015-P003;B013-P001;B021-P022;B042-P018;B060-P003;B008-P003;B042-P017;B021-P002,B023-P013;B028-P002;B042-P015;B040-P003;B021-P027;B012-P001;B040-P002;B042-P004
content/swipe/fashion shows ss27/IMG_0838.png,320F0B,off-black,black,accent,0.193,True,top,20,56,2.8,B031-P007;B021-P005;B041-P008;B021-P004;B021-P006;B021-P024;B058-P004;B021-P012,B027-P003;B062-P009;B030-P004;B034-P002;B053-P003;B062-P001;B028-P013;B041-P009
content/swipe/fashion shows ss27/IMG_0838.png,320F0B,off-black,black,accent,0.193,True,bottom,7,19,4.7,B021-P003;B021-P010;B021-P011;B018-P002;B016-P001;B015-P005;B050-P003,B052-P006;B020-P004;B020-P003;B020-P001;B015-P002;B021-P015;B042-P022;B019-P001
content/swipe/fashion shows ss27/IMG_0838.png,320F0B,off-black,black,accent,0.193,True,dress,3,7,10.5,B041-P006;B042-P010;B041-P007,B033-P004;B042-P021;B042-P014;B042-P030;B042-P011;B042-P031;B041-P002
content/swipe/fashion shows ss27/IMG_0838.png,320F0B,off-black,black,accent,0.193,True,shoes,3,3,8.8,B055-P001;B001-P004;B009-P004,B039-P003;B029-P002;B037-P004
content/swipe/fashion shows ss27/IMG_0838.png,320F0B,off-black,black,accent,0.193,True,bag,0,6,12.4,,B054-P003;B053-P005;B043-P005;B056-P004;B043-P006;B053-P004
content/swipe/fashion shows ss27/IMG_0838.png,320F0B,off-black,black,accent,0.193,True,accessory,3,5,2.5,B025-P008;B021-P009;B020-P006,B031-P009;B032-P001;B021-P001;B019-P002;B031-P001
content/swipe/fashion shows ss27/IMG_0838.png,320F0B,off-black,black,accent,0.193,True,base,1,4,9.4,B003-P001,B005-P001;B062-P008;B062-P007;B002-P001
content/swipe/fashion shows ss27/IMG_0838.png,320F0B,off-black,black,accent,0.193,True,multiple,18,83,4.0,B046-P009;B036-P003;B022-P022;B033-P002;B022-P015;B023-P001;B045-P001;B022-P005,B023-P006;B023-P017;B042-P006;B036-P001;B026-P011;B019-P007;B026-P004;B034-P001
content/swipe/fashion shows ss27/IMG_0838.png,A24853,red,red,accent,0.191,True,layer,0,3,15.6,,B060-P003;B015-P003;B008-P003
content/swipe/fashion shows ss27/IMG_0838.png,A24853,red,red,accent,0.191,True,top,8,11,7.7,B057-P001;B059-P006;B042-P008;B058-P004;B058-P006;B045-P002;B045-P003;B061-P005,B059-P008;B059-P007;B016-P002;B062-P005;B062-P009;B010-P005;B021-P012;B025-P003
content/swipe/fashion shows ss27/IMG_0838.png,A24853,red,red,accent,0.191,True,bottom,0,4,13.5,,B021-P003;B015-P004;B052-P003;B052-P004
content/swipe/fashion shows ss27/IMG_0838.png,A24853,red,red,accent,0.191,True,accessory,0,3,15.6,,B021-P009;B020-P006;B025-P008
content/swipe/fashion shows ss27/IMG_0838.png,A24853,red,red,accent,0.191,True,base,1,1,7.0,B026-P009,B002-P001
content/swipe/fashion shows ss27/IMG_0838.png,A24853,red,red,accent,0.191,True,multiple,2,2,8.4,B046-P001;B006-P001,B036-P003;B022-P014
content/swipe/fashion shows ss27/IMG_0839.png,973534,brick,red,dominant,0.4,True,layer,1,5,11.2,B015-P003,B060-P003;B021-P014;B042-P018;B013-P001;B040-P003
content/swipe/fashion shows ss27/IMG_0839.png,973534,brick,red,dominant,0.4,True,top,12,18,3.9,B059-P006;B058-P004;B045-P003;B058-P006;B059-P008;B045-P002;B057-P001;B042-P008,B062-P009;B050-P004;B040-P001;B062-P005;B042-P001;B031-P008;B062-P011;B032-P002
content/swipe/fashion shows ss27/IMG_0839.png,973534,brick,red,dominant,0.4,True,bottom,0,7,12.3,,B021-P003;B052-P003;B052-P004;B015-P004;B050-P002;B050-P003;B021-P010
content/swipe/fashion shows ss27/IMG_0839.png,973534,brick,red,dominant,0.4,True,shoes,0,1,17.0,,B055-P001
content/swipe/fashion shows ss27/IMG_0839.png,973534,brick,red,dominant,0.4,True,accessory,0,3,13.4,,B025-P008;B021-P009;B020-P006
content/swipe/fashion shows ss27/IMG_0839.png,973534,brick,red,dominant,0.4,True,base,1,2,2.8,B026-P009,B002-P001;B003-P001
content/swipe/fashion shows ss27/IMG_0839.png,973534,brick,red,dominant,0.4,True,multiple,1,10,1.5,B046-P001,B036-P003;B022-P015;B045-P001;B006-P001;B046-P006;B022-P014;B022-P022;B033-P002
content/swipe/fashion shows ss27/IMG_0839.png,BD5755,brick,red,secondary,0.223,True,layer,1,3,10.9,B015-P003,B008-P003;B021-P014;B021-P021
content/swipe/fashion shows ss27/IMG_0839.png,BD5755,brick,red,secondary,0.223,True,top,10,9,6.4,B062-P005;B042-P008;B061-P005;B057-P001;B045-P003;B045-P002;B059-P008;B059-P007,B016-P002;B010-P005;B058-P006;B021-P012;B059-P006;B050-P004;B050-P005;B021-P005
content/swipe/fashion shows ss27/IMG_0839.png,BD5755,brick,red,secondary,0.223,True,bottom,1,4,11.2,B015-P004,B052-P004;B050-P002;B052-P003;B050-P003
content/swipe/fashion shows ss27/IMG_0839.png,BD5755,brick,red,secondary,0.223,True,base,0,2,12.6,,B026-P009;B002-P001
content/swipe/fashion shows ss27/IMG_0839.png,BD5755,brick,red,secondary,0.223,True,multiple,0,8,12.7,,B046-P001;B006-P001;B042-P007;B047-P001;B023-P001;B022-P022;B022-P014;B046-P011
content/swipe/fashion shows ss27/IMG_0839.png,541915,rust,orange,accent,0.141,True,layer,3,26,7.7,B042-P018;B015-P003;B013-P001,B021-P022;B060-P002;B060-P003;B059-P001;B008-P003;B021-P002;B042-P016;B021-P027
content/swipe/fashion shows ss27/IMG_0839.png,541915,rust,orange,accent,0.141,True,top,20,31,1.7,B058-P004;B050-P004;B031-P008;B021-P005;B031-P007;B058-P006;B025-P003;B062-P009,B026-P010;B021-P004;B021-P023;B053-P003;B041-P009;B045-P003;B062-P010;B052-P001
content/swipe/fashion shows ss27/IMG_0839.png,541915,rust,orange,accent,0.141,True,bottom,5,5,6.4,B021-P010;B050-P003;B021-P003;B021-P011;B018-P002,B016-P001;B015-P005;B052-P004;B052-P003;B020-P003
content/swipe/fashion shows ss27/IMG_0839.png,541915,rust,orange,accent,0.141,True,dress,0,4,13.2,,B041-P006;B041-P007;B042-P010;B033-P004
content/swipe/fashion shows ss27/IMG_0839.png,541915,rust,orange,accent,0.141,True,shoes,1,4,7.6,B055-P001,B039-P003;B001-P004;B009-P004;B029-P002
content/swipe/fashion shows ss27/IMG_0839.png,541915,rust,orange,accent,0.141,True,bag,0,2,13.7,,B054-P003;B043-P005
content/swipe/fashion shows ss27/IMG_0839.png,541915,rust,orange,accent,0.141,True,accessory,1,4,2.8,B025-P008,B021-P009;B020-P006;B031-P009;B032-P001
content/swipe/fashion shows ss27/IMG_0839.png,541915,rust,orange,accent,0.141,True,base,1,5,9.4,B003-P001,B026-P009;B005-P001;B002-P001;B062-P008;B062-P007
content/swipe/fashion shows ss27/IMG_0839.png,541915,rust,orange,accent,0.141,True,multiple,9,28,3.3,B045-P001;B036-P003;B022-P022;B022-P015;B046-P009;B033-P002;B023-P001;B032-P003,B022-P007;B026-P007;B016-P004;B024-P002;B023-P006;B024-P006;B022-P005;B046-P001
content/swipe/fashion shows ss27/IMG_0839.png,E6E9EF,white,white,secondary,0.141,True,layer,8,9,3.1,B042-P020;B012-P002;B011-P006;B043-P002;B019-P004;B043-P004;B061-P003;B058-P005,B046-P003;B048-P001;B060-P006;B001-P001;B009-P001;B041-P004;B021-P016;B054-P006
content/swipe/fashion shows ss27/IMG_0839.png,E6E9EF,white,white,secondary,0.141,True,top,23,15,2.0,B010-P001;B011-P008;B026-P010;B057-P002;B062-P012;B057-P006;B010-P003;B007-P001,B062-P002;B062-P006;B042-P027;B042-P024;B052-P002;B038-P002;B057-P003;B039-P001
content/swipe/fashion shows ss27/IMG_0839.png,E6E9EF,white,white,secondary,0.141,True,bottom,8,4,4.4,B062-P021;B011-P002;B015-P004;B048-P003;B021-P010;B007-P002;B021-P011;B042-P039,B042-P038;B048-P002;B042-P041;B042-P040
content/swipe/fashion shows ss27/IMG_0839.png,E6E9EF,white,white,secondary,0.141,True,dress,1,0,9.7,B042-P032,
content/swipe/fashion shows ss27/IMG_0839.png,E6E9EF,white,white,secondary,0.141,True,shoes,0,1,12.4,,B062-P017
content/swipe/fashion shows ss27/IMG_0839.png,E6E9EF,white,white,secondary,0.141,True,accessory,3,0,3.1,B020-P006;B045-P004;B025-P008,
content/swipe/fashion shows ss27/IMG_0839.png,E6E9EF,white,white,secondary,0.141,True,base,1,1,6.5,B004-P001,B062-P007
content/swipe/fashion shows ss27/IMG_0839.png,E6E9EF,white,white,secondary,0.141,True,multiple,36,33,2.6,B028-P011;B042-P005;B027-P010;B028-P006;B027-P009;B042-P036;B022-P003;B046-P009,B022-P002;B025-P006;B036-P006;B023-P009;B025-P007;B024-P005;B024-P003;B022-P015
content/swipe/fashion shows ss27/IMG_0840.png,34272C,oxblood,red,dominant,0.403,True,layer,74,20,4.1,B008-P003;B060-P002;B059-P001;B023-P012;B023-P013;B013-P001;B021-P020;B027-P006,B042-P013;B027-P007;B040-P006;B039-P005;B040-P004;B035-P001;B039-P006;B042-P037
content/swipe/fashion shows ss27/IMG_0840.png,34272C,oxblood,red,dominant,0.403,True,top,60,23,2.3,B062-P010;B021-P023;B030-P004;B034-P002;B058-P003;B027-P002;B027-P003;B052-P002,B012-P003;B016-P003;B055-P006;B058-P007;B057-P006;B054-P005;B031-P006;B025-P003
content/swipe/fashion shows ss27/IMG_0840.png,34272C,oxblood,red,dominant,0.403,True,bottom,22,7,5.7,B015-P002;B015-P005;B018-P002;B016-P001;B020-P001;B021-P011;B056-P001;B011-P002,B015-P001;B042-P023;B042-P033;B044-P019;B044-P008;B048-P004;B050-P003
content/swipe/fashion shows ss27/IMG_0840.png,34272C,oxblood,red,dominant,0.403,True,dress,10,0,4.5,B041-P006;B033-P004;B041-P007;B042-P031;B042-P014;B042-P010;B042-P011;B042-P021,
content/swipe/fashion shows ss27/IMG_0840.png,34272C,oxblood,red,dominant,0.403,True,shoes,7,3,6.6,B001-P004;B009-P004;B039-P003;B037-P004;B029-P002;B053-P001;B055-P001,B001-P002;B009-P002;B062-P017
content/swipe/fashion shows ss27/IMG_0840.png,34272C,oxblood,red,dominant,0.403,True,bag,6,0,6.8,B043-P005;B053-P004;B056-P004;B054-P003;B053-P005;B043-P006,
content/swipe/fashion shows ss27/IMG_0840.png,34272C,oxblood,red,dominant,0.403,True,accessory,8,2,5.7,B031-P009;B032-P001;B021-P009;B020-P006;B021-P001;B019-P002;B025-P008;B031-P001,B055-P003;B037-P009
content/swipe/fashion shows ss27/IMG_0840.png,34272C,oxblood,red,dominant,0.403,True,base,5,0,5.1,B062-P007;B062-P008;B005-P001;B003-P001;B002-P001,
content/swipe/fashion shows ss27/IMG_0840.png,34272C,oxblood,red,dominant,0.403,True,multiple,92,13,4.5,B024-P006;B022-P005;B034-P001;B026-P004;B023-P017;B056-P005;B019-P007;B056-P006,B022-P016;B039-P004;B034-P004;B036-P004;B022-P015;B045-P001;B022-P020;B020-P005
content/swipe/fashion shows ss27/IMG_0840.png,452621,espresso,brown,secondary,0.216,True,layer,21,69,3.7,B015-P003;B013-P001;B042-P018;B060-P002;B021-P022;B059-P001;B008-P003;B042-P016,B021-P020;B023-P012;B012-P001;B027-P008;B028-P001;B037-P007;B054-P007;B028-P003
content/swipe/fashion shows ss27/IMG_0840.png,452621,espresso,brown,secondary,0.216,True,top,33,50,2.8,B021-P005;B031-P002;B021-P024;B062-P011;B052-P002;B007-P003;B031-P008;B031-P007,B034-P002;B032-P004;B059-P005;B062-P001;B030-P002;B052-P001;B062-P003;B054-P004
content/swipe/fashion shows ss27/IMG_0840.png,452621,espresso,brown,secondary,0.216,True,bottom,7,23,2.7,B021-P011;B021-P010;B021-P003;B018-P002;B050-P003;B016-P001;B015-P005,B020-P003;B015-P002;B020-P004;B020-P001;B052-P006;B021-P015;B042-P022;B011-P002
content/swipe/fashion shows ss27/IMG_0840.png,452621,espresso,brown,secondary,0.216,True,dress,4,6,5.9,B041-P006;B041-P007;B042-P010;B033-P004,B042-P031;B042-P014;B042-P011;B042-P021;B042-P030;B041-P002
content/swipe/fashion shows ss27/IMG_0840.png,452621,espresso,brown,secondary,0.216,True,shoes,4,3,2.6,B055-P001;B039-P003;B001-P004;B009-P004,B029-P002;B037-P004;B053-P001
content/swipe/fashion shows ss27/IMG_0840.png,452621,espresso,brown,secondary,0.216,True,bag,1,5,7.2,B054-P003,B043-P005;B056-P004;B053-P005;B053-P004;B043-P006
content/swipe/fashion shows ss27/IMG_0840.png,452621,espresso,brown,secondary,0.216,True,accessory,5,5,4.9,B025-P008;B021-P009;B031-P009;B032-P001;B020-P006,B021-P001;B019-P002;B055-P003;B037-P009;B031-P001
content/swipe/fashion shows ss27/IMG_0840.png,452621,espresso,brown,secondary,0.216,True,base,5,1,3.7,B003-P001;B005-P001;B062-P008;B002-P001;B062-P007,B026-P009
content/swipe/fashion shows ss27/IMG_0840.png,452621,espresso,brown,secondary,0.216,True,multiple,30,74,4.5,B032-P003;B045-P001;B042-P007;B022-P015;B033-P002;B026-P007;B022-P007;B036-P003,B022-P014;B021-P026;B046-P001;B023-P011;B022-P020;B024-P003;B026-P011;B028-P011
content/swipe/fashion shows ss27/IMG_0840.png,514140,dark grey,grey,secondary,0.163,False,layer,38,58,4.4,B042-P016;B042-P015;B040-P002;B059-P001;B055-P009;B023-P012;B060-P002;B041-P004,B043-P003;B019-P005;B012-P002;B023-P013;B027-P008;B021-P022;B012-P004;B056-P002
content/swipe/fashion shows ss27/IMG_0840.png,514140,dark grey,grey,secondary,0.163,False,top,37,49,4.6,B058-P003;B028-P013;B057-P005;B062-P011;B031-P002;B059-P005;B014-P001;B021-P024,B025-P003;B028-P007;B060-P001;B031-P008;B041-P009;B021-P005;B062-P009;B016-P003
content/swipe/fashion shows ss27/IMG_0840.png,514140,dark grey,grey,secondary,0.163,False,bottom,3,29,8.2,B020-P003;B015-P002;B021-P011,B020-P001;B021-P010;B042-P041;B018-P002;B020-P004;B021-P003;B016-P001;B015-P001
content/swipe/fashion shows ss27/IMG_0840.png,514140,dark grey,grey,secondary,0.163,False,dress,2,8,6.8,B041-P006;B041-P007,B033-P004;B042-P031;B042-P010;B042-P014;B042-P011;B041-P002;B042-P021;B042-P030
content/swipe/fashion shows ss27/IMG_0840.png,514140,dark grey,grey,secondary,0.163,False,shoes,7,3,4.2,B001-P004;B009-P004;B039-P003;B029-P002;B037-P004;B053-P001;B055-P001,B062-P017;B001-P002;B009-P002
content/swipe/fashion shows ss27/IMG_0840.png,514140,dark grey,grey,secondary,0.163,False,bag,3,3,7.6,B054-P003;B043-P005;B056-P004,B053-P005;B053-P004;B043-P006
content/swipe/fashion shows ss27/IMG_0840.png,514140,dark grey,grey,secondary,0.163,False,accessory,7,4,4.6,B031-P009;B032-P001;B021-P001;B020-P006;B021-P009;B037-P009;B055-P003,B019-P002;B025-P008;B037-P008;B031-P001
content/swipe/fashion shows ss27/IMG_0840.png,514140,dark grey,grey,secondary,0.163,False,base,5,1,4.3,B005-P001;B002-P001;B062-P008;B003-P001;B062-P007,B026-P009
content/swipe/fashion shows ss27/IMG_0840.png,514140,dark grey,grey,secondary,0.163,False,multiple,58,47,0.9,B033-P002;B022-P021;B046-P009;B006-P001;B022-P013;B022-P007;B023-P011;B046-P001,B022-P001;B026-P008;B028-P010;B026-P001;B022-P017;B023-P002;B046-P005;B019-P006
content/swipe/fashion shows ss27/IMG_0840.png,9A7964,tobacco,brown,secondary,0.112,True,layer,6,22,5.5,B021-P014;B021-P016;B021-P021;B021-P013;B008-P003;B027-P008,B021-P002;B043-P003;B021-P022;B041-P004;B040-P002;B041-P005;B021-P018;B043-P002
content/swipe/fashion shows ss27/IMG_0840.png,9A7964,tobacco,brown,secondary,0.112,True,top,14,22,4.4,B055-P002;B062-P009;B030-P001;B032-P004;B021-P005;B031-P005;B030-P002;B042-P028,B021-P004;B047-P003;B047-P002;B027-P004;B028-P014;B062-P002;B050-P006;B021-P012
content/swipe/fashion shows ss27/IMG_0840.png,9A7964,tobacco,brown,secondary,0.112,True,bottom,6,10,5.1,B042-P041;B050-P003;B042-P040;B044-P010;B050-P002;B052-P004,B020-P003;B051-P002;B007-P002;B015-P004;B021-P010;B052-P003;B050-P008;B051-P003
content/swipe/fashion shows ss27/IMG_0840.png,9A7964,tobacco,brown,secondary,0.112,True,dress,1,1,11.9,B042-P010,B042-P032
content/swipe/fashion shows ss27/IMG_0840.png,9A7964,tobacco,brown,secondary,0.112,True,shoes,1,4,6.5,B029-P002,B001-P004;B009-P004;B053-P001;B062-P017
content/swipe/fashion shows ss27/IMG_0840.png,9A7964,tobacco,brown,secondary,0.112,True,bag,0,1,18.3,,B056-P004
content/swipe/fashion shows ss27/IMG_0840.png,9A7964,tobacco,brown,secondary,0.112,True,accessory,0,3,14.5,,B019-P002;B037-P009;B037-P008
content/swipe/fashion shows ss27/IMG_0840.png,9A7964,tobacco,brown,secondary,0.112,True,base,1,5,8.8,B003-P001,B005-P001;B026-P009;B004-P001;B002-P001;B062-P007
content/swipe/fashion shows ss27/IMG_0840.png,9A7964,tobacco,brown,secondary,0.112,True,multiple,23,38,4.1,B044-P020;B032-P003;B022-P022;B046-P008;B047-P001;B042-P007;B046-P011;B022-P020,B022-P014;B033-P002;B023-P014;B026-P003;B043-P007;B036-P007;B046-P006;B057-P004
content/swipe/fashion shows ss27/IMG_0841.png,322D39,aubergine,purple,dominant,0.759,False,layer,67,27,3.3,B058-P001;B019-P005;B019-P003;B012-P004;B060-P004;B008-P001;B061-P001;B019-P004,B039-P005;B040-P003;B056-P003;B015-P003;B040-P006;B041-P001;B040-P004;B042-P003
content/swipe/fashion shows ss27/IMG_0841.png,322D39,aubergine,purple,dominant,0.759,False,top,56,24,2.6,B034-P002;B061-P005;B037-P003;B008-P002;B059-P008;B018-P001;B027-P002;B045-P003,B055-P002;B021-P004;B025-P001;B055-P006;B062-P011;B021-P005;B021-P024;B028-P012
content/swipe/fashion shows ss27/IMG_0841.png,322D39,aubergine,purple,dominant,0.759,False,bottom,17,12,3.7,B015-P002;B056-P001;B049-P001;B011-P002;B020-P001;B021-P003;B015-P001;B044-P018,B018-P002;B042-P040;B019-P001;B020-P003;B042-P038;B042-P023;B044-P019;B044-P008
content/swipe/fashion shows ss27/IMG_0841.png,322D39,aubergine,purple,dominant,0.759,False,dress,7,3,8.7,B033-P004;B041-P006;B042-P031;B042-P011;B042-P014;B041-P007;B041-P002,B042-P021;B042-P030;B042-P010
content/swipe/fashion shows ss27/IMG_0841.png,322D39,aubergine,purple,dominant,0.759,False,shoes,7,3,8.0,B037-P004;B053-P001;B001-P004;B009-P004;B001-P002;B009-P002;B039-P003,B029-P002;B055-P001;B062-P017
content/swipe/fashion shows ss27/IMG_0841.png,322D39,aubergine,purple,dominant,0.759,False,bag,4,2,6.8,B053-P005;B053-P004;B043-P005;B056-P004,B054-P003;B043-P006
content/swipe/fashion shows ss27/IMG_0841.png,322D39,aubergine,purple,dominant,0.759,False,accessory,8,4,5.3,B019-P002;B021-P001;B031-P009;B032-P001;B020-P006;B021-P009;B031-P001;B055-P003,B037-P009;B025-P008;B001-P003;B009-P003
content/swipe/fashion shows ss27/IMG_0841.png,322D39,aubergine,purple,dominant,0.759,False,base,3,2,7.7,B005-P001;B062-P007;B062-P008,B003-P001;B002-P001
content/swipe/fashion shows ss27/IMG_0841.png,322D39,aubergine,purple,dominant,0.759,False,multiple,88,17,1.6,B056-P005;B026-P001;B022-P012;B019-P006;B024-P009;B022-P001;B022-P004;B026-P002,B042-P006;B042-P007;B039-P004;B044-P001;B023-P016;B036-P003;B006-P001;B053-P002
content/swipe/fashion shows ss27/IMG_0841.png,EEF2F6,white,white,accent,0.112,True,layer,7,9,2.8,B012-P002;B042-P020;B011-P006;B019-P004;B043-P002;B043-P004;B061-P003,B046-P003;B048-P001;B058-P005;B060-P006;B001-P001;B009-P001;B021-P016;B041-P004
content/swipe/fashion shows ss27/IMG_0841.png,EEF2F6,white,white,accent,0.112,True,top,20,16,3.6,B026-P010;B010-P001;B062-P012;B057-P002;B011-P008;B010-P003;B062-P013;B057-P006,B010-P005;B062-P015;B062-P006;B021-P004;B062-P002;B042-P024;B042-P027;B038-P002
content/swipe/fashion shows ss27/IMG_0841.png,EEF2F6,white,white,accent,0.112,True,bottom,8,3,3.0,B062-P021;B048-P003;B011-P002;B015-P004;B021-P010;B021-P011;B042-P039;B007-P002,B042-P038;B048-P002;B042-P041
content/swipe/fashion shows ss27/IMG_0841.png,EEF2F6,white,white,accent,0.112,True,dress,1,0,8.8,B042-P032,
content/swipe/fashion shows ss27/IMG_0841.png,EEF2F6,white,white,accent,0.112,True,shoes,0,1,13.7,,B062-P017
content/swipe/fashion shows ss27/IMG_0841.png,EEF2F6,white,white,accent,0.112,True,accessory,3,0,3.6,B020-P006;B045-P004;B025-P008,
content/swipe/fashion shows ss27/IMG_0841.png,EEF2F6,white,white,accent,0.112,True,base,1,1,6.7,B004-P001,B062-P007
content/swipe/fashion shows ss27/IMG_0841.png,EEF2F6,white,white,accent,0.112,True,multiple,29,36,2.0,B028-P011;B046-P009;B036-P002;B027-P010;B049-P003;B027-P009;B042-P005;B042-P036,B023-P002;B023-P003;B026-P004;B022-P010;B022-P002;B025-P006;B021-P007;B036-P006
content/swipe/fashion shows ss27/IMG_0841.png,522616,espresso,brown,accent,0.068,True,layer,6,45,3.5,B042-P018;B015-P003;B013-P001;B021-P002;B021-P022;B021-P027,B042-P016;B054-P007;B059-P001;B060-P002;B021-P014;B028-P002;B040-P003;B042-P015
content/swipe/fashion shows ss27/IMG_0841.png,522616,espresso,brown,accent,0.068,True,top,21,39,2.3,B031-P008;B050-P004;B041-P008;B025-P003;B058-P004;B042-P001;B040-P001;B021-P005,B021-P004;B028-P012;B058-P006;B021-P023;B055-P002;B062-P010;B028-P013;B021-P006
content/swipe/fashion shows ss27/IMG_0841.png,522616,espresso,brown,accent,0.068,True,bottom,4,12,2.2,B050-P003;B021-P010;B021-P011;B021-P003,B018-P002;B052-P004;B052-P003;B016-P001;B015-P005;B020-P003;B020-P004;B015-P002
content/swipe/fashion shows ss27/IMG_0841.png,522616,espresso,brown,accent,0.068,True,dress,1,4,11.5,B041-P006,B041-P007;B042-P010;B033-P004;B042-P031
content/swipe/fashion shows ss27/IMG_0841.png,522616,espresso,brown,accent,0.068,True,shoes,1,5,4.6,B055-P001,B039-P003;B029-P002;B001-P004;B009-P004;B037-P004
content/swipe/fashion shows ss27/IMG_0841.png,522616,espresso,brown,accent,0.068,True,bag,1,4,9.8,B054-P003,B043-P005;B056-P004;B053-P005;B053-P004
content/swipe/fashion shows ss27/IMG_0841.png,522616,espresso,brown,accent,0.068,True,accessory,1,5,4.5,B025-P008,B031-P009;B032-P001;B021-P009;B020-P006;B021-P001
content/swipe/fashion shows ss27/IMG_0841.png,522616,espresso,brown,accent,0.068,True,base,1,5,5.6,B003-P001,B005-P001;B062-P008;B002-P001;B026-P009;B062-P007
content/swipe/fashion shows ss27/IMG_0841.png,522616,espresso,brown,accent,0.068,True,multiple,17,52,4.3,B045-P001;B022-P015;B036-P003;B022-P022;B042-P007;B022-P007;B032-P003;B023-P001,B022-P021;B046-P009;B006-P001;B022-P005;B049-P003;B023-P016;B056-P006;B022-P013
content/swipe/fashion shows ss27/IMG_0841.png,AC7B5D,tan,brown,accent,0.061,True,layer,6,16,4.8,B021-P014;B021-P021;B021-P013;B021-P016;B021-P022;B027-P008,B015-P003;B008-P003;B021-P002;B060-P002;B043-P003;B021-P018;B040-P002;B041-P004
content/swipe/fashion shows ss27/IMG_0841.png,AC7B5D,tan,brown,accent,0.061,True,top,14,20,4.4,B021-P005;B050-P004;B062-P009;B050-P005;B029-P001;B055-P002;B032-P004;B030-P001,B042-P028;B021-P004;B050-P006;B021-P025;B016-P002;B030-P003;B062-P005;B028-P014
content/swipe/fashion shows ss27/IMG_0841.png,AC7B5D,tan,brown,accent,0.061,True,bottom,5,12,2.9,B050-P003;B050-P002;B052-P004;B051-P002;B042-P041,B015-P004;B042-P040;B044-P010;B050-P008;B051-P003;B007-P002;B050-P007;B021-P010
content/swipe/fashion shows ss27/IMG_0841.png,AC7B5D,tan,brown,accent,0.061,True,dress,1,1,11.5,B042-P010,B042-P032
content/swipe/fashion shows ss27/IMG_0841.png,AC7B5D,tan,brown,accent,0.061,True,shoes,1,3,9.7,B029-P002,B053-P001;B001-P004;B009-P004
content/swipe/fashion shows ss27/IMG_0841.png,AC7B5D,tan,brown,accent,0.061,True,accessory,0,3,18.7,,B037-P009;B037-P008;B019-P002
content/swipe/fashion shows ss27/IMG_0841.png,AC7B5D,tan,brown,accent,0.061,True,base,2,3,7.3,B003-P001;B026-P009,B004-P001;B005-P001;B002-P001
content/swipe/fashion shows ss27/IMG_0841.png,AC7B5D,tan,brown,accent,0.061,True,multiple,15,34,3.9,B046-P011;B042-P007;B047-P001;B022-P022;B042-P005;B042-P006;B023-P001;B032-P003,B033-P002;B062-P020;B062-P018;B024-P003;B023-P009;B025-P004;B024-P006;B023-P014
content/swipe/fashion shows ss27/IMG_0842.png,28252F,navy,blue,dominant,0.843,False,layer,79,14,3.2,B058-P001;B030-P008;B012-P004;B019-P005;B008-P001;B060-P004;B019-P003;B035-P003,B013-P001;B061-P004;B015-P003;B012-P001;B054-P006;B021-P002;B027-P008;B055-P009
content/swipe/fashion shows ss27/IMG_0842.png,28252F,navy,blue,dominant,0.843,False,top,64,14,2.5,B059-P008;B037-P003;B008-P002;B061-P005;B018-P001;B031-P004;B055-P005;B062-P009,B057-P006;B016-P003;B026-P010;B059-P006;B041-P008;B031-P006;B062-P011;B045-P002
content/swipe/fashion shows ss27/IMG_0842.png,28252F,navy,blue,dominant,0.843,False,bottom,26,3,2.9,B056-P001;B015-P002;B011-P002;B021-P003;B049-P001;B044-P018;B011-P001;B020-P001,B021-P011;B021-P010;B048-P003
content/swipe/fashion shows ss27/IMG_0842.png,28252F,navy,blue,dominant,0.843,False,dress,10,0,6.7,B033-P004;B042-P011;B042-P031;B042-P014;B041-P002;B041-P006;B042-P021;B042-P030,
content/swipe/fashion shows ss27/IMG_0842.png,28252F,navy,blue,dominant,0.843,False,shoes,8,2,8.1,B037-P004;B001-P004;B009-P004;B053-P001;B039-P003;B001-P002;B009-P002;B029-P002,B055-P001;B062-P017
content/swipe/fashion shows ss27/IMG_0842.png,28252F,navy,blue,dominant,0.843,False,bag,6,0,6.4,B053-P004;B043-P005;B053-P005;B056-P004;B043-P006;B054-P003,
content/swipe/fashion shows ss27/IMG_0842.png,28252F,navy,blue,dominant,0.843,False,accessory,8,4,2.3,B019-P002;B021-P001;B031-P001;B031-P009;B032-P001;B021-P009;B055-P003;B020-P006,B037-P009;B025-P008;B001-P003;B009-P003
content/swipe/fashion shows ss27/IMG_0842.png,28252F,navy,blue,dominant,0.843,False,base,4,1,6.2,B005-P001;B062-P007;B062-P008;B003-P001,B002-P001
content/swipe/fashion shows ss27/IMG_0842.png,28252F,navy,blue,dominant,0.843,False,multiple,89,16,2.9,B056-P005;B026-P001;B019-P006;B024-P009;B026-P002;B023-P008;B022-P011;B026-P003,B022-P007;B042-P007;B022-P013;B036-P003;B046-P001;B023-P001;B006-P001;B053-P002
content/swipe/fashion shows ss27/IMG_0842.png,121115,black,black,secondary,0.104,False,layer,81,10,0.8,B023-P012;B023-P013;B037-P006;B037-P001;B055-P008;B053-P006;B030-P009;B040-P004,B027-P008;B041-P004;B015-P003;B055-P014;B021-P027;B013-P001;B027-P007;B030-P010
content/swipe/fashion shows ss27/IMG_0842.png,121115,black,black,secondary,0.104,False,top,61,16,2.3,B008-P002;B031-P007;B042-P028;B007-P003;B039-P007;B012-P003;B042-P024;B054-P004,B041-P008;B045-P002;B026-P010;B025-P001;B052-P002;B058-P007;B011-P003;B054-P005
content/swipe/fashion shows ss27/IMG_0842.png,121115,black,black,secondary,0.104,False,bottom,23,5,2.0,B015-P002;B042-P038;B042-P040;B042-P023;B019-P001;B042-P033;B015-P001;B052-P006,B048-P004;B016-P001;B018-P002;B021-P011;B021-P010
content/swipe/fashion shows ss27/IMG_0842.png,121115,black,black,secondary,0.104,False,dress,10,0,0.9,B042-P011;B042-P021;B042-P030;B042-P010;B041-P002;B042-P014;B042-P031;B033-P004,
content/swipe/fashion shows ss27/IMG_0842.png,121115,black,black,secondary,0.104,False,shoes,4,5,6.3,B001-P004;B009-P004;B039-P003;B037-P004,B029-P002;B053-P001;B001-P002;B009-P002;B055-P001
content/swipe/fashion shows ss27/IMG_0842.png,121115,black,black,secondary,0.104,False,bag,6,0,2.0,B043-P006;B043-P005;B056-P004;B053-P005;B054-P003;B053-P004,
content/swipe/fashion shows ss27/IMG_0842.png,121115,black,black,secondary,0.104,False,accessory,6,3,2.2,B031-P001;B031-P009;B032-P001;B055-P003;B019-P002;B021-P001,B021-P009;B020-P006;B025-P008
content/swipe/fashion shows ss27/IMG_0842.png,121115,black,black,secondary,0.104,False,base,4,0,3.6,B062-P008;B062-P007;B005-P001;B003-P001,
content/swipe/fashion shows ss27/IMG_0842.png,121115,black,black,secondary,0.104,False,multiple,79,16,1.7,B026-P001;B022-P017;B024-P001;B024-P005;B039-P004;B036-P001;B023-P007;B030-P007,B050-P001;B023-P010;B049-P003;B033-P002;B023-P001;B024-P006;B036-P003;B042-P007
content/swipe/fashion shows ss27/IMG_0843.png,A53B29,rust,orange,dominant,0.536,True,layer,1,4,4.9,B015-P003,B021-P014;B021-P002;B040-P003;B021-P016
content/swipe/fashion shows ss27/IMG_0843.png,A53B29,rust,orange,dominant,0.536,True,top,13,12,3.7,B059-P008;B058-P004;B059-P007;B016-P002;B010-P005;B061-P005;B045-P003;B045-P002,B062-P005;B042-P001;B032-P002;B050-P004;B027-P004;B031-P008;B055-P002;B032-P004
content/swipe/fashion shows ss27/IMG_0843.png,A53B29,rust,orange,dominant,0.536,True,bottom,3,4,10.0,B015-P004;B052-P004;B052-P003,B050-P002;B021-P003;B042-P041;B050-P003
content/swipe/fashion shows ss27/IMG_0843.png,A53B29,rust,orange,dominant,0.536,True,shoes,0,1,19.9,,B055-P001
content/swipe/fashion shows ss27/IMG_0843.png,A53B29,rust,orange,dominant,0.536,True,accessory,0,1,16.9,,B025-P008
content/swipe/fashion shows ss27/IMG_0843.png,A53B29,rust,orange,dominant,0.536,True,base,1,2,8.5,B026-P009,B002-P001;B062-P007
content/swipe/fashion shows ss27/IMG_0843.png,A53B29,rust,orange,dominant,0.536,True,multiple,1,9,7.2,B046-P001,B046-P006;B022-P014;B042-P007;B023-P001;B036-P003;B006-P001;B047-P001;B022-P022
content/swipe/fashion shows ss27/IMG_0843.png,852C1E,rust,orange,secondary,0.245,True,layer,1,11,10.6,B015-P003,B042-P018;B021-P014;B060-P003;B021-P002;B013-P001;B054-P007;B042-P016;B040-P002
content/swipe/fashion shows ss27/IMG_0843.png,852C1E,rust,orange,secondary,0.245,True,top,11,27,2.5,B059-P008;B045-P002;B058-P004;B045-P003;B059-P006;B058-P006;B050-P004;B016-P002,B059-P007;B010-P005;B061-P005;B062-P009;B057-P001;B042-P008;B041-P008;B032-P002
content/swipe/fashion shows ss27/IMG_0843.png,852C1E,rust,orange,secondary,0.245,True,bottom,2,7,10.6,B052-P004;B052-P003,B050-P003;B021-P003;B021-P010;B015-P004;B050-P002;B021-P011;B042-P041
content/swipe/fashion shows ss27/IMG_0843.png,852C1E,rust,orange,secondary,0.245,True,dress,0,1,19.5,,B041-P006
content/swipe/fashion shows ss27/IMG_0843.png,852C1E,rust,orange,secondary,0.245,True,shoes,0,1,13.8,,B055-P001
content/swipe/fashion shows ss27/IMG_0843.png,852C1E,rust,orange,secondary,0.245,True,bag,0,1,18.3,,B054-P003
content/swipe/fashion shows ss27/IMG_0843.png,852C1E,rust,orange,secondary,0.245,True,accessory,1,4,10.0,B025-P008,B021-P009;B020-P006;B031-P009;B032-P001
content/swipe/fashion shows ss27/IMG_0843.png,852C1E,rust,orange,secondary,0.245,True,base,1,4,7.4,B026-P009,B003-P001;B002-P001;B062-P007;B005-P001
content/swipe/fashion shows ss27/IMG_0843.png,852C1E,rust,orange,secondary,0.245,True,multiple,2,21,6.9,B046-P001;B036-P003,B045-P001;B022-P015;B022-P014;B022-P022;B046-P006;B006-P001;B022-P007;B020-P005
content/swipe/fashion shows ss27/IMG_0843.png,4F1911,rust,orange,accent,0.122,True,layer,4,32,6.1,B042-P018;B015-P003;B013-P001;B021-P022,B060-P002;B060-P003;B021-P002;B021-P027;B059-P001;B008-P003;B042-P016;B028-P002
content/swipe/fashion shows ss27/IMG_0843.png,4F1911,rust,orange,accent,0.122,True,top,20,31,1.2,B058-P004;B050-P004;B031-P008;B021-P005;B031-P007;B041-P008;B025-P003;B042-P001,B021-P004;B041-P009;B059-P006;B021-P023;B052-P001;B062-P010;B053-P003;B007-P001
content/swipe/fashion shows ss27/IMG_0843.png,4F1911,rust,orange,accent,0.122,True,bottom,5,6,5.1,B050-P003;B021-P010;B021-P003;B021-P011;B018-P002,B016-P001;B015-P005;B052-P004;B052-P003;B020-P003;B020-P004
content/swipe/fashion shows ss27/IMG_0843.png,4F1911,rust,orange,accent,0.122,True,dress,0,4,12.8,,B041-P006;B041-P007;B042-P010;B033-P004
content/swipe/fashion shows ss27/IMG_0843.png,4F1911,rust,orange,accent,0.122,True,shoes,1,4,6.9,B055-P001,B039-P003;B001-P004;B009-P004;B029-P002
content/swipe/fashion shows ss27/IMG_0843.png,4F1911,rust,orange,accent,0.122,True,bag,0,2,12.8,,B054-P003;B043-P005
content/swipe/fashion shows ss27/IMG_0843.png,4F1911,rust,orange,accent,0.122,True,accessory,1,4,3.3,B025-P008,B021-P009;B031-P009;B032-P001;B020-P006
content/swipe/fashion shows ss27/IMG_0843.png,4F1911,rust,orange,accent,0.122,True,base,1,5,8.4,B003-P001,B005-P001;B026-P009;B062-P008;B002-P001;B062-P007
content/swipe/fashion shows ss27/IMG_0843.png,4F1911,rust,orange,accent,0.122,True,multiple,9,41,2.5,B045-P001;B022-P022;B022-P015;B036-P003;B046-P009;B023-P001;B033-P002;B042-P007,B026-P007;B022-P007;B024-P002;B023-P006;B022-P005;B024-P006;B016-P004;B022-P021
content/swipe/fashion shows ss27/IMG_0843.png,210D0A,off-black,black,accent,0.067,True,layer,55,36,3.6,B060-P003;B060-P002;B027-P006;B021-P022;B042-P017;B059-P001;B008-P003;B042-P015,B048-P001;B055-P011;B040-P004;B040-P006;B027-P008;B037-P005;B011-P005;B021-P027
content/swipe/fashion shows ss27/IMG_0843.png,210D0A,off-black,black,accent,0.067,True,top,44,33,2.4,B021-P005;B021-P004;B021-P012;B007-P001;B041-P008;B021-P024;B021-P023;B062-P001,B055-P006;B025-P003;B028-P008;B039-P002;B062-P011;B028-P009;B062-P004;B057-P003
content/swipe/fashion shows ss27/IMG_0843.png,210D0A,off-black,black,accent,0.067,True,bottom,17,11,3.3,B015-P005;B018-P002;B016-P001;B021-P011;B052-P006;B021-P010;B021-P003;B020-P003,B020-P001;B011-P002;B044-P019;B044-P018;B011-P001;B015-P001;B050-P003;B056-P001
content/swipe/fashion shows ss27/IMG_0843.png,210D0A,off-black,black,accent,0.067,True,dress,9,1,5.5,B042-P010;B041-P006;B033-P004;B041-P007;B042-P021;B042-P030;B042-P011;B042-P014,B041-P002
content/swipe/fashion shows ss27/IMG_0843.png,210D0A,off-black,black,accent,0.067,True,shoes,4,3,4.8,B001-P004;B009-P004;B039-P003;B055-P001,B029-P002;B037-P004;B053-P001
content/swipe/fashion shows ss27/IMG_0843.png,210D0A,off-black,black,accent,0.067,True,bag,5,1,6.5,B054-P003;B053-P005;B043-P005;B043-P006;B056-P004,B053-P004
content/swipe/fashion shows ss27/IMG_0843.png,210D0A,off-black,black,accent,0.067,True,accessory,6,3,6.7,B021-P009;B031-P009;B032-P001;B025-P008;B019-P002;B021-P001,B020-P006;B031-P001;B055-P003
content/swipe/fashion shows ss27/IMG_0843.png,210D0A,off-black,black,accent,0.067,True,base,3,2,4.3,B003-P001;B062-P007;B062-P008,B005-P001;B002-P001
content/swipe/fashion shows ss27/IMG_0843.png,210D0A,off-black,black,accent,0.067,True,multiple,60,42,3.3,B032-P003;B036-P003;B023-P016;B022-P005;B023-P001;B033-P002;B056-P006;B042-P006,B028-P010;B049-P003;B039-P004;B044-P006;B047-P004;B045-P001;B022-P012;B034-P003
content/swipe/fashion shows ss27/IMG_0844.png,40241F,espresso,brown,dominant,0.342,True,layer,25,66,3.3,B015-P003;B013-P001;B021-P022;B042-P018;B060-P002;B059-P001;B008-P003;B028-P002,B028-P001;B037-P007;B001-P001;B009-P001;B042-P004;B061-P002;B042-P003;B028-P003
content/swipe/fashion shows ss27/IMG_0844.png,40241F,espresso,brown,dominant,0.342,True,top,37,46,3.0,B021-P024;B031-P002;B021-P005;B052-P002;B007-P003;B031-P007;B062-P011;B026-P010,B030-P001;B054-P004;B059-P005;B062-P002;B052-P001;B014-P001;B032-P004;B031-P005
content/swipe/fashion shows ss27/IMG_0844.png,40241F,espresso,brown,dominant,0.342,True,bottom,7,22,1.8,B021-P011;B021-P010;B021-P003;B018-P002;B050-P003;B016-P001;B015-P005,B020-P004;B015-P002;B020-P003;B020-P001;B052-P006;B021-P015;B042-P022;B011-P002
content/swipe/fashion shows ss27/IMG_0844.png,40241F,espresso,brown,dominant,0.342,True,dress,4,6,5.2,B041-P006;B041-P007;B042-P010;B033-P004,B042-P031;B042-P014;B042-P011;B042-P021;B042-P030;B041-P002
content/swipe/fashion shows ss27/IMG_0844.png,40241F,espresso,brown,dominant,0.342,True,shoes,5,2,3.5,B055-P001;B039-P003;B001-P004;B009-P004;B029-P002,B037-P004;B053-P001
content/swipe/fashion shows ss27/IMG_0844.png,40241F,espresso,brown,dominant,0.342,True,bag,2,4,6.6,B054-P003;B043-P005,B053-P005;B056-P004;B053-P004;B043-P006
content/swipe/fashion shows ss27/IMG_0844.png,40241F,espresso,brown,dominant,0.342,True,accessory,5,5,4.9,B025-P008;B021-P009;B031-P009;B032-P001;B020-P006,B021-P001;B019-P002;B055-P003;B031-P001;B037-P009
content/swipe/fashion shows ss27/IMG_0844.png,40241F,espresso,brown,dominant,0.342,True,base,5,1,3.7,B003-P001;B005-P001;B062-P008;B062-P007;B002-P001,B026-P009
content/swipe/fashion shows ss27/IMG_0844.png,40241F,espresso,brown,dominant,0.342,True,multiple,30,74,4.0,B032-P003;B042-P007;B033-P002;B036-P003;B026-P007;B022-P007;B023-P001;B024-P002,B021-P026;B026-P011;B023-P011;B024-P003;B023-P014;B026-P005;B042-P005;B052-P007
content/swipe/fashion shows ss27/IMG_0844.png,7E706C,stone,warm neutral,secondary,0.21,False,layer,12,25,3.3,B008-P003;B041-P004;B043-P002;B041-P005;B043-P003;B040-P002;B054-P001;B038-P001,B060-P005;B021-P018;B021-P016;B054-P002;B061-P002;B054-P007;B021-P014;B042-P018
content/swipe/fashion shows ss27/IMG_0844.png,7E706C,stone,warm neutral,secondary,0.21,False,top,9,25,8.6,B016-P002;B030-P001;B062-P002;B027-P004;B062-P005;B055-P002;B042-P028;B031-P005,B030-P002;B062-P012;B057-P005;B062-P009;B016-P003;B021-P012;B008-P002;B021-P005
content/swipe/fashion shows ss27/IMG_0844.png,7E706C,stone,warm neutral,secondary,0.21,False,bottom,4,7,6.4,B020-P003;B042-P040;B044-P010;B042-P041,B048-P003;B050-P003;B048-P002;B052-P004;B050-P002;B052-P003;B007-P002
content/swipe/fashion shows ss27/IMG_0844.png,7E706C,stone,warm neutral,secondary,0.21,False,dress,0,1,18.6,,B042-P010
content/swipe/fashion shows ss27/IMG_0844.png,7E706C,stone,warm neutral,secondary,0.21,False,shoes,3,3,5.0,B001-P004;B009-P004;B029-P002,B062-P017;B001-P002;B009-P002
content/swipe/fashion shows ss27/IMG_0844.png,7E706C,stone,warm neutral,secondary,0.21,False,bag,1,1,9.0,B056-P004,B053-P005
content/swipe/fashion shows ss27/IMG_0844.png,7E706C,stone,warm neutral,secondary,0.21,False,accessory,3,5,5.8,B019-P002;B037-P009;B037-P008,B020-P006;B021-P001;B021-P009;B001-P003;B009-P003
content/swipe/fashion shows ss27/IMG_0844.png,7E706C,stone,warm neutral,secondary,0.21,False,base,2,1,7.5,B005-P001;B002-P001,B003-P001
content/swipe/fashion shows ss27/IMG_0844.png,7E706C,stone,warm neutral,secondary,0.21,False,multiple,17,57,2.0,B023-P010;B024-P003;B024-P006;B022-P013;B042-P019;B025-P004;B018-P003;B046-P010,B044-P009;B043-P007;B062-P019;B050-P001;B053-P002;B042-P002;B023-P001;B062-P018
content/swipe/fashion shows ss27/IMG_0844.png,42393B,dark grey,grey,secondary,0.208,False,layer,62,35,4.0,B023-P012;B059-P001;B055-P008;B028-P001;B042-P016;B041-P004;B028-P003;B054-P001,B028-P005;B021-P002;B055-P014;B061-P001;B042-P004;B054-P006;B021-P019;B042-P003
content/swipe/fashion shows ss27/IMG_0844.png,42393B,dark grey,grey,secondary,0.208,False,top,51,37,2.2,B058-P003;B027-P002;B014-P001;B054-P004;B030-P004;B028-P013;B031-P002;B034-P002,B021-P004;B028-P008;B042-P028;B021-P012;B042-P024;B062-P009;B010-P004;B059-P006
content/swipe/fashion shows ss27/IMG_0844.png,42393B,dark grey,grey,secondary,0.208,False,bottom,14,17,5.2,B015-P002;B020-P003;B020-P001;B020-P004;B015-P001;B049-P001;B041-P003;B044-P018,B018-P002;B015-P005;B052-P006;B016-P001;B011-P001;B021-P010;B019-P001;B042-P040
content/swipe/fashion shows ss27/IMG_0844.png,42393B,dark grey,grey,secondary,0.208,False,dress,5,5,6.0,B041-P006;B041-P007;B033-P004;B042-P031;B042-P014,B042-P010;B042-P011;B041-P002;B042-P021;B042-P030
content/swipe/fashion shows ss27/IMG_0844.png,42393B,dark grey,grey,secondary,0.208,False,shoes,7,3,4.7,B001-P004;B009-P004;B037-P004;B039-P003;B053-P001;B029-P002;B055-P001,B062-P017;B001-P002;B009-P002
content/swipe/fashion shows ss27/IMG_0844.png,42393B,dark grey,grey,secondary,0.208,False,bag,4,2,7.1,B056-P004;B043-P005;B054-P003;B053-P004,B053-P005;B043-P006
content/swipe/fashion shows ss27/IMG_0844.png,42393B,dark grey,grey,secondary,0.208,False,accessory,8,5,4.3,B031-P009;B032-P001;B021-P001;B055-P003;B019-P002;B020-P006;B037-P009;B021-P009,B031-P001;B025-P008;B001-P003;B009-P003;B037-P008
content/swipe/fashion shows ss27/IMG_0844.png,42393B,dark grey,grey,secondary,0.208,False,base,5,0,3.9,B062-P008;B005-P001;B062-P007;B002-P001;B003-P001,
content/swipe/fashion shows ss27/IMG_0844.png,42393B,dark grey,grey,secondary,0.208,False,multiple,89,17,1.8,B046-P009;B050-P001;B030-P006;B022-P021;B026-P003;B030-P005;B023-P011;B026-P004,B023-P016;B036-P003;B023-P001;B042-P012;B044-P016;B030-P007;B021-P026;B034-P003
content/swipe/fashion shows ss27/IMG_0844.png,B2B0A6,oatmeal,warm neutral,secondary,0.132,False,layer,11,18,4.4,B060-P006;B058-P005;B041-P004;B043-P002;B048-P001;B001-P001;B009-P001;B046-P003,B019-P004;B027-P008;B021-P016;B054-P006;B021-P017;B043-P004;B060-P002;B061-P003
content/swipe/fashion shows ss27/IMG_0844.png,B2B0A6,oatmeal,warm neutral,secondary,0.132,False,top,22,30,4.4,B062-P002;B059-P003;B025-P003;B042-P028;B062-P015;B058-P002;B062-P012;B025-P001,B042-P025;B016-P003;B028-P014;B062-P006;B032-P004;B028-P013;B010-P003;B033-P001
content/swipe/fashion shows ss27/IMG_0844.png,B2B0A6,oatmeal,warm neutral,secondary,0.132,False,bottom,10,9,5.0,B021-P011;B042-P038;B021-P010;B042-P040;B042-P041;B007-P002;B048-P002;B011-P002,B048-P003;B044-P010;B062-P021;B051-P001;B050-P002;B051-P002;B050-P007;B050-P008
content/swipe/fashion shows ss27/IMG_0844.png,B2B0A6,oatmeal,warm neutral,secondary,0.132,False,dress,1,1,7.7,B042-P032,B042-P010
content/swipe/fashion shows ss27/IMG_0844.png,B2B0A6,oatmeal,warm neutral,secondary,0.132,False,shoes,1,4,7.5,B062-P017,B053-P001;B029-P002;B001-P004;B009-P004
content/swipe/fashion shows ss27/IMG_0844.png,B2B0A6,oatmeal,warm neutral,secondary,0.132,False,accessory,3,2,10.9,B025-P008;B037-P008;B045-P004,B020-P006;B037-P009
content/swipe/fashion shows ss27/IMG_0844.png,B2B0A6,oatmeal,warm neutral,secondary,0.132,False,base,1,3,6.3,B004-P001,B003-P001;B062-P007;B005-P001
content/swipe/fashion shows ss27/IMG_0844.png,B2B0A6,oatmeal,warm neutral,secondary,0.132,False,multiple,59,30,2.0,B025-P006;B023-P005;B043-P007;B036-P008;B026-P002;B021-P008;B021-P007;B022-P013,B026-P004;B050-P001;B036-P002;B028-P006;B052-P007;B025-P005;B042-P005;B025-P004
content/swipe/fashion shows ss27/IMG_0845.png,DBC2AA,cream,warm neutral,dominant,0.527,True,layer,12,13,2.2,B021-P016;B054-P006;B021-P017;B046-P003;B048-P001;B001-P001;B009-P001;B027-P008,B019-P004;B058-P005;B043-P004;B061-P003;B011-P006;B060-P006;B021-P013;B042-P020
content/swipe/fashion shows ss27/IMG_0845.png,DBC2AA,cream,warm neutral,dominant,0.527,True,top,29,19,2.9,B042-P009;B042-P024;B021-P004;B030-P001;B058-P002;B030-P003;B021-P025;B042-P028,B010-P003;B062-P012;B062-P013;B062-P002;B016-P003;B011-P007;B029-P001;B026-P010
content/swipe/fashion shows ss27/IMG_0845.png,DBC2AA,cream,warm neutral,dominant,0.527,True,bottom,13,5,5.5,B042-P041;B042-P040;B021-P011;B051-P001;B042-P038;B051-P002;B021-P010;B007-P002,B048-P003;B011-P002;B015-P004;B062-P021;B048-P002
content/swipe/fashion shows ss27/IMG_0845.png,DBC2AA,cream,warm neutral,dominant,0.527,True,dress,2,0,5.9,B042-P032;B042-P010,
content/swipe/fashion shows ss27/IMG_0845.png,DBC2AA,cream,warm neutral,dominant,0.527,True,shoes,1,2,9.5,B053-P001,B062-P017;B029-P002
content/swipe/fashion shows ss27/IMG_0845.png,DBC2AA,cream,warm neutral,dominant,0.527,True,accessory,0,3,12.6,,B025-P008;B020-P006;B045-P004
content/swipe/fashion shows ss27/IMG_0845.png,DBC2AA,cream,warm neutral,dominant,0.527,True,base,2,2,7.1,B004-P001;B062-P007,B003-P001;B026-P009
content/swipe/fashion shows ss27/IMG_0845.png,DBC2AA,cream,warm neutral,dominant,0.527,True,multiple,45,37,2.0,B026-P001;B026-P007;B046-P010;B022-P019;B052-P007;B022-P006;B062-P020;B022-P002,B022-P021;B022-P020;B028-P010;B022-P016;B044-P007;B046-P008;B022-P013;B023-P015
content/swipe/fashion shows ss27/IMG_0845.png,F2F4F7,white,white,secondary,0.24,True,layer,9,7,1.8,B012-P002;B042-P020;B011-P006;B019-P004;B043-P002;B043-P004;B061-P003;B046-P003,B058-P005;B001-P001;B009-P001;B021-P016;B060-P006;B041-P004;B054-P006
content/swipe/fashion shows ss27/IMG_0845.png,F2F4F7,white,white,secondary,0.24,True,top,20,15,2.9,B026-P010;B057-P002;B062-P012;B010-P001;B011-P008;B010-P003;B062-P013;B057-P006,B062-P015;B021-P004;B012-P003;B062-P001;B042-P024;B062-P002;B038-P002;B042-P027
content/swipe/fashion shows ss27/IMG_0845.png,F2F4F7,white,white,secondary,0.24,True,bottom,8,3,2.0,B062-P021;B048-P003;B011-P002;B021-P010;B015-P004;B021-P011;B042-P039;B007-P002,B042-P038;B048-P002;B042-P041
content/swipe/fashion shows ss27/IMG_0845.png,F2F4F7,white,white,secondary,0.24,True,dress,1,0,8.3,B042-P032,
content/swipe/fashion shows ss27/IMG_0845.png,F2F4F7,white,white,secondary,0.24,True,shoes,0,1,14.3,,B062-P017
content/swipe/fashion shows ss27/IMG_0845.png,F2F4F7,white,white,secondary,0.24,True,accessory,3,0,3.5,B020-P006;B045-P004;B025-P008,
content/swipe/fashion shows ss27/IMG_0845.png,F2F4F7,white,white,secondary,0.24,True,base,1,1,6.2,B004-P001,B062-P007
content/swipe/fashion shows ss27/IMG_0845.png,F2F4F7,white,white,secondary,0.24,True,multiple,30,34,1.6,B046-P009;B036-P002;B028-P011;B049-P003;B027-P010;B027-P009;B042-P036;B022-P003,B033-P005;B022-P002;B022-P010;B025-P006;B036-P006;B026-P004;B021-P007;B022-P020
content/swipe/fashion shows ss27/IMG_0845.png,3D3134,dark grey,grey,secondary,0.126,False,layer,68,28,3.6,B059-P001;B060-P002;B055-P008;B008-P003;B042-P016;B023-P012;B028-P001;B028-P002,B011-P005;B042-P020;B021-P027;B028-P004;B056-P003;B055-P010;B055-P007;B041-P001
content/swipe/fashion shows ss27/IMG_0845.png,3D3134,dark grey,grey,secondary,0.126,False,top,60,26,2.2,B058-P003;B030-P004;B062-P010;B027-P002;B054-P004;B021-P023;B034-P002;B052-P002,B010-P004;B031-P003;B025-P003;B039-P007;B055-P004;B021-P006;B031-P008;B055-P006
content/swipe/fashion shows ss27/IMG_0845.png,3D3134,dark grey,grey,secondary,0.126,False,bottom,19,12,5.1,B015-P002;B020-P001;B021-P011;B020-P004;B018-P002;B020-P003;B011-P002;B015-P005,B011-P001;B019-P001;B042-P040;B042-P038;B042-P023;B044-P019;B042-P033;B050-P003
content/swipe/fashion shows ss27/IMG_0845.png,3D3134,dark grey,grey,secondary,0.126,False,dress,6,4,3.9,B041-P006;B041-P007;B033-P004;B042-P031;B042-P014;B042-P010,B042-P011;B041-P002;B042-P021;B042-P030
content/swipe/fashion shows ss27/IMG_0845.png,3D3134,dark grey,grey,secondary,0.126,False,shoes,7,3,6.5,B039-P003;B037-P004;B001-P004;B009-P004;B029-P002;B053-P001;B055-P001,B001-P002;B009-P002;B062-P017
content/swipe/fashion shows ss27/IMG_0845.png,3D3134,dark grey,grey,secondary,0.126,False,bag,5,1,6.7,B043-P005;B056-P004;B054-P003;B053-P004;B053-P005,B043-P006
content/swipe/fashion shows ss27/IMG_0845.png,3D3134,dark grey,grey,secondary,0.126,False,accessory,7,3,3.5,B031-P009;B032-P001;B021-P001;B020-P006;B021-P009;B019-P002;B055-P003,B037-P009;B025-P008;B031-P001
content/swipe/fashion shows ss27/IMG_0845.png,3D3134,dark grey,grey,secondary,0.126,False,base,5,0,3.1,B062-P008;B005-P001;B062-P007;B002-P001;B003-P001,
content/swipe/fashion shows ss27/IMG_0845.png,3D3134,dark grey,grey,secondary,0.126,False,multiple,90,16,3.3,B024-P006;B026-P004;B046-P009;B034-P001;B056-P006;B050-P001;B044-P017;B019-P007,B020-P005;B042-P012;B034-P003;B030-P007;B053-P002;B047-P004;B044-P001;B022-P015
content/swipe/fashion shows ss27/IMG_0845.png,875A3D,taupe,warm neutral,accent,0.071,True,layer,8,14,7.1,B021-P014;B021-P016;B021-P002;B054-P007;B040-P003;B040-P002;B021-P021;B015-P003,B041-P004;B041-P005;B008-P003;B042-P015;B043-P003;B012-P001;B043-P002;B055-P009
content/swipe/fashion shows ss27/IMG_0845.png,875A3D,taupe,warm neutral,accent,0.071,True,top,13,26,6.2,B032-P002;B040-P001;B042-P001;B051-P004;B047-P003;B055-P002;B016-P002;B047-P002,B052-P001;B030-P001;B050-P004;B062-P009;B041-P009;B059-P005;B059-P008;B057-P005
content/swipe/fashion shows ss27/IMG_0845.png,875A3D,taupe,warm neutral,accent,0.071,True,bottom,5,4,4.5,B052-P003;B050-P002;B052-P004;B042-P041;B042-P040,B015-P004;B050-P003;B020-P003;B044-P010
content/swipe/fashion shows ss27/IMG_0845.png,875A3D,taupe,warm neutral,accent,0.071,True,shoes,0,5,14.5,,B029-P002;B055-P001;B001-P004;B009-P004;B039-P003
content/swipe/fashion shows ss27/IMG_0845.png,875A3D,taupe,warm neutral,accent,0.071,True,bag,0,2,18.8,,B056-P004;B054-P003
content/swipe/fashion shows ss27/IMG_0845.png,875A3D,taupe,warm neutral,accent,0.071,True,accessory,0,5,15.2,,B019-P002;B037-P009;B025-P008;B037-P008;B020-P006
content/swipe/fashion shows ss27/IMG_0845.png,875A3D,taupe,warm neutral,accent,0.071,True,base,1,3,8.9,B062-P007,B002-P001;B026-P009;B003-P001
content/swipe/fashion shows ss27/IMG_0845.png,875A3D,taupe,warm neutral,accent,0.071,True,multiple,9,29,3.3,B022-P014;B046-P006;B023-P001;B042-P007;B022-P022;B047-P001;B062-P019;B021-P026,B046-P011;B020-P005;B022-P013;B006-P001;B023-P010;B022-P020;B044-P020;B032-P003
content/swipe/fashion shows ss27/IMG_0846.png,201D28,aubergine,purple,dominant,0.928,False,layer,77,15,3.6,B060-P004;B035-P003;B017-P001;B030-P008;B035-P002;B008-P001;B058-P001;B060-P006,B061-P004;B013-P001;B015-P003;B054-P006;B041-P004;B012-P001;B021-P002;B027-P007
content/swipe/fashion shows ss27/IMG_0846.png,201D28,aubergine,purple,dominant,0.928,False,top,59,19,1.8,B059-P008;B055-P005;B062-P009;B018-P001;B037-P003;B055-P004;B007-P003;B031-P003,B058-P007;B031-P005;B025-P001;B052-P002;B054-P005;B041-P008;B026-P010;B016-P003
content/swipe/fashion shows ss27/IMG_0846.png,201D28,aubergine,purple,dominant,0.928,False,bottom,26,2,2.5,B056-P001;B011-P002;B021-P003;B011-P001;B015-P002;B044-P018;B049-P001;B020-P001,B021-P011;B021-P010
content/swipe/fashion shows ss27/IMG_0846.png,201D28,aubergine,purple,dominant,0.928,False,dress,10,0,6.1,B042-P011;B033-P004;B042-P014;B042-P031;B042-P021;B041-P002;B041-P006;B042-P030,
content/swipe/fashion shows ss27/IMG_0846.png,201D28,aubergine,purple,dominant,0.928,False,shoes,5,4,7.7,B001-P004;B009-P004;B037-P004;B039-P003;B053-P001,B001-P002;B009-P002;B029-P002;B055-P001
content/swipe/fashion shows ss27/IMG_0846.png,201D28,aubergine,purple,dominant,0.928,False,bag,6,0,6.9,B053-P005;B053-P004;B043-P005;B043-P006;B056-P004;B054-P003,
content/swipe/fashion shows ss27/IMG_0846.png,201D28,aubergine,purple,dominant,0.928,False,accessory,7,3,2.6,B019-P002;B021-P001;B031-P001;B031-P009;B032-P001;B021-P009;B055-P003,B020-P006;B025-P008;B037-P009
content/swipe/fashion shows ss27/IMG_0846.png,201D28,aubergine,purple,dominant,0.928,False,base,4,1,7.1,B062-P007;B005-P001;B062-P008;B003-P001,B002-P001
content/swipe/fashion shows ss27/IMG_0846.png,201D28,aubergine,purple,dominant,0.928,False,multiple,84,18,2.9,B024-P009;B023-P008;B026-P002;B022-P011;B034-P003;B026-P003;B022-P012;B023-P004,B046-P009;B036-P003;B026-P007;B044-P011;B049-P003;B042-P007;B022-P007;B023-P011
content/swipe/fashion shows ss27/IMG_0847.png,918993,mid grey,grey,dominant,0.303,False,layer,6,12,8.7,B043-P003;B059-P002;B059-P001;B008-P003;B043-P002;B037-P007,B060-P006;B021-P018;B054-P001;B038-P001;B041-P004;B061-P002;B058-P005;B060-P005
content/swipe/fashion shows ss27/IMG_0847.png,918993,mid grey,grey,dominant,0.303,False,top,6,25,8.5,B016-P002;B007-P001;B028-P014;B057-P003;B062-P012;B062-P002,B011-P007;B021-P012;B021-P004;B016-P003;B042-P026;B055-P002;B011-P003;B055-P004
content/swipe/fashion shows ss27/IMG_0847.png,918993,mid grey,grey,dominant,0.303,False,bottom,0,10,13.2,,B048-P002;B048-P003;B044-P010;B007-P002;B020-P003;B042-P041;B021-P010;B021-P011
content/swipe/fashion shows ss27/IMG_0847.png,918993,mid grey,grey,dominant,0.303,False,dress,0,2,17.1,,B042-P010;B042-P032
content/swipe/fashion shows ss27/IMG_0847.png,918993,mid grey,grey,dominant,0.303,False,shoes,3,3,8.3,B001-P004;B009-P004;B062-P017,B029-P002;B001-P002;B009-P002
content/swipe/fashion shows ss27/IMG_0847.png,918993,mid grey,grey,dominant,0.303,False,bag,0,1,17.2,,B056-P004
content/swipe/fashion shows ss27/IMG_0847.png,918993,mid grey,grey,dominant,0.303,False,accessory,2,4,6.3,B037-P009;B037-P008,B019-P002;B001-P003;B009-P003;B025-P008
content/swipe/fashion shows ss27/IMG_0847.png,918993,mid grey,grey,dominant,0.303,False,base,1,3,8.4,B005-P001,B003-P001;B002-P001;B004-P001
content/swipe/fashion shows ss27/IMG_0847.png,918993,mid grey,grey,dominant,0.303,False,multiple,19,48,5.5,B018-P003;B050-P001;B036-P005;B044-P015;B057-P004;B006-P001;B025-P004;B024-P003,B022-P020;B023-P017;B043-P007;B022-P016;B036-P007;B062-P019;B062-P018;B023-P008
content/swipe/fashion shows ss27/IMG_0847.png,7B727D,mauve,purple,secondary,0.263,False,layer,10,17,6.2,B054-P001;B008-P003;B043-P002;B043-P003;B041-P004;B060-P004;B037-P007;B038-P001,B041-P005;B061-P002;B040-P002;B062-P014;B059-P002;B021-P018;B040-P003;B060-P005
content/swipe/fashion shows ss27/IMG_0847.png,7B727D,mauve,purple,secondary,0.263,False,top,2,30,6.7,B016-P002;B062-P012,B062-P002;B034-P002;B021-P012;B008-P002;B030-P002;B028-P014;B057-P005;B027-P004
content/swipe/fashion shows ss27/IMG_0847.png,7B727D,mauve,purple,secondary,0.263,False,bottom,0,8,13.1,,B020-P003;B048-P002;B044-P010;B048-P003;B042-P040;B042-P041;B052-P005;B049-P001
content/swipe/fashion shows ss27/IMG_0847.png,7B727D,mauve,purple,secondary,0.263,False,shoes,2,4,6.5,B001-P004;B009-P004,B062-P017;B001-P002;B009-P002;B029-P002
content/swipe/fashion shows ss27/IMG_0847.png,7B727D,mauve,purple,secondary,0.263,False,bag,1,1,10.3,B056-P004,B053-P005
content/swipe/fashion shows ss27/IMG_0847.png,7B727D,mauve,purple,secondary,0.263,False,accessory,3,5,7.0,B037-P009;B019-P002;B037-P008,B001-P003;B009-P003;B020-P006;B021-P001;B021-P009
content/swipe/fashion shows ss27/IMG_0847.png,7B727D,mauve,purple,secondary,0.263,False,base,1,1,7.7,B005-P001,B002-P001
content/swipe/fashion shows ss27/IMG_0847.png,7B727D,mauve,purple,secondary,0.263,False,multiple,13,38,7.7,B018-P003;B026-P008;B023-P010;B046-P010;B044-P005;B057-P004;B022-P017;B028-P010,B036-P005;B044-P009;B022-P013;B052-P007;B026-P003;B036-P007;B053-P002;B021-P008
content/swipe/fashion shows ss27/IMG_0847.png,A79FA9,light grey,grey,secondary,0.215,False,layer,5,15,8.1,B060-P006;B043-P002;B059-P002;B058-P005;B041-P004,B059-P001;B043-P003;B021-P018;B008-P003;B011-P006;B037-P007;B048-P001;B046-P003
content/swipe/fashion shows ss27/IMG_0847.png,A79FA9,light grey,grey,secondary,0.215,False,top,7,39,3.5,B057-P003;B007-P001;B011-P007;B028-P014;B052-P002;B021-P004;B042-P026,B062-P002;B021-P012;B025-P001;B042-P027;B058-P002;B016-P003;B025-P003;B016-P002
content/swipe/fashion shows ss27/IMG_0847.png,A79FA9,light grey,grey,secondary,0.215,False,bottom,1,11,10.8,B048-P002,B007-P002;B048-P003;B021-P011;B021-P010;B015-P004;B042-P038;B011-P002;B042-P041
content/swipe/fashion shows ss27/IMG_0847.png,A79FA9,light grey,grey,secondary,0.215,False,dress,0,2,14.7,,B042-P032;B042-P010
content/swipe/fashion shows ss27/IMG_0847.png,A79FA9,light grey,grey,secondary,0.215,False,shoes,0,4,13.0,,B062-P017;B001-P004;B009-P004;B029-P002
content/swipe/fashion shows ss27/IMG_0847.png,A79FA9,light grey,grey,secondary,0.215,False,accessory,2,3,11.4,B037-P008;B037-P009,B025-P008;B045-P004;B020-P006
content/swipe/fashion shows ss27/IMG_0847.png,A79FA9,light grey,grey,secondary,0.215,False,base,0,4,13.9,,B004-P001;B005-P001;B062-P007;B003-P001
content/swipe/fashion shows ss27/IMG_0847.png,A79FA9,light grey,grey,secondary,0.215,False,multiple,37,44,5.1,B006-P001;B022-P015;B023-P015;B044-P007;B044-P015;B022-P016;B022-P013;B057-P004,B025-P004;B023-P016;B022-P008;B023-P011;B062-P018;B025-P005;B044-P006;B022-P018
content/swipe/fashion shows ss27/IMG_0847.png,615860,mid grey,grey,secondary,0.16,False,layer,20,37,4.8,B054-P002;B054-P001;B053-P006;B043-P003;B060-P004;B043-P001;B027-P007;B062-P014,B041-P005;B042-P016;B060-P003;B060-P005;B056-P002;B060-P002;B028-P003;B030-P010
content/swipe/fashion shows ss27/IMG_0847.png,615860,mid grey,grey,secondary,0.16,False,top,6,51,6.3,B008-P002;B057-P006;B030-P002;B057-P005;B034-P002;B054-P005,B031-P006;B059-P006;B058-P007;B058-P003;B039-P002;B027-P004;B014-P001;B028-P013
content/swipe/fashion shows ss27/IMG_0847.png,615860,mid grey,grey,secondary,0.16,False,bottom,1,13,11.6,B048-P003,B049-P001;B042-P041;B020-P003;B015-P002;B042-P040;B015-P001;B048-P004;B020-P001
content/swipe/fashion shows ss27/IMG_0847.png,615860,mid grey,grey,secondary,0.16,False,dress,0,3,15.6,,B041-P006;B041-P007;B042-P031
content/swipe/fashion shows ss27/IMG_0847.png,615860,mid grey,grey,secondary,0.16,False,shoes,3,7,8.3,B001-P004;B009-P004;B062-P017,B053-P001;B037-P004;B029-P002;B039-P003;B001-P002;B009-P002;B055-P001
content/swipe/fashion shows ss27/IMG_0847.png,615860,mid grey,grey,secondary,0.16,False,bag,2,3,8.0,B056-P004;B053-P005,B054-P003;B043-P005;B053-P004
content/swipe/fashion shows ss27/IMG_0847.png,615860,mid grey,grey,secondary,0.16,False,accessory,6,5,7.2,B037-P009;B021-P001;B019-P002;B020-P006;B021-P009;B037-P008,B055-P003;B031-P009;B032-P001;B001-P003;B009-P003
content/swipe/fashion shows ss27/IMG_0847.png,615860,mid grey,grey,secondary,0.16,False,base,1,4,9.4,B002-P001,B005-P001;B062-P008;B062-P007;B003-P001
content/swipe/fashion shows ss27/IMG_0847.png,615860,mid grey,grey,secondary,0.16,False,multiple,24,61,4.9,B044-P009;B053-P002;B028-P010;B022-P017;B024-P004;B044-P005;B023-P015;B021-P008,B030-P006;B022-P020;B050-P001;B028-P006;B018-P003;B026-P003;B030-P005;B022-P016
content/swipe/fashion shows ss27/IMG_0848.png,2B2A37,navy,blue,dominant,0.865,True,layer,74,18,1.2,B058-P001;B008-P001;B019-P005;B060-P004;B061-P001;B012-P004;B019-P003;B030-P008,B041-P004;B042-P003;B042-P037;B040-P003;B021-P022;B061-P004;B013-P001;B015-P003
content/swipe/fashion shows ss27/IMG_0848.png,2B2A37,navy,blue,dominant,0.865,True,top,56,22,1.4,B061-P005;B037-P003;B034-P002;B018-P001;B059-P008;B008-P002;B062-P009;B031-P004,B007-P001;B062-P004;B021-P024;B028-P012;B055-P002;B052-P002;B053-P003;B021-P005
content/swipe/fashion shows ss27/IMG_0848.png,2B2A37,navy,blue,dominant,0.865,True,bottom,20,9,3.1,B056-P001;B049-P001;B015-P002;B011-P002;B021-P003;B015-P001;B044-P018;B011-P001,B020-P003;B044-P019;B015-P005;B042-P033;B016-P001;B018-P002;B021-P011;B021-P010
content/swipe/fashion shows ss27/IMG_0848.png,2B2A37,navy,blue,dominant,0.865,True,dress,8,2,8.2,B033-P004;B042-P031;B042-P011;B042-P014;B041-P002;B041-P006;B042-P021;B042-P030,B042-P010;B041-P007
content/swipe/fashion shows ss27/IMG_0848.png,2B2A37,navy,blue,dominant,0.865,True,shoes,7,3,8.2,B037-P004;B001-P002;B009-P002;B053-P001;B001-P004;B009-P004;B039-P003,B029-P002;B055-P001;B062-P017
content/swipe/fashion shows ss27/IMG_0848.png,2B2A37,navy,blue,dominant,0.865,True,bag,5,1,6.3,B053-P005;B053-P004;B056-P004;B043-P005;B043-P006,B054-P003
content/swipe/fashion shows ss27/IMG_0848.png,2B2A37,navy,blue,dominant,0.865,True,accessory,8,4,4.0,B019-P002;B021-P001;B031-P001;B031-P009;B032-P001;B020-P006;B021-P009;B055-P003,B037-P009;B001-P003;B009-P003;B025-P008
content/swipe/fashion shows ss27/IMG_0848.png,2B2A37,navy,blue,dominant,0.865,True,base,3,2,6.8,B005-P001;B062-P007;B062-P008,B003-P001;B002-P001
content/swipe/fashion shows ss27/IMG_0848.png,2B2A37,navy,blue,dominant,0.865,True,multiple,80,22,2.3,B056-P005;B026-P001;B022-P012;B024-P009;B019-P006;B026-P002;B023-P008;B022-P001,B023-P011;B032-P003;B024-P002;B042-P006;B022-P021;B026-P007;B049-P003;B022-P013
content/swipe/fashion shows ss27/IMG_0848.png,B3C5C7,sky,blue,secondary,0.065,True,layer,6,12,7.7,B058-P005;B011-P006;B060-P006;B043-P002;B042-P020;B019-P004,B061-P003;B043-P004;B059-P002;B012-P002;B041-P004;B046-P003;B048-P001;B001-P001
content/swipe/fashion shows ss27/IMG_0848.png,B3C5C7,sky,blue,secondary,0.065,True,top,13,29,3.5,B062-P003;B058-P007;B062-P002;B042-P027;B025-P001;B057-P006;B062-P012;B010-P001,B011-P007;B011-P008;B010-P003;B062-P013;B042-P025;B061-P005;B026-P010;B057-P003
content/swipe/fashion shows ss27/IMG_0848.png,B3C5C7,sky,blue,secondary,0.065,True,bottom,5,7,6.9,B048-P002;B011-P002;B015-P004;B048-P003;B042-P038,B042-P039;B021-P011;B021-P010;B007-P002;B062-P021;B042-P040;B042-P041
content/swipe/fashion shows ss27/IMG_0848.png,B3C5C7,sky,blue,secondary,0.065,True,dress,0,1,14.4,,B042-P032
content/swipe/fashion shows ss27/IMG_0848.png,B3C5C7,sky,blue,secondary,0.065,True,shoes,1,0,3.7,B062-P017,
content/swipe/fashion shows ss27/IMG_0848.png,B3C5C7,sky,blue,secondary,0.065,True,accessory,2,2,7.6,B045-P004;B020-P006,B025-P008;B037-P008
content/swipe/fashion shows ss27/IMG_0848.png,B3C5C7,sky,blue,secondary,0.065,True,base,0,1,12.1,,B004-P001
content/swipe/fashion shows ss27/IMG_0848.png,B3C5C7,sky,blue,secondary,0.065,True,multiple,38,40,4.8,B024-P005;B026-P004;B023-P016;B044-P007;B044-P015;B025-P005;B021-P007;B022-P020,B043-P007;B022-P003;B023-P014;B024-P003;B006-P001;B023-P006;B036-P009;B044-P014
content/swipe/fashion shows ss27/IMG_0849.png,241F24,off-black,black,dominant,0.508,False,layer,85,9,2.5,B060-P006;B030-P008;B035-P003;B046-P003;B035-P002;B061-P002;B001-P001;B009-P001,B027-P007;B030-P010;B021-P027;B055-P009;B055-P014;B042-P018;B041-P005;B054-P002
content/swipe/fashion shows ss27/IMG_0849.png,241F24,off-black,black,dominant,0.508,False,top,64,15,2.0,B034-P002;B059-P008;B058-P003;B018-P001;B055-P005;B031-P007;B008-P002;B027-P002,B054-P005;B011-P003;B059-P003;B062-P011;B031-P006;B025-P001;B045-P002;B057-P006
content/swipe/fashion shows ss27/IMG_0849.png,241F24,off-black,black,dominant,0.508,False,bottom,26,3,3.8,B011-P002;B021-P003;B015-P002;B020-P001;B044-P018;B056-P001;B042-P022;B011-P001,B048-P004;B021-P010;B050-P003
content/swipe/fashion shows ss27/IMG_0849.png,241F24,off-black,black,dominant,0.508,False,dress,10,0,3.4,B033-P004;B042-P011;B042-P031;B041-P006;B042-P014;B042-P021;B041-P002;B042-P030,
content/swipe/fashion shows ss27/IMG_0849.png,241F24,off-black,black,dominant,0.508,False,shoes,6,3,5.0,B001-P004;B009-P004;B039-P003;B037-P004;B053-P001;B029-P002,B001-P002;B009-P002;B055-P001
content/swipe/fashion shows ss27/IMG_0849.png,241F24,off-black,black,dominant,0.508,False,bag,6,0,4.9,B043-P005;B053-P005;B053-P004;B054-P003;B056-P004;B043-P006,
content/swipe/fashion shows ss27/IMG_0849.png,241F24,off-black,black,dominant,0.508,False,accessory,8,2,2.8,B019-P002;B021-P001;B031-P009;B032-P001;B031-P001;B055-P003;B021-P009;B020-P006,B025-P008;B037-P009
content/swipe/fashion shows ss27/IMG_0849.png,241F24,off-black,black,dominant,0.508,False,base,4,1,3.5,B062-P007;B005-P001;B062-P008;B003-P001,B002-P001
content/swipe/fashion shows ss27/IMG_0849.png,241F24,off-black,black,dominant,0.508,False,multiple,93,11,2.6,B022-P011;B023-P004;B023-P002;B026-P002;B023-P008;B026-P003;B024-P005;B023-P003,B022-P013;B046-P001;B006-P001;B022-P020;B022-P015;B020-P005;B021-P026;B045-P001
content/swipe/fashion shows ss27/IMG_0849.png,3E2926,espresso,brown,secondary,0.291,True,layer,48,48,4.1,B013-P001;B015-P003;B059-P001;B008-P003;B060-P002;B021-P022;B028-P002;B042-P015,B019-P004;B035-P003;B012-P004;B019-P005;B042-P035;B021-P019;B035-P002;B035-P004
content/swipe/fashion shows ss27/IMG_0849.png,3E2926,espresso,brown,secondary,0.291,True,top,47,38,0.6,B052-P002;B031-P002;B021-P024;B007-P003;B062-P010;B026-P010;B062-P011;B021-P023,B018-P001;B028-P007;B062-P015;B016-P003;B039-P002;B032-P004;B028-P009;B031-P006
content/swipe/fashion shows ss27/IMG_0849.png,3E2926,espresso,brown,secondary,0.291,True,bottom,11,20,4.1,B021-P011;B021-P010;B018-P002;B016-P001;B021-P003;B015-P005;B050-P003;B015-P002,B052-P006;B021-P015;B042-P022;B011-P002;B044-P018;B041-P003;B056-P001;B019-P001
content/swipe/fashion shows ss27/IMG_0849.png,3E2926,espresso,brown,secondary,0.291,True,dress,5,5,1.9,B041-P006;B041-P007;B033-P004;B042-P010;B042-P031,B042-P014;B042-P011;B042-P021;B042-P030;B041-P002
content/swipe/fashion shows ss27/IMG_0849.png,3E2926,espresso,brown,secondary,0.291,True,shoes,6,1,5.6,B055-P001;B039-P003;B001-P004;B009-P004;B029-P002;B037-P004,B053-P001
content/swipe/fashion shows ss27/IMG_0849.png,3E2926,espresso,brown,secondary,0.291,True,bag,5,1,5.0,B054-P003;B043-P005;B056-P004;B053-P004;B053-P005,B043-P006
content/swipe/fashion shows ss27/IMG_0849.png,3E2926,espresso,brown,secondary,0.291,True,accessory,6,4,3.8,B031-P009;B032-P001;B021-P009;B025-P008;B020-P006;B021-P001,B019-P002;B055-P003;B031-P001;B037-P009
content/swipe/fashion shows ss27/IMG_0849.png,3E2926,espresso,brown,secondary,0.291,True,base,5,1,4.7,B062-P008;B005-P001;B003-P001;B062-P007;B002-P001,B026-P009
content/swipe/fashion shows ss27/IMG_0849.png,3E2926,espresso,brown,secondary,0.291,True,multiple,68,36,1.3,B032-P003;B026-P007;B042-P007;B024-P006;B022-P007;B023-P006;B024-P002;B022-P005,B026-P008;B028-P006;B046-P004;B022-P011;B044-P009;B036-P008;B042-P019;B049-P002
content/swipe/fashion shows ss27/IMG_0849.png,4E464E,dark grey,grey,secondary,0.127,False,layer,36,61,4.7,B053-P006;B027-P007;B042-P035;B023-P012;B043-P001;B054-P002;B027-P005;B042-P015,B028-P002;B037-P007;B041-P005;B008-P001;B030-P009;B030-P008;B061-P001;B037-P002
content/swipe/fashion shows ss27/IMG_0849.png,4E464E,dark grey,grey,secondary,0.127,False,top,27,55,4.1,B008-P002;B057-P006;B034-P002;B054-P005;B058-P003;B057-P005;B030-P002;B058-P007,B062-P002;B059-P004;B062-P003;B055-P005;B052-P002;B027-P001;B021-P024;B021-P023
content/swipe/fashion shows ss27/IMG_0849.png,4E464E,dark grey,grey,secondary,0.127,False,bottom,4,26,8.4,B015-P002;B049-P001;B020-P003;B015-P001,B020-P001;B048-P003;B056-P001;B011-P002;B044-P018;B041-P003;B020-P004;B021-P003
content/swipe/fashion shows ss27/IMG_0849.png,4E464E,dark grey,grey,secondary,0.127,False,dress,1,9,10.5,B041-P006,B041-P007;B033-P004;B042-P031;B042-P014;B042-P011;B041-P002;B042-P010;B042-P021
content/swipe/fashion shows ss27/IMG_0849.png,4E464E,dark grey,grey,secondary,0.127,False,shoes,5,5,5.2,B001-P004;B009-P004;B037-P004;B053-P001;B039-P003,B029-P002;B062-P017;B001-P002;B009-P002;B055-P001
content/swipe/fashion shows ss27/IMG_0849.png,4E464E,dark grey,grey,secondary,0.127,False,bag,2,4,7.7,B053-P005;B056-P004,B043-P005;B054-P003;B053-P004;B043-P006
content/swipe/fashion shows ss27/IMG_0849.png,4E464E,dark grey,grey,secondary,0.127,False,accessory,7,6,3.5,B021-P001;B037-P009;B020-P006;B031-P009;B032-P001;B021-P009;B055-P003,B019-P002;B001-P003;B009-P003;B037-P008;B031-P001;B025-P008
content/swipe/fashion shows ss27/IMG_0849.png,4E464E,dark grey,grey,secondary,0.127,False,base,3,2,7.8,B005-P001;B002-P001;B062-P008,B062-P007;B003-P001
content/swipe/fashion shows ss27/IMG_0849.png,4E464E,dark grey,grey,secondary,0.127,False,multiple,56,49,4.5,B046-P009;B022-P012;B046-P001;B044-P011;B023-P015;B050-P001;B024-P004;B027-P011,B026-P005;B049-P003;B039-P004;B016-P004;B046-P005;B023-P002;B036-P001;B020-P002
content/swipe/fashion shows ss27/IMG_0850.png,232129,off-black,black,dominant,0.671,False,layer,81,12,2.2,B030-P008;B035-P003;B035-P002;B017-P001;B060-P006;B012-P004;B037-P005;B037-P002,B021-P002;B027-P007;B027-P008;B013-P001;B015-P003;B055-P014;B030-P010;B055-P009
content/swipe/fashion shows ss27/IMG_0850.png,232129,off-black,black,dominant,0.671,False,top,65,13,1.1,B059-P008;B018-P001;B037-P003;B008-P002;B031-P004;B055-P005;B031-P007;B062-P009,B026-P010;B041-P008;B059-P003;B045-P002;B057-P006;B031-P006;B059-P006;B062-P011
content/swipe/fashion shows ss27/IMG_0850.png,232129,off-black,black,dominant,0.671,False,bottom,25,3,2.4,B011-P002;B056-P001;B021-P003;B044-P018;B015-P002;B011-P001;B020-P001;B049-P001,B018-P002;B021-P011;B021-P010
content/swipe/fashion shows ss27/IMG_0850.png,232129,off-black,black,dominant,0.671,False,dress,10,0,5.3,B042-P011;B033-P004;B042-P031;B042-P014;B041-P002;B041-P006;B042-P021;B042-P030,
content/swipe/fashion shows ss27/IMG_0850.png,232129,off-black,black,dominant,0.671,False,shoes,8,1,7.2,B001-P004;B009-P004;B037-P004;B039-P003;B053-P001;B029-P002;B001-P002;B009-P002,B055-P001
content/swipe/fashion shows ss27/IMG_0850.png,232129,off-black,black,dominant,0.671,False,bag,6,0,5.3,B053-P004;B043-P005;B053-P005;B056-P004;B043-P006;B054-P003,
content/swipe/fashion shows ss27/IMG_0850.png,232129,off-black,black,dominant,0.671,False,accessory,7,3,0.6,B019-P002;B021-P001;B031-P001;B031-P009;B032-P001;B055-P003;B021-P009,B020-P006;B025-P008;B037-P009
content/swipe/fashion shows ss27/IMG_0850.png,232129,off-black,black,dominant,0.671,False,base,4,1,5.4,B005-P001;B062-P007;B062-P008;B003-P001,B002-P001
content/swipe/fashion shows ss27/IMG_0850.png,232129,off-black,black,dominant,0.671,False,multiple,86,19,1.7,B026-P002;B023-P008;B022-P011;B026-P003;B023-P004;B019-P006;B024-P009;B024-P005,B026-P007;B016-P004;B023-P011;B042-P007;B022-P007;B036-P003;B022-P013;B023-P001
content/swipe/fashion shows ss27/IMG_0850.png,3A3642,aubergine,purple,secondary,0.305,False,layer,52,43,4.4,B058-P001;B056-P002;B019-P003;B019-P005;B062-P014;B012-P004;B054-P001;B019-P004,B035-P004;B055-P009;B037-P006;B037-P007;B055-P007;B038-P001;B013-P001;B027-P006
content/swipe/fashion shows ss27/IMG_0850.png,3A3642,aubergine,purple,secondary,0.305,False,top,47,33,0.3,B034-P002;B061-P005;B027-P002;B008-P002;B057-P006;B037-P003;B058-P007;B045-P003,B025-P001;B042-P028;B028-P008;B042-P009;B030-P001;B062-P001;B062-P011;B021-P012
content/swipe/fashion shows ss27/IMG_0850.png,3A3642,aubergine,purple,secondary,0.305,False,bottom,12,18,4.2,B015-P002;B049-P001;B056-P001;B015-P001;B020-P001;B011-P002;B044-P018;B021-P003,B020-P004;B021-P015;B020-P003;B015-P005;B052-P006;B018-P002;B016-P001;B019-P001
content/swipe/fashion shows ss27/IMG_0850.png,3A3642,aubergine,purple,secondary,0.305,False,dress,4,6,9.8,B041-P006;B033-P004;B042-P031;B042-P014,B041-P007;B042-P011;B041-P002;B042-P021;B042-P030;B042-P010
content/swipe/fashion shows ss27/IMG_0850.png,3A3642,aubergine,purple,secondary,0.305,False,shoes,7,3,7.3,B037-P004;B053-P001;B001-P004;B009-P004;B001-P002;B009-P002;B039-P003,B029-P002;B062-P017;B055-P001
content/swipe/fashion shows ss27/IMG_0850.png,3A3642,aubergine,purple,secondary,0.305,False,bag,4,2,8.5,B053-P005;B056-P004;B043-P005;B053-P004,B054-P003;B043-P006
content/swipe/fashion shows ss27/IMG_0850.png,3A3642,aubergine,purple,secondary,0.305,False,accessory,6,6,5.4,B021-P001;B019-P002;B031-P009;B032-P001;B020-P006;B055-P003,B021-P009;B037-P009;B031-P001;B001-P003;B009-P003;B025-P008
content/swipe/fashion shows ss27/IMG_0850.png,3A3642,aubergine,purple,secondary,0.305,False,base,3,2,8.3,B005-P001;B062-P008;B062-P007,B002-P001;B003-P001
content/swipe/fashion shows ss27/IMG_0850.png,3A3642,aubergine,purple,secondary,0.305,False,multiple,77,27,2.9,B056-P005;B026-P001;B022-P012;B046-P004;B018-P003;B050-P001;B019-P006;B022-P004,B044-P007;B053-P002;B030-P007;B024-P002;B047-P004;B044-P003;B006-P001;B057-P004
content/swipe/fashion shows ss27/IMG_0851.png,9B8CD5,violet,purple,dominant,0.475,True,layer,0,2,14.0,,B062-P014;B059-P002
content/swipe/fashion shows ss27/IMG_0851.png,9B8CD5,violet,purple,dominant,0.475,True,top,2,8,11.3,B011-P004;B011-P003,B062-P016;B042-P026;B062-P015;B055-P004;B007-P001;B042-P027;B062-P012;B012-P003
content/swipe/fashion shows ss27/IMG_0851.png,9B8CD5,violet,purple,dominant,0.475,True,bottom,0,3,12.4,,B048-P002;B048-P003;B052-P005
content/swipe/fashion shows ss27/IMG_0851.png,9B8CD5,violet,purple,dominant,0.475,True,shoes,0,2,15.4,,B001-P002;B009-P002
content/swipe/fashion shows ss27/IMG_0851.png,9B8CD5,violet,purple,dominant,0.475,True,accessory,0,3,15.6,,B001-P003;B009-P003;B019-P002
content/swipe/fashion shows ss27/IMG_0851.png,9B8CD5,violet,purple,dominant,0.475,True,multiple,1,9,11.2,B022-P008,B036-P005;B022-P009;B010-P002;B026-P008;B024-P005;B026-P006;B026-P004;B033-P003
content/swipe/fashion shows ss27/IMG_0851.png,B89BA1,dusty rose,pink,secondary,0.199,True,layer,1,17,11.5,B041-P004,B043-P002;B060-P006;B008-P003;B058-P005;B059-P002;B043-P003;B048-P001;B021-P013
content/swipe/fashion shows ss27/IMG_0851.png,B89BA1,dusty rose,pink,secondary,0.199,True,top,8,29,4.7,B028-P014;B021-P012;B057-P003;B021-P004;B052-P002;B011-P007;B007-P001;B025-P003,B016-P003;B058-P002;B010-P005;B042-P009;B050-P006;B059-P003;B030-P003;B030-P001
content/swipe/fashion shows ss27/IMG_0851.png,B89BA1,dusty rose,pink,secondary,0.199,True,bottom,1,13,11.8,B007-P002,B021-P010;B021-P011;B042-P041;B042-P040;B042-P038;B015-P004;B048-P002;B011-P002
content/swipe/fashion shows ss27/IMG_0851.png,B89BA1,dusty rose,pink,secondary,0.199,True,dress,0,2,13.0,,B042-P010;B042-P032
content/swipe/fashion shows ss27/IMG_0851.png,B89BA1,dusty rose,pink,secondary,0.199,True,shoes,0,4,16.7,,B001-P004;B009-P004;B029-P002;B062-P017
content/swipe/fashion shows ss27/IMG_0851.png,B89BA1,dusty rose,pink,secondary,0.199,True,accessory,0,4,14.7,,B025-P008;B037-P009;B037-P008;B045-P004
content/swipe/fashion shows ss27/IMG_0851.png,B89BA1,dusty rose,pink,secondary,0.199,True,base,0,4,14.6,,B003-P001;B004-P001;B062-P007;B005-P001
content/swipe/fashion shows ss27/IMG_0851.png,B89BA1,dusty rose,pink,secondary,0.199,True,multiple,11,66,9.0,B023-P015;B024-P002;B023-P017;B024-P005;B023-P014;B023-P009;B024-P006;B022-P015,B024-P001;B044-P020;B006-P001;B022-P013;B062-P019;B022-P021;B044-P007;B022-P020
content/swipe/fashion shows ss27/IMG_0851.png,614F7F,violet,purple,secondary,0.16,True,layer,1,12,10.8,B060-P004,B008-P003;B062-P014;B054-P002;B060-P003;B056-P002;B053-P006;B054-P001;B061-P001
content/swipe/fashion shows ss27/IMG_0851.png,614F7F,violet,purple,secondary,0.16,True,top,1,18,10.3,B057-P006,B059-P006;B055-P013;B055-P005;B062-P001;B057-P001;B007-P003;B034-P002;B042-P026
content/swipe/fashion shows ss27/IMG_0851.png,614F7F,violet,purple,secondary,0.16,True,bottom,0,4,13.6,,B049-P001;B048-P004;B048-P003;B052-P005
content/swipe/fashion shows ss27/IMG_0851.png,614F7F,violet,purple,secondary,0.16,True,shoes,0,4,14.1,,B001-P002;B009-P002;B001-P004;B009-P004
content/swipe/fashion shows ss27/IMG_0851.png,614F7F,violet,purple,secondary,0.16,True,bag,1,0,8.3,B053-P005,
content/swipe/fashion shows ss27/IMG_0851.png,614F7F,violet,purple,secondary,0.16,True,accessory,0,7,13.5,,B001-P003;B009-P003;B020-P006;B021-P009;B019-P002;B021-P001;B037-P009
content/swipe/fashion shows ss27/IMG_0851.png,614F7F,violet,purple,secondary,0.16,True,base,0,2,17.7,,B002-P001;B005-P001
content/swipe/fashion shows ss27/IMG_0851.png,614F7F,violet,purple,secondary,0.16,True,multiple,0,26,13.2,,B021-P008;B026-P006;B046-P001;B053-P002;B022-P012;B044-P016;B042-P006;B022-P017
content/swipe/fashion shows ss27/IMG_0851.png,59343C,oxblood,red,accent,0.1,True,layer,6,62,2.2,B060-P003;B060-P002;B013-P001;B015-P003;B059-P001;B042-P016,B008-P003;B042-P015;B042-P018;B040-P002;B028-P002;B041-P004;B055-P008;B021-P022
content/swipe/fashion shows ss27/IMG_0851.png,59343C,oxblood,red,accent,0.1,True,top,14,55,4.5,B062-P009;B062-P011;B053-P003;B031-P002;B021-P006;B021-P024;B052-P002;B021-P005,B030-P004;B031-P007;B026-P010;B057-P006;B059-P006;B050-P004;B025-P003;B028-P013
content/swipe/fashion shows ss27/IMG_0851.png,59343C,oxblood,red,accent,0.1,True,bottom,5,13,6.0,B021-P003;B021-P010;B021-P011;B018-P002;B016-P001,B015-P005;B050-P003;B015-P002;B020-P003;B020-P001;B056-P001;B049-P001;B020-P004
content/swipe/fashion shows ss27/IMG_0851.png,59343C,oxblood,red,accent,0.1,True,dress,1,5,9.2,B041-P006,B041-P007;B033-P004;B042-P010;B042-P031;B042-P014
content/swipe/fashion shows ss27/IMG_0851.png,59343C,oxblood,red,accent,0.1,True,shoes,1,6,9.2,B055-P001,B001-P004;B009-P004;B039-P003;B029-P002;B037-P004;B053-P001
content/swipe/fashion shows ss27/IMG_0851.png,59343C,oxblood,red,accent,0.1,True,bag,0,5,12.6,,B054-P003;B053-P005;B043-P005;B056-P004;B053-P004
content/swipe/fashion shows ss27/IMG_0851.png,59343C,oxblood,red,accent,0.1,True,accessory,5,4,4.2,B021-P009;B020-P006;B031-P009;B032-P001;B025-P008,B021-P001;B019-P002;B037-P009;B055-P003
content/swipe/fashion shows ss27/IMG_0851.png,59343C,oxblood,red,accent,0.1,True,base,4,2,6.8,B002-P001;B005-P001;B003-P001;B062-P008,B026-P009;B062-P007
content/swipe/fashion shows ss27/IMG_0851.png,59343C,oxblood,red,accent,0.1,True,multiple,16,76,6.3,B016-P004;B046-P001;B032-P003;B022-P015;B006-P001;B036-P003;B033-P002;B022-P007,B022-P022;B022-P005;B024-P002;B056-P006;B026-P004;B034-P001;B050-P001;B044-P017
content/swipe/fashion shows ss27/IMG_0852.png,421A1B,oxblood,red,dominant,0.371,True,layer,7,70,4.3,B015-P003;B013-P001;B042-P018;B060-P002;B021-P022;B060-P003;B008-P003,B059-P001;B042-P017;B027-P006;B021-P002;B042-P016;B023-P013;B028-P002;B042-P015
content/swipe/fashion shows ss27/IMG_0852.png,421A1B,oxblood,red,dominant,0.371,True,top,21,53,3.1,B021-P005;B031-P007;B021-P006;B058-P004;B031-P008;B031-P002;B021-P024;B062-P011,B030-P004;B055-P002;B027-P003;B058-P003;B058-P006;B034-P002;B028-P012;B028-P013
content/swipe/fashion shows ss27/IMG_0852.png,421A1B,oxblood,red,dominant,0.371,True,bottom,7,15,1.0,B021-P003;B021-P010;B021-P011;B018-P002;B016-P001;B050-P003;B015-P005,B015-P002;B052-P006;B020-P004;B020-P001;B020-P003;B042-P022;B021-P015;B011-P002
content/swipe/fashion shows ss27/IMG_0852.png,421A1B,oxblood,red,dominant,0.371,True,dress,2,7,9.3,B041-P006;B041-P007,B042-P010;B033-P004;B042-P031;B042-P014;B042-P011;B042-P021;B042-P030
content/swipe/fashion shows ss27/IMG_0852.png,421A1B,oxblood,red,dominant,0.371,True,shoes,1,6,6.7,B055-P001,B001-P004;B009-P004;B039-P003;B029-P002;B037-P004;B053-P001
content/swipe/fashion shows ss27/IMG_0852.png,421A1B,oxblood,red,dominant,0.371,True,bag,1,5,11.8,B054-P003,B043-P005;B053-P005;B053-P004;B056-P004;B043-P006
content/swipe/fashion shows ss27/IMG_0852.png,421A1B,oxblood,red,dominant,0.371,True,accessory,5,2,3.0,B025-P008;B021-P009;B020-P006;B031-P009;B032-P001,B021-P001;B019-P002
content/swipe/fashion shows ss27/IMG_0852.png,421A1B,oxblood,red,dominant,0.371,True,base,2,4,8.2,B003-P001;B005-P001,B062-P008;B002-P001;B062-P007;B026-P009
content/swipe/fashion shows ss27/IMG_0852.png,421A1B,oxblood,red,dominant,0.371,True,multiple,17,78,2.5,B022-P015;B022-P022;B045-P001;B046-P009;B036-P003;B033-P002;B016-P004;B023-P001,B022-P021;B056-P006;B023-P017;B036-P001;B026-P004;B042-P006;B006-P001;B019-P007
content/swipe/fashion shows ss27/IMG_0852.png,E17F71,terracotta,orange,secondary,0.287,True,layer,1,6,11.7,B015-P003,B021-P013;B021-P022;B021-P014;B021-P021;B021-P016;B041-P004
content/swipe/fashion shows ss27/IMG_0852.png,E17F71,terracotta,orange,secondary,0.287,True,top,2,16,9.4,B025-P003;B050-P005,B062-P005;B042-P008;B050-P004;B021-P012;B021-P004;B050-P006;B016-P003;B029-P001
content/swipe/fashion shows ss27/IMG_0852.png,E17F71,terracotta,orange,secondary,0.287,True,bottom,0,10,14.3,,B051-P002;B050-P002;B015-P004;B050-P003;B050-P008;B051-P003;B050-P007;B007-P002
content/swipe/fashion shows ss27/IMG_0852.png,E17F71,terracotta,orange,secondary,0.287,True,dress,0,1,16.5,,B042-P010
content/swipe/fashion shows ss27/IMG_0852.png,E17F71,terracotta,orange,secondary,0.287,True,base,0,3,12.4,,B026-P009;B003-P001;B004-P001
content/swipe/fashion shows ss27/IMG_0852.png,E17F71,terracotta,orange,secondary,0.287,True,multiple,0,19,16.0,,B023-P011;B047-P001;B042-P007;B042-P006;B046-P011;B042-P005;B023-P001;B046-P008
content/swipe/fashion shows ss27/IMG_0852.png,765C62,burgundy,red,secondary,0.161,True,layer,5,31,9.6,B041-P004;B008-P003;B054-P001;B040-P002;B060-P003,B054-P002;B040-P003;B043-P003;B043-P002;B041-P005;B060-P004;B037-P007;B042-P015
content/swipe/fashion shows ss27/IMG_0852.png,765C62,burgundy,red,secondary,0.161,True,top,1,37,11.9,B027-P004,B057-P005;B057-P006;B008-P002;B055-P002;B030-P002;B062-P011;B016-P002;B059-P005
content/swipe/fashion shows ss27/IMG_0852.png,765C62,burgundy,red,secondary,0.161,True,bottom,0,9,13.5,,B042-P041;B020-P003;B042-P040;B021-P003;B052-P003;B044-P010;B049-P001;B048-P003
content/swipe/fashion shows ss27/IMG_0852.png,765C62,burgundy,red,secondary,0.161,True,dress,0,1,17.6,,B041-P006
content/swipe/fashion shows ss27/IMG_0852.png,765C62,burgundy,red,secondary,0.161,True,shoes,0,8,12.8,,B001-P004;B009-P004;B062-P017;B029-P002;B039-P003;B055-P001;B053-P001;B037-P004
content/swipe/fashion shows ss27/IMG_0852.png,765C62,burgundy,red,secondary,0.161,True,bag,0,3,12.5,,B056-P004;B053-P005;B054-P003
content/swipe/fashion shows ss27/IMG_0852.png,765C62,burgundy,red,secondary,0.161,True,accessory,4,6,8.1,B020-P006;B021-P009;B037-P009;B019-P002,B021-P001;B037-P008;B031-P009;B032-P001;B055-P003;B025-P008
content/swipe/fashion shows ss27/IMG_0852.png,765C62,burgundy,red,secondary,0.161,True,base,1,4,2.6,B002-P001,B005-P001;B026-P009;B062-P008;B003-P001
content/swipe/fashion shows ss27/IMG_0852.png,765C62,burgundy,red,secondary,0.161,True,multiple,6,55,8.9,B046-P001;B006-P001;B023-P010;B022-P013;B044-P009;B049-P003,B053-P002;B033-P002;B024-P004;B028-P010;B044-P005;B022-P017;B023-P015;B046-P009
content/swipe/fashion shows ss27/IMG_0852.png,DBABB2,dusty rose,pink,accent,0.147,True,layer,0,12,14.4,,B041-P004;B054-P006;B060-P006;B021-P017;B058-P005;B021-P016;B048-P001;B046-P003
content/swipe/fashion shows ss27/IMG_0852.png,DBABB2,dusty rose,pink,accent,0.147,True,top,3,22,2.8,B021-P012;B028-P014;B052-P002,B010-P005;B021-P004;B011-P007;B057-P003;B025-P003;B028-P013;B050-P006;B058-P002
content/swipe/fashion shows ss27/IMG_0852.png,DBABB2,dusty rose,pink,accent,0.147,True,bottom,0,14,15.1,,B007-P002;B015-P004;B042-P041;B021-P010;B021-P011;B051-P001;B050-P002;B051-P002
content/swipe/fashion shows ss27/IMG_0852.png,DBABB2,dusty rose,pink,accent,0.147,True,dress,0,2,16.1,,B042-P010;B042-P032
content/swipe/fashion shows ss27/IMG_0852.png,DBABB2,dusty rose,pink,accent,0.147,True,accessory,0,1,15.1,,B025-P008
content/swipe/fashion shows ss27/IMG_0852.png,DBABB2,dusty rose,pink,accent,0.147,True,base,0,3,12.0,,B062-P007;B004-P001;B003-P001
content/swipe/fashion shows ss27/IMG_0852.png,DBABB2,dusty rose,pink,accent,0.147,True,multiple,0,52,14.3,,B023-P015;B024-P002;B026-P007;B044-P020;B023-P009;B024-P006;B022-P006;B023-P010
content/swipe/fashion shows ss27/IMG_0853.png,261C20,off-black,black,dominant,0.895,True,layer,84,10,3.4,B060-P002;B008-P003;B060-P003;B027-P006;B059-P001;B001-P001;B009-P001;B046-P003,B021-P027;B030-P010;B027-P007;B042-P018;B055-P009;B061-P004;B055-P014;B041-P005
content/swipe/fashion shows ss27/IMG_0853.png,261C20,off-black,black,dominant,0.895,True,top,63,18,1.1,B034-P002;B058-P003;B055-P005;B021-P012;B059-P008;B031-P002;B018-P001;B021-P023,B021-P006;B042-P026;B058-P007;B025-P003;B054-P005;B011-P003;B031-P006;B031-P008
content/swipe/fashion shows ss27/IMG_0853.png,261C20,off-black,black,dominant,0.895,True,bottom,27,2,5.4,B015-P005;B015-P002;B052-P006;B011-P002;B021-P003;B020-P001;B020-P004;B042-P022,B048-P004;B050-P003
content/swipe/fashion shows ss27/IMG_0853.png,261C20,off-black,black,dominant,0.895,True,dress,10,0,3.3,B033-P004;B041-P006;B041-P007;B042-P011;B042-P014;B042-P031;B042-P010;B042-P021,
content/swipe/fashion shows ss27/IMG_0853.png,261C20,off-black,black,dominant,0.895,True,shoes,6,3,3.2,B001-P004;B009-P004;B039-P003;B037-P004;B029-P002;B053-P001,B055-P001;B001-P002;B009-P002
content/swipe/fashion shows ss27/IMG_0853.png,261C20,off-black,black,dominant,0.895,True,bag,6,0,5.9,B053-P005;B054-P003;B043-P005;B053-P004;B043-P006;B056-P004,
content/swipe/fashion shows ss27/IMG_0853.png,261C20,off-black,black,dominant,0.895,True,accessory,8,2,5.2,B031-P009;B032-P001;B019-P002;B021-P001;B021-P009;B031-P001;B020-P006;B055-P003,B025-P008;B037-P009
content/swipe/fashion shows ss27/IMG_0853.png,261C20,off-black,black,dominant,0.895,True,base,4,1,3.7,B062-P007;B003-P001;B062-P008;B005-P001,B002-P001
content/swipe/fashion shows ss27/IMG_0853.png,261C20,off-black,black,dominant,0.895,True,multiple,91,12,4.1,B023-P017;B022-P005;B032-P003;B023-P002;B033-P005;B024-P001;B023-P014;B022-P011,B023-P011;B022-P013;B044-P011;B022-P015;B046-P001;B045-P001;B006-P001;B022-P022
content/swipe/fashion shows ss27/IMG_0854.png,363745,navy,blue,dominant,0.457,True,layer,48,45,2.2,B056-P002;B058-P001;B019-P005;B062-P014;B019-P003;B008-P001;B012-P004;B019-P004,B001-P001;B009-P001;B035-P004;B037-P006;B042-P016;B028-P002;B042-P015;B038-P001
content/swipe/fashion shows ss27/IMG_0854.png,363745,navy,blue,dominant,0.457,True,top,40,37,2.7,B034-P002;B061-P005;B055-P005;B058-P007;B037-P003;B054-P005;B060-P001;B062-P003,B057-P005;B059-P004;B028-P008;B031-P002;B031-P006;B042-P028;B012-P003;B027-P003
content/swipe/fashion shows ss27/IMG_0854.png,363745,navy,blue,dominant,0.457,True,bottom,11,19,3.9,B049-P001;B015-P002;B015-P001;B056-P001;B048-P004;B011-P002;B020-P001;B044-P018,B042-P022;B020-P004;B021-P015;B020-P003;B052-P006;B019-P001;B044-P008;B042-P040
content/swipe/fashion shows ss27/IMG_0854.png,363745,navy,blue,dominant,0.457,True,dress,2,8,10.7,B033-P004;B042-P031,B042-P014;B041-P006;B042-P011;B041-P002;B041-P007;B042-P021;B042-P030;B042-P010
content/swipe/fashion shows ss27/IMG_0854.png,363745,navy,blue,dominant,0.457,True,shoes,6,4,7.5,B037-P004;B001-P002;B009-P002;B053-P001;B001-P004;B009-P004,B039-P003;B029-P002;B062-P017;B055-P001
content/swipe/fashion shows ss27/IMG_0854.png,363745,navy,blue,dominant,0.457,True,bag,4,2,8.6,B053-P005;B056-P004;B053-P004;B043-P005,B043-P006;B054-P003
content/swipe/fashion shows ss27/IMG_0854.png,363745,navy,blue,dominant,0.457,True,accessory,5,6,5.8,B021-P001;B019-P002;B055-P003;B031-P009;B032-P001,B020-P006;B037-P009;B031-P001;B001-P003;B009-P003;B021-P009
content/swipe/fashion shows ss27/IMG_0854.png,363745,navy,blue,dominant,0.457,True,base,3,2,8.0,B005-P001;B062-P008;B062-P007,B002-P001;B003-P001
content/swipe/fashion shows ss27/IMG_0854.png,363745,navy,blue,dominant,0.457,True,multiple,67,35,3.8,B026-P001;B056-P005;B022-P012;B018-P003;B046-P004;B019-P006;B044-P013;B044-P011,B033-P002;B022-P013;B026-P006;B042-P006;B023-P017;B044-P007;B047-P004;B033-P005
content/swipe/fashion shows ss27/IMG_0854.png,51566B,denim blue,blue,secondary,0.316,True,layer,10,42,3.5,B008-P003;B060-P004;B062-P014;B054-P002;B053-P006;B027-P007;B054-P001;B056-P002,B037-P002;B037-P007;B027-P005;B043-P003;B023-P012;B038-P001;B058-P001;B019-P003
content/swipe/fashion shows ss27/IMG_0854.png,51566B,denim blue,blue,secondary,0.316,True,top,12,36,5.5,B059-P006;B055-P005;B034-P002;B042-P026;B057-P006;B062-P001;B008-P002;B007-P003,B030-P002;B062-P003;B039-P002;B057-P005;B061-P005;B011-P003;B025-P001;B014-P001
content/swipe/fashion shows ss27/IMG_0854.png,51566B,denim blue,blue,secondary,0.316,True,bottom,4,8,6.0,B049-P001;B048-P004;B048-P003;B052-P005,B015-P001;B015-P002;B048-P002;B056-P001;B020-P001;B020-P003;B011-P002;B044-P018
content/swipe/fashion shows ss27/IMG_0854.png,51566B,denim blue,blue,secondary,0.316,True,dress,0,1,19.2,,B041-P006
content/swipe/fashion shows ss27/IMG_0854.png,51566B,denim blue,blue,secondary,0.316,True,shoes,2,7,7.4,B001-P002;B009-P002,B001-P004;B009-P004;B062-P017;B053-P001;B037-P004;B039-P003;B029-P002
content/swipe/fashion shows ss27/IMG_0854.png,51566B,denim blue,blue,secondary,0.316,True,bag,2,2,6.6,B053-P005;B056-P004,B053-P004;B043-P005
content/swipe/fashion shows ss27/IMG_0854.png,51566B,denim blue,blue,secondary,0.316,True,accessory,5,6,8.1,B001-P003;B009-P003;B019-P002;B021-P001;B037-P009,B055-P003;B020-P006;B037-P008;B021-P009;B031-P009;B032-P001
content/swipe/fashion shows ss27/IMG_0854.png,51566B,denim blue,blue,secondary,0.316,True,base,0,3,15.8,,B002-P001;B005-P001;B062-P008
content/swipe/fashion shows ss27/IMG_0854.png,51566B,denim blue,blue,secondary,0.316,True,multiple,16,59,2.7,B021-P008;B022-P012;B044-P016;B022-P017;B044-P009;B028-P010;B042-P006;B044-P005,B027-P011;B036-P007;B046-P004;B046-P001;B046-P010;B026-P008;B022-P016;B033-P003
content/swipe/fashion shows ss27/IMG_0854.png,066283,denim blue,blue,accent,0.088,True,layer,0,12,14.2,,B008-P003;B062-P014;B037-P002;B060-P006;B061-P002;B060-P004;B043-P001;B054-P002
content/swipe/fashion shows ss27/IMG_0854.png,066283,denim blue,blue,accent,0.088,True,top,4,11,9.3,B042-P026;B055-P004;B062-P001;B055-P005,B034-P002;B007-P003;B037-P003;B059-P006;B025-P001;B058-P007;B054-P005;B062-P012
content/swipe/fashion shows ss27/IMG_0854.png,066283,denim blue,blue,accent,0.088,True,bottom,2,4,6.4,B052-P005;B048-P004,B048-P003;B049-P001;B048-P002;B015-P001
content/swipe/fashion shows ss27/IMG_0854.png,066283,denim blue,blue,accent,0.088,True,shoes,2,1,9.6,B001-P002;B009-P002,B062-P017
content/swipe/fashion shows ss27/IMG_0854.png,066283,denim blue,blue,accent,0.088,True,bag,0,1,18.2,,B056-P004
content/swipe/fashion shows ss27/IMG_0854.png,066283,denim blue,blue,accent,0.088,True,accessory,2,2,11.0,B001-P003;B009-P003,B019-P002;B037-P009
content/swipe/fashion shows ss27/IMG_0854.png,066283,denim blue,blue,accent,0.088,True,multiple,4,17,3.7,B033-P003;B042-P007;B046-P002;B042-P006,B026-P006;B044-P016;B052-P007;B046-P001;B021-P008;B022-P008;B022-P017;B028-P010
content/swipe/fashion shows ss27/IMG_0854.png,5B2922,chocolate,brown,accent,0.08,True,layer,5,36,7.2,B042-P018;B013-P001;B015-P003;B060-P003;B060-P002,B021-P022;B042-P016;B059-P001;B021-P002;B040-P002;B008-P003;B028-P002;B042-P015
content/swipe/fashion shows ss27/IMG_0854.png,5B2922,chocolate,brown,accent,0.08,True,top,22,34,3.1,B031-P008;B058-P004;B050-P004;B021-P005;B062-P011;B062-P009;B025-P003;B021-P024,B021-P023;B032-P004;B053-P003;B062-P010;B021-P004;B052-P001;B045-P003;B058-P003
content/swipe/fashion shows ss27/IMG_0854.png,5B2922,chocolate,brown,accent,0.08,True,bottom,5,9,6.2,B021-P010;B050-P003;B021-P003;B021-P011;B018-P002,B016-P001;B052-P003;B052-P004;B015-P005;B020-P003;B015-P002;B042-P041;B020-P004
content/swipe/fashion shows ss27/IMG_0854.png,5B2922,chocolate,brown,accent,0.08,True,dress,1,3,11.3,B041-P006,B041-P007;B042-P010;B033-P004
content/swipe/fashion shows ss27/IMG_0854.png,5B2922,chocolate,brown,accent,0.08,True,shoes,1,5,5.2,B055-P001,B039-P003;B001-P004;B009-P004;B029-P002;B037-P004
content/swipe/fashion shows ss27/IMG_0854.png,5B2922,chocolate,brown,accent,0.08,True,bag,1,2,11.5,B054-P003,B043-P005;B056-P004
content/swipe/fashion shows ss27/IMG_0854.png,5B2922,chocolate,brown,accent,0.08,True,accessory,3,3,1.5,B025-P008;B031-P009;B032-P001,B020-P006;B021-P009;B021-P001
content/swipe/fashion shows ss27/IMG_0854.png,5B2922,chocolate,brown,accent,0.08,True,base,4,2,7.3,B003-P001;B002-P001;B005-P001;B026-P009,B062-P008;B062-P007
content/swipe/fashion shows ss27/IMG_0854.png,5B2922,chocolate,brown,accent,0.08,True,multiple,15,47,3.7,B036-P003;B045-P001;B022-P015;B022-P022;B032-P003;B022-P007;B042-P007;B026-P007,B022-P014;B024-P002;B022-P005;B046-P001;B036-P001;B020-P005;B022-P013;B022-P021
content/swipe/fashion shows ss27/IMG_0855.png,7CA2C0,steel blue,blue,dominant,0.68,True,layer,1,7,7.8,B062-P014,B059-P002;B059-P001;B060-P006;B043-P002;B058-P005;B061-P002;B043-P003
content/swipe/fashion shows ss27/IMG_0855.png,7CA2C0,steel blue,blue,dominant,0.68,True,top,7,12,6.5,B011-P004;B042-P026;B055-P004;B011-P003;B062-P015;B062-P016;B042-P027,B007-P001;B012-P003;B062-P012;B062-P001;B058-P007;B062-P003;B016-P002;B057-P006
content/swipe/fashion shows ss27/IMG_0855.png,7CA2C0,steel blue,blue,dominant,0.68,True,bottom,2,1,6.1,B048-P002;B048-P003,B052-P005
content/swipe/fashion shows ss27/IMG_0855.png,7CA2C0,steel blue,blue,dominant,0.68,True,shoes,0,3,13.9,,B001-P002;B009-P002;B062-P017
content/swipe/fashion shows ss27/IMG_0855.png,7CA2C0,steel blue,blue,dominant,0.68,True,accessory,0,6,15.3,,B001-P003;B009-P003;B037-P008;B037-P009;B045-P004;B019-P002
content/swipe/fashion shows ss27/IMG_0855.png,7CA2C0,steel blue,blue,dominant,0.68,True,base,0,1,18.8,,B005-P001
content/swipe/fashion shows ss27/IMG_0855.png,7CA2C0,steel blue,blue,dominant,0.68,True,multiple,8,28,5.1,B033-P003;B026-P006;B022-P008;B022-P009;B010-P002;B024-P005;B036-P005;B046-P001,B026-P004;B006-P001;B044-P015;B044-P007;B023-P016;B050-P001;B026-P008;B025-P005
content/swipe/fashion shows ss27/IMG_0855.png,C2B3B4,light grey,grey,secondary,0.152,False,layer,7,20,6.7,B041-P004;B058-P005;B060-P006;B043-P002;B011-P006;B048-P001;B046-P003,B054-P006;B059-P002;B019-P004;B042-P020;B021-P016;B001-P001;B009-P001;B021-P017
content/swipe/fashion shows ss27/IMG_0855.png,C2B3B4,light grey,grey,secondary,0.152,False,top,21,29,2.6,B052-P002;B011-P007;B057-P003;B028-P014;B010-P005;B021-P004;B058-P002;B025-P001,B042-P028;B011-P008;B016-P003;B062-P003;B010-P001;B010-P003;B042-P029;B050-P006
content/swipe/fashion shows ss27/IMG_0855.png,C2B3B4,light grey,grey,secondary,0.152,False,bottom,8,10,8.4,B007-P002;B042-P038;B021-P011;B015-P004;B021-P010;B042-P041;B011-P002;B042-P040,B048-P002;B048-P003;B042-P039;B062-P021;B051-P001;B051-P002;B050-P002;B050-P007
content/swipe/fashion shows ss27/IMG_0855.png,C2B3B4,light grey,grey,secondary,0.152,False,dress,1,1,10.5,B042-P032,B042-P010
content/swipe/fashion shows ss27/IMG_0855.png,C2B3B4,light grey,grey,secondary,0.152,False,shoes,0,5,12.9,,B062-P017;B053-P001;B001-P004;B009-P004;B029-P002
content/swipe/fashion shows ss27/IMG_0855.png,C2B3B4,light grey,grey,secondary,0.152,False,accessory,2,3,6.9,B025-P008;B045-P004,B020-P006;B037-P008;B037-P009
content/swipe/fashion shows ss27/IMG_0855.png,C2B3B4,light grey,grey,secondary,0.152,False,base,2,2,7.9,B004-P001;B062-P007,B003-P001;B005-P001
content/swipe/fashion shows ss27/IMG_0855.png,C2B3B4,light grey,grey,secondary,0.152,False,multiple,55,33,4.6,B023-P009;B044-P020;B022-P015;B024-P002;B024-P001;B024-P003;B024-P006;B057-P004,B023-P002;B036-P009;B044-P004;B028-P006;B020-P005;B044-P012;B022-P003;B042-P005
content/swipe/fashion shows ss27/IMG_0855.png,6A2314,rust,orange,accent,0.098,True,layer,1,24,9.6,B042-P018,B015-P003;B013-P001;B021-P014;B021-P002;B060-P003;B021-P022;B054-P007;B042-P016
content/swipe/fashion shows ss27/IMG_0855.png,6A2314,rust,orange,accent,0.098,True,top,13,33,4.3,B050-P004;B059-P008;B058-P004;B031-P008;B045-P002;B042-P001;B040-P001;B058-P006,B031-P007;B041-P009;B062-P009;B062-P011;B021-P024;B031-P002;B007-P003;B032-P004
content/swipe/fashion shows ss27/IMG_0855.png,6A2314,rust,orange,accent,0.098,True,bottom,2,9,7.9,B050-P003;B021-P010,B052-P004;B021-P003;B052-P003;B021-P011;B018-P002;B016-P001;B050-P002;B020-P003
content/swipe/fashion shows ss27/IMG_0855.png,6A2314,rust,orange,accent,0.098,True,dress,0,3,16.1,,B041-P006;B041-P007;B042-P010
content/swipe/fashion shows ss27/IMG_0855.png,6A2314,rust,orange,accent,0.098,True,shoes,1,2,9.7,B055-P001,B039-P003;B029-P002
content/swipe/fashion shows ss27/IMG_0855.png,6A2314,rust,orange,accent,0.098,True,bag,0,1,14.9,,B054-P003
content/swipe/fashion shows ss27/IMG_0855.png,6A2314,rust,orange,accent,0.098,True,accessory,1,4,5.5,B025-P008,B031-P009;B032-P001;B021-P009;B020-P006
content/swipe/fashion shows ss27/IMG_0855.png,6A2314,rust,orange,accent,0.098,True,base,2,4,11.2,B003-P001;B026-P009,B002-P001;B005-P001;B062-P008;B062-P007
content/swipe/fashion shows ss27/IMG_0855.png,6A2314,rust,orange,accent,0.098,True,multiple,5,28,7.5,B036-P003;B045-P001;B022-P015;B022-P022;B046-P001,B022-P014;B022-P007;B042-P007;B032-P003;B026-P007;B006-P001;B023-P006;B023-P001
content/swipe/fashion shows ss27/IMG_0856.png,8C5170,raspberry,pink,dominant,0.54,True,layer,0,6,13.1,,B060-P003;B008-P003;B060-P004;B054-P001;B060-P002;B041-P004
content/swipe/fashion shows ss27/IMG_0856.png,8C5170,raspberry,pink,dominant,0.54,True,top,0,8,15.8,,B021-P012;B062-P009;B053-P003;B057-P006;B059-P006;B057-P001;B058-P004;B058-P006
content/swipe/fashion shows ss27/IMG_0856.png,8C5170,raspberry,pink,dominant,0.54,True,bottom,0,1,14.5,,B021-P003
content/swipe/fashion shows ss27/IMG_0856.png,8C5170,raspberry,pink,dominant,0.54,True,bag,0,1,16.7,,B053-P005
content/swipe/fashion shows ss27/IMG_0856.png,8C5170,raspberry,pink,dominant,0.54,True,accessory,1,2,11.7,B020-P006,B021-P009;B037-P009
content/swipe/fashion shows ss27/IMG_0856.png,8C5170,raspberry,pink,dominant,0.54,True,base,1,2,11.4,B002-P001,B026-P009;B005-P001
content/swipe/fashion shows ss27/IMG_0856.png,8C5170,raspberry,pink,dominant,0.54,True,multiple,1,2,11.3,B006-P001,B046-P001;B033-P002
content/swipe/fashion shows ss27/IMG_0856.png,6C3751,plum,purple,accent,0.177,True,layer,1,10,6.2,B060-P003,B060-P002;B013-P001;B015-P003;B059-P001;B042-P016;B042-P015;B053-P006;B008-P003
content/swipe/fashion shows ss27/IMG_0856.png,6C3751,plum,purple,accent,0.177,True,top,2,26,7.2,B053-P003;B062-P009,B021-P006;B062-P011;B057-P006;B059-P006;B031-P002;B021-P024;B062-P010;B021-P023
content/swipe/fashion shows ss27/IMG_0856.png,6C3751,plum,purple,accent,0.177,True,bottom,1,6,7.3,B021-P003,B021-P010;B018-P002;B016-P001;B021-P011;B015-P005;B015-P002
content/swipe/fashion shows ss27/IMG_0856.png,6C3751,plum,purple,accent,0.177,True,dress,0,1,15.9,,B041-P006
content/swipe/fashion shows ss27/IMG_0856.png,6C3751,plum,purple,accent,0.177,True,shoes,0,4,16.5,,B055-P001;B001-P004;B009-P004;B053-P001
content/swipe/fashion shows ss27/IMG_0856.png,6C3751,plum,purple,accent,0.177,True,bag,0,2,14.6,,B053-P005;B054-P003
content/swipe/fashion shows ss27/IMG_0856.png,6C3751,plum,purple,accent,0.177,True,accessory,2,4,6.5,B021-P009;B020-P006,B025-P008;B031-P009;B032-P001;B021-P001
content/swipe/fashion shows ss27/IMG_0856.png,6C3751,plum,purple,accent,0.177,True,base,1,4,11.6,B002-P001,B005-P001;B026-P009;B062-P008;B003-P001
content/swipe/fashion shows ss27/IMG_0856.png,6C3751,plum,purple,accent,0.177,True,multiple,2,30,10.6,B046-P001;B016-P004,B036-P003;B006-P001;B022-P015;B033-P002;B032-P003;B046-P009;B024-P006;B022-P007
content/swipe/fashion shows ss27/IMG_0856.png,68536D,plum,purple,secondary,0.121,True,layer,2,31,10.3,B060-P004;B060-P003,B054-P002;B054-P001;B008-P003;B053-P006;B060-P002;B062-P014;B027-P007;B043-P001
content/swipe/fashion shows ss27/IMG_0856.png,68536D,plum,purple,secondary,0.121,True,top,1,35,7.7,B057-P006,B008-P002;B059-P006;B034-P002;B053-P003;B057-P005;B030-P002;B058-P003;B054-P005
content/swipe/fashion shows ss27/IMG_0856.png,68536D,plum,purple,secondary,0.121,True,bottom,0,5,15.2,,B049-P001;B021-P003;B015-P002;B048-P003;B048-P004
content/swipe/fashion shows ss27/IMG_0856.png,68536D,plum,purple,secondary,0.121,True,dress,0,1,18.3,,B041-P006
content/swipe/fashion shows ss27/IMG_0856.png,68536D,plum,purple,secondary,0.121,True,shoes,0,7,14.8,,B001-P004;B009-P004;B001-P002;B009-P002;B037-P004;B053-P001;B062-P017
content/swipe/fashion shows ss27/IMG_0856.png,68536D,plum,purple,secondary,0.121,True,bag,1,1,7.1,B053-P005,B056-P004
content/swipe/fashion shows ss27/IMG_0856.png,68536D,plum,purple,secondary,0.121,True,accessory,2,8,8.2,B020-P006;B021-P009,B021-P001;B037-P009;B019-P002;B031-P009;B032-P001;B001-P003;B009-P003;B055-P003
content/swipe/fashion shows ss27/IMG_0856.png,68536D,plum,purple,secondary,0.121,True,base,1,2,10.9,B002-P001,B005-P001;B062-P008
content/swipe/fashion shows ss27/IMG_0856.png,68536D,plum,purple,secondary,0.121,True,multiple,1,47,8.6,B046-P001,B021-P008;B022-P012;B044-P009;B046-P009;B006-P001;B028-P010;B053-P002;B022-P017
content/swipe/fashion shows ss27/IMG_0856.png,56201D,rust,orange,accent,0.12,True,layer,5,29,7.9,B042-P018;B015-P003;B013-P001;B060-P003;B060-P002,B021-P022;B059-P001;B042-P016;B008-P003;B021-P002;B028-P002;B042-P015;B021-P027
content/swipe/fashion shows ss27/IMG_0856.png,56201D,rust,orange,accent,0.12,True,top,22,31,2.2,B058-P004;B050-P004;B031-P008;B021-P005;B062-P009;B031-P007;B062-P011;B025-P003,B021-P023;B021-P004;B062-P010;B041-P009;B045-P003;B021-P012;B058-P003;B030-P004
content/swipe/fashion shows ss27/IMG_0856.png,56201D,rust,orange,accent,0.12,True,bottom,6,5,5.4,B021-P010;B021-P003;B050-P003;B021-P011;B018-P002;B016-P001,B015-P005;B052-P004;B052-P003;B020-P003;B015-P002
content/swipe/fashion shows ss27/IMG_0856.png,56201D,rust,orange,accent,0.12,True,dress,1,3,11.9,B041-P006,B041-P007;B042-P010;B033-P004
content/swipe/fashion shows ss27/IMG_0856.png,56201D,rust,orange,accent,0.12,True,shoes,1,4,6.4,B055-P001,B039-P003;B001-P004;B009-P004;B029-P002
content/swipe/fashion shows ss27/IMG_0856.png,56201D,rust,orange,accent,0.12,True,bag,0,2,12.8,,B054-P003;B043-P005
content/swipe/fashion shows ss27/IMG_0856.png,56201D,rust,orange,accent,0.12,True,accessory,2,3,1.9,B025-P008;B021-P009,B020-P006;B031-P009;B032-P001
content/swipe/fashion shows ss27/IMG_0856.png,56201D,rust,orange,accent,0.12,True,base,1,5,8.6,B003-P001,B005-P001;B026-P009;B002-P001;B062-P008;B062-P007
content/swipe/fashion shows ss27/IMG_0856.png,56201D,rust,orange,accent,0.12,True,multiple,12,42,2.0,B036-P003;B022-P015;B045-P001;B022-P022;B046-P009;B033-P002;B032-P003;B042-P007,B024-P006;B023-P006;B024-P002;B022-P005;B006-P001;B046-P001;B022-P014;B022-P021
content/swipe/fashion shows ss27/IMG_0857.png,6B738F,violet,purple,dominant,0.378,True,layer,2,15,7.5,B060-P004;B054-P001,B061-P002;B008-P003;B054-P002;B062-P014;B043-P002;B059-P001;B037-P007;B038-P001
content/swipe/fashion shows ss27/IMG_0857.png,6B738F,violet,purple,dominant,0.378,True,top,9,10,8.6,B062-P012;B062-P001;B016-P002;B011-P003;B034-P002;B062-P016;B062-P015;B042-P026,B055-P004;B055-P005;B059-P006;B057-P006;B062-P002;B008-P002;B007-P001;B007-P003
content/swipe/fashion shows ss27/IMG_0857.png,6B738F,violet,purple,dominant,0.378,True,bottom,2,4,8.8,B048-P002;B052-P005,B048-P004;B048-P003;B049-P001;B020-P003
content/swipe/fashion shows ss27/IMG_0857.png,6B738F,violet,purple,dominant,0.378,True,shoes,2,3,7.0,B001-P002;B009-P002,B001-P004;B009-P004;B062-P017
content/swipe/fashion shows ss27/IMG_0857.png,6B738F,violet,purple,dominant,0.378,True,bag,0,2,13.8,,B056-P004;B053-P005
content/swipe/fashion shows ss27/IMG_0857.png,6B738F,violet,purple,dominant,0.378,True,accessory,3,3,4.9,B019-P002;B001-P003;B009-P003,B037-P009;B037-P008;B021-P001
content/swipe/fashion shows ss27/IMG_0857.png,6B738F,violet,purple,dominant,0.378,True,base,0,2,12.3,,B005-P001;B002-P001
content/swipe/fashion shows ss27/IMG_0857.png,6B738F,violet,purple,dominant,0.378,True,multiple,5,30,4.2,B026-P008;B022-P008;B036-P005;B046-P010;B046-P002,B022-P017;B018-P003;B021-P008;B028-P010;B044-P005;B044-P016;B052-P007;B057-P004
content/swipe/fashion shows ss27/IMG_0857.png,483834,taupe,warm neutral,secondary,0.26,False,layer,51,46,1.8,B042-P016;B059-P001;B040-P002;B041-P004;B042-P015;B040-P003;B028-P002;B055-P008,B061-P002;B001-P001;B009-P001;B046-P003;B058-P001;B056-P002;B037-P005;B042-P004
content/swipe/fashion shows ss27/IMG_0857.png,483834,taupe,warm neutral,secondary,0.26,False,top,46,41,3.1,B058-P003;B028-P013;B031-P002;B021-P024;B030-P004;B052-P002;B062-P011;B028-P012,B028-P009;B031-P007;B058-P007;B021-P012;B057-P003;B059-P008;B042-P009;B057-P006
content/swipe/fashion shows ss27/IMG_0857.png,483834,taupe,warm neutral,secondary,0.26,False,bottom,7,26,6.7,B020-P003;B015-P002;B021-P011;B020-P001;B021-P010;B020-P004;B018-P002,B050-P003;B021-P003;B015-P005;B016-P001;B021-P015;B041-P003;B042-P022;B044-P018
content/swipe/fashion shows ss27/IMG_0857.png,483834,taupe,warm neutral,secondary,0.26,False,dress,5,5,4.3,B041-P006;B041-P007;B033-P004;B042-P010;B042-P031,B042-P014;B042-P011;B041-P002;B042-P021;B042-P030
content/swipe/fashion shows ss27/IMG_0857.png,483834,taupe,warm neutral,secondary,0.26,False,shoes,7,3,3.9,B039-P003;B001-P004;B009-P004;B029-P002;B055-P001;B037-P004;B053-P001,B062-P017;B001-P002;B009-P002
content/swipe/fashion shows ss27/IMG_0857.png,483834,taupe,warm neutral,secondary,0.26,False,bag,4,2,4.3,B054-P003;B043-P005;B056-P004;B053-P004,B053-P005;B043-P006
content/swipe/fashion shows ss27/IMG_0857.png,483834,taupe,warm neutral,secondary,0.26,False,accessory,7,4,2.0,B031-P009;B032-P001;B021-P001;B020-P006;B021-P009;B055-P003;B037-P009,B025-P008;B019-P002;B031-P001;B037-P008
content/swipe/fashion shows ss27/IMG_0857.png,483834,taupe,warm neutral,secondary,0.26,False,base,5,1,3.5,B062-P008;B005-P001;B003-P001;B002-P001;B062-P007,B026-P009
content/swipe/fashion shows ss27/IMG_0857.png,483834,taupe,warm neutral,secondary,0.26,False,multiple,79,27,2.5,B022-P013;B022-P007;B022-P021;B033-P002;B023-P006;B026-P007;B024-P006;B032-P003,B023-P004;B042-P019;B033-P005;B036-P007;B045-P001;B022-P015;B021-P008;B049-P002
content/swipe/fashion shows ss27/IMG_0857.png,6B6774,mid grey,grey,secondary,0.198,False,layer,10,25,4.4,B054-P001;B060-P004;B054-P002;B043-P002;B043-P003;B041-P004;B038-P001;B062-P014,B061-P002;B053-P006;B043-P001;B041-P005;B027-P007;B040-P002;B042-P035;B059-P001
content/swipe/fashion shows ss27/IMG_0857.png,6B6774,mid grey,grey,secondary,0.198,False,top,6,27,8.7,B016-P002;B034-P002;B062-P012;B008-P002;B042-P026;B057-P006,B030-P002;B062-P001;B055-P005;B057-P005;B059-P006;B054-P005;B062-P002;B027-P004
content/swipe/fashion shows ss27/IMG_0857.png,6B6774,mid grey,grey,secondary,0.198,False,bottom,1,9,11.3,B048-P003,B020-P003;B049-P001;B048-P002;B052-P005;B048-P004;B042-P041;B042-P040;B044-P010
content/swipe/fashion shows ss27/IMG_0857.png,6B6774,mid grey,grey,secondary,0.198,False,shoes,3,5,9.6,B001-P004;B009-P004;B062-P017,B001-P002;B009-P002;B053-P001;B029-P002;B037-P004
content/swipe/fashion shows ss27/IMG_0857.png,6B6774,mid grey,grey,secondary,0.198,False,bag,2,0,7.9,B056-P004;B053-P005,
content/swipe/fashion shows ss27/IMG_0857.png,6B6774,mid grey,grey,secondary,0.198,False,accessory,3,8,5.9,B037-P009;B019-P002;B037-P008,B021-P001;B001-P003;B009-P003;B020-P006;B021-P009;B055-P003;B031-P009;B032-P001
content/swipe/fashion shows ss27/IMG_0857.png,6B6774,mid grey,grey,secondary,0.198,False,base,1,1,10.3,B005-P001,B002-P001
content/swipe/fashion shows ss27/IMG_0857.png,6B6774,mid grey,grey,secondary,0.198,False,multiple,18,38,6.5,B022-P017;B028-P010;B044-P005;B046-P010;B044-P009;B021-P008;B026-P008;B052-P007,B046-P001;B057-P004;B042-P019;B044-P011;B049-P003;B027-P011;B024-P003;B024-P006
content/swipe/fashion shows ss27/IMG_0857.png,2A1917,espresso,brown,secondary,0.109,True,layer,69,24,3.7,B021-P022;B060-P003;B008-P003;B027-P006;B042-P017;B042-P016;B059-P001;B023-P013,B019-P004;B039-P006;B055-P010;B056-P002;B017-P001;B019-P005;B039-P005;B040-P005
content/swipe/fashion shows ss27/IMG_0857.png,2A1917,espresso,brown,secondary,0.109,True,top,56,26,1.4,B021-P004;B007-P001;B021-P024;B041-P008;B021-P012;B021-P023;B021-P005;B055-P002,B037-P003;B062-P015;B031-P004;B060-P001;B058-P004;B062-P004;B062-P009;B012-P003
content/swipe/fashion shows ss27/IMG_0857.png,2A1917,espresso,brown,secondary,0.109,True,bottom,21,8,4.2,B015-P005;B018-P002;B021-P011;B016-P001;B021-P010;B052-P006;B020-P004;B020-P003,B041-P003;B044-P019;B056-P001;B011-P001;B015-P001;B049-P001;B044-P008;B048-P004
content/swipe/fashion shows ss27/IMG_0857.png,2A1917,espresso,brown,secondary,0.109,True,dress,9,1,4.6,B041-P007;B042-P010;B041-P006;B033-P004;B042-P014;B042-P031;B042-P021;B042-P011,B041-P002
content/swipe/fashion shows ss27/IMG_0857.png,2A1917,espresso,brown,secondary,0.109,True,shoes,5,2,4.1,B001-P004;B009-P004;B039-P003;B055-P001;B029-P002,B037-P004;B053-P001
content/swipe/fashion shows ss27/IMG_0857.png,2A1917,espresso,brown,secondary,0.109,True,bag,6,0,6.0,B054-P003;B043-P005;B053-P005;B053-P004;B056-P004;B043-P006,
content/swipe/fashion shows ss27/IMG_0857.png,2A1917,espresso,brown,secondary,0.109,True,accessory,7,2,5.6,B021-P009;B031-P009;B032-P001;B025-P008;B021-P001;B019-P002;B020-P006,B031-P001;B055-P003
content/swipe/fashion shows ss27/IMG_0857.png,2A1917,espresso,brown,secondary,0.109,True,base,4,1,3.5,B003-P001;B062-P007;B062-P008;B005-P001,B002-P001
content/swipe/fashion shows ss27/IMG_0857.png,2A1917,espresso,brown,secondary,0.109,True,multiple,83,20,1.8,B022-P005;B024-P002;B023-P016;B032-P003;B036-P003;B033-P002;B023-P001;B023-P017,B018-P003;B047-P004;B030-P007;B034-P003;B024-P009;B023-P011;B010-P002;B046-P010
content/swipe/fashion shows ss27/IMG_0858.png,503F3F,dark grey,grey,dominant,0.573,False,layer,36,60,4.7,B042-P016;B042-P015;B060-P002;B059-P001;B040-P002;B023-P012;B041-P004;B055-P009,B019-P005;B023-P013;B062-P014;B012-P002;B021-P022;B054-P007;B012-P004;B027-P008
content/swipe/fashion shows ss27/IMG_0858.png,503F3F,dark grey,grey,dominant,0.573,False,top,36,50,4.3,B058-P003;B028-P013;B062-P011;B031-P002;B021-P024;B030-P004;B052-P002;B057-P005,B058-P007;B031-P008;B021-P005;B062-P009;B027-P004;B028-P007;B060-P001;B021-P004
content/swipe/fashion shows ss27/IMG_0858.png,503F3F,dark grey,grey,dominant,0.573,False,bottom,4,28,8.9,B020-P003;B015-P002;B021-P011;B021-P010,B020-P001;B018-P002;B021-P003;B016-P001;B020-P004;B042-P041;B015-P005;B050-P003
content/swipe/fashion shows ss27/IMG_0858.png,503F3F,dark grey,grey,dominant,0.573,False,dress,2,8,6.2,B041-P006;B041-P007,B033-P004;B042-P031;B042-P010;B042-P014;B042-P011;B041-P002;B042-P021;B042-P030
content/swipe/fashion shows ss27/IMG_0858.png,503F3F,dark grey,grey,dominant,0.573,False,shoes,7,3,4.9,B001-P004;B009-P004;B039-P003;B029-P002;B055-P001;B037-P004;B053-P001,B062-P017;B001-P002;B009-P002
content/swipe/fashion shows ss27/IMG_0858.png,503F3F,dark grey,grey,dominant,0.573,False,bag,3,3,7.7,B054-P003;B043-P005;B056-P004,B053-P005;B053-P004;B043-P006
content/swipe/fashion shows ss27/IMG_0858.png,503F3F,dark grey,grey,dominant,0.573,False,accessory,7,4,4.2,B031-P009;B032-P001;B020-P006;B021-P001;B021-P009;B037-P009;B055-P003,B019-P002;B025-P008;B037-P008;B031-P001
content/swipe/fashion shows ss27/IMG_0858.png,503F3F,dark grey,grey,dominant,0.573,False,base,5,1,3.5,B005-P001;B002-P001;B062-P008;B003-P001;B062-P007,B026-P009
content/swipe/fashion shows ss27/IMG_0858.png,503F3F,dark grey,grey,dominant,0.573,False,multiple,59,47,1.1,B033-P002;B046-P009;B006-P001;B022-P021;B022-P013;B022-P007;B046-P001;B024-P006,B023-P002;B026-P001;B028-P010;B026-P008;B019-P006;B022-P017;B042-P005;B046-P005
content/swipe/fashion shows ss27/IMG_0858.png,A69388,oatmeal,warm neutral,secondary,0.168,False,layer,11,17,7.3,B043-P002;B041-P004;B021-P018;B021-P016;B021-P013;B060-P006;B043-P003;B059-P002,B046-P003;B027-P008;B021-P021;B059-P001;B021-P022;B060-P002;B058-P005;B054-P006
content/swipe/fashion shows ss27/IMG_0858.png,A69388,oatmeal,warm neutral,secondary,0.168,False,top,23,21,2.6,B016-P003;B021-P004;B030-P002;B028-P014;B031-P005;B055-P002;B025-P003;B032-P004,B011-P007;B050-P004;B021-P005;B050-P005;B007-P001;B016-P002;B021-P012;B062-P015
content/swipe/fashion shows ss27/IMG_0858.png,A69388,oatmeal,warm neutral,secondary,0.168,False,bottom,6,14,5.0,B007-P002;B021-P010;B021-P011;B044-P010;B042-P040;B042-P041,B050-P003;B051-P002;B050-P002;B050-P008;B042-P038;B051-P003;B020-P003;B050-P007
content/swipe/fashion shows ss27/IMG_0858.png,A69388,oatmeal,warm neutral,secondary,0.168,False,dress,2,0,6.0,B042-P010;B042-P032,
content/swipe/fashion shows ss27/IMG_0858.png,A69388,oatmeal,warm neutral,secondary,0.168,False,shoes,1,4,8.7,B029-P002,B001-P004;B009-P004;B062-P017;B053-P001
content/swipe/fashion shows ss27/IMG_0858.png,A69388,oatmeal,warm neutral,secondary,0.168,False,accessory,2,3,9.5,B037-P008;B037-P009,B025-P008;B019-P002;B045-P004
content/swipe/fashion shows ss27/IMG_0858.png,A69388,oatmeal,warm neutral,secondary,0.168,False,base,2,3,7.6,B003-P001;B004-P001,B005-P001;B026-P009;B062-P007
content/swipe/fashion shows ss27/IMG_0858.png,A69388,oatmeal,warm neutral,secondary,0.168,False,multiple,54,27,1.7,B023-P009;B023-P014;B022-P020;B062-P018;B062-P019;B046-P008;B023-P017;B023-P008,B026-P007;B036-P008;B046-P010;B042-P005;B026-P001;B036-P006;B022-P022;B042-P007
content/swipe/fashion shows ss27/IMG_0858.png,522721,espresso,brown,accent,0.11,True,layer,8,55,6.1,B042-P018;B013-P001;B015-P003;B060-P002;B060-P003;B021-P022;B059-P001;B042-P016,B008-P003;B021-P002;B028-P002;B042-P015;B021-P027;B040-P002;B040-P003;B041-P004
content/swipe/fashion shows ss27/IMG_0858.png,522721,espresso,brown,accent,0.11,True,top,25,44,2.4,B031-P008;B058-P004;B021-P005;B050-P004;B062-P011;B021-P024;B031-P002;B031-P007,B058-P003;B028-P012;B030-P004;B032-P004;B028-P013;B045-P002;B055-P002;B021-P012
content/swipe/fashion shows ss27/IMG_0858.png,522721,espresso,brown,accent,0.11,True,bottom,6,10,4.1,B021-P010;B021-P003;B050-P003;B021-P011;B018-P002;B016-P001,B015-P005;B052-P003;B052-P004;B020-P003;B015-P002;B020-P004;B020-P001;B052-P006
content/swipe/fashion shows ss27/IMG_0858.png,522721,espresso,brown,accent,0.11,True,dress,2,4,9.5,B041-P006;B041-P007,B042-P010;B033-P004;B042-P031;B042-P014
content/swipe/fashion shows ss27/IMG_0858.png,522721,espresso,brown,accent,0.11,True,shoes,1,6,3.5,B055-P001,B039-P003;B001-P004;B009-P004;B029-P002;B037-P004;B053-P001
content/swipe/fashion shows ss27/IMG_0858.png,522721,espresso,brown,accent,0.11,True,bag,1,4,10.1,B054-P003,B043-P005;B056-P004;B053-P004;B053-P005
content/swipe/fashion shows ss27/IMG_0858.png,522721,espresso,brown,accent,0.11,True,accessory,5,2,2.7,B025-P008;B021-P009;B031-P009;B032-P001;B020-P006,B021-P001;B019-P002
content/swipe/fashion shows ss27/IMG_0858.png,522721,espresso,brown,accent,0.11,True,base,3,3,5.8,B003-P001;B005-P001;B002-P001,B062-P008;B026-P009;B062-P007
content/swipe/fashion shows ss27/IMG_0858.png,522721,espresso,brown,accent,0.11,True,multiple,17,72,2.8,B045-P001;B022-P015;B036-P003;B022-P022;B032-P003;B042-P007;B022-P007;B026-P007,B036-P001;B022-P014;B022-P021;B056-P006;B022-P013;B020-P005;B023-P016;B049-P003
content/swipe/fashion shows ss27/IMG_0858.png,211717,off-black,black,secondary,0.106,True,layer,84,9,1.4,B027-P006;B060-P003;B059-P001;B060-P002;B042-P015;B023-P013;B042-P016;B042-P017,B061-P001;B042-P018;B030-P010;B061-P004;B055-P009;B027-P007;B055-P014;B054-P007
content/swipe/fashion shows ss27/IMG_0858.png,211717,off-black,black,secondary,0.106,True,top,62,20,2.4,B007-P001;B062-P001;B031-P002;B034-P002;B058-P003;B021-P005;B028-P013;B041-P009,B062-P011;B025-P003;B021-P006;B042-P026;B031-P006;B045-P002;B058-P007;B031-P008
content/swipe/fashion shows ss27/IMG_0858.png,211717,off-black,black,secondary,0.106,True,bottom,26,3,4.6,B052-P006;B015-P005;B020-P004;B020-P003;B015-P002;B021-P015;B042-P022;B019-P001,B049-P001;B050-P003;B048-P004
content/swipe/fashion shows ss27/IMG_0858.png,211717,off-black,black,secondary,0.106,True,dress,10,0,2.0,B041-P006;B033-P004;B042-P010;B041-P007;B042-P014;B042-P011;B042-P021;B042-P030,
content/swipe/fashion shows ss27/IMG_0858.png,211717,off-black,black,secondary,0.106,True,shoes,5,4,0.3,B001-P004;B009-P004;B039-P003;B029-P002;B037-P004,B053-P001;B055-P001;B001-P002;B009-P002
content/swipe/fashion shows ss27/IMG_0858.png,211717,off-black,black,secondary,0.106,True,bag,6,0,3.1,B054-P003;B053-P005;B043-P005;B056-P004;B043-P006;B053-P004,
content/swipe/fashion shows ss27/IMG_0858.png,211717,off-black,black,secondary,0.106,True,accessory,8,2,3.1,B031-P009;B032-P001;B021-P001;B019-P002;B021-P009;B031-P001;B055-P003;B025-P008,B020-P006;B037-P009
content/swipe/fashion shows ss27/IMG_0858.png,211717,off-black,black,secondary,0.106,True,base,4,1,3.4,B003-P001;B062-P007;B062-P008;B005-P001,B002-P001
content/swipe/fashion shows ss27/IMG_0858.png,211717,off-black,black,secondary,0.106,True,multiple,90,13,2.1,B032-P003;B023-P017;B056-P006;B042-P006;B026-P011;B033-P005;B022-P005;B027-P011,B023-P010;B023-P011;B022-P013;B022-P015;B045-P001;B044-P011;B022-P022;B021-P026
content/swipe/fashion shows ss27/IMG_0859.png,18181F,navy,blue,dominant,0.371,True,layer,80,11,1.7,B011-P005;B035-P003;B035-P002;B037-P006;B017-P001;B030-P009;B037-P002;B055-P008,B021-P002;B041-P004;B027-P008;B015-P003;B013-P001;B027-P007;B055-P014;B021-P027
content/swipe/fashion shows ss27/IMG_0859.png,18181F,navy,blue,dominant,0.371,True,top,61,16,1.7,B018-P001;B031-P003;B007-P003;B031-P007;B059-P008;B012-P003;B055-P005;B031-P004,B016-P003;B058-P007;B059-P003;B041-P008;B052-P002;B054-P005;B026-P010;B045-P002
content/swipe/fashion shows ss27/IMG_0859.png,18181F,navy,blue,dominant,0.371,True,bottom,24,4,1.4,B021-P003;B011-P001;B011-P002;B015-P002;B044-P018;B056-P001;B015-P001;B042-P040,B016-P001;B018-P002;B021-P011;B021-P010
content/swipe/fashion shows ss27/IMG_0859.png,18181F,navy,blue,dominant,0.371,True,dress,10,0,2.6,B042-P011;B042-P021;B041-P002;B042-P014;B042-P030;B033-P004;B042-P010;B042-P031,
content/swipe/fashion shows ss27/IMG_0859.png,18181F,navy,blue,dominant,0.371,True,shoes,5,4,7.2,B001-P004;B009-P004;B039-P003;B037-P004;B053-P001,B001-P002;B009-P002;B029-P002;B055-P001
content/swipe/fashion shows ss27/IMG_0859.png,18181F,navy,blue,dominant,0.371,True,bag,6,0,4.9,B053-P005;B043-P006;B043-P005;B056-P004;B053-P004;B054-P003,
content/swipe/fashion shows ss27/IMG_0859.png,18181F,navy,blue,dominant,0.371,True,accessory,6,3,3.0,B019-P002;B031-P001;B021-P001;B031-P009;B032-P001;B055-P003,B021-P009;B020-P006;B025-P008
content/swipe/fashion shows ss27/IMG_0859.png,18181F,navy,blue,dominant,0.371,True,base,4,0,6.4,B062-P008;B005-P001;B062-P007;B003-P001,
content/swipe/fashion shows ss27/IMG_0859.png,18181F,navy,blue,dominant,0.371,True,multiple,81,17,1.4,B022-P012;B026-P003;B022-P011;B023-P008;B024-P005;B026-P001;B026-P002;B047-P004,B024-P006;B033-P002;B049-P003;B036-P003;B044-P011;B046-P009;B026-P007;B023-P001
content/swipe/fashion shows ss27/IMG_0859.png,323339,dark grey,grey,secondary,0.356,False,layer,80,15,1.2,B062-P014;B019-P003;B054-P001;B019-P004;B019-P005;B053-P006;B012-P004;B012-P002,B042-P013;B042-P037;B060-P003;B012-P001;B054-P002;B054-P006;B021-P022;B021-P002
content/swipe/fashion shows ss27/IMG_0859.png,323339,dark grey,grey,secondary,0.356,False,top,61,18,2.6,B060-P001;B045-P003;B062-P015;B008-P002;B028-P007;B058-P007;B027-P002;B034-P002,B062-P004;B007-P001;B052-P002;B059-P003;B041-P009;B057-P001;B021-P024;B026-P010
content/swipe/fashion shows ss27/IMG_0859.png,323339,dark grey,grey,secondary,0.356,False,bottom,21,9,2.7,B015-P002;B015-P001;B020-P001;B049-P001;B044-P018;B011-P002;B041-P003;B056-P001,B042-P023;B042-P033;B048-P003;B015-P005;B018-P002;B021-P011;B016-P001;B021-P010
content/swipe/fashion shows ss27/IMG_0859.png,323339,dark grey,grey,secondary,0.356,False,dress,9,1,6.7,B042-P031;B042-P014;B033-P004;B041-P002;B042-P011;B041-P006;B041-P007;B042-P021,B042-P010
content/swipe/fashion shows ss27/IMG_0859.png,323339,dark grey,grey,secondary,0.356,False,shoes,8,2,3.3,B037-P004;B053-P001;B001-P004;B009-P004;B029-P002;B039-P003;B001-P002;B009-P002,B062-P017;B055-P001
content/swipe/fashion shows ss27/IMG_0859.png,323339,dark grey,grey,secondary,0.356,False,bag,6,0,4.2,B056-P004;B053-P004;B043-P005;B053-P005;B043-P006;B054-P003,
content/swipe/fashion shows ss27/IMG_0859.png,323339,dark grey,grey,secondary,0.356,False,accessory,7,5,4.6,B021-P001;B019-P002;B055-P003;B031-P009;B032-P001;B031-P001;B037-P009,B020-P006;B021-P009;B001-P003;B009-P003;B025-P008
content/swipe/fashion shows ss27/IMG_0859.png,323339,dark grey,grey,secondary,0.356,False,base,3,2,3.7,B005-P001;B062-P007;B062-P008,B003-P001;B002-P001
content/swipe/fashion shows ss27/IMG_0859.png,323339,dark grey,grey,secondary,0.356,False,multiple,89,16,1.7,B046-P004;B022-P012;B018-P003;B044-P013;B046-P010;B022-P004;B026-P008;B022-P017,B032-P003;B042-P007;B044-P016;B046-P001;B022-P020;B023-P016;B016-P004;B006-P001
content/swipe/fashion shows ss27/IMG_0859.png,525355,dark grey,grey,secondary,0.219,False,layer,30,50,2.4,B043-P001;B054-P002;B053-P006;B027-P007;B038-P001;B042-P035;B062-P014;B037-P007,B055-P008;B019-P003;B019-P004;B061-P002;B042-P017;B019-P005;B059-P001;B012-P002
content/swipe/fashion shows ss27/IMG_0859.png,525355,dark grey,grey,secondary,0.219,False,top,20,52,3.6,B008-P002;B030-P002;B054-P005;B057-P005;B039-P002;B031-P006;B034-P002;B058-P007,B031-P005;B027-P002;B060-P001;B055-P004;B045-P003;B028-P007;B027-P004;B045-P002
content/swipe/fashion shows ss27/IMG_0859.png,525355,dark grey,grey,secondary,0.219,False,bottom,3,18,5.5,B048-P003;B049-P001;B020-P003,B015-P001;B015-P002;B042-P041;B020-P001;B052-P005;B048-P004;B041-P003;B044-P018
content/swipe/fashion shows ss27/IMG_0859.png,525355,dark grey,grey,secondary,0.219,False,dress,0,6,15.5,,B041-P006;B042-P031;B041-P007;B033-P004;B042-P014;B041-P002
content/swipe/fashion shows ss27/IMG_0859.png,525355,dark grey,grey,secondary,0.219,False,shoes,6,4,4.7,B062-P017;B001-P004;B009-P004;B053-P001;B037-P004;B029-P002,B039-P003;B001-P002;B009-P002;B055-P001
content/swipe/fashion shows ss27/IMG_0859.png,525355,dark grey,grey,secondary,0.219,False,bag,1,4,6.3,B056-P004,B053-P005;B043-P005;B053-P004;B054-P003
content/swipe/fashion shows ss27/IMG_0859.png,525355,dark grey,grey,secondary,0.219,False,accessory,5,6,2.3,B037-P009;B021-P001;B055-P003;B019-P002;B037-P008,B031-P009;B032-P001;B001-P003;B009-P003;B020-P006;B021-P009
content/swipe/fashion shows ss27/IMG_0859.png,525355,dark grey,grey,secondary,0.219,False,base,0,5,12.9,,B002-P001;B062-P008;B005-P001;B062-P007;B003-P001
content/swipe/fashion shows ss27/IMG_0859.png,525355,dark grey,grey,secondary,0.219,False,multiple,44,56,2.0,B053-P002;B044-P009;B023-P015;B024-P004;B044-P016;B052-P007;B036-P007;B028-P010,B044-P002;B022-P004;B042-P019;B026-P004;B026-P008;B044-P017;B026-P001;B022-P001
content/swipe/fashion shows ss27/IMG_0860.png,200D17,oxblood,red,dominant,0.348,True,layer,40,47,6.0,B060-P002;B060-P003;B027-P006;B008-P003;B059-P001;B015-P003;B021-P022;B042-P015,B021-P020;B040-P003;B056-P003;B037-P005;B042-P020;B040-P002;B042-P037;B048-P001
content/swipe/fashion shows ss27/IMG_0860.png,200D17,oxblood,red,dominant,0.348,True,top,38,35,3.1,B021-P012;B021-P005;B021-P023;B034-P002;B055-P005;B021-P004;B007-P001;B055-P004,B030-P001;B037-P003;B062-P002;B039-P007;B057-P005;B010-P004;B028-P012;B031-P004
content/swipe/fashion shows ss27/IMG_0860.png,200D17,oxblood,red,dominant,0.348,True,bottom,14,15,3.2,B015-P005;B016-P001;B018-P002;B021-P011;B052-P006;B015-P002;B021-P003;B056-P001,B019-P001;B042-P033;B042-P022;B020-P001;B020-P004;B044-P018;B020-P003;B021-P015
content/swipe/fashion shows ss27/IMG_0860.png,200D17,oxblood,red,dominant,0.348,True,dress,7,3,8.9,B033-P004;B041-P006;B042-P010;B042-P011;B042-P021;B041-P007;B042-P030,B042-P014;B042-P031;B041-P002
content/swipe/fashion shows ss27/IMG_0860.png,200D17,oxblood,red,dominant,0.348,True,shoes,2,5,6.9,B001-P004;B009-P004,B039-P003;B055-P001;B029-P002;B037-P004;B053-P001
content/swipe/fashion shows ss27/IMG_0860.png,200D17,oxblood,red,dominant,0.348,True,bag,4,2,9.8,B054-P003;B053-P005;B043-P006;B043-P005,B056-P004;B053-P004
content/swipe/fashion shows ss27/IMG_0860.png,200D17,oxblood,red,dominant,0.348,True,accessory,7,2,5.7,B021-P009;B031-P009;B032-P001;B019-P002;B020-P006;B025-P008;B021-P001,B031-P001;B055-P003
content/swipe/fashion shows ss27/IMG_0860.png,200D17,oxblood,red,dominant,0.348,True,base,3,2,9.1,B003-P001;B062-P007;B062-P008,B005-P001;B002-P001
content/swipe/fashion shows ss27/IMG_0860.png,200D17,oxblood,red,dominant,0.348,True,multiple,44,55,6.8,B032-P003;B033-P002;B046-P009;B036-P003;B022-P005;B016-P004;B023-P017;B024-P001,B034-P004;B042-P005;B026-P004;B042-P012;B049-P002;B030-P006;B043-P007;B019-P006
content/swipe/fashion shows ss27/IMG_0860.png,43293C,plum,purple,secondary,0.347,True,layer,5,83,6.6,B060-P002;B013-P001;B060-P003;B015-P003;B008-P003,B060-P004;B058-P001;B059-P001;B061-P001;B019-P003;B019-P005;B023-P012;B030-P008
content/swipe/fashion shows ss27/IMG_0860.png,43293C,plum,purple,secondary,0.347,True,top,14,62,6.2,B053-P003;B021-P006;B021-P023;B062-P010;B034-P002;B062-P009;B021-P012;B062-P011,B021-P024;B055-P005;B018-P001;B059-P008;B027-P002;B021-P004;B021-P005;B008-P002
content/swipe/fashion shows ss27/IMG_0860.png,43293C,plum,purple,secondary,0.347,True,bottom,7,21,8.5,B016-P001;B018-P002;B021-P003;B015-P005;B021-P011;B021-P010;B015-P002,B056-P001;B049-P001;B011-P002;B020-P001;B044-P018;B011-P001;B052-P006;B020-P004
content/swipe/fashion shows ss27/IMG_0860.png,43293C,plum,purple,secondary,0.347,True,dress,1,9,10.0,B041-P006,B033-P004;B041-P007;B042-P031;B042-P011;B042-P010;B042-P014;B042-P021;B041-P002
content/swipe/fashion shows ss27/IMG_0860.png,43293C,plum,purple,secondary,0.347,True,shoes,0,9,13.6,,B001-P004;B009-P004;B055-P001;B037-P004;B039-P003;B053-P001;B029-P002;B001-P002
content/swipe/fashion shows ss27/IMG_0860.png,43293C,plum,purple,secondary,0.347,True,bag,1,5,9.7,B053-P005,B043-P005;B054-P003;B053-P004;B056-P004;B043-P006
content/swipe/fashion shows ss27/IMG_0860.png,43293C,plum,purple,secondary,0.347,True,accessory,4,6,3.2,B020-P006;B021-P009;B031-P009;B032-P001,B019-P002;B025-P008;B021-P001;B031-P001;B037-P009;B055-P003
content/swipe/fashion shows ss27/IMG_0860.png,43293C,plum,purple,secondary,0.347,True,base,3,2,8.7,B005-P001;B002-P001;B062-P008,B062-P007;B003-P001
content/swipe/fashion shows ss27/IMG_0860.png,43293C,plum,purple,secondary,0.347,True,multiple,9,92,4.2,B016-P004;B033-P002;B046-P001;B024-P006;B046-P009;B032-P003;B056-P005;B022-P005,B022-P007;B026-P007;B034-P001;B026-P004;B022-P015;B026-P001;B024-P002;B050-P001
content/swipe/fashion shows ss27/IMG_0860.png,532315,rust,orange,accent,0.143,True,layer,4,40,4.3,B042-P018;B015-P003;B013-P001;B021-P022,B021-P002;B021-P027;B060-P002;B042-P016;B059-P001;B054-P007;B028-P002;B042-P015
content/swipe/fashion shows ss27/IMG_0860.png,532315,rust,orange,accent,0.143,True,top,20,38,2.3,B031-P008;B050-P004;B058-P004;B041-P008;B025-P003;B021-P005;B042-P001;B040-P001,B032-P004;B045-P002;B021-P004;B021-P006;B059-P006;B051-P004;B028-P012;B021-P023
content/swipe/fashion shows ss27/IMG_0860.png,532315,rust,orange,accent,0.143,True,bottom,4,9,2.9,B050-P003;B021-P010;B021-P011;B021-P003,B018-P002;B016-P001;B052-P004;B052-P003;B015-P005;B020-P003;B020-P004;B015-P002
content/swipe/fashion shows ss27/IMG_0860.png,532315,rust,orange,accent,0.143,True,dress,0,4,12.0,,B041-P006;B041-P007;B042-P010;B033-P004
content/swipe/fashion shows ss27/IMG_0860.png,532315,rust,orange,accent,0.143,True,shoes,1,4,5.2,B055-P001,B039-P003;B029-P002;B001-P004;B009-P004
content/swipe/fashion shows ss27/IMG_0860.png,532315,rust,orange,accent,0.143,True,bag,1,2,10.9,B054-P003,B043-P005;B056-P004
content/swipe/fashion shows ss27/IMG_0860.png,532315,rust,orange,accent,0.143,True,accessory,1,4,3.4,B025-P008,B031-P009;B032-P001;B021-P009;B020-P006
content/swipe/fashion shows ss27/IMG_0860.png,532315,rust,orange,accent,0.143,True,base,1,5,6.5,B003-P001,B005-P001;B002-P001;B062-P008;B026-P009;B062-P007
content/swipe/fashion shows ss27/IMG_0860.png,532315,rust,orange,accent,0.143,True,multiple,12,49,3.5,B045-P001;B022-P015;B036-P003;B022-P022;B042-P007;B023-P001;B032-P003;B022-P007,B024-P002;B046-P009;B024-P006;B021-P026;B036-P001;B020-P005;B022-P005;B006-P001
content/swipe/fashion shows ss27/IMG_0860.png,37100F,off-black,black,accent,0.119,True,layer,7,72,6.0,B015-P003;B013-P001;B042-P018;B021-P022;B060-P003;B060-P002;B008-P003,B027-P006;B042-P017;B021-P002;B042-P016;B059-P001;B023-P013;B028-P002;B042-P015
content/swipe/fashion shows ss27/IMG_0860.png,37100F,off-black,black,accent,0.119,True,top,21,52,3.3,B031-P007;B021-P005;B021-P006;B058-P004;B041-P008;B021-P004;B031-P008;B021-P024,B055-P002;B027-P003;B030-P004;B034-P002;B028-P013;B062-P001;B058-P003;B041-P009
content/swipe/fashion shows ss27/IMG_0860.png,37100F,off-black,black,accent,0.119,True,bottom,7,16,3.6,B021-P003;B021-P010;B021-P011;B018-P002;B016-P001;B015-P005;B050-P003,B052-P006;B020-P004;B020-P003;B015-P002;B020-P001;B042-P022;B021-P015;B019-P001
content/swipe/fashion shows ss27/IMG_0860.png,37100F,off-black,black,accent,0.119,True,dress,3,7,10.8,B041-P006;B041-P007;B042-P010,B033-P004;B042-P014;B042-P021;B042-P030;B042-P031;B042-P011;B041-P002
content/swipe/fashion shows ss27/IMG_0860.png,37100F,off-black,black,accent,0.119,True,shoes,1,5,8.6,B055-P001,B001-P004;B009-P004;B039-P003;B029-P002;B037-P004
content/swipe/fashion shows ss27/IMG_0860.png,37100F,off-black,black,accent,0.119,True,bag,0,6,12.9,,B054-P003;B043-P005;B053-P005;B053-P004;B056-P004;B043-P006
content/swipe/fashion shows ss27/IMG_0860.png,37100F,off-black,black,accent,0.119,True,accessory,3,4,2.2,B025-P008;B021-P009;B020-P006,B031-P009;B032-P001;B019-P002;B021-P001
content/swipe/fashion shows ss27/IMG_0860.png,37100F,off-black,black,accent,0.119,True,base,1,5,9.5,B003-P001,B005-P001;B062-P008;B062-P007;B002-P001;B026-P009
content/swipe/fashion shows ss27/IMG_0860.png,37100F,off-black,black,accent,0.119,True,multiple,16,76,3.8,B022-P022;B046-P009;B022-P015;B036-P003;B045-P001;B033-P002;B023-P001;B022-P005,B022-P021;B023-P006;B023-P017;B056-P006;B042-P006;B036-P001;B026-P004;B019-P007
content/swipe/fashion shows ss27/IMG_0861.png,C9C0D0,lilac,purple,dominant,0.567,True,layer,2,13,10.3,B011-P006;B058-P005,B042-P020;B043-P002;B060-P006;B041-P004;B019-P004;B012-P002;B059-P002;B043-P004
content/swipe/fashion shows ss27/IMG_0861.png,C9C0D0,lilac,purple,dominant,0.567,True,top,14,25,6.2,B011-P007;B007-P001;B057-P003;B010-P005;B057-P006;B052-P002;B011-P008;B025-P001,B061-P005;B021-P004;B026-P010;B042-P027;B062-P003;B062-P002;B058-P007;B010-P003
content/swipe/fashion shows ss27/IMG_0861.png,C9C0D0,lilac,purple,dominant,0.567,True,bottom,4,8,9.0,B015-P004;B007-P002;B011-P002;B048-P002,B048-P003;B042-P038;B062-P021;B021-P011;B021-P010;B042-P039;B042-P041;B042-P040
content/swipe/fashion shows ss27/IMG_0861.png,C9C0D0,lilac,purple,dominant,0.567,True,dress,0,2,17.9,,B042-P032;B042-P010
content/swipe/fashion shows ss27/IMG_0861.png,C9C0D0,lilac,purple,dominant,0.567,True,shoes,0,1,13.1,,B062-P017
content/swipe/fashion shows ss27/IMG_0861.png,C9C0D0,lilac,purple,dominant,0.567,True,accessory,2,2,6.5,B025-P008;B045-P004,B020-P006;B037-P008
content/swipe/fashion shows ss27/IMG_0861.png,C9C0D0,lilac,purple,dominant,0.567,True,base,1,1,11.8,B062-P007,B004-P001
content/swipe/fashion shows ss27/IMG_0861.png,C9C0D0,lilac,purple,dominant,0.567,True,multiple,28,47,7.3,B053-P002;B044-P012;B025-P005;B023-P011;B046-P008;B057-P004;B023-P016;B022-P020,B006-P001;B021-P007;B022-P003;B023-P015;B023-P005;B024-P006;B033-P005;B042-P036
content/swipe/fashion shows ss27/IMG_0861.png,AA91A0,mauve,purple,secondary,0.23,True,layer,0,11,13.5,,B008-P003;B043-P002;B060-P006;B059-P002;B041-P004;B043-P003;B059-P001;B058-P005
content/swipe/fashion shows ss27/IMG_0861.png,AA91A0,mauve,purple,secondary,0.23,True,top,4,17,7.4,B028-P014;B021-P012;B007-P001;B057-P003,B011-P007;B021-P004;B025-P003;B052-P002;B016-P003;B016-P002;B055-P002;B058-P002
content/swipe/fashion shows ss27/IMG_0861.png,AA91A0,mauve,purple,secondary,0.23,True,bottom,0,5,15.4,,B007-P002;B021-P010;B048-P002;B021-P011;B044-P010
content/swipe/fashion shows ss27/IMG_0861.png,AA91A0,mauve,purple,secondary,0.23,True,dress,0,2,17.0,,B042-P010;B042-P032
content/swipe/fashion shows ss27/IMG_0861.png,AA91A0,mauve,purple,secondary,0.23,True,shoes,0,3,14.8,,B001-P004;B009-P004;B062-P017
content/swipe/fashion shows ss27/IMG_0861.png,AA91A0,mauve,purple,secondary,0.23,True,accessory,0,3,13.6,,B037-P009;B037-P008;B025-P008
content/swipe/fashion shows ss27/IMG_0861.png,AA91A0,mauve,purple,secondary,0.23,True,base,0,4,15.6,,B005-P001;B003-P001;B004-P001;B062-P007
content/swipe/fashion shows ss27/IMG_0861.png,AA91A0,mauve,purple,secondary,0.23,True,multiple,1,55,11.6,B023-P015,B006-P001;B044-P015;B018-P003;B050-P001;B023-P009;B022-P015;B023-P017;B023-P014
content/swipe/fashion shows ss27/IMG_0861.png,591A19,rust,orange,accent,0.127,True,layer,3,25,9.0,B042-P018;B015-P003;B013-P001,B060-P003;B060-P002;B021-P022;B059-P001;B008-P003;B042-P016;B021-P002;B028-P002
content/swipe/fashion shows ss27/IMG_0861.png,591A19,rust,orange,accent,0.127,True,top,19,27,2.9,B058-P004;B050-P004;B031-P008;B021-P005;B058-P006;B062-P009;B031-P007;B059-P008,B052-P002;B053-P003;B026-P010;B045-P003;B021-P004;B021-P023;B062-P010;B041-P009
content/swipe/fashion shows ss27/IMG_0861.png,591A19,rust,orange,accent,0.127,True,bottom,4,5,6.9,B021-P010;B021-P003;B050-P003;B021-P011,B018-P002;B016-P001;B015-P005;B052-P004;B052-P003
content/swipe/fashion shows ss27/IMG_0861.png,591A19,rust,orange,accent,0.127,True,dress,0,4,13.6,,B041-P006;B041-P007;B042-P010;B033-P004
content/swipe/fashion shows ss27/IMG_0861.png,591A19,rust,orange,accent,0.127,True,shoes,1,4,8.2,B055-P001,B039-P003;B001-P004;B009-P004;B029-P002
content/swipe/fashion shows ss27/IMG_0861.png,591A19,rust,orange,accent,0.127,True,bag,0,1,14.4,,B054-P003
content/swipe/fashion shows ss27/IMG_0861.png,591A19,rust,orange,accent,0.127,True,accessory,1,4,3.0,B025-P008,B021-P009;B020-P006;B031-P009;B032-P001
content/swipe/fashion shows ss27/IMG_0861.png,591A19,rust,orange,accent,0.127,True,base,1,5,10.2,B003-P001,B026-P009;B005-P001;B002-P001;B062-P008;B062-P007
content/swipe/fashion shows ss27/IMG_0861.png,591A19,rust,orange,accent,0.127,True,multiple,6,29,2.2,B036-P003;B022-P015;B045-P001;B022-P022;B046-P009;B033-P002,B032-P003;B023-P001;B042-P007;B016-P004;B022-P007;B026-P007;B046-P001;B024-P006
content/swipe/fashion shows ss27/IMG_0862.png,1C1B1D,black,black,dominant,0.528,False,layer,83,10,0.9,B053-P006;B030-P009;B028-P003;B046-P003;B054-P001;B061-P002;B048-P001;B060-P006,B055-P014;B021-P027;B015-P003;B030-P010;B027-P007;B013-P001;B055-P009;B042-P018
content/swipe/fashion shows ss27/IMG_0862.png,1C1B1D,black,black,dominant,0.528,False,top,63,15,1.4,B027-P002;B042-P028;B031-P007;B042-P024;B054-P004;B014-P001;B028-P008;B042-P009,B041-P008;B026-P010;B052-P002;B025-P001;B054-P005;B031-P006;B011-P003;B057-P001
content/swipe/fashion shows ss27/IMG_0862.png,1C1B1D,black,black,dominant,0.528,False,bottom,23,6,1.8,B015-P002;B042-P022;B044-P018;B021-P003;B015-P001;B021-P015;B019-P001;B052-P006,B048-P004;B018-P002;B016-P001;B021-P011;B021-P010;B050-P003
content/swipe/fashion shows ss27/IMG_0862.png,1C1B1D,black,black,dominant,0.528,False,dress,10,0,1.9,B042-P014;B042-P011;B042-P031;B041-P002;B042-P021;B033-P004;B042-P030;B042-P010,
content/swipe/fashion shows ss27/IMG_0862.png,1C1B1D,black,black,dominant,0.528,False,shoes,6,3,5.3,B039-P003;B001-P004;B009-P004;B037-P004;B053-P001;B029-P002,B001-P002;B009-P002;B055-P001
content/swipe/fashion shows ss27/IMG_0862.png,1C1B1D,black,black,dominant,0.528,False,bag,6,0,2.3,B053-P005;B056-P004;B053-P004;B043-P006;B043-P005;B054-P003,
content/swipe/fashion shows ss27/IMG_0862.png,1C1B1D,black,black,dominant,0.528,False,accessory,6,4,3.4,B021-P001;B031-P001;B031-P009;B032-P001;B019-P002;B055-P003,B021-P009;B020-P006;B025-P008;B037-P009
content/swipe/fashion shows ss27/IMG_0862.png,1C1B1D,black,black,dominant,0.528,False,base,4,1,4.6,B062-P007;B005-P001;B062-P008;B003-P001,B002-P001
content/swipe/fashion shows ss27/IMG_0862.png,1C1B1D,black,black,dominant,0.528,False,multiple,83,19,0.9,B024-P007;B049-P002;B021-P008;B023-P003;B023-P015;B024-P005;B044-P007;B024-P001,B026-P007;B033-P002;B042-P007;B023-P011;B023-P001;B044-P011;B046-P009;B036-P003
content/swipe/fashion shows ss27/IMG_0862.png,F0EBDB,off-white,white,secondary,0.253,True,layer,11,8,2.2,B043-P004;B061-P003;B019-P004;B046-P003;B048-P001;B043-P002;B042-P020;B012-P002,B027-P008;B021-P016;B058-P005;B054-P006;B021-P017;B041-P004;B060-P006;B060-P002
content/swipe/fashion shows ss27/IMG_0862.png,F0EBDB,off-white,white,secondary,0.253,True,top,20,17,2.2,B033-P001;B042-P025;B058-P007;B062-P013;B062-P006;B010-P003;B062-P012;B038-P002,B062-P002;B011-P007;B042-P028;B062-P003;B010-P005;B057-P006;B042-P009;B059-P003
content/swipe/fashion shows ss27/IMG_0862.png,F0EBDB,off-white,white,secondary,0.253,True,bottom,9,5,3.1,B021-P010;B042-P039;B021-P011;B048-P003;B062-P021;B011-P002;B042-P038;B007-P002,B042-P041;B042-P040;B051-P001;B048-P002;B051-P002
content/swipe/fashion shows ss27/IMG_0862.png,F0EBDB,off-white,white,secondary,0.253,True,dress,1,0,0.8,B042-P032,
content/swipe/fashion shows ss27/IMG_0862.png,F0EBDB,off-white,white,secondary,0.253,True,shoes,0,2,15.0,,B062-P017;B053-P001
content/swipe/fashion shows ss27/IMG_0862.png,F0EBDB,off-white,white,secondary,0.253,True,accessory,3,0,7.2,B020-P006;B045-P004;B025-P008,
content/swipe/fashion shows ss27/IMG_0862.png,F0EBDB,off-white,white,secondary,0.253,True,base,1,1,4.8,B004-P001,B062-P007
content/swipe/fashion shows ss27/IMG_0862.png,F0EBDB,off-white,white,secondary,0.253,True,multiple,40,28,1.2,B023-P005;B036-P002;B036-P009;B023-P016;B023-P002;B044-P014;B042-P036;B022-P003,B043-P007;B062-P020;B024-P003;B022-P006;B026-P007;B044-P020;B022-P020;B023-P009
content/swipe/fashion shows ss27/IMG_0862.png,9E988D,oatmeal,warm neutral,secondary,0.082,False,layer,10,21,3.4,B043-P002;B021-P018;B060-P006;B059-P002;B041-P004;B059-P001;B043-P003;B058-P005,B060-P005;B027-P008;B037-P007;B046-P003;B001-P001;B009-P001;B021-P013;B008-P003
content/swipe/fashion shows ss27/IMG_0862.png,9E988D,oatmeal,warm neutral,secondary,0.082,False,top,19,28,6.8,B025-P003;B016-P003;B031-P005;B030-P002;B059-P003;B042-P028;B062-P002;B058-P002,B042-P009;B029-P001;B062-P015;B062-P012;B016-P002;B038-P002;B062-P009;B021-P025
content/swipe/fashion shows ss27/IMG_0862.png,9E988D,oatmeal,warm neutral,secondary,0.082,False,bottom,6,14,6.7,B021-P010;B007-P002;B021-P011;B042-P040;B042-P041;B044-P010,B042-P038;B048-P003;B048-P002;B020-P003;B050-P003;B050-P002;B051-P002;B015-P004
content/swipe/fashion shows ss27/IMG_0862.png,9E988D,oatmeal,warm neutral,secondary,0.082,False,dress,2,0,8.0,B042-P032;B042-P010,
content/swipe/fashion shows ss27/IMG_0862.png,9E988D,oatmeal,warm neutral,secondary,0.082,False,shoes,2,3,10.1,B029-P002;B062-P017,B001-P004;B009-P004;B053-P001
content/swipe/fashion shows ss27/IMG_0862.png,9E988D,oatmeal,warm neutral,secondary,0.082,False,accessory,2,3,5.4,B037-P008;B037-P009,B025-P008;B045-P004;B019-P002
content/swipe/fashion shows ss27/IMG_0862.png,9E988D,oatmeal,warm neutral,secondary,0.082,False,base,1,3,11.7,B005-P001,B004-P001;B003-P001;B026-P009
content/swipe/fashion shows ss27/IMG_0862.png,9E988D,oatmeal,warm neutral,secondary,0.082,False,multiple,50,34,2.9,B033-P005;B062-P019;B025-P007;B020-P005;B036-P009;B043-P007;B026-P002;B021-P007,B024-P008;B023-P001;B042-P006;B026-P007;B044-P003;B046-P010;B039-P004;B022-P010
content/swipe/fashion shows ss27/IMG_0862.png,AF3135,brick,red,accent,0.077,True,layer,1,1,10.4,B015-P003,B060-P003
content/swipe/fashion shows ss27/IMG_0862.png,AF3135,brick,red,accent,0.077,True,top,13,5,4.5,B045-P002;B057-P001;B058-P006;B042-P008;B045-P003;B061-P005;B059-P008;B059-P007,B040-P001;B042-P001;B062-P009;B050-P004;B031-P008
content/swipe/fashion shows ss27/IMG_0862.png,AF3135,brick,red,accent,0.077,True,bottom,0,5,13.8,,B015-P004;B021-P003;B052-P003;B052-P004;B050-P002
content/swipe/fashion shows ss27/IMG_0862.png,AF3135,brick,red,accent,0.077,True,accessory,0,1,17.9,,B025-P008
content/swipe/fashion shows ss27/IMG_0862.png,AF3135,brick,red,accent,0.077,True,base,1,1,6.9,B026-P009,B002-P001
content/swipe/fashion shows ss27/IMG_0862.png,AF3135,brick,red,accent,0.077,True,multiple,1,4,4.4,B046-P001,B006-P001;B036-P003;B046-P006;B022-P014
content/swipe/fashion shows ss27/IMG_0863.png,161518,black,black,dominant,0.782,False,layer,82,9,0.7,B055-P008;B023-P012;B053-P006;B030-P009;B037-P006;B054-P001;B023-P013;B021-P019,B041-P004;B055-P014;B015-P003;B021-P027;B013-P001;B027-P007;B030-P010;B055-P009
content/swipe/fashion shows ss27/IMG_0863.png,161518,black,black,dominant,0.782,False,top,61,16,1.5,B042-P028;B031-P007;B042-P024;B054-P004;B039-P007;B027-P002;B008-P002;B007-P003,B041-P008;B045-P002;B026-P010;B052-P002;B058-P007;B025-P001;B011-P003;B054-P005
content/swipe/fashion shows ss27/IMG_0863.png,161518,black,black,dominant,0.782,False,bottom,23,5,1.2,B015-P002;B042-P040;B042-P038;B019-P001;B021-P003;B015-P001;B042-P023;B052-P006,B048-P004;B016-P001;B018-P002;B021-P011;B021-P010
content/swipe/fashion shows ss27/IMG_0863.png,161518,black,black,dominant,0.782,False,dress,10,0,0.9,B042-P011;B042-P021;B042-P030;B041-P002;B042-P014;B042-P010;B042-P031;B033-P004,
content/swipe/fashion shows ss27/IMG_0863.png,161518,black,black,dominant,0.782,False,shoes,6,3,6.0,B001-P004;B009-P004;B039-P003;B037-P004;B029-P002;B053-P001,B001-P002;B009-P002;B055-P001
content/swipe/fashion shows ss27/IMG_0863.png,161518,black,black,dominant,0.782,False,bag,6,0,2.3,B053-P005;B043-P006;B056-P004;B043-P005;B053-P004;B054-P003,
content/swipe/fashion shows ss27/IMG_0863.png,161518,black,black,dominant,0.782,False,accessory,6,3,2.5,B031-P001;B031-P009;B032-P001;B019-P002;B021-P001;B055-P003,B021-P009;B020-P006;B025-P008
content/swipe/fashion shows ss27/IMG_0863.png,161518,black,black,dominant,0.782,False,base,4,0,3.9,B062-P008;B062-P007;B005-P001;B003-P001,
content/swipe/fashion shows ss27/IMG_0863.png,161518,black,black,dominant,0.782,False,multiple,81,19,1.0,B026-P001;B024-P001;B024-P005;B022-P017;B023-P007;B024-P007;B036-P001;B021-P008,B049-P003;B024-P006;B033-P002;B023-P001;B036-P003;B042-P007;B026-P007;B023-P011
content/swipe/fashion shows ss27/IMG_0863.png,5F151A,rust,orange,accent,0.149,True,layer,3,18,11.1,B042-P018;B015-P003;B013-P001,B060-P003;B060-P002;B021-P022;B059-P001;B008-P003;B042-P016;B021-P002;B028-P002
content/swipe/fashion shows ss27/IMG_0863.png,5F151A,rust,orange,accent,0.149,True,top,12,29,5.0,B058-P004;B058-P006;B050-P004;B031-P008;B062-P009;B021-P005;B045-P002;B059-P008,B021-P024;B025-P003;B031-P002;B045-P003;B041-P008;B053-P003;B007-P003;B042-P001
content/swipe/fashion shows ss27/IMG_0863.png,5F151A,rust,orange,accent,0.149,True,bottom,4,5,8.2,B021-P003;B021-P010;B050-P003;B021-P011,B018-P002;B016-P001;B015-P005;B052-P004;B052-P003
content/swipe/fashion shows ss27/IMG_0863.png,5F151A,rust,orange,accent,0.149,True,dress,0,3,14.9,,B041-P006;B041-P007;B042-P010
content/swipe/fashion shows ss27/IMG_0863.png,5F151A,rust,orange,accent,0.149,True,shoes,1,3,10.0,B055-P001,B039-P003;B001-P004;B009-P004
content/swipe/fashion shows ss27/IMG_0863.png,5F151A,rust,orange,accent,0.149,True,bag,0,1,15.9,,B054-P003
content/swipe/fashion shows ss27/IMG_0863.png,5F151A,rust,orange,accent,0.149,True,accessory,1,4,4.9,B025-P008,B021-P009;B020-P006;B031-P009;B032-P001
content/swipe/fashion shows ss27/IMG_0863.png,5F151A,rust,orange,accent,0.149,True,base,0,6,12.0,,B003-P001;B026-P009;B005-P001;B002-P001;B062-P008;B062-P007
content/swipe/fashion shows ss27/IMG_0863.png,5F151A,rust,orange,accent,0.149,True,multiple,5,27,2.8,B036-P003;B022-P015;B022-P022;B045-P001;B046-P009,B046-P001;B033-P002;B032-P003;B016-P004;B042-P007;B022-P007;B023-P001;B026-P007
content/swipe/fashion shows ss27/IMG_0863.png,F9E8C8,butter,yellow,accent,0.063,True,layer,12,8,5.0,B046-P003;B048-P001;B043-P004;B027-P008;B001-P001;B009-P001;B061-P003;B021-P016,B042-P020;B012-P002;B011-P006;B060-P002;B041-P004;B058-P005;B021-P014;B060-P006
content/swipe/fashion shows ss27/IMG_0863.png,F9E8C8,butter,yellow,accent,0.063,True,top,14,26,4.3,B038-P002;B058-P007;B062-P006;B033-P001;B042-P025;B039-P001;B042-P024;B062-P013,B042-P028;B042-P009;B028-P014;B026-P010;B025-P001;B059-P003;B042-P029;B057-P002
content/swipe/fashion shows ss27/IMG_0863.png,F9E8C8,butter,yellow,accent,0.063,True,bottom,5,12,8.2,B021-P011;B021-P010;B042-P039;B048-P003;B042-P038,B007-P002;B062-P021;B011-P002;B042-P041;B042-P040;B015-P004;B051-P001;B051-P002
content/swipe/fashion shows ss27/IMG_0863.png,F9E8C8,butter,yellow,accent,0.063,True,dress,1,1,7.0,B042-P032,B042-P010
content/swipe/fashion shows ss27/IMG_0863.png,F9E8C8,butter,yellow,accent,0.063,True,shoes,0,2,16.0,,B053-P001;B062-P017
content/swipe/fashion shows ss27/IMG_0863.png,F9E8C8,butter,yellow,accent,0.063,True,accessory,0,3,12.7,,B020-P006;B045-P004;B025-P008
content/swipe/fashion shows ss27/IMG_0863.png,F9E8C8,butter,yellow,accent,0.063,True,base,1,1,9.7,B004-P001,B062-P007
content/swipe/fashion shows ss27/IMG_0863.png,F9E8C8,butter,yellow,accent,0.063,True,multiple,18,46,2.8,B046-P007;B036-P002;B023-P005;B023-P002;B023-P003;B022-P002;B052-P007;B044-P014,B045-P001;B022-P003;B033-P005;B036-P006;B042-P036;B062-P020;B026-P007;B049-P003
content/swipe/fashion shows ss27/IMG_0864.png,BE232F,brick,red,dominant,0.697,True,layer,1,0,10.7,B015-P003,
content/swipe/fashion shows ss27/IMG_0864.png,BE232F,brick,red,dominant,0.697,True,top,12,3,1.9,B045-P002;B045-P003;B061-P005;B042-P008;B057-P001;B059-P007;B059-P008;B058-P006,B016-P002;B040-P001;B042-P001
content/swipe/fashion shows ss27/IMG_0864.png,BE232F,brick,red,dominant,0.697,True,bottom,0,5,13.8,,B015-P004;B052-P004;B052-P003;B021-P003;B050-P002
content/swipe/fashion shows ss27/IMG_0864.png,BE232F,brick,red,dominant,0.697,True,base,1,1,9.8,B026-P009,B002-P001
content/swipe/fashion shows ss27/IMG_0864.png,BE232F,brick,red,dominant,0.697,True,multiple,1,2,7.0,B046-P001,B006-P001;B036-P003
content/swipe/fashion shows ss27/IMG_0864.png,811820,rust,orange,accent,0.109,True,layer,0,7,15.5,,B060-P003;B042-P018;B015-P003;B013-P001;B060-P002;B021-P014;B042-P016
content/swipe/fashion shows ss27/IMG_0864.png,811820,rust,orange,accent,0.109,True,top,8,24,2.9,B045-P002;B058-P006;B059-P008;B059-P006;B045-P003;B058-P004;B050-P004;B062-P009,B031-P008;B057-P001;B021-P005;B042-P001;B059-P007;B062-P011;B016-P002;B040-P001
content/swipe/fashion shows ss27/IMG_0864.png,811820,rust,orange,accent,0.109,True,bottom,1,6,10.4,B021-P003,B050-P003;B021-P010;B052-P004;B021-P011;B052-P003;B018-P002
content/swipe/fashion shows ss27/IMG_0864.png,811820,rust,orange,accent,0.109,True,dress,0,1,18.8,,B041-P006
content/swipe/fashion shows ss27/IMG_0864.png,811820,rust,orange,accent,0.109,True,shoes,0,1,14.1,,B055-P001
content/swipe/fashion shows ss27/IMG_0864.png,811820,rust,orange,accent,0.109,True,bag,0,1,19.1,,B054-P003
content/swipe/fashion shows ss27/IMG_0864.png,811820,rust,orange,accent,0.109,True,accessory,1,4,9.2,B025-P008,B021-P009;B020-P006;B031-P009;B032-P001
content/swipe/fashion shows ss27/IMG_0864.png,811820,rust,orange,accent,0.109,True,base,1,3,7.6,B026-P009,B003-P001;B002-P001;B005-P001
content/swipe/fashion shows ss27/IMG_0864.png,811820,rust,orange,accent,0.109,True,multiple,3,14,6.5,B046-P001;B036-P003;B022-P015,B045-P001;B022-P022;B006-P001;B032-P003;B022-P007;B026-P007;B022-P014;B042-P007
content/swipe/fashion shows ss27/IMG_0864.png,38181C,oxblood,red,accent,0.106,True,layer,13,76,3.1,B015-P003;B013-P001;B060-P002;B021-P022;B008-P003;B060-P003;B042-P018;B027-P006,B028-P002;B042-P015;B023-P012;B040-P003;B001-P001;B009-P001;B021-P020;B055-P008
content/swipe/fashion shows ss27/IMG_0864.png,38181C,oxblood,red,accent,0.106,True,top,26,52,4.2,B021-P006;B021-P005;B021-P023;B031-P007;B021-P004;B021-P012;B052-P002;B041-P008,B028-P013;B062-P001;B055-P005;B027-P001;B027-P002;B041-P009;B059-P004;B028-P012
content/swipe/fashion shows ss27/IMG_0864.png,38181C,oxblood,red,accent,0.106,True,bottom,7,20,2.3,B018-P002;B021-P003;B016-P001;B021-P010;B021-P011;B015-P005;B050-P003,B015-P002;B052-P006;B020-P004;B020-P001;B020-P003;B056-P001;B011-P002;B042-P022
content/swipe/fashion shows ss27/IMG_0864.png,38181C,oxblood,red,accent,0.106,True,dress,4,6,8.1,B041-P006;B041-P007;B042-P010;B033-P004,B042-P031;B042-P014;B042-P011;B042-P021;B042-P030;B041-P002
content/swipe/fashion shows ss27/IMG_0864.png,38181C,oxblood,red,accent,0.106,True,shoes,3,4,8.5,B055-P001;B001-P004;B009-P004,B039-P003;B029-P002;B037-P004;B053-P001
content/swipe/fashion shows ss27/IMG_0864.png,38181C,oxblood,red,accent,0.106,True,bag,1,5,11.8,B054-P003,B043-P005;B053-P005;B053-P004;B056-P004;B043-P006
content/swipe/fashion shows ss27/IMG_0864.png,38181C,oxblood,red,accent,0.106,True,accessory,5,3,3.6,B021-P009;B025-P008;B020-P006;B031-P009;B032-P001,B019-P002;B021-P001;B031-P001
content/swipe/fashion shows ss27/IMG_0864.png,38181C,oxblood,red,accent,0.106,True,base,4,1,9.4,B003-P001;B005-P001;B062-P008;B062-P007,B002-P001
content/swipe/fashion shows ss27/IMG_0864.png,38181C,oxblood,red,accent,0.106,True,multiple,20,83,1.8,B046-P009;B033-P002;B036-P003;B016-P004;B022-P015;B022-P005;B022-P022;B023-P001,B042-P006;B026-P004;B034-P001;B019-P007;B044-P017;B036-P001;B026-P011;B033-P005
content/swipe/fashion shows ss27/IMG_0864.png,5E1A20,oxblood,red,accent,0.088,True,layer,4,17,10.3,B013-P001;B015-P003;B042-P018;B060-P003,B060-P002;B021-P022;B059-P001;B008-P003;B042-P016;B028-P002;B042-P015;B021-P002
content/swipe/fashion shows ss27/IMG_0864.png,5E1A20,oxblood,red,accent,0.088,True,top,15,28,5.5,B058-P004;B062-P009;B058-P006;B050-P004;B031-P008;B021-P005;B021-P006;B059-P006,B025-P003;B052-P002;B041-P008;B007-P003;B045-P003;B021-P023;B042-P001;B040-P001
content/swipe/fashion shows ss27/IMG_0864.png,5E1A20,oxblood,red,accent,0.088,True,bottom,4,5,6.7,B021-P003;B021-P010;B021-P011;B050-P003,B018-P002;B016-P001;B015-P005;B052-P003;B052-P004
content/swipe/fashion shows ss27/IMG_0864.png,5E1A20,oxblood,red,accent,0.088,True,dress,0,4,14.0,,B041-P006;B041-P007;B042-P010;B033-P004
content/swipe/fashion shows ss27/IMG_0864.png,5E1A20,oxblood,red,accent,0.088,True,shoes,1,3,9.6,B055-P001,B039-P003;B001-P004;B009-P004
content/swipe/fashion shows ss27/IMG_0864.png,5E1A20,oxblood,red,accent,0.088,True,bag,0,1,15.6,,B054-P003
content/swipe/fashion shows ss27/IMG_0864.png,5E1A20,oxblood,red,accent,0.088,True,accessory,1,4,5.0,B025-P008,B020-P006;B021-P009;B031-P009;B032-P001
content/swipe/fashion shows ss27/IMG_0864.png,5E1A20,oxblood,red,accent,0.088,True,base,1,5,11.7,B003-P001,B026-P009;B005-P001;B002-P001;B062-P008;B062-P007
content/swipe/fashion shows ss27/IMG_0864.png,5E1A20,oxblood,red,accent,0.088,True,multiple,5,29,1.9,B036-P003;B022-P015;B022-P022;B045-P001;B046-P009,B016-P004;B033-P002;B032-P003;B046-P001;B022-P007;B042-P007;B026-P007;B023-P001
content/swipe/fashion shows ss27/IMG_0865.png,2A272A,black,black,dominant,0.48,False,layer,87,8,2.0,B012-P002;B030-P008;B023-P012;B053-P006;B060-P006;B019-P004;B012-P004;B043-P001,B013-P001;B015-P003;B021-P027;B041-P005;B054-P002;B042-P018;B054-P007;B043-P003
content/swipe/fashion shows ss27/IMG_0865.png,2A272A,black,black,dominant,0.48,False,top,67,14,1.7,B008-P002;B062-P002;B062-P003;B045-P003;B027-P002;B028-P007;B058-P003;B060-P001,B041-P008;B025-P001;B011-P003;B062-P011;B059-P005;B057-P006;B057-P001;B059-P006
content/swipe/fashion shows ss27/IMG_0865.png,2A272A,black,black,dominant,0.48,False,bottom,23,7,2.1,B020-P001;B015-P002;B044-P018;B011-P002;B020-P004;B021-P003;B042-P022;B041-P003,B018-P002;B048-P004;B016-P001;B021-P011;B021-P010;B048-P003;B050-P003
content/swipe/fashion shows ss27/IMG_0865.png,2A272A,black,black,dominant,0.48,False,dress,10,0,3.7,B042-P031;B033-P004;B042-P014;B041-P006;B042-P011;B041-P002;B041-P007;B042-P021,
content/swipe/fashion shows ss27/IMG_0865.png,2A272A,black,black,dominant,0.48,False,shoes,6,4,5.3,B037-P004;B039-P003;B001-P004;B009-P004;B053-P001;B029-P002,B001-P002;B009-P002;B055-P001;B062-P017
content/swipe/fashion shows ss27/IMG_0865.png,2A272A,black,black,dominant,0.48,False,bag,6,0,2.7,B043-P005;B053-P004;B056-P004;B053-P005;B054-P003;B043-P006,
content/swipe/fashion shows ss27/IMG_0865.png,2A272A,black,black,dominant,0.48,False,accessory,7,3,1.5,B021-P001;B019-P002;B031-P009;B032-P001;B031-P001;B055-P003;B021-P009,B020-P006;B037-P009;B025-P008
content/swipe/fashion shows ss27/IMG_0865.png,2A272A,black,black,dominant,0.48,False,base,4,1,3.2,B062-P007;B005-P001;B062-P008;B003-P001,B002-P001
content/swipe/fashion shows ss27/IMG_0865.png,2A272A,black,black,dominant,0.48,False,multiple,91,15,1.4,B023-P002;B052-P007;B022-P004;B022-P001;B028-P010;B024-P003;B019-P006;B023-P004,B016-P004;B036-P003;B023-P001;B022-P020;B046-P001;B006-P001;B053-P002;B020-P005
content/swipe/fashion shows ss27/IMG_0865.png,110E0E,black,black,secondary,0.309,False,layer,81,10,0.9,B061-P003;B042-P016;B021-P020;B042-P042;B042-P013;B021-P019;B042-P037;B023-P012,B041-P004;B061-P001;B021-P027;B055-P014;B015-P003;B013-P001;B030-P010;B027-P007
content/swipe/fashion shows ss27/IMG_0865.png,110E0E,black,black,secondary,0.309,False,top,60,15,0.8,B008-P002;B042-P024;B054-P004;B042-P028;B021-P024;B039-P007;B055-P006;B042-P009,B042-P026;B061-P005;B026-P010;B045-P002;B052-P002;B058-P007;B025-P001;B054-P005
content/swipe/fashion shows ss27/IMG_0865.png,110E0E,black,black,secondary,0.309,False,bottom,22,7,1.5,B042-P038;B042-P040;B042-P023;B052-P006;B019-P001;B042-P033;B044-P019;B015-P002,B049-P001;B018-P002;B016-P001;B021-P011;B048-P004;B021-P010;B050-P003
content/swipe/fashion shows ss27/IMG_0865.png,110E0E,black,black,secondary,0.309,False,dress,10,0,1.2,B042-P030;B042-P010;B042-P021;B042-P011;B041-P002;B042-P014;B041-P006;B033-P004,
content/swipe/fashion shows ss27/IMG_0865.png,110E0E,black,black,secondary,0.309,False,shoes,3,6,5.8,B001-P004;B009-P004;B039-P003,B029-P002;B037-P004;B053-P001;B001-P002;B009-P002;B055-P001
content/swipe/fashion shows ss27/IMG_0865.png,110E0E,black,black,secondary,0.309,False,bag,6,0,1.6,B043-P005;B056-P004;B043-P006;B053-P005;B054-P003;B053-P004,
content/swipe/fashion shows ss27/IMG_0865.png,110E0E,black,black,secondary,0.309,False,accessory,6,3,2.9,B031-P009;B032-P001;B031-P001;B055-P003;B021-P001;B019-P002,B021-P009;B025-P008;B020-P006
content/swipe/fashion shows ss27/IMG_0865.png,110E0E,black,black,secondary,0.309,False,base,4,0,1.6,B062-P008;B062-P007;B003-P001;B005-P001,
content/swipe/fashion shows ss27/IMG_0865.png,110E0E,black,black,secondary,0.309,False,multiple,78,21,0.7,B036-P001;B023-P007;B022-P016;B046-P004;B044-P001;B022-P017;B023-P006;B042-P012,B023-P001;B044-P013;B049-P003;B036-P003;B023-P010;B033-P002;B050-P001;B024-P006
content/swipe/fashion shows ss27/IMG_0865.png,B89D8F,tan,brown,secondary,0.156,True,layer,13,12,5.6,B041-P004;B021-P016;B021-P013;B021-P014;B048-P001;B046-P003;B054-P006;B043-P002,B001-P001;B009-P001;B021-P018;B027-P008;B058-P005;B059-P002;B043-P003;B008-P003
content/swipe/fashion shows ss27/IMG_0865.png,B89D8F,tan,brown,secondary,0.156,True,top,23,24,1.2,B021-P004;B016-P003;B028-P014;B030-P003;B050-P006;B058-P002;B030-P001;B021-P025,B062-P009;B011-P007;B038-P002;B062-P015;B021-P012;B042-P024;B010-P005;B028-P013
content/swipe/fashion shows ss27/IMG_0865.png,B89D8F,tan,brown,secondary,0.156,True,bottom,9,11,3.7,B007-P002;B021-P010;B042-P041;B042-P040;B021-P011;B050-P002;B050-P008;B051-P002,B050-P007;B051-P001;B050-P003;B042-P038;B044-P010;B015-P004;B011-P002;B048-P002
content/swipe/fashion shows ss27/IMG_0865.png,B89D8F,tan,brown,secondary,0.156,True,dress,2,0,3.3,B042-P010;B042-P032,
content/swipe/fashion shows ss27/IMG_0865.png,B89D8F,tan,brown,secondary,0.156,True,shoes,1,4,11.9,B029-P002,B053-P001;B001-P004;B009-P004;B062-P017
content/swipe/fashion shows ss27/IMG_0865.png,B89D8F,tan,brown,secondary,0.156,True,accessory,0,4,13.6,,B037-P008;B025-P008;B037-P009;B045-P004
content/swipe/fashion shows ss27/IMG_0865.png,B89D8F,tan,brown,secondary,0.156,True,base,2,3,6.1,B003-P001;B004-P001,B026-P009;B062-P007;B005-P001
content/swipe/fashion shows ss27/IMG_0865.png,B89D8F,tan,brown,secondary,0.156,True,multiple,49,31,5.0,B022-P018;B023-P011;B023-P014;B023-P010;B023-P009;B023-P017;B024-P005;B023-P008,B025-P007;B026-P003;B036-P008;B044-P015;B057-P004;B022-P010;B006-P001;B036-P006
content/swipe/fashion shows ss27/IMG_0866.png,D9D5D1,cream,warm neutral,dominant,0.784,False,layer,14,6,1.0,B043-P002;B011-P006;B019-P004;B042-P020;B043-P004;B061-P003;B058-P005;B046-P003,B021-P016;B054-P006;B027-P008;B021-P017;B059-P002;B060-P002
content/swipe/fashion shows ss27/IMG_0866.png,D9D5D1,cream,warm neutral,dominant,0.784,False,top,31,15,3.3,B061-P005;B010-P003;B025-P001;B062-P013;B062-P015;B010-P001;B042-P025;B062-P012,B057-P003;B025-P003;B012-P003;B042-P027;B030-P001;B042-P029;B030-P003;B062-P001
content/swipe/fashion shows ss27/IMG_0866.png,D9D5D1,cream,warm neutral,dominant,0.784,False,bottom,9,6,2.6,B011-P002;B015-P004;B021-P011;B007-P002;B042-P039;B048-P003;B021-P010;B042-P038,B042-P041;B048-P002;B042-P040;B051-P001;B051-P002;B050-P007
content/swipe/fashion shows ss27/IMG_0866.png,D9D5D1,cream,warm neutral,dominant,0.784,False,dress,1,1,6.6,B042-P032,B042-P010
content/swipe/fashion shows ss27/IMG_0866.png,D9D5D1,cream,warm neutral,dominant,0.784,False,shoes,1,1,9.7,B062-P017,B053-P001
content/swipe/fashion shows ss27/IMG_0866.png,D9D5D1,cream,warm neutral,dominant,0.784,False,accessory,3,0,4.2,B045-P004;B020-P006;B025-P008,
content/swipe/fashion shows ss27/IMG_0866.png,D9D5D1,cream,warm neutral,dominant,0.784,False,base,2,0,3.1,B004-P001;B062-P007,
content/swipe/fashion shows ss27/IMG_0866.png,D9D5D1,cream,warm neutral,dominant,0.784,False,multiple,62,12,1.3,B045-P001;B028-P010;B044-P006;B023-P017;B026-P002;B023-P016;B023-P011;B023-P014,B024-P005;B023-P015;B021-P008;B023-P008;B022-P018;B044-P004;B022-P009;B006-P001
content/swipe/fashion shows ss27/IMG_0866.png,2F2E38,dark grey,grey,secondary,0.139,False,layer,77,18,1.9,B019-P005;B058-P001;B019-P003;B012-P004;B008-P001;B019-P004;B062-P014;B053-P006,B061-P004;B042-P037;B021-P022;B055-P009;B013-P001;B055-P014;B030-P010;B012-P001
content/swipe/fashion shows ss27/IMG_0866.png,2F2E38,dark grey,grey,secondary,0.139,False,top,59,21,2.7,B061-P005;B034-P002;B037-P003;B008-P002;B045-P003;B060-P001;B031-P004;B059-P008,B031-P006;B052-P002;B062-P004;B016-P003;B053-P003;B021-P024;B041-P009;B021-P004
content/swipe/fashion shows ss27/IMG_0866.png,2F2E38,dark grey,grey,secondary,0.139,False,bottom,22,8,2.4,B015-P002;B049-P001;B056-P001;B015-P001;B011-P002;B020-P001;B044-P018;B021-P003,B042-P033;B015-P005;B016-P001;B018-P002;B021-P011;B048-P003;B021-P010;B052-P005
content/swipe/fashion shows ss27/IMG_0866.png,2F2E38,dark grey,grey,secondary,0.139,False,dress,9,1,7.7,B042-P031;B033-P004;B042-P014;B042-P011;B041-P002;B041-P006;B042-P021;B041-P007,B042-P010
content/swipe/fashion shows ss27/IMG_0866.png,2F2E38,dark grey,grey,secondary,0.139,False,shoes,8,2,6.2,B037-P004;B053-P001;B001-P002;B009-P002;B001-P004;B009-P004;B039-P003;B029-P002,B055-P001;B062-P017
content/swipe/fashion shows ss27/IMG_0866.png,2F2E38,dark grey,grey,secondary,0.139,False,bag,6,0,6.4,B053-P004;B056-P004;B043-P005;B053-P005;B043-P006;B054-P003,
content/swipe/fashion shows ss27/IMG_0866.png,2F2E38,dark grey,grey,secondary,0.139,False,accessory,7,5,4.3,B019-P002;B021-P001;B055-P003;B031-P001;B031-P009;B032-P001;B020-P006,B021-P009;B037-P009;B001-P003;B009-P003;B025-P008
content/swipe/fashion shows ss27/IMG_0866.png,2F2E38,dark grey,grey,secondary,0.139,False,base,3,2,5.4,B005-P001;B062-P007;B062-P008,B003-P001;B002-P001
content/swipe/fashion shows ss27/IMG_0866.png,2F2E38,dark grey,grey,secondary,0.139,False,multiple,88,16,1.1,B056-P005;B026-P001;B022-P012;B019-P006;B022-P001;B022-P004;B026-P008;B046-P004,B016-P004;B022-P007;B046-P001;B042-P007;B023-P016;B053-P002;B036-P003;B006-P001
content/swipe/fashion shows ss27/IMG_0868.png,1A1B22,navy,blue,dominant,0.977,True,layer,80,11,1.4,B017-P001;B035-P002;B035-P003;B011-P005;B037-P002;B037-P005;B030-P009;B055-P007,B041-P004;B021-P002;B027-P008;B027-P007;B055-P014;B015-P003;B013-P001;B030-P010
content/swipe/fashion shows ss27/IMG_0868.png,1A1B22,navy,blue,dominant,0.977,True,top,62,15,1.9,B018-P001;B031-P004;B031-P007;B031-P003;B007-P003;B059-P008;B010-P004;B037-P003,B059-P003;B021-P004;B054-P005;B045-P002;B052-P002;B041-P008;B026-P010;B031-P006
content/swipe/fashion shows ss27/IMG_0868.png,1A1B22,navy,blue,dominant,0.977,True,bottom,24,4,0.7,B021-P003;B011-P002;B011-P001;B015-P002;B044-P018;B056-P001;B015-P001;B042-P022,B016-P001;B018-P002;B021-P011;B021-P010
content/swipe/fashion shows ss27/IMG_0868.png,1A1B22,navy,blue,dominant,0.977,True,dress,10,0,3.0,B042-P011;B041-P002;B042-P014;B033-P004;B042-P021;B042-P031;B042-P030;B042-P010,
content/swipe/fashion shows ss27/IMG_0868.png,1A1B22,navy,blue,dominant,0.977,True,shoes,7,2,7.7,B001-P004;B009-P004;B039-P003;B037-P004;B053-P001;B001-P002;B009-P002,B029-P002;B055-P001
content/swipe/fashion shows ss27/IMG_0868.png,1A1B22,navy,blue,dominant,0.977,True,bag,6,0,5.2,B053-P005;B053-P004;B043-P006;B056-P004;B043-P005;B054-P003,
content/swipe/fashion shows ss27/IMG_0868.png,1A1B22,navy,blue,dominant,0.977,True,accessory,6,4,2.5,B019-P002;B031-P001;B021-P001;B031-P009;B032-P001;B055-P003,B021-P009;B020-P006;B025-P008;B037-P009
content/swipe/fashion shows ss27/IMG_0868.png,1A1B22,navy,blue,dominant,0.977,True,base,4,1,5.6,B005-P001;B062-P007;B062-P008;B003-P001,B002-P001
content/swipe/fashion shows ss27/IMG_0868.png,1A1B22,navy,blue,dominant,0.977,True,multiple,81,20,1.0,B026-P003;B023-P008;B022-P011;B022-P012;B026-P002;B024-P005;B026-P001;B018-P003,B024-P006;B049-P003;B044-P011;B033-P002;B046-P009;B023-P011;B026-P007;B042-P007
content/swipe/fashion shows ss27/IMG_0869.png,D5D1D0,cream,warm neutral,dominant,0.487,False,layer,14,6,2.8,B043-P002;B011-P006;B019-P004;B042-P020;B058-P005;B043-P004;B061-P003;B046-P003,B021-P016;B054-P006;B021-P017;B027-P008;B059-P002;B060-P002
content/swipe/fashion shows ss27/IMG_0869.png,D5D1D0,cream,warm neutral,dominant,0.487,False,top,32,14,3.1,B025-P001;B011-P007;B061-P005;B010-P003;B010-P001;B011-P008;B057-P006;B062-P015,B042-P027;B039-P001;B025-P003;B030-P001;B042-P029;B062-P001;B030-P003;B021-P012
content/swipe/fashion shows ss27/IMG_0869.png,D5D1D0,cream,warm neutral,dominant,0.487,False,bottom,10,4,2.1,B015-P004;B011-P002;B007-P002;B021-P011;B048-P003;B042-P039;B021-P010;B042-P038,B042-P041;B042-P040;B051-P001;B051-P002
content/swipe/fashion shows ss27/IMG_0869.png,D5D1D0,cream,warm neutral,dominant,0.487,False,dress,1,1,8.5,B042-P032,B042-P010
content/swipe/fashion shows ss27/IMG_0869.png,D5D1D0,cream,warm neutral,dominant,0.487,False,shoes,1,1,9.2,B062-P017,B053-P001
content/swipe/fashion shows ss27/IMG_0869.png,D5D1D0,cream,warm neutral,dominant,0.487,False,accessory,3,1,2.8,B025-P008;B045-P004;B020-P006,B037-P008
content/swipe/fashion shows ss27/IMG_0869.png,D5D1D0,cream,warm neutral,dominant,0.487,False,base,2,0,4.6,B004-P001;B062-P007,
content/swipe/fashion shows ss27/IMG_0869.png,D5D1D0,cream,warm neutral,dominant,0.487,False,multiple,63,12,1.6,B028-P010;B044-P006;B023-P011;B045-P001;B023-P017;B053-P002;B046-P008;B044-P007,B023-P015;B021-P008;B023-P008;B022-P009;B022-P018;B006-P001;B044-P004;B062-P019
content/swipe/fashion shows ss27/IMG_0869.png,829092,mid grey,grey,secondary,0.221,True,layer,9,9,5.2,B059-P001;B059-P002;B043-P002;B021-P018;B037-P007;B043-P003;B061-P002;B060-P005,B038-P001;B058-P005;B054-P001;B062-P014;B041-P004;B008-P003;B041-P005;B042-P018
content/swipe/fashion shows ss27/IMG_0869.png,829092,mid grey,grey,secondary,0.221,True,top,5,25,8.2,B062-P002;B062-P012;B055-P004;B016-P002;B042-P026,B011-P004;B011-P003;B007-P001;B057-P003;B042-P027;B042-P028;B062-P015;B011-P007
content/swipe/fashion shows ss27/IMG_0869.png,829092,mid grey,grey,secondary,0.221,True,bottom,2,9,5.6,B048-P003;B048-P002,B052-P005;B044-P010;B020-P003;B021-P010;B021-P011;B007-P002;B042-P038;B042-P041
content/swipe/fashion shows ss27/IMG_0869.png,829092,mid grey,grey,secondary,0.221,True,dress,0,1,18.4,,B042-P032
content/swipe/fashion shows ss27/IMG_0869.png,829092,mid grey,grey,secondary,0.221,True,shoes,1,5,3.2,B062-P017,B001-P004;B009-P004;B001-P002;B009-P002;B029-P002
content/swipe/fashion shows ss27/IMG_0869.png,829092,mid grey,grey,secondary,0.221,True,bag,0,1,17.6,,B056-P004
content/swipe/fashion shows ss27/IMG_0869.png,829092,mid grey,grey,secondary,0.221,True,accessory,2,3,6.6,B037-P008;B037-P009,B019-P002;B001-P003;B009-P003
content/swipe/fashion shows ss27/IMG_0869.png,829092,mid grey,grey,secondary,0.221,True,base,1,1,9.5,B005-P001,B004-P001
content/swipe/fashion shows ss27/IMG_0869.png,829092,mid grey,grey,secondary,0.221,True,multiple,18,49,6.7,B050-P001;B044-P015;B057-P004;B020-P005;B021-P007;B026-P003;B006-P001;B036-P005,B024-P006;B025-P004;B042-P002;B026-P002;B033-P003;B026-P008;B024-P005;B022-P016
content/swipe/fashion shows ss27/IMG_0869.png,666A69,mid grey,grey,secondary,0.146,False,layer,14,29,3.4,B038-P001;B037-P007;B043-P002;B061-P002;B043-P003;B054-P001;B060-P005;B041-P005,B053-P006;B008-P003;B040-P003;B027-P007;B042-P018;B060-P004;B042-P035;B027-P005
content/swipe/fashion shows ss27/IMG_0869.png,666A69,mid grey,grey,secondary,0.146,False,top,8,27,8.0,B016-P002;B034-P002;B062-P012;B030-P002;B062-P002;B042-P026;B057-P005;B008-P002,B062-P005;B054-P005;B031-P006;B027-P004;B039-P002;B055-P002;B059-P003;B055-P005
content/swipe/fashion shows ss27/IMG_0869.png,666A69,mid grey,grey,secondary,0.146,False,bottom,2,7,7.1,B048-P003;B020-P003,B048-P002;B042-P041;B044-P010;B042-P040;B052-P005;B049-P001;B048-P004
content/swipe/fashion shows ss27/IMG_0869.png,666A69,mid grey,grey,secondary,0.146,False,shoes,3,6,5.8,B062-P017;B001-P004;B009-P004,B001-P002;B009-P002;B029-P002;B053-P001;B037-P004;B039-P003
content/swipe/fashion shows ss27/IMG_0869.png,666A69,mid grey,grey,secondary,0.146,False,bag,1,1,3.1,B056-P004,B053-P005
content/swipe/fashion shows ss27/IMG_0869.png,666A69,mid grey,grey,secondary,0.146,False,accessory,3,4,3.1,B037-P008;B037-P009;B019-P002,B021-P001;B055-P003;B001-P003;B009-P003
content/swipe/fashion shows ss27/IMG_0869.png,666A69,mid grey,grey,secondary,0.146,False,base,1,1,8.3,B005-P001,B002-P001
content/swipe/fashion shows ss27/IMG_0869.png,666A69,mid grey,grey,secondary,0.146,False,multiple,20,43,2.9,B046-P010;B044-P005;B036-P007;B052-P007;B022-P017;B028-P010;B042-P019;B044-P016,B049-P003;B022-P008;B022-P012;B042-P007;B024-P006;B027-P011;B026-P003;B024-P003
content/swipe/fashion shows ss27/IMG_0869.png,2A292C,black,black,secondary,0.103,False,layer,87,8,0.7,B012-P002;B053-P006;B019-P004;B030-P008;B043-P001;B012-P004;B019-P003;B023-P012,B013-P001;B021-P027;B015-P003;B041-P005;B054-P002;B054-P007;B042-P018;B043-P003
content/swipe/fashion shows ss27/IMG_0869.png,2A292C,black,black,secondary,0.103,False,top,68,12,0.9,B045-P003;B008-P002;B028-P007;B060-P001;B062-P002;B062-P003;B028-P009;B062-P015,B011-P003;B041-P008;B057-P001;B059-P006;B062-P011;B057-P006;B059-P005;B025-P003
content/swipe/fashion shows ss27/IMG_0869.png,2A292C,black,black,secondary,0.103,False,bottom,24,6,1.5,B020-P001;B015-P002;B044-P018;B041-P003;B011-P002;B042-P022;B021-P003;B020-P004,B018-P002;B016-P001;B021-P011;B021-P010;B048-P003;B050-P003
content/swipe/fashion shows ss27/IMG_0869.png,2A292C,black,black,secondary,0.103,False,dress,10,0,3.3,B042-P031;B042-P014;B033-P004;B041-P002;B042-P011;B041-P006;B042-P021;B042-P030,
content/swipe/fashion shows ss27/IMG_0869.png,2A292C,black,black,secondary,0.103,False,shoes,6,4,4.4,B037-P004;B053-P001;B039-P003;B001-P004;B009-P004;B029-P002,B001-P002;B009-P002;B055-P001;B062-P017
content/swipe/fashion shows ss27/IMG_0869.png,2A292C,black,black,secondary,0.103,False,bag,6,0,2.0,B053-P004;B056-P004;B043-P005;B053-P005;B054-P003;B043-P006,
content/swipe/fashion shows ss27/IMG_0869.png,2A292C,black,black,secondary,0.103,False,accessory,6,6,1.4,B021-P001;B019-P002;B031-P009;B032-P001;B031-P001;B055-P003,B021-P009;B020-P006;B037-P009;B025-P008;B001-P003;B009-P003
content/swipe/fashion shows ss27/IMG_0869.png,2A292C,black,black,secondary,0.103,False,base,4,1,2.0,B005-P001;B062-P007;B062-P008;B003-P001,B002-P001
content/swipe/fashion shows ss27/IMG_0869.png,2A292C,black,black,secondary,0.103,False,multiple,91,14,0.9,B022-P001;B022-P004;B026-P008;B028-P010;B046-P005;B019-P006;B052-P007;B023-P002,B016-P004;B023-P001;B036-P003;B022-P020;B046-P001;B053-P002;B006-P001;B020-P005
content/swipe/formats/IMG_0018.jpeg,536EA4,denim blue,blue,dominant,0.704,True,layer,2,4,11.8,B060-P004;B062-P014,B008-P003;B061-P002;B054-P001;B054-P002
content/swipe/formats/IMG_0018.jpeg,536EA4,denim blue,blue,dominant,0.704,True,top,5,8,6.8,B062-P001;B062-P015;B062-P016;B042-P026;B011-P003,B055-P005;B034-P002;B011-P004;B055-P004;B062-P012;B059-P006;B007-P003;B016-P002
content/swipe/formats/IMG_0018.jpeg,536EA4,denim blue,blue,dominant,0.704,True,bottom,3,2,8.6,B052-P005;B048-P004;B048-P002,B048-P003;B049-P001
content/swipe/formats/IMG_0018.jpeg,536EA4,denim blue,blue,dominant,0.704,True,shoes,2,0,5.9,B001-P002;B009-P002,
content/swipe/formats/IMG_0018.jpeg,536EA4,denim blue,blue,dominant,0.704,True,bag,0,2,18.0,,B053-P005;B056-P004
content/swipe/formats/IMG_0018.jpeg,536EA4,denim blue,blue,dominant,0.704,True,accessory,3,1,4.4,B001-P003;B009-P003;B019-P002,B037-P009
content/swipe/formats/IMG_0018.jpeg,536EA4,denim blue,blue,dominant,0.704,True,base,0,1,19.6,,B005-P001
content/swipe/formats/IMG_0018.jpeg,536EA4,denim blue,blue,dominant,0.704,True,multiple,3,15,7.5,B046-P002;B022-P008;B026-P008,B033-P003;B042-P007;B026-P006;B042-P006;B021-P008;B044-P016;B046-P001;B022-P017
content/swipe/formats/IMG_0018.jpeg,6C8ABC,mid grey,grey,secondary,0.262,True,layer,1,4,2.8,B062-P014,B059-P002;B059-P001;B061-P002;B060-P004
content/swipe/formats/IMG_0018.jpeg,6C8ABC,mid grey,grey,secondary,0.262,True,top,5,6,1.5,B062-P016;B062-P015;B011-P003;B011-P004;B055-P004,B062-P012;B042-P026;B007-P001;B016-P002;B062-P001;B042-P027
content/swipe/formats/IMG_0018.jpeg,6C8ABC,mid grey,grey,secondary,0.262,True,bottom,2,1,8.8,B052-P005;B048-P002,B048-P003
content/swipe/formats/IMG_0018.jpeg,6C8ABC,mid grey,grey,secondary,0.262,True,shoes,2,3,7.4,B001-P002;B009-P002,B062-P017;B001-P004;B009-P004
content/swipe/formats/IMG_0018.jpeg,6C8ABC,mid grey,grey,secondary,0.262,True,accessory,2,2,7.9,B001-P003;B009-P003,B019-P002;B037-P009
content/swipe/formats/IMG_0018.jpeg,6C8ABC,mid grey,grey,secondary,0.262,True,base,0,1,18.4,,B005-P001
content/swipe/formats/IMG_0018.jpeg,6C8ABC,mid grey,grey,secondary,0.262,True,multiple,5,13,7.1,B026-P006;B022-P008;B036-P005;B033-P003;B026-P008,B046-P001;B046-P002;B022-P009;B010-P002;B006-P001;B050-P001;B044-P015;B018-P003
content/swipe/formats/IMG_0019.jpeg,C2AE73,mustard,yellow,dominant,0.627,True,layer,9,9,6.8,B060-P002;B027-P008;B021-P016;B001-P001;B009-P001;B048-P001;B046-P003;B021-P017,B054-P006;B021-P013;B021-P022;B021-P021;B041-P004;B060-P006;B021-P018;B043-P002
content/swipe/formats/IMG_0019.jpeg,C2AE73,mustard,yellow,dominant,0.627,True,top,11,26,6.4,B038-P002;B042-P029;B057-P006;B032-P004;B030-P001;B030-P003;B042-P028;B021-P025,B042-P009;B050-P006;B029-P001;B058-P002;B050-P004;B050-P005;B047-P002;B047-P003
content/swipe/formats/IMG_0019.jpeg,C2AE73,mustard,yellow,dominant,0.627,True,bottom,4,11,10.0,B042-P040;B042-P041;B021-P010;B021-P011,B050-P002;B051-P001;B050-P007;B050-P008;B051-P002;B051-P003;B007-P002;B042-P038
content/swipe/formats/IMG_0019.jpeg,C2AE73,mustard,yellow,dominant,0.627,True,dress,1,1,11.3,B042-P032,B042-P010
content/swipe/formats/IMG_0019.jpeg,C2AE73,mustard,yellow,dominant,0.627,True,shoes,1,1,7.8,B053-P001,B029-P002
content/swipe/formats/IMG_0019.jpeg,C2AE73,mustard,yellow,dominant,0.627,True,base,0,3,12.2,,B004-P001;B003-P001;B026-P009
content/swipe/formats/IMG_0019.jpeg,C2AE73,mustard,yellow,dominant,0.627,True,multiple,5,59,9.3,B033-P002;B044-P004;B024-P008;B042-P002;B062-P020,B044-P003;B046-P011;B043-P007;B022-P018;B036-P008;B023-P011;B047-P001;B022-P019
content/swipe/formats/IMG_0019.jpeg,997133,ochre,yellow,secondary,0.281,True,layer,4,14,6.7,B021-P016;B021-P021;B021-P014;B027-P008,B021-P002;B021-P013;B054-P007;B042-P018;B021-P022;B040-P002;B041-P005;B040-P003
content/swipe/formats/IMG_0019.jpeg,997133,ochre,yellow,secondary,0.281,True,top,7,16,6.6,B047-P002;B047-P003;B021-P005;B032-P004;B062-P009;B030-P001;B050-P004,B051-P004;B062-P005;B055-P002;B029-P001;B042-P028;B031-P005;B030-P002;B050-P005
content/swipe/formats/IMG_0019.jpeg,997133,ochre,yellow,secondary,0.281,True,bottom,5,7,9.4,B050-P003;B052-P004;B050-P002;B042-P041;B042-P040,B044-P010;B051-P002;B052-P003;B020-P003;B015-P004;B050-P008;B051-P003
content/swipe/formats/IMG_0019.jpeg,997133,ochre,yellow,secondary,0.281,True,dress,0,1,18.4,,B042-P010
content/swipe/formats/IMG_0019.jpeg,997133,ochre,yellow,secondary,0.281,True,shoes,1,1,11.7,B029-P002,B053-P001
content/swipe/formats/IMG_0019.jpeg,997133,ochre,yellow,secondary,0.281,True,accessory,0,1,19.5,,B019-P002
content/swipe/formats/IMG_0019.jpeg,997133,ochre,yellow,secondary,0.281,True,base,0,3,13.3,,B062-P007;B003-P001;B026-P009
content/swipe/formats/IMG_0019.jpeg,997133,ochre,yellow,secondary,0.281,True,multiple,9,24,6.7,B022-P022;B047-P001;B062-P019;B046-P011;B023-P001;B042-P005;B042-P007;B032-P003,B042-P006;B044-P020;B022-P014;B046-P006;B046-P008;B024-P008;B062-P020;B022-P020
content/swipe/formats/IMG_0019.jpeg,845F29,ochre,yellow,accent,0.092,True,layer,5,15,7.6,B021-P016;B054-P007;B021-P002;B021-P014;B021-P021,B040-P003;B040-P002;B042-P018;B041-P005;B041-P004;B027-P008;B012-P001;B015-P003
content/swipe/formats/IMG_0019.jpeg,845F29,ochre,yellow,accent,0.092,True,top,12,12,2.3,B047-P002;B047-P003;B051-P004;B032-P002;B062-P005;B052-P001;B042-P001;B055-P002,B030-P001;B062-P009;B016-P002;B050-P004;B041-P009;B042-P028;B059-P005;B031-P005
content/swipe/formats/IMG_0019.jpeg,845F29,ochre,yellow,accent,0.092,True,bottom,5,4,8.8,B050-P002;B052-P003;B052-P004;B042-P041;B042-P040,B050-P003;B020-P003;B044-P010;B015-P004
content/swipe/formats/IMG_0019.jpeg,845F29,ochre,yellow,accent,0.092,True,shoes,0,1,15.3,,B029-P002
content/swipe/formats/IMG_0019.jpeg,845F29,ochre,yellow,accent,0.092,True,accessory,0,2,17.3,,B019-P002;B037-P008
content/swipe/formats/IMG_0019.jpeg,845F29,ochre,yellow,accent,0.092,True,base,1,0,6.1,B062-P007,
content/swipe/formats/IMG_0019.jpeg,845F29,ochre,yellow,accent,0.092,True,multiple,7,17,6.7,B023-P001;B046-P006;B022-P014;B062-P019;B022-P022;B047-P001;B021-P026,B042-P007;B046-P011;B049-P003;B032-P003;B044-P020;B020-P005;B042-P005;B022-P013
content/swipe/formats/IMG_0033.png,7D8E8C,mid grey,grey,dominant,0.292,True,layer,8,10,6.3,B059-P001;B059-P002;B021-P018;B037-P007;B060-P005;B061-P002;B043-P002;B043-P003,B038-P001;B060-P006;B054-P001;B058-P005;B061-P004;B042-P018;B041-P005;B062-P014
content/swipe/formats/IMG_0033.png,7D8E8C,mid grey,grey,dominant,0.292,True,top,4,23,8.2,B062-P002;B062-P012;B055-P004;B016-P002,B042-P026;B011-P004;B011-P003;B042-P028;B007-P001;B057-P003;B031-P005;B042-P027
content/swipe/formats/IMG_0033.png,7D8E8C,mid grey,grey,dominant,0.292,True,bottom,2,7,7.8,B048-P003;B048-P002,B052-P005;B044-P010;B020-P003;B021-P010;B021-P011;B007-P002;B042-P041
content/swipe/formats/IMG_0033.png,7D8E8C,mid grey,grey,dominant,0.292,True,dress,0,1,19.4,,B042-P032
content/swipe/formats/IMG_0033.png,7D8E8C,mid grey,grey,dominant,0.292,True,shoes,1,5,4.3,B062-P017,B001-P004;B009-P004;B001-P002;B009-P002;B029-P002
content/swipe/formats/IMG_0033.png,7D8E8C,mid grey,grey,dominant,0.292,True,bag,0,1,17.3,,B056-P004
content/swipe/formats/IMG_0033.png,7D8E8C,mid grey,grey,dominant,0.292,True,accessory,2,4,7.6,B037-P008;B037-P009,B019-P002;B001-P003;B009-P003;B045-P004
content/swipe/formats/IMG_0033.png,7D8E8C,mid grey,grey,dominant,0.292,True,base,1,0,10.4,B005-P001,
content/swipe/formats/IMG_0033.png,7D8E8C,mid grey,grey,dominant,0.292,True,multiple,15,47,8.7,B050-P001;B057-P004;B020-P005;B036-P007;B044-P015;B026-P003;B021-P007;B043-P007,B036-P005;B022-P008;B036-P009;B042-P002;B025-P006;B046-P010;B024-P006;B025-P004
content/swipe/formats/IMG_0033.png,B47E4E,ochre,yellow,secondary,0.198,True,layer,6,12,4.2,B021-P021;B021-P014;B021-P013;B021-P022;B021-P016;B027-P008,B015-P003;B060-P002;B048-P001;B021-P002;B021-P017;B021-P018;B041-P004;B046-P003
content/swipe/formats/IMG_0033.png,B47E4E,ochre,yellow,secondary,0.198,True,top,12,18,4.3,B021-P005;B050-P004;B050-P005;B062-P009;B029-P001;B047-P003;B047-P002;B032-P004,B016-P003;B050-P006;B042-P028;B021-P025;B021-P004;B025-P003;B030-P003;B057-P006
content/swipe/formats/IMG_0033.png,B47E4E,ochre,yellow,secondary,0.198,True,bottom,5,12,2.5,B050-P003;B050-P002;B051-P002;B052-P004;B042-P041,B050-P008;B051-P003;B015-P004;B050-P007;B042-P040;B044-P010;B007-P002;B051-P001
content/swipe/formats/IMG_0033.png,B47E4E,ochre,yellow,secondary,0.198,True,dress,0,2,12.3,,B042-P010;B042-P032
content/swipe/formats/IMG_0033.png,B47E4E,ochre,yellow,secondary,0.198,True,shoes,1,1,10.9,B029-P002,B053-P001
content/swipe/formats/IMG_0033.png,B47E4E,ochre,yellow,secondary,0.198,True,base,2,1,8.4,B003-P001;B026-P009,B004-P001
content/swipe/formats/IMG_0033.png,B47E4E,ochre,yellow,secondary,0.198,True,multiple,15,25,1.5,B042-P005;B046-P011;B047-P001;B022-P022;B042-P006;B044-P003;B023-P001;B042-P007,B022-P020;B062-P020;B062-P018;B023-P009;B042-P002;B044-P004;B022-P018;B024-P003
content/swipe/formats/IMG_0033.png,DCB369,gold,yellow,accent,0.194,True,layer,9,5,6.9,B060-P002;B027-P008;B021-P016;B021-P017;B021-P014;B048-P001;B001-P001;B009-P001,B054-P006;B021-P022;B021-P021;B021-P013;B041-P004
content/swipe/formats/IMG_0033.png,DCB369,gold,yellow,accent,0.194,True,top,5,27,9.4,B038-P002;B021-P025;B050-P005;B050-P004;B050-P006,B030-P003;B032-P004;B057-P006;B042-P029;B030-P001;B042-P009;B029-P001;B042-P028
content/swipe/formats/IMG_0033.png,DCB369,gold,yellow,accent,0.194,True,bottom,6,7,9.4,B050-P007;B051-P001;B051-P002;B050-P008;B051-P003;B050-P002,B042-P040;B042-P041;B021-P010;B021-P011;B007-P002;B042-P038;B050-P003
content/swipe/formats/IMG_0033.png,DCB369,gold,yellow,accent,0.194,True,dress,0,2,14.0,,B042-P032;B042-P010
content/swipe/formats/IMG_0033.png,DCB369,gold,yellow,accent,0.194,True,shoes,1,0,5.7,B053-P001,
content/swipe/formats/IMG_0033.png,DCB369,gold,yellow,accent,0.194,True,base,1,2,11.5,B004-P001,B003-P001;B026-P009
content/swipe/formats/IMG_0033.png,DCB369,gold,yellow,accent,0.194,True,multiple,2,49,11.8,B024-P008;B046-P011,B033-P002;B047-P001;B044-P003;B044-P004;B023-P011;B026-P001;B062-P020;B022-P019
content/swipe/formats/IMG_0033.png,E1CFA2,butter,yellow,secondary,0.187,True,layer,9,14,3.2,B027-P008;B001-P001;B009-P001;B021-P016;B046-P003;B048-P001;B021-P017;B060-P002,B043-P004;B061-P003;B019-P004;B043-P002;B041-P004;B021-P014;B058-P005;B042-P020
content/swipe/formats/IMG_0033.png,E1CFA2,butter,yellow,secondary,0.187,True,top,16,24,4.8,B038-P002;B039-P001;B042-P024;B062-P006;B042-P028;B058-P007;B033-P001;B042-P029,B021-P025;B058-P002;B025-P003;B061-P005;B021-P004;B062-P013;B050-P006;B010-P003
content/swipe/formats/IMG_0033.png,E1CFA2,butter,yellow,secondary,0.187,True,bottom,6,11,10.4,B042-P040;B042-P041;B042-P038;B021-P011;B042-P039;B051-P001,B051-P002;B021-P010;B050-P007;B050-P002;B048-P003;B050-P008;B051-P003;B007-P002
content/swipe/formats/IMG_0033.png,E1CFA2,butter,yellow,secondary,0.187,True,dress,1,1,6.8,B042-P032,B042-P010
content/swipe/formats/IMG_0033.png,E1CFA2,butter,yellow,secondary,0.187,True,shoes,1,1,11.0,B053-P001,B062-P017
content/swipe/formats/IMG_0033.png,E1CFA2,butter,yellow,secondary,0.187,True,accessory,0,3,16.6,,B020-P006;B045-P004;B025-P008
content/swipe/formats/IMG_0033.png,E1CFA2,butter,yellow,secondary,0.187,True,base,1,2,11.8,B004-P001,B062-P007;B003-P001
content/swipe/formats/IMG_0033.png,E1CFA2,butter,yellow,secondary,0.187,True,multiple,22,52,6.6,B046-P007;B026-P001;B023-P002;B023-P003;B022-P002;B036-P002;B062-P020;B052-P007,B044-P004;B022-P006;B026-P002;B023-P014;B033-P005;B021-P007;B045-P001;B024-P003
content/swipe/formats/IMG_0034.png,797A81,mid grey,grey,dominant,0.412,False,layer,12,13,5.9,B037-P007;B043-P003;B059-P001;B054-P001;B038-P001;B043-P002;B061-P002;B008-P003,B060-P004;B041-P005;B054-P002;B040-P002;B062-P014;B060-P006;B040-P003;B043-P001
content/swipe/formats/IMG_0034.png,797A81,mid grey,grey,dominant,0.412,False,top,4,28,1.1,B016-P002;B062-P012;B062-P002;B055-P004,B034-P002;B011-P003;B011-P004;B042-P026;B007-P001;B062-P015;B042-P028;B062-P016
content/swipe/formats/IMG_0034.png,797A81,mid grey,grey,dominant,0.412,False,bottom,3,6,8.2,B048-P002;B020-P003;B052-P005,B044-P010;B048-P003;B042-P040;B042-P041;B007-P002;B048-P004
content/swipe/formats/IMG_0034.png,797A81,mid grey,grey,dominant,0.412,False,shoes,5,1,4.7,B001-P004;B009-P004;B062-P017;B001-P002;B009-P002,B029-P002
content/swipe/formats/IMG_0034.png,797A81,mid grey,grey,dominant,0.412,False,bag,1,1,9.6,B056-P004,B053-P005
content/swipe/formats/IMG_0034.png,797A81,mid grey,grey,dominant,0.412,False,accessory,3,3,4.3,B037-P009;B019-P002;B037-P008,B001-P003;B009-P003;B021-P001
content/swipe/formats/IMG_0034.png,797A81,mid grey,grey,dominant,0.412,False,base,1,1,3.4,B005-P001,B002-P001
content/swipe/formats/IMG_0034.png,797A81,mid grey,grey,dominant,0.412,False,multiple,21,45,4.2,B018-P003;B026-P008;B046-P010;B057-P004;B022-P008;B050-P001;B036-P005;B023-P010,B006-P001;B022-P013;B044-P009;B044-P016;B042-P002;B039-P004;B021-P007;B053-P002
content/swipe/formats/IMG_0034.png,E7D684,butter,yellow,secondary,0.407,True,layer,1,13,9.9,B027-P008,B001-P001;B009-P001;B060-P002;B021-P016;B021-P017;B046-P003;B048-P001;B054-P006
content/swipe/formats/IMG_0034.png,E7D684,butter,yellow,secondary,0.407,True,top,2,23,11.1,B039-P001;B038-P002,B062-P006;B042-P024;B042-P028;B033-P001;B058-P007;B042-P029;B057-P006;B042-P025
content/swipe/formats/IMG_0034.png,E7D684,butter,yellow,secondary,0.407,True,bottom,0,12,16.7,,B042-P040;B042-P041;B051-P001;B051-P002;B042-P038;B042-P039;B050-P007;B021-P011
content/swipe/formats/IMG_0034.png,E7D684,butter,yellow,secondary,0.407,True,dress,0,1,14.1,,B042-P032
content/swipe/formats/IMG_0034.png,E7D684,butter,yellow,secondary,0.407,True,shoes,0,1,14.6,,B053-P001
content/swipe/formats/IMG_0034.png,E7D684,butter,yellow,secondary,0.407,True,base,0,1,18.7,,B004-P001
content/swipe/formats/IMG_0034.png,E7D684,butter,yellow,secondary,0.407,True,multiple,0,28,13.0,,B046-P007;B026-P001;B023-P002;B036-P002;B023-P003;B022-P002;B052-P007;B062-P020
content/swipe/formats/IMG_0034.png,0F0F13,black,black,secondary,0.072,False,layer,81,10,0.6,B037-P001;B023-P013;B023-P012;B037-P006;B040-P004;B040-P006;B039-P005;B042-P042,B027-P008;B041-P004;B055-P014;B021-P027;B015-P003;B013-P001;B030-P010;B027-P007
content/swipe/formats/IMG_0034.png,0F0F13,black,black,secondary,0.072,False,top,59,16,2.4,B008-P002;B039-P007;B012-P003;B042-P028;B042-P024;B054-P004;B031-P007;B007-P003,B021-P023;B062-P010;B041-P008;B045-P002;B025-P001;B026-P010;B052-P002;B058-P007
content/swipe/formats/IMG_0034.png,0F0F13,black,black,secondary,0.072,False,bottom,23,5,1.8,B042-P038;B042-P040;B042-P023;B019-P001;B015-P002;B042-P033;B015-P001;B044-P019,B048-P004;B016-P001;B018-P002;B021-P011;B021-P010
content/swipe/formats/IMG_0034.png,0F0F13,black,black,secondary,0.072,False,dress,10,0,1.3,B042-P011;B042-P021;B042-P030;B042-P010;B041-P002;B042-P014;B042-P031;B033-P004,
content/swipe/formats/IMG_0034.png,0F0F13,black,black,secondary,0.072,False,shoes,4,5,7.0,B001-P004;B009-P004;B039-P003;B037-P004,B029-P002;B053-P001;B001-P002;B009-P002;B055-P001
content/swipe/formats/IMG_0034.png,0F0F13,black,black,secondary,0.072,False,bag,6,0,1.4,B043-P006;B043-P005;B056-P004;B053-P005;B054-P003;B053-P004,
content/swipe/formats/IMG_0034.png,0F0F13,black,black,secondary,0.072,False,accessory,6,3,1.8,B031-P001;B031-P009;B032-P001;B055-P003;B019-P002;B021-P001,B021-P009;B020-P006;B025-P008
content/swipe/formats/IMG_0034.png,0F0F13,black,black,secondary,0.072,False,base,4,0,3.6,B062-P008;B062-P007;B005-P001;B003-P001,
content/swipe/formats/IMG_0034.png,0F0F13,black,black,secondary,0.072,False,multiple,79,16,1.8,B039-P004;B034-P001;B022-P017;B026-P001;B036-P001;B042-P012;B023-P007;B030-P007,B023-P010;B050-P001;B049-P003;B023-P001;B033-P002;B024-P006;B036-P003;B042-P007
content/swipe/formats/IMG_0034.png,A7985B,mustard,yellow,accent,0.066,True,layer,3,16,6.2,B027-P008;B021-P016;B060-P002,B021-P021;B021-P013;B021-P014;B048-P001;B021-P022;B021-P018;B046-P003;B001-P001
content/swipe/formats/IMG_0034.png,A7985B,mustard,yellow,accent,0.066,True,top,6,23,9.4,B047-P002;B047-P003;B032-P004;B057-P006;B029-P001;B042-P029,B030-P002;B038-P002;B042-P028;B031-P005;B030-P003;B030-P001;B062-P009;B025-P003
content/swipe/formats/IMG_0034.png,A7985B,mustard,yellow,accent,0.066,True,bottom,0,14,13.3,,B021-P010;B042-P040;B042-P041;B021-P011;B007-P002;B044-P010;B050-P003;B050-P002
content/swipe/formats/IMG_0034.png,A7985B,mustard,yellow,accent,0.066,True,dress,0,2,13.7,,B042-P032;B042-P010
content/swipe/formats/IMG_0034.png,A7985B,mustard,yellow,accent,0.066,True,shoes,0,2,12.1,,B053-P001;B029-P002
content/swipe/formats/IMG_0034.png,A7985B,mustard,yellow,accent,0.066,True,accessory,0,1,18.0,,B037-P008
content/swipe/formats/IMG_0034.png,A7985B,mustard,yellow,accent,0.066,True,base,0,3,14.5,,B003-P001;B004-P001;B026-P009
content/swipe/formats/IMG_0034.png,A7985B,mustard,yellow,accent,0.066,True,multiple,6,49,9.7,B033-P002;B044-P003;B062-P020;B024-P008;B044-P004;B032-P003,B023-P001;B042-P002;B042-P006;B046-P011;B047-P001;B023-P011;B046-P008;B025-P007
content/swipe/formats/IMG_0035.png,979697,light grey,grey,dominant,0.45,False,layer,9,19,2.6,B059-P002;B043-P002;B060-P006;B059-P001;B021-P018;B043-P003;B058-P005;B037-P007,B008-P003;B060-P005;B038-P001;B061-P002;B048-P001;B021-P016;B046-P003;B054-P001
content/swipe/formats/IMG_0035.png,979697,light grey,grey,dominant,0.45,False,top,11,34,7.2,B057-P003;B062-P002;B028-P014;B007-P001;B011-P007;B042-P026;B016-P002;B062-P012,B052-P002;B031-P005;B058-P002;B059-P003;B030-P002;B042-P028;B055-P004;B055-P002
content/swipe/formats/IMG_0035.png,979697,light grey,grey,dominant,0.45,False,bottom,5,8,8.5,B048-P003;B048-P002;B007-P002;B021-P010;B021-P011,B044-P010;B042-P040;B042-P041;B042-P038;B020-P003;B015-P004;B052-P005;B011-P002
content/swipe/formats/IMG_0035.png,979697,light grey,grey,dominant,0.45,False,dress,0,2,12.5,,B042-P032;B042-P010
content/swipe/formats/IMG_0035.png,979697,light grey,grey,dominant,0.45,False,shoes,3,3,7.6,B062-P017;B001-P004;B009-P004,B029-P002;B001-P002;B009-P002
content/swipe/formats/IMG_0035.png,979697,light grey,grey,dominant,0.45,False,bag,0,1,19.5,,B056-P004
content/swipe/formats/IMG_0035.png,979697,light grey,grey,dominant,0.45,False,accessory,2,5,4.2,B037-P008;B037-P009,B025-P008;B045-P004;B019-P002;B001-P003;B009-P003
content/swipe/formats/IMG_0035.png,979697,light grey,grey,dominant,0.45,False,base,1,2,9.2,B005-P001,B004-P001;B003-P001
content/swipe/formats/IMG_0035.png,979697,light grey,grey,dominant,0.45,False,multiple,43,40,0.8,B044-P015;B050-P001;B020-P005;B006-P001;B021-P007;B044-P007;B033-P005;B021-P008,B022-P009;B046-P008;B026-P004;B036-P008;B044-P004;B026-P008;B036-P006;B053-P002
content/swipe/formats/IMG_0035.png,937C5D,tan,brown,secondary,0.308,True,layer,8,19,6.1,B021-P016;B021-P014;B027-P008;B021-P021;B021-P013;B021-P018;B021-P002;B042-P018,B041-P005;B043-P003;B040-P002;B060-P005;B021-P022;B008-P003;B041-P004;B037-P007
content/swipe/formats/IMG_0035.png,937C5D,tan,brown,secondary,0.308,True,top,13,21,1.8,B032-P004;B030-P001;B062-P009;B042-P028;B031-P005;B055-P002;B030-P002;B021-P005,B050-P004;B062-P002;B021-P004;B027-P004;B050-P005;B030-P003;B051-P004;B057-P006
content/swipe/formats/IMG_0035.png,937C5D,tan,brown,secondary,0.308,True,bottom,5,11,3.8,B042-P041;B044-P010;B042-P040;B050-P003;B020-P003,B050-P002;B052-P004;B007-P002;B021-P010;B051-P002;B021-P011;B050-P008;B051-P003
content/swipe/formats/IMG_0035.png,937C5D,tan,brown,secondary,0.308,True,dress,0,2,12.8,,B042-P010;B042-P032
content/swipe/formats/IMG_0035.png,937C5D,tan,brown,secondary,0.308,True,shoes,1,4,3.0,B029-P002,B001-P004;B009-P004;B053-P001;B062-P017
content/swipe/formats/IMG_0035.png,937C5D,tan,brown,secondary,0.308,True,bag,0,1,18.0,,B056-P004
content/swipe/formats/IMG_0035.png,937C5D,tan,brown,secondary,0.308,True,accessory,0,3,14.2,,B037-P008;B019-P002;B037-P009
content/swipe/formats/IMG_0035.png,937C5D,tan,brown,secondary,0.308,True,base,1,4,10.7,B003-P001,B005-P001;B004-P001;B026-P009;B062-P007
content/swipe/formats/IMG_0035.png,937C5D,tan,brown,secondary,0.308,True,multiple,26,35,3.6,B032-P003;B044-P020;B062-P019;B022-P022;B046-P008;B023-P001;B046-P011;B047-P001,B042-P019;B023-P010;B023-P014;B022-P014;B039-P004;B057-P004;B044-P004;B020-P005
content/swipe/formats/IMG_0035.png,79777A,mid grey,grey,secondary,0.195,False,layer,13,18,4.5,B037-P007;B043-P003;B054-P001;B038-P001;B043-P002;B059-P001;B008-P003;B061-P002,B054-P002;B040-P002;B060-P004;B040-P003;B062-P014;B021-P002;B043-P001;B042-P018
content/swipe/formats/IMG_0035.png,79777A,mid grey,grey,secondary,0.195,False,top,3,31,2.0,B016-P002;B062-P012;B062-P002,B034-P002;B042-P028;B030-P001;B055-P004;B031-P005;B055-P002;B042-P026;B030-P002
content/swipe/formats/IMG_0035.png,79777A,mid grey,grey,secondary,0.195,False,bottom,3,6,8.8,B020-P003;B048-P002;B044-P010,B042-P040;B048-P003;B042-P041;B052-P005;B007-P002;B021-P010
content/swipe/formats/IMG_0035.png,79777A,mid grey,grey,secondary,0.195,False,shoes,3,3,2.6,B001-P004;B009-P004;B062-P017,B001-P002;B009-P002;B029-P002
content/swipe/formats/IMG_0035.png,79777A,mid grey,grey,secondary,0.195,False,bag,1,1,8.0,B056-P004,B053-P005
content/swipe/formats/IMG_0035.png,79777A,mid grey,grey,secondary,0.195,False,accessory,3,3,4.3,B037-P009;B037-P008;B019-P002,B001-P003;B009-P003;B021-P001
content/swipe/formats/IMG_0035.png,79777A,mid grey,grey,secondary,0.195,False,base,1,1,2.3,B005-P001,B002-P001
content/swipe/formats/IMG_0035.png,79777A,mid grey,grey,secondary,0.195,False,multiple,22,47,4.4,B018-P003;B046-P010;B057-P004;B023-P010;B024-P006;B026-P008;B036-P007;B024-P003,B044-P009;B042-P002;B039-P004;B044-P016;B053-P002;B022-P020;B062-P018;B023-P009
content/swipe/formats/IMG_0036.png,392917,espresso,brown,dominant,0.35,True,layer,34,58,1.0,B021-P027;B027-P008;B021-P002;B012-P001;B030-P009;B028-P002;B042-P015;B040-P003,B043-P001;B055-P011;B060-P003;B061-P002;B001-P001;B009-P001;B041-P005;B042-P035
content/swipe/formats/IMG_0036.png,392917,espresso,brown,dominant,0.35,True,top,39,43,4.2,B028-P012;B053-P003;B026-P010;B055-P002;B059-P004;B007-P003;B031-P002;B052-P001,B042-P009;B031-P008;B039-P002;B031-P007;B021-P005;B057-P003;B021-P023;B028-P007
content/swipe/formats/IMG_0036.png,392917,espresso,brown,dominant,0.35,True,bottom,5,26,8.2,B020-P003;B020-P004;B050-P003;B021-P011;B021-P015,B020-P001;B052-P006;B042-P022;B041-P003;B021-P010;B019-P001;B015-P002;B018-P002
content/swipe/formats/IMG_0036.png,392917,espresso,brown,dominant,0.35,True,dress,4,6,6.4,B041-P007;B042-P010;B041-P006;B033-P004,B042-P031;B042-P014;B041-P002;B042-P030;B042-P021;B042-P011
content/swipe/formats/IMG_0036.png,392917,espresso,brown,dominant,0.35,True,shoes,5,3,6.3,B029-P002;B039-P003;B055-P001;B001-P004;B009-P004,B037-P004;B053-P001;B062-P017
content/swipe/formats/IMG_0036.png,392917,espresso,brown,dominant,0.35,True,bag,3,3,5.3,B054-P003;B043-P005;B056-P004,B053-P004;B053-P005;B043-P006
content/swipe/formats/IMG_0036.png,392917,espresso,brown,dominant,0.35,True,accessory,2,8,9.7,B031-P009;B032-P001,B025-P008;B021-P001;B055-P003;B021-P009;B019-P002;B031-P001;B037-P009;B020-P006
content/swipe/formats/IMG_0036.png,392917,espresso,brown,dominant,0.35,True,base,3,2,7.9,B003-P001;B062-P008;B062-P007,B005-P001;B002-P001
content/swipe/formats/IMG_0036.png,392917,espresso,brown,dominant,0.35,True,multiple,47,58,4.3,B021-P026;B036-P001;B049-P003;B022-P021;B023-P006;B042-P007;B024-P002;B056-P006,B020-P002;B033-P005;B028-P010;B036-P003;B044-P006;B044-P005;B046-P004;B023-P002
content/swipe/formats/IMG_0036.png,5B4528,chocolate,brown,secondary,0.295,True,layer,15,34,2.4,B054-P007;B021-P002;B012-P001;B021-P014;B040-P002;B041-P005;B040-P003;B030-P010,B042-P017;B027-P008;B030-P009;B028-P002;B038-P001;B027-P005;B028-P001;B059-P001
content/swipe/formats/IMG_0036.png,5B4528,chocolate,brown,secondary,0.295,True,top,21,41,4.3,B032-P004;B052-P001;B041-P009;B032-P002;B051-P004;B059-P005;B055-P002;B027-P004,B030-P002;B026-P010;B059-P004;B007-P003;B021-P024;B014-P001;B031-P005;B054-P004
content/swipe/formats/IMG_0036.png,5B4528,chocolate,brown,secondary,0.295,True,bottom,3,11,9.4,B042-P041;B020-P003;B052-P003,B052-P004;B050-P003;B042-P040;B050-P002;B021-P011;B020-P004;B021-P010;B020-P001
content/swipe/formats/IMG_0036.png,5B4528,chocolate,brown,secondary,0.295,True,dress,0,5,14.7,,B041-P007;B041-P006;B042-P010;B033-P004;B042-P031
content/swipe/formats/IMG_0036.png,5B4528,chocolate,brown,secondary,0.295,True,shoes,2,6,5.8,B029-P002;B039-P003,B001-P004;B009-P004;B055-P001;B062-P017;B053-P001;B037-P004
content/swipe/formats/IMG_0036.png,5B4528,chocolate,brown,secondary,0.295,True,bag,1,3,10.5,B054-P003,B043-P005;B056-P004;B053-P004
content/swipe/formats/IMG_0036.png,5B4528,chocolate,brown,secondary,0.295,True,accessory,0,8,13.9,,B031-P009;B032-P001;B037-P009;B019-P002;B055-P003;B025-P008;B021-P001;B037-P008
content/swipe/formats/IMG_0036.png,5B4528,chocolate,brown,secondary,0.295,True,base,1,4,7.9,B062-P007,B003-P001;B062-P008;B002-P001;B005-P001
content/swipe/formats/IMG_0036.png,5B4528,chocolate,brown,secondary,0.295,True,multiple,12,70,1.5,B021-P026;B022-P014;B020-P005;B022-P020;B049-P003;B046-P006;B039-P004;B036-P001,B006-P001;B022-P007;B033-P002;B023-P008;B026-P007;B042-P007;B023-P001;B056-P006
content/swipe/formats/IMG_0036.png,996C2E,ochre,yellow,accent,0.168,True,layer,3,11,6.6,B021-P016;B021-P021;B021-P014,B027-P008;B021-P002;B054-P007;B021-P013;B021-P022;B042-P018;B040-P002;B040-P003
content/swipe/formats/IMG_0036.png,996C2E,ochre,yellow,accent,0.168,True,top,8,14,7.1,B021-P005;B047-P002;B047-P003;B032-P004;B062-P009;B050-P004;B030-P001;B051-P004,B062-P005;B055-P002;B042-P001;B040-P001;B050-P005;B029-P001;B032-P002;B042-P028
content/swipe/formats/IMG_0036.png,996C2E,ochre,yellow,accent,0.168,True,bottom,4,6,8.3,B052-P004;B050-P002;B050-P003;B042-P041,B042-P040;B052-P003;B044-P010;B015-P004;B051-P002;B020-P003
content/swipe/formats/IMG_0036.png,996C2E,ochre,yellow,accent,0.168,True,dress,0,1,19.6,,B042-P010
content/swipe/formats/IMG_0036.png,996C2E,ochre,yellow,accent,0.168,True,shoes,0,1,12.8,,B029-P002
content/swipe/formats/IMG_0036.png,996C2E,ochre,yellow,accent,0.168,True,accessory,0,1,19.5,,B019-P002
content/swipe/formats/IMG_0036.png,996C2E,ochre,yellow,accent,0.168,True,base,1,2,11.8,B062-P007,B003-P001;B026-P009
content/swipe/formats/IMG_0036.png,996C2E,ochre,yellow,accent,0.168,True,multiple,10,20,6.5,B022-P022;B047-P001;B062-P019;B023-P001;B046-P011;B042-P007;B042-P005;B022-P014,B044-P003;B044-P020;B042-P006;B046-P008;B024-P008;B021-P026;B022-P020;B062-P020
content/swipe/formats/IMG_0036.png,8A7554,tobacco,brown,accent,0.096,True,layer,9,15,5.3,B021-P016;B021-P014;B021-P021;B021-P002;B042-P018;B027-P008;B041-P005;B040-P002,B041-P004;B040-P003;B021-P018;B060-P005;B043-P003;B043-P002;B021-P013;B037-P007
content/swipe/formats/IMG_0036.png,8A7554,tobacco,brown,accent,0.096,True,top,11,22,3.0,B032-P004;B030-P001;B042-P028;B062-P009;B031-P005;B062-P005;B055-P002;B021-P005,B029-P001;B027-P004;B051-P004;B016-P003;B062-P002;B050-P004;B032-P002;B050-P005
content/swipe/formats/IMG_0036.png,8A7554,tobacco,brown,accent,0.096,True,bottom,5,8,4.6,B042-P041;B042-P040;B044-P010;B020-P003;B050-P003,B052-P004;B050-P002;B052-P003;B007-P002;B051-P002;B021-P010;B015-P004;B021-P011
content/swipe/formats/IMG_0036.png,8A7554,tobacco,brown,accent,0.096,True,dress,0,2,16.0,,B042-P010;B042-P032
content/swipe/formats/IMG_0036.png,8A7554,tobacco,brown,accent,0.096,True,shoes,1,4,5.7,B029-P002,B001-P004;B009-P004;B062-P017;B053-P001
content/swipe/formats/IMG_0036.png,8A7554,tobacco,brown,accent,0.096,True,bag,0,1,16.6,,B056-P004
content/swipe/formats/IMG_0036.png,8A7554,tobacco,brown,accent,0.096,True,accessory,0,3,13.1,,B019-P002;B037-P008;B037-P009
content/swipe/formats/IMG_0036.png,8A7554,tobacco,brown,accent,0.096,True,base,0,5,13.8,,B003-P001;B062-P007;B005-P001;B004-P001;B026-P009
content/swipe/formats/IMG_0036.png,8A7554,tobacco,brown,accent,0.096,True,multiple,21,38,2.3,B062-P019;B032-P003;B044-P020;B022-P022;B023-P001;B047-P001;B046-P011;B042-P002,B025-P004;B043-P007;B039-P004;B042-P005;B046-P006;B026-P003;B033-P002;B049-P003
content/swipe/formats/IMG_0059.jpeg,422D22,espresso,brown,dominant,0.333,True,layer,35,61,5.3,B028-P002;B042-P015;B042-P016;B059-P001;B021-P022;B040-P003;B021-P027;B021-P002,B027-P005;B042-P003;B042-P004;B053-P006;B043-P001;B061-P002;B001-P001;B009-P001
content/swipe/formats/IMG_0059.jpeg,422D22,espresso,brown,dominant,0.333,True,top,47,36,2.3,B026-P010;B007-P003;B021-P024;B031-P002;B052-P002;B028-P012;B025-P003;B028-P013,B042-P009;B045-P003;B062-P015;B028-P007;B039-P002;B008-P002;B028-P009;B057-P003
content/swipe/formats/IMG_0059.jpeg,422D22,espresso,brown,dominant,0.333,True,bottom,8,23,6.9,B021-P011;B050-P003;B020-P003;B021-P010;B018-P002;B021-P003;B020-P004;B015-P005,B020-P001;B016-P001;B015-P002;B021-P015;B052-P006;B042-P022;B041-P003;B044-P018
content/swipe/formats/IMG_0059.jpeg,422D22,espresso,brown,dominant,0.333,True,dress,4,6,4.9,B041-P007;B041-P006;B042-P010;B033-P004,B042-P031;B042-P014;B042-P011;B041-P002;B042-P021;B042-P030
content/swipe/formats/IMG_0059.jpeg,422D22,espresso,brown,dominant,0.333,True,shoes,5,3,5.3,B055-P001;B039-P003;B029-P002;B001-P004;B009-P004,B037-P004;B053-P001;B062-P017
content/swipe/formats/IMG_0059.jpeg,422D22,espresso,brown,dominant,0.333,True,bag,3,3,1.7,B054-P003;B043-P005;B056-P004,B053-P004;B053-P005;B043-P006
content/swipe/formats/IMG_0059.jpeg,422D22,espresso,brown,dominant,0.333,True,accessory,4,6,5.5,B031-P009;B032-P001;B025-P008;B021-P009,B020-P006;B021-P001;B055-P003;B019-P002;B037-P009;B031-P001
content/swipe/formats/IMG_0059.jpeg,422D22,espresso,brown,dominant,0.333,True,base,5,1,3.2,B003-P001;B062-P008;B005-P001;B062-P007;B002-P001,B026-P009
content/swipe/formats/IMG_0059.jpeg,422D22,espresso,brown,dominant,0.333,True,multiple,54,51,2.5,B042-P007;B023-P006;B026-P007;B036-P001;B022-P007;B032-P003;B024-P002;B049-P003,B023-P010;B028-P010;B044-P005;B022-P004;B033-P005;B020-P002;B027-P011;B023-P015
content/swipe/formats/IMG_0059.jpeg,4A4944,taupe,warm neutral,secondary,0.301,False,layer,40,57,1.5,B038-P001;B027-P005;B042-P035;B043-P001;B055-P009;B023-P012;B027-P007;B041-P005,B019-P005;B021-P002;B055-P011;B012-P004;B056-P002;B008-P003;B043-P002;B030-P008
content/swipe/formats/IMG_0059.jpeg,4A4944,taupe,warm neutral,secondary,0.301,False,top,29,50,2.4,B031-P006;B030-P002;B039-P002;B057-P005;B014-P001;B054-P005;B008-P002;B054-P004,B027-P001;B028-P009;B057-P003;B034-P002;B027-P004;B027-P003;B032-P004;B055-P002
content/swipe/formats/IMG_0059.jpeg,4A4944,taupe,warm neutral,secondary,0.301,False,bottom,5,21,5.8,B020-P003;B048-P003;B015-P002;B020-P001;B015-P001,B041-P003;B042-P041;B020-P004;B049-P001;B021-P015;B044-P018;B042-P022;B011-P002
content/swipe/formats/IMG_0059.jpeg,4A4944,taupe,warm neutral,secondary,0.301,False,dress,0,10,12.9,,B042-P031;B041-P006;B041-P007;B042-P014;B033-P004;B041-P002;B042-P011;B042-P010
content/swipe/formats/IMG_0059.jpeg,4A4944,taupe,warm neutral,secondary,0.301,False,shoes,7,3,5.6,B001-P004;B009-P004;B053-P001;B062-P017;B037-P004;B029-P002;B039-P003,B055-P001;B001-P002;B009-P002
content/swipe/formats/IMG_0059.jpeg,4A4944,taupe,warm neutral,secondary,0.301,False,bag,3,3,9.3,B056-P004;B043-P005;B053-P004,B054-P003;B053-P005;B043-P006
content/swipe/formats/IMG_0059.jpeg,4A4944,taupe,warm neutral,secondary,0.301,False,accessory,6,6,3.9,B055-P003;B037-P009;B021-P001;B019-P002;B031-P009;B032-P001,B037-P008;B020-P006;B021-P009;B031-P001;B001-P003;B009-P003
content/swipe/formats/IMG_0059.jpeg,4A4944,taupe,warm neutral,secondary,0.301,False,base,2,3,10.6,B062-P008;B005-P001,B062-P007;B002-P001;B003-P001
content/swipe/formats/IMG_0059.jpeg,4A4944,taupe,warm neutral,secondary,0.301,False,multiple,57,44,3.6,B027-P011;B023-P007;B023-P015;B039-P004;B024-P004;B028-P006;B023-P011;B022-P016,B021-P008;B042-P005;B022-P007;B019-P006;B042-P019;B024-P006;B026-P007;B023-P002
content/swipe/formats/IMG_0059.jpeg,E2DAD0,cream,warm neutral,secondary,0.164,True,layer,17,4,2.6,B043-P002;B019-P004;B046-P003;B048-P001;B043-P004;B061-P003;B042-P020;B011-P006,B060-P006;B060-P002;B021-P014;B059-P002
content/swipe/formats/IMG_0059.jpeg,E2DAD0,cream,warm neutral,secondary,0.164,True,top,31,15,2.4,B061-P005;B042-P025;B010-P003;B062-P006;B062-P013;B033-P001;B058-P007;B042-P024,B025-P003;B030-P001;B042-P029;B030-P003;B057-P003;B021-P025;B012-P003;B050-P006
content/swipe/formats/IMG_0059.jpeg,E2DAD0,cream,warm neutral,secondary,0.164,True,bottom,11,7,1.4,B021-P011;B042-P039;B021-P010;B048-P003;B007-P002;B011-P002;B042-P038;B015-P004,B048-P002;B051-P001;B051-P002;B050-P007;B050-P002;B050-P008;B051-P003
content/swipe/formats/IMG_0059.jpeg,E2DAD0,cream,warm neutral,secondary,0.164,True,dress,1,1,4.7,B042-P032,B042-P010
content/swipe/formats/IMG_0059.jpeg,E2DAD0,cream,warm neutral,secondary,0.164,True,shoes,0,2,12.2,,B062-P017;B053-P001
content/swipe/formats/IMG_0059.jpeg,E2DAD0,cream,warm neutral,secondary,0.164,True,accessory,3,0,5.8,B020-P006;B045-P004;B025-P008,
content/swipe/formats/IMG_0059.jpeg,E2DAD0,cream,warm neutral,secondary,0.164,True,base,2,0,2.6,B004-P001;B062-P007,
content/swipe/formats/IMG_0059.jpeg,E2DAD0,cream,warm neutral,secondary,0.164,True,multiple,56,18,1.0,B023-P016;B044-P014;B036-P002;B023-P002;B023-P003;B023-P006;B022-P002;B022-P010,B024-P002;B023-P010;B025-P005;B022-P016;B044-P012;B024-P005;B026-P004;B022-P018
content/swipe/formats/IMG_0059.jpeg,88654A,tobacco,brown,accent,0.105,True,layer,9,19,4.4,B021-P016;B021-P002;B021-P014;B054-P007;B021-P021;B040-P002;B040-P003;B041-P004,B008-P003;B043-P002;B043-P003;B042-P018;B015-P003;B027-P008;B021-P013;B037-P007
content/swipe/formats/IMG_0059.jpeg,88654A,tobacco,brown,accent,0.105,True,top,14,17,6.2,B055-P002;B062-P005;B027-P004;B032-P004;B030-P001;B047-P003;B051-P004;B047-P002,B050-P004;B031-P005;B042-P028;B030-P002;B052-P001;B058-P004;B059-P005;B050-P005
content/swipe/formats/IMG_0059.jpeg,88654A,tobacco,brown,accent,0.105,True,bottom,8,2,6.1,B042-P040;B042-P041;B050-P002;B052-P004;B052-P003;B050-P003;B020-P003;B044-P010,B015-P004;B051-P002
content/swipe/formats/IMG_0059.jpeg,88654A,tobacco,brown,accent,0.105,True,dress,0,1,19.9,,B042-P010
content/swipe/formats/IMG_0059.jpeg,88654A,tobacco,brown,accent,0.105,True,shoes,1,3,11.4,B029-P002,B001-P004;B009-P004;B062-P017
content/swipe/formats/IMG_0059.jpeg,88654A,tobacco,brown,accent,0.105,True,bag,0,1,16.6,,B056-P004
content/swipe/formats/IMG_0059.jpeg,88654A,tobacco,brown,accent,0.105,True,accessory,0,3,12.7,,B019-P002;B037-P008;B037-P009
content/swipe/formats/IMG_0059.jpeg,88654A,tobacco,brown,accent,0.105,True,base,1,4,10.7,B062-P007,B002-P001;B003-P001;B005-P001;B026-P009
content/swipe/formats/IMG_0059.jpeg,88654A,tobacco,brown,accent,0.105,True,multiple,12,36,1.7,B023-P001;B022-P014;B046-P006;B062-P019;B022-P022;B042-P007;B047-P001;B044-P020,B021-P026;B022-P013;B024-P003;B042-P019;B046-P008;B042-P005;B024-P006;B022-P020
content/swipe/formats/IMG_0060.jpeg,4B4744,taupe,warm neutral,dominant,0.532,False,layer,44,53,1.6,B027-P005;B042-P035;B038-P001;B023-P012;B055-P009;B043-P001;B027-P007;B053-P006,B055-P011;B060-P002;B042-P018;B030-P008;B058-P001;B023-P013;B060-P006;B043-P002
content/swipe/formats/IMG_0060.jpeg,4B4744,taupe,warm neutral,dominant,0.532,False,top,32,53,2.2,B031-P006;B030-P002;B057-P005;B039-P002;B014-P001;B008-P002;B054-P005;B028-P013,B027-P004;B028-P009;B062-P010;B057-P003;B052-P002;B021-P024;B026-P010;B057-P006
content/swipe/formats/IMG_0060.jpeg,4B4744,taupe,warm neutral,dominant,0.532,False,bottom,5,28,5.2,B020-P003;B015-P002;B048-P003;B020-P001;B015-P001,B041-P003;B042-P041;B049-P001;B020-P004;B021-P015;B044-P018;B042-P022;B011-P002
content/swipe/formats/IMG_0060.jpeg,4B4744,taupe,warm neutral,dominant,0.532,False,dress,1,9,11.2,B041-P006,B041-P007;B042-P031;B033-P004;B042-P014;B041-P002;B042-P010;B042-P011;B042-P021
content/swipe/formats/IMG_0060.jpeg,4B4744,taupe,warm neutral,dominant,0.532,False,shoes,7,3,2.9,B001-P004;B009-P004;B053-P001;B037-P004;B039-P003;B029-P002;B062-P017,B055-P001;B001-P002;B009-P002
content/swipe/formats/IMG_0060.jpeg,4B4744,taupe,warm neutral,dominant,0.532,False,bag,4,2,8.8,B056-P004;B054-P003;B043-P005;B053-P004,B053-P005;B043-P006
content/swipe/formats/IMG_0060.jpeg,4B4744,taupe,warm neutral,dominant,0.532,False,accessory,6,7,4.6,B037-P009;B055-P003;B021-P001;B031-P009;B032-P001;B019-P002,B037-P008;B020-P006;B021-P009;B031-P001;B001-P003;B009-P003;B025-P008
content/swipe/formats/IMG_0060.jpeg,4B4744,taupe,warm neutral,dominant,0.532,False,base,3,2,8.5,B062-P008;B005-P001;B002-P001,B062-P007;B003-P001
content/swipe/formats/IMG_0060.jpeg,4B4744,taupe,warm neutral,dominant,0.532,False,multiple,66,41,2.6,B027-P011;B023-P015;B023-P011;B024-P004;B039-P004;B030-P005;B030-P006;B026-P003,B023-P002;B042-P019;B042-P007;B021-P026;B043-P007;B023-P017;B023-P003;B023-P004
content/swipe/formats/IMG_0060.jpeg,EBDFCD,cream,warm neutral,secondary,0.15,True,layer,16,4,1.3,B046-P003;B048-P001;B043-P004;B019-P004;B061-P003;B043-P002;B001-P001;B009-P001,B041-P004;B060-P002;B060-P006;B021-P014
content/swipe/formats/IMG_0060.jpeg,EBDFCD,cream,warm neutral,secondary,0.15,True,top,27,15,1.0,B062-P006;B058-P007;B033-P001;B042-P025;B042-P024;B038-P002;B061-P005;B062-P013,B052-P002;B057-P006;B062-P003;B030-P001;B042-P029;B025-P003;B030-P003;B007-P001
content/swipe/formats/IMG_0060.jpeg,EBDFCD,cream,warm neutral,secondary,0.15,True,bottom,11,7,3.6,B021-P011;B021-P010;B042-P039;B048-P003;B042-P038;B007-P002;B011-P002;B062-P021,B051-P001;B051-P002;B050-P007;B050-P002;B050-P008;B051-P003;B048-P002
content/swipe/formats/IMG_0060.jpeg,EBDFCD,cream,warm neutral,secondary,0.15,True,dress,1,1,4.3,B042-P032,B042-P010
content/swipe/formats/IMG_0060.jpeg,EBDFCD,cream,warm neutral,secondary,0.15,True,shoes,0,2,15.0,,B062-P017;B053-P001
content/swipe/formats/IMG_0060.jpeg,EBDFCD,cream,warm neutral,secondary,0.15,True,accessory,3,0,8.5,B020-P006;B045-P004;B025-P008,
content/swipe/formats/IMG_0060.jpeg,EBDFCD,cream,warm neutral,secondary,0.15,True,base,2,0,5.2,B004-P001;B062-P007,
content/swipe/formats/IMG_0060.jpeg,EBDFCD,cream,warm neutral,secondary,0.15,True,multiple,48,23,1.4,B036-P002;B023-P002;B023-P005;B023-P003;B023-P016;B044-P014;B046-P007;B022-P002,B042-P002;B022-P020;B024-P001;B023-P010;B024-P006;B057-P004;B022-P021;B024-P002
content/swipe/formats/IMG_0060.jpeg,3C2B25,espresso,brown,secondary,0.133,True,layer,61,35,2.9,B059-P001;B028-P002;B042-P015;B042-P016;B008-P003;B030-P009;B021-P022;B041-P004,B048-P001;B037-P002;B042-P020;B062-P014;B027-P007;B028-P004;B041-P005;B056-P003
content/swipe/formats/IMG_0060.jpeg,3C2B25,espresso,brown,secondary,0.133,True,top,56,30,2.2,B026-P010;B052-P002;B007-P003;B021-P024;B028-P012;B030-P004;B031-P002;B055-P002,B058-P004;B028-P008;B021-P006;B040-P001;B050-P004;B037-P003;B039-P007;B042-P001
content/swipe/formats/IMG_0060.jpeg,3C2B25,espresso,brown,secondary,0.133,True,bottom,15,17,6.3,B021-P011;B020-P003;B021-P010;B018-P002;B020-P004;B020-P001;B015-P002;B015-P005,B044-P018;B011-P002;B019-P001;B042-P040;B042-P038;B056-P001;B042-P023;B042-P033
content/swipe/formats/IMG_0060.jpeg,3C2B25,espresso,brown,secondary,0.133,True,dress,6,4,2.8,B041-P007;B041-P006;B033-P004;B042-P010;B042-P031;B042-P014,B042-P011;B041-P002;B042-P021;B042-P030
content/swipe/formats/IMG_0060.jpeg,3C2B25,espresso,brown,secondary,0.133,True,shoes,7,1,4.6,B039-P003;B029-P002;B055-P001;B001-P004;B009-P004;B037-P004;B053-P001,B062-P017
content/swipe/formats/IMG_0060.jpeg,3C2B25,espresso,brown,secondary,0.133,True,bag,5,1,2.7,B054-P003;B043-P005;B056-P004;B053-P004;B053-P005,B043-P006
content/swipe/formats/IMG_0060.jpeg,3C2B25,espresso,brown,secondary,0.133,True,accessory,7,3,3.5,B031-P009;B032-P001;B021-P009;B025-P008;B021-P001;B020-P006;B019-P002,B055-P003;B031-P001;B037-P009
content/swipe/formats/IMG_0060.jpeg,3C2B25,espresso,brown,secondary,0.133,True,base,5,0,3.5,B062-P008;B003-P001;B005-P001;B062-P007;B002-P001,
content/swipe/formats/IMG_0060.jpeg,3C2B25,espresso,brown,secondary,0.133,True,multiple,85,21,1.6,B026-P007;B042-P007;B023-P006;B022-P007;B024-P002;B032-P003;B024-P006;B056-P006,B057-P004;B026-P002;B026-P001;B046-P001;B022-P012;B042-P012;B044-P011;B018-P003
content/swipe/formats/IMG_0060.jpeg,7B7060,olive,green,secondary,0.116,True,layer,16,20,4.2,B041-P005;B040-P002;B041-P004;B043-P002;B021-P002;B042-P018;B038-P001;B060-P005,B059-P001;B021-P014;B061-P002;B021-P021;B027-P008;B054-P002;B043-P001;B055-P009
content/swipe/formats/IMG_0060.jpeg,7B7060,olive,green,secondary,0.116,True,top,10,22,6.1,B062-P005;B030-P001;B042-P028;B032-P004;B055-P002;B062-P002;B027-P004;B031-P005,B062-P009;B051-P004;B057-P005;B021-P005;B047-P003;B047-P002;B032-P002;B016-P003
content/swipe/formats/IMG_0060.jpeg,7B7060,olive,green,secondary,0.116,True,bottom,4,7,2.1,B020-P003;B042-P040;B044-P010;B042-P041,B050-P003;B048-P003;B050-P002;B052-P004;B052-P003;B007-P002;B021-P010
content/swipe/formats/IMG_0060.jpeg,7B7060,olive,green,secondary,0.116,True,dress,0,1,18.7,,B042-P010
content/swipe/formats/IMG_0060.jpeg,7B7060,olive,green,secondary,0.116,True,shoes,4,0,8.4,B029-P002;B001-P004;B009-P004;B062-P017,
content/swipe/formats/IMG_0060.jpeg,7B7060,olive,green,secondary,0.116,True,bag,1,0,10.0,B056-P004,
content/swipe/formats/IMG_0060.jpeg,7B7060,olive,green,secondary,0.116,True,accessory,3,1,6.5,B019-P002;B037-P008;B037-P009,B055-P003
content/swipe/formats/IMG_0060.jpeg,7B7060,olive,green,secondary,0.116,True,base,1,3,10.0,B005-P001,B002-P001;B062-P007;B003-P001
content/swipe/formats/IMG_0060.jpeg,7B7060,olive,green,secondary,0.116,True,multiple,21,48,4.4,B042-P019;B023-P010;B062-P019;B024-P006;B036-P007;B022-P013;B024-P003;B044-P020,B018-P003;B062-P018;B046-P008;B028-P010;B022-P022;B022-P017;B062-P020;B052-P007
content/swipe/formats/IMG_0061.jpeg,433734,taupe,warm neutral,dominant,0.474,False,layer,64,33,2.0,B042-P016;B059-P001;B041-P004;B055-P008;B028-P001;B040-P003;B028-P002;B040-P002,B037-P002;B008-P001;B042-P018;B021-P019;B042-P034;B028-P005;B017-P001;B042-P020
content/swipe/formats/IMG_0061.jpeg,433734,taupe,warm neutral,dominant,0.474,False,top,50,38,1.9,B058-P003;B028-P013;B031-P002;B030-P004;B014-P001;B027-P002;B054-P004;B059-P004,B021-P005;B037-P003;B041-P009;B021-P012;B031-P007;B031-P004;B028-P008;B031-P008
content/swipe/formats/IMG_0061.jpeg,433734,taupe,warm neutral,dominant,0.474,False,bottom,11,21,5.7,B020-P003;B015-P002;B020-P001;B020-P004;B021-P011;B021-P015;B041-P003;B042-P022,B011-P002;B015-P001;B015-P005;B052-P006;B021-P003;B016-P001;B049-P001;B056-P001
content/swipe/formats/IMG_0061.jpeg,433734,taupe,warm neutral,dominant,0.474,False,dress,6,4,4.7,B041-P006;B041-P007;B033-P004;B042-P031;B042-P010;B042-P014,B041-P002;B042-P011;B042-P021;B042-P030
content/swipe/formats/IMG_0061.jpeg,433734,taupe,warm neutral,dominant,0.474,False,shoes,7,3,2.8,B039-P003;B029-P002;B001-P004;B009-P004;B037-P004;B053-P001;B055-P001,B062-P017;B001-P002;B009-P002
content/swipe/formats/IMG_0061.jpeg,433734,taupe,warm neutral,dominant,0.474,False,bag,4,2,4.9,B054-P003;B043-P005;B056-P004;B053-P004,B053-P005;B043-P006
content/swipe/formats/IMG_0061.jpeg,433734,taupe,warm neutral,dominant,0.474,False,accessory,8,3,2.5,B031-P009;B032-P001;B021-P001;B055-P003;B020-P006;B037-P009;B021-P009;B019-P002,B025-P008;B031-P001;B037-P008
content/swipe/formats/IMG_0061.jpeg,433734,taupe,warm neutral,dominant,0.474,False,base,5,0,2.3,B062-P008;B005-P001;B062-P007;B003-P001;B002-P001,
content/swipe/formats/IMG_0061.jpeg,433734,taupe,warm neutral,dominant,0.474,False,multiple,91,15,2.4,B022-P021;B022-P013;B056-P006;B023-P011;B046-P009;B023-P006;B033-P002;B024-P006,B024-P005;B010-P002;B024-P009;B042-P012;B045-P001;B022-P015;B030-P007;B044-P001
content/swipe/formats/IMG_0061.jpeg,EBDECA,cream,warm neutral,accent,0.15,True,layer,15,5,1.2,B046-P003;B048-P001;B043-P004;B019-P004;B061-P003;B043-P002;B001-P001;B009-P001,B058-P005;B041-P004;B060-P002;B060-P006;B021-P014
content/swipe/formats/IMG_0061.jpeg,EBDECA,cream,warm neutral,accent,0.15,True,top,26,15,0.8,B062-P006;B058-P007;B033-P001;B042-P025;B038-P002;B042-P024;B061-P005;B062-P013,B052-P002;B011-P007;B042-P029;B030-P001;B057-P006;B025-P003;B062-P003;B030-P003
content/swipe/formats/IMG_0061.jpeg,EBDECA,cream,warm neutral,accent,0.15,True,bottom,11,7,4.3,B021-P011;B042-P039;B021-P010;B048-P003;B042-P038;B007-P002;B011-P002;B015-P004,B051-P001;B051-P002;B050-P007;B050-P002;B050-P008;B051-P003;B048-P002
content/swipe/formats/IMG_0061.jpeg,EBDECA,cream,warm neutral,accent,0.15,True,dress,1,1,4.2,B042-P032,B042-P010
content/swipe/formats/IMG_0061.jpeg,EBDECA,cream,warm neutral,accent,0.15,True,shoes,0,2,15.4,,B062-P017;B053-P001
content/swipe/formats/IMG_0061.jpeg,EBDECA,cream,warm neutral,accent,0.15,True,accessory,3,0,9.2,B020-P006;B045-P004;B025-P008,
content/swipe/formats/IMG_0061.jpeg,EBDECA,cream,warm neutral,accent,0.15,True,base,2,0,6.0,B004-P001;B062-P007,
content/swipe/formats/IMG_0061.jpeg,EBDECA,cream,warm neutral,accent,0.15,True,multiple,49,22,2.0,B036-P002;B023-P002;B046-P007;B023-P003;B023-P005;B044-P014;B022-P002;B023-P016,B022-P020;B024-P001;B023-P010;B024-P006;B022-P021;B057-P004;B044-P004;B024-P002
content/swipe/formats/IMG_0061.jpeg,CAB398,oatmeal,warm neutral,secondary,0.139,True,layer,12,12,0.9,B048-P001;B046-P003;B001-P001;B009-P001;B021-P017;B060-P002;B054-P006;B021-P016,B021-P022;B058-P005;B060-P006;B043-P002;B021-P021;B019-P004;B043-P004;B011-P006
content/swipe/formats/IMG_0061.jpeg,CAB398,oatmeal,warm neutral,secondary,0.139,True,top,26,25,2.2,B030-P001;B030-P003;B042-P009;B057-P006;B042-P029;B058-P002;B059-P003;B021-P025,B028-P014;B058-P007;B030-P002;B062-P002;B042-P025;B033-P001;B025-P001;B010-P005
content/swipe/formats/IMG_0061.jpeg,CAB398,oatmeal,warm neutral,secondary,0.139,True,bottom,12,8,2.3,B042-P041;B042-P040;B021-P010;B021-P011;B007-P002;B051-P001;B051-P002;B042-P038,B042-P039;B011-P002;B048-P003;B015-P004;B050-P003;B044-P010;B048-P002;B062-P021
content/swipe/formats/IMG_0061.jpeg,CAB398,oatmeal,warm neutral,secondary,0.139,True,dress,2,0,3.9,B042-P032;B042-P010,
content/swipe/formats/IMG_0061.jpeg,CAB398,oatmeal,warm neutral,secondary,0.139,True,shoes,1,2,7.4,B053-P001,B029-P002;B062-P017
content/swipe/formats/IMG_0061.jpeg,CAB398,oatmeal,warm neutral,secondary,0.139,True,accessory,0,4,14.6,,B025-P008;B045-P004;B020-P006;B037-P008
content/swipe/formats/IMG_0061.jpeg,CAB398,oatmeal,warm neutral,secondary,0.139,True,base,2,2,6.0,B004-P001;B003-P001,B062-P007;B026-P009
content/swipe/formats/IMG_0061.jpeg,CAB398,oatmeal,warm neutral,secondary,0.139,True,multiple,51,32,3.8,B022-P019;B062-P020;B044-P004;B042-P002;B022-P006;B026-P007;B026-P001;B022-P018,B023-P001;B042-P006;B046-P008;B036-P002;B044-P015;B022-P020;B045-P001;B021-P008
content/swipe/formats/IMG_0061.jpeg,6C5949,tobacco,brown,secondary,0.132,True,layer,18,31,1.1,B040-P003;B040-P002;B021-P002;B054-P007;B041-P005;B041-P004;B021-P014;B043-P003,B042-P016;B043-P001;B027-P005;B042-P035;B008-P003;B023-P012;B054-P001;B054-P002
content/swipe/formats/IMG_0061.jpeg,6C5949,tobacco,brown,secondary,0.132,True,top,13,43,1.6,B027-P004;B055-P002;B062-P005;B032-P002;B032-P004;B057-P005;B051-P004;B059-P005,B030-P001;B052-P001;B041-P009;B031-P002;B042-P001;B008-P002;B040-P001;B053-P003
content/swipe/formats/IMG_0061.jpeg,6C5949,tobacco,brown,secondary,0.132,True,bottom,4,7,1.7,B042-P041;B042-P040;B020-P003;B052-P003,B052-P004;B044-P010;B050-P002;B048-P003;B050-P003;B015-P002;B015-P004
content/swipe/formats/IMG_0061.jpeg,6C5949,tobacco,brown,secondary,0.132,True,dress,0,2,16.9,,B041-P006;B041-P007
content/swipe/formats/IMG_0061.jpeg,6C5949,tobacco,brown,secondary,0.132,True,shoes,4,4,6.8,B029-P002;B001-P004;B009-P004;B062-P017,B039-P003;B053-P001;B055-P001;B037-P004
content/swipe/formats/IMG_0061.jpeg,6C5949,tobacco,brown,secondary,0.132,True,bag,1,2,11.2,B056-P004,B054-P003;B043-P005
content/swipe/formats/IMG_0061.jpeg,6C5949,tobacco,brown,secondary,0.132,True,accessory,2,8,7.9,B019-P002;B037-P009,B037-P008;B031-P009;B032-P001;B055-P003;B021-P001;B020-P006;B021-P009;B025-P008
content/swipe/formats/IMG_0061.jpeg,6C5949,tobacco,brown,secondary,0.132,True,base,2,4,11.4,B062-P007;B002-P001,B005-P001;B062-P008;B003-P001;B026-P009
content/swipe/formats/IMG_0061.jpeg,6C5949,tobacco,brown,secondary,0.132,True,multiple,21,52,2.4,B049-P003;B022-P013;B022-P014;B022-P020;B021-P026;B046-P006;B020-P005;B023-P001,B023-P011;B044-P005;B028-P010;B022-P017;B027-P011;B046-P009;B052-P007;B022-P007
content/swipe/formats/IMG_0066.png,DFAD6D,gold,yellow,dominant,0.355,True,layer,11,3,5.7,B060-P002;B021-P014;B021-P016;B021-P017;B021-P022;B027-P008;B054-P006;B021-P021,B001-P001;B009-P001;B041-P004
content/swipe/formats/IMG_0066.png,DFAD6D,gold,yellow,dominant,0.355,True,top,10,26,7.0,B050-P005;B050-P004;B021-P025;B050-P006;B038-P002;B030-P003;B032-P004;B029-P001,B042-P009;B042-P029;B042-P028;B047-P003;B047-P002;B058-P002;B059-P003;B025-P003
content/swipe/formats/IMG_0066.png,DFAD6D,gold,yellow,dominant,0.355,True,bottom,6,7,5.7,B050-P007;B051-P003;B050-P008;B050-P002;B051-P002;B051-P001,B042-P040;B042-P041;B021-P010;B021-P011;B007-P002;B050-P003;B042-P038
content/swipe/formats/IMG_0066.png,DFAD6D,gold,yellow,dominant,0.355,True,dress,0,2,12.4,,B042-P010;B042-P032
content/swipe/formats/IMG_0066.png,DFAD6D,gold,yellow,dominant,0.355,True,shoes,1,1,3.4,B053-P001,B029-P002
content/swipe/formats/IMG_0066.png,DFAD6D,gold,yellow,dominant,0.355,True,base,2,1,8.8,B004-P001;B026-P009,B003-P001
content/swipe/formats/IMG_0066.png,DFAD6D,gold,yellow,dominant,0.355,True,multiple,6,51,8.9,B046-P011;B047-P001;B024-P008;B044-P003;B033-P002;B023-P011,B044-P004;B022-P019;B042-P006;B023-P001;B042-P005;B026-P001;B026-P007;B062-P020
content/swipe/formats/IMG_0066.png,EC9A5A,gold,yellow,secondary,0.229,True,layer,5,10,7.3,B021-P022;B021-P014;B021-P021;B021-P013;B060-P002,B021-P016;B021-P017;B054-P006;B048-P001;B046-P003;B027-P008;B001-P001;B009-P001
content/swipe/formats/IMG_0066.png,EC9A5A,gold,yellow,secondary,0.229,True,top,4,21,6.7,B050-P004;B050-P005;B050-P006;B021-P025,B029-P001;B032-P004;B030-P003;B030-P001;B047-P003;B047-P002;B042-P009;B021-P005
content/swipe/formats/IMG_0066.png,EC9A5A,gold,yellow,secondary,0.229,True,bottom,6,7,6.0,B051-P003;B050-P008;B051-P002;B050-P002;B050-P007;B051-P001,B050-P003;B042-P041;B042-P040;B007-P002;B021-P010;B021-P011;B052-P004
content/swipe/formats/IMG_0066.png,EC9A5A,gold,yellow,secondary,0.229,True,dress,0,2,14.0,,B042-P010;B042-P032
content/swipe/formats/IMG_0066.png,EC9A5A,gold,yellow,secondary,0.229,True,shoes,1,0,9.8,B053-P001,
content/swipe/formats/IMG_0066.png,EC9A5A,gold,yellow,secondary,0.229,True,base,2,1,5.2,B026-P009;B004-P001,B003-P001
content/swipe/formats/IMG_0066.png,EC9A5A,gold,yellow,secondary,0.229,True,multiple,4,29,8.9,B046-P011;B047-P001;B042-P005;B024-P008,B044-P003;B023-P011;B042-P006;B023-P001;B033-P002;B022-P019;B026-P007;B044-P004
content/swipe/formats/IMG_0066.png,90744C,ochre,yellow,accent,0.22,True,layer,7,16,3.6,B021-P016;B021-P014;B021-P021;B027-P008;B021-P002;B042-P018;B054-P007,B041-P005;B040-P002;B021-P013;B040-P003;B041-P004;B021-P018;B021-P022;B043-P003
content/swipe/formats/IMG_0066.png,90744C,ochre,yellow,accent,0.22,True,top,13,17,3.1,B032-P004;B030-P001;B062-P009;B021-P005;B047-P003;B042-P028;B047-P002;B055-P002,B050-P004;B027-P004;B016-P003;B032-P002;B050-P005;B062-P002;B042-P001;B040-P001
content/swipe/formats/IMG_0066.png,90744C,ochre,yellow,accent,0.22,True,bottom,7,7,5.9,B042-P041;B042-P040;B044-P010;B050-P003;B052-P004;B020-P003;B050-P002,B052-P003;B051-P002;B015-P004;B007-P002;B021-P010;B050-P008;B051-P003
content/swipe/formats/IMG_0066.png,90744C,ochre,yellow,accent,0.22,True,dress,0,2,16.0,,B042-P010;B042-P032
content/swipe/formats/IMG_0066.png,90744C,ochre,yellow,accent,0.22,True,shoes,1,3,7.0,B029-P002,B001-P004;B009-P004;B053-P001
content/swipe/formats/IMG_0066.png,90744C,ochre,yellow,accent,0.22,True,bag,0,1,18.7,,B056-P004
content/swipe/formats/IMG_0066.png,90744C,ochre,yellow,accent,0.22,True,accessory,0,3,15.2,,B019-P002;B037-P008;B037-P009
content/swipe/formats/IMG_0066.png,90744C,ochre,yellow,accent,0.22,True,base,0,5,13.2,,B003-P001;B062-P007;B005-P001;B026-P009;B004-P001
content/swipe/formats/IMG_0066.png,90744C,ochre,yellow,accent,0.22,True,multiple,13,35,2.5,B062-P019;B022-P022;B047-P001;B023-P001;B032-P003;B046-P011;B044-P020;B042-P007,B046-P006;B062-P020;B022-P020;B042-P002;B024-P006;B024-P003;B062-P018;B042-P019
content/swipe/formats/IMG_0066.png,5C3A1C,chocolate,brown,accent,0.114,True,layer,10,35,5.4,B021-P002;B021-P014;B054-P007;B012-P001;B042-P018;B021-P027;B040-P002;B040-P003,B030-P010;B041-P004;B054-P006;B055-P009;B041-P005;B028-P002;B027-P008;B030-P009
content/swipe/formats/IMG_0066.png,5C3A1C,chocolate,brown,accent,0.114,True,top,20,38,2.1,B041-P009;B051-P004;B032-P004;B040-P001;B052-P001;B042-P001;B032-P002;B041-P008,B027-P004;B047-P002;B055-P002;B062-P011;B052-P002;B058-P004;B021-P005;B059-P004
content/swipe/formats/IMG_0066.png,5C3A1C,chocolate,brown,accent,0.114,True,bottom,3,10,9.2,B050-P003;B052-P003;B052-P004,B020-P003;B042-P041;B021-P011;B021-P010;B050-P002;B021-P003;B042-P040;B020-P004
content/swipe/formats/IMG_0066.png,5C3A1C,chocolate,brown,accent,0.114,True,dress,0,4,13.9,,B041-P007;B041-P006;B042-P010;B033-P004
content/swipe/formats/IMG_0066.png,5C3A1C,chocolate,brown,accent,0.114,True,shoes,2,5,9.9,B055-P001;B029-P002,B039-P003;B001-P004;B009-P004;B037-P004;B053-P001
content/swipe/formats/IMG_0066.png,5C3A1C,chocolate,brown,accent,0.114,True,bag,1,2,9.8,B054-P003,B043-P005;B056-P004
content/swipe/formats/IMG_0066.png,5C3A1C,chocolate,brown,accent,0.114,True,accessory,0,8,12.4,,B025-P008;B031-P009;B032-P001;B037-P009;B055-P003;B019-P002;B021-P009;B020-P006
content/swipe/formats/IMG_0066.png,5C3A1C,chocolate,brown,accent,0.114,True,base,2,4,8.6,B062-P007;B003-P001,B062-P008;B002-P001;B005-P001;B026-P009
content/swipe/formats/IMG_0066.png,5C3A1C,chocolate,brown,accent,0.114,True,multiple,10,59,3.3,B022-P014;B021-P026;B020-P005;B046-P006;B022-P020;B036-P001;B023-P006;B022-P007,B026-P007;B022-P013;B049-P003;B022-P021;B045-P001;B032-P003;B033-P002;B039-P004
content/swipe/formats/IMG_0067.png,5D5E65,mid grey,grey,dominant,0.52,False,layer,20,34,2.2,B054-P002;B054-P001;B062-P014;B037-P007;B043-P003;B008-P003;B043-P001;B060-P004,B055-P009;B040-P003;B042-P015;B037-P002;B056-P002;B028-P003;B030-P010;B028-P001
content/swipe/formats/IMG_0067.png,5D5E65,mid grey,grey,dominant,0.52,False,top,15,37,5.0,B034-P002;B008-P002;B030-P002;B042-P026;B057-P005;B054-P005;B055-P005;B016-P002,B062-P012;B055-P004;B014-P001;B027-P004;B054-P004;B059-P005;B007-P003;B028-P013
content/swipe/formats/IMG_0067.png,5D5E65,mid grey,grey,dominant,0.52,False,bottom,2,10,5.7,B048-P003;B049-P001,B020-P003;B048-P004;B052-P005;B042-P041;B048-P002;B015-P001;B015-P002;B042-P040
content/swipe/formats/IMG_0067.png,5D5E65,mid grey,grey,dominant,0.52,False,dress,0,1,18.7,,B041-P006
content/swipe/formats/IMG_0067.png,5D5E65,mid grey,grey,dominant,0.52,False,shoes,5,4,7.0,B062-P017;B001-P004;B009-P004;B001-P002;B009-P002,B053-P001;B037-P004;B029-P002;B039-P003
content/swipe/formats/IMG_0067.png,5D5E65,mid grey,grey,dominant,0.52,False,bag,2,3,4.6,B056-P004;B053-P005,B043-P005;B053-P004;B054-P003
content/swipe/formats/IMG_0067.png,5D5E65,mid grey,grey,dominant,0.52,False,accessory,4,7,5.7,B037-P009;B019-P002;B037-P008;B021-P001,B055-P003;B001-P003;B009-P003;B020-P006;B021-P009;B031-P009;B032-P001
content/swipe/formats/IMG_0067.png,5D5E65,mid grey,grey,dominant,0.52,False,base,0,3,12.1,,B005-P001;B002-P001;B062-P008
content/swipe/formats/IMG_0067.png,5D5E65,mid grey,grey,dominant,0.52,False,multiple,22,55,1.7,B022-P017;B028-P010;B044-P005;B044-P009;B052-P007;B044-P016;B053-P002;B021-P008,B022-P016;B028-P006;B042-P019;B018-P003;B046-P001;B046-P009;B022-P008;B023-P011
content/swipe/formats/IMG_0067.png,3F4352,denim blue,blue,secondary,0.295,True,layer,29,64,3.8,B056-P002;B008-P003;B053-P006;B027-P007;B062-P014;B058-P001;B037-P002;B019-P005,B061-P003;B017-P001;B037-P005;B055-P009;B021-P020;B041-P004;B035-P002;B060-P006
content/swipe/formats/IMG_0067.png,3F4352,denim blue,blue,secondary,0.295,True,top,27,47,3.9,B059-P006;B058-P007;B054-P005;B055-P005;B034-P002;B037-P003;B008-P002;B057-P006,B031-P006;B010-P004;B057-P005;B062-P002;B059-P008;B062-P009;B028-P009;B062-P001
content/swipe/formats/IMG_0067.png,3F4352,denim blue,blue,secondary,0.295,True,bottom,7,22,3.1,B049-P001;B015-P001;B015-P002;B048-P004;B048-P003;B056-P001;B020-P001,B011-P002;B044-P018;B052-P005;B021-P003;B041-P003;B011-P001;B020-P003;B042-P022
content/swipe/formats/IMG_0067.png,3F4352,denim blue,blue,secondary,0.295,True,dress,0,10,13.5,,B042-P031;B033-P004;B041-P006;B042-P014;B042-P011;B041-P002;B041-P007;B042-P021
content/swipe/formats/IMG_0067.png,3F4352,denim blue,blue,secondary,0.295,True,shoes,6,3,8.6,B001-P002;B009-P002;B037-P004;B053-P001;B001-P004;B009-P004,B062-P017;B039-P003;B029-P002
content/swipe/formats/IMG_0067.png,3F4352,denim blue,blue,secondary,0.295,True,bag,2,4,7.7,B053-P005;B056-P004,B053-P004;B043-P005;B054-P003;B043-P006
content/swipe/formats/IMG_0067.png,3F4352,denim blue,blue,secondary,0.295,True,accessory,6,6,4.6,B021-P001;B055-P003;B001-P003;B009-P003;B037-P009;B019-P002,B031-P009;B032-P001;B020-P006;B021-P009;B031-P001;B037-P008
content/swipe/formats/IMG_0067.png,3F4352,denim blue,blue,secondary,0.295,True,base,1,4,10.4,B005-P001,B062-P008;B062-P007;B002-P001;B003-P001
content/swipe/formats/IMG_0067.png,3F4352,denim blue,blue,secondary,0.295,True,multiple,47,54,3.9,B022-P012;B018-P003;B044-P011;B021-P008;B046-P004;B026-P001;B056-P005;B044-P013,B022-P021;B010-P002;B026-P002;B023-P004;B036-P008;B042-P019;B020-P002;B023-P008
content/swipe/formats/IMG_0067.png,66574E,tobacco,brown,secondary,0.079,True,layer,25,34,2.7,B040-P003;B040-P002;B041-P004;B041-P005;B043-P003;B021-P002;B042-P015;B055-P009,B042-P018;B008-P003;B028-P001;B028-P003;B059-P001;B062-P014;B055-P008;B021-P016
content/swipe/formats/IMG_0067.png,66574E,tobacco,brown,secondary,0.079,True,top,13,51,4.1,B027-P004;B057-P005;B055-P002;B030-P002;B059-P005;B062-P005;B032-P004;B031-P006,B058-P003;B014-P001;B039-P002;B053-P003;B054-P005;B041-P009;B062-P011;B054-P004
content/swipe/formats/IMG_0067.png,66574E,tobacco,brown,secondary,0.079,True,bottom,3,14,4.7,B042-P041;B020-P003;B042-P040,B052-P003;B048-P003;B044-P010;B052-P004;B015-P002;B050-P002;B049-P001;B020-P001
content/swipe/formats/IMG_0067.png,66574E,tobacco,brown,secondary,0.079,True,dress,0,2,14.9,,B041-P006;B041-P007
content/swipe/formats/IMG_0067.png,66574E,tobacco,brown,secondary,0.079,True,shoes,5,3,6.7,B029-P002;B001-P004;B009-P004;B062-P017;B039-P003,B053-P001;B037-P004;B055-P001
content/swipe/formats/IMG_0067.png,66574E,tobacco,brown,secondary,0.079,True,bag,1,4,9.0,B056-P004,B054-P003;B053-P005;B043-P005;B053-P004
content/swipe/formats/IMG_0067.png,66574E,tobacco,brown,secondary,0.079,True,accessory,3,7,6.4,B019-P002;B037-P009;B037-P008,B021-P001;B031-P009;B032-P001;B055-P003;B020-P006;B021-P009;B025-P008
content/swipe/formats/IMG_0067.png,66574E,tobacco,brown,secondary,0.079,True,base,1,5,9.4,B002-P001,B005-P001;B062-P008;B062-P007;B003-P001;B026-P009
content/swipe/formats/IMG_0067.png,66574E,tobacco,brown,secondary,0.079,True,multiple,27,57,1.6,B049-P003;B022-P013;B022-P020;B024-P004;B006-P001;B053-P002;B023-P015;B044-P009,B023-P001;B030-P005;B030-P006;B022-P007;B044-P011;B022-P012;B026-P003;B046-P010
content/swipe/formats/IMG_0090.png,6C6A69,taupe,warm neutral,dominant,0.489,False,layer,17,26,1.9,B043-P002;B038-P001;B054-P001;B043-P003;B037-P007;B041-P004;B041-P005;B061-P002,B060-P004;B053-P006;B042-P018;B027-P007;B042-P035;B027-P005;B055-P009;B021-P018
content/swipe/formats/IMG_0090.png,6C6A69,taupe,warm neutral,dominant,0.489,False,top,9,30,7.2,B016-P002;B030-P002;B062-P002;B034-P002;B057-P005;B062-P012;B008-P002;B062-P005,B055-P002;B042-P026;B030-P001;B031-P006;B054-P005;B042-P028;B039-P002;B059-P005
content/swipe/formats/IMG_0090.png,6C6A69,taupe,warm neutral,dominant,0.489,False,bottom,5,4,6.3,B020-P003;B048-P003;B042-P040;B042-P041;B044-P010,B048-P002;B052-P005;B049-P001;B048-P004
content/swipe/formats/IMG_0090.png,6C6A69,taupe,warm neutral,dominant,0.489,False,shoes,3,6,6.7,B001-P004;B009-P004;B062-P017,B029-P002;B001-P002;B009-P002;B053-P001;B037-P004;B039-P003
content/swipe/formats/IMG_0090.png,6C6A69,taupe,warm neutral,dominant,0.489,False,bag,1,1,2.7,B056-P004,B053-P005
content/swipe/formats/IMG_0090.png,6C6A69,taupe,warm neutral,dominant,0.489,False,accessory,3,8,2.1,B037-P009;B037-P008;B019-P002,B021-P001;B055-P003;B001-P003;B009-P003;B020-P006;B021-P009;B031-P009;B032-P001
content/swipe/formats/IMG_0090.png,6C6A69,taupe,warm neutral,dominant,0.489,False,base,1,1,7.2,B005-P001,B002-P001
content/swipe/formats/IMG_0090.png,6C6A69,taupe,warm neutral,dominant,0.489,False,multiple,23,48,3.4,B046-P010;B044-P005;B028-P010;B022-P017;B023-P010;B036-P007;B042-P019;B022-P013,B022-P008;B025-P004;B022-P012;B026-P003;B027-P011;B022-P020;B050-P001;B044-P011
content/swipe/formats/IMG_0090.png,2E1114,oxblood,red,accent,0.157,True,layer,14,74,4.8,B015-P003;B013-P001;B060-P003;B021-P022;B008-P003;B060-P002;B027-P006;B042-P017,B028-P002;B001-P001;B009-P001;B040-P003;B023-P012;B042-P004;B046-P003;B061-P002
content/swipe/formats/IMG_0090.png,2E1114,oxblood,red,accent,0.157,True,top,28,47,5.2,B021-P004;B021-P012;B031-P007;B021-P023;B021-P006;B041-P008;B021-P005;B021-P024,B062-P009;B027-P001;B050-P004;B059-P008;B027-P002;B062-P003;B018-P001;B030-P001
content/swipe/formats/IMG_0090.png,2E1114,oxblood,red,accent,0.157,True,bottom,6,21,2.4,B018-P002;B016-P001;B015-P005;B021-P011;B021-P003;B021-P010,B050-P003;B052-P006;B020-P004;B015-P002;B020-P003;B020-P001;B042-P022;B011-P002
content/swipe/formats/IMG_0090.png,2E1114,oxblood,red,accent,0.157,True,dress,4,6,9.2,B041-P006;B041-P007;B042-P010;B033-P004,B042-P011;B042-P021;B042-P030;B042-P014;B042-P031;B041-P002
content/swipe/formats/IMG_0090.png,2E1114,oxblood,red,accent,0.157,True,shoes,3,4,9.0,B001-P004;B009-P004;B055-P001,B039-P003;B029-P002;B037-P004;B053-P001
content/swipe/formats/IMG_0090.png,2E1114,oxblood,red,accent,0.157,True,bag,1,5,11.3,B054-P003,B053-P005;B043-P005;B043-P006;B056-P004;B053-P004
content/swipe/formats/IMG_0090.png,2E1114,oxblood,red,accent,0.157,True,accessory,5,4,4.2,B021-P009;B025-P008;B020-P006;B031-P009;B032-P001,B019-P002;B021-P001;B031-P001;B055-P003
content/swipe/formats/IMG_0090.png,2E1114,oxblood,red,accent,0.157,True,base,4,1,8.9,B003-P001;B005-P001;B062-P007;B062-P008,B002-P001
content/swipe/formats/IMG_0090.png,2E1114,oxblood,red,accent,0.157,True,multiple,21,81,1.4,B046-P009;B036-P003;B033-P002;B022-P005;B023-P001;B016-P004;B022-P015;B022-P022,B026-P011;B034-P001;B026-P004;B033-P005;B019-P007;B027-P011;B023-P014;B024-P001
content/swipe/formats/IMG_0090.png,4E3024,chocolate,brown,accent,0.152,True,layer,26,58,5.1,B042-P018;B021-P002;B042-P016;B013-P001;B015-P003;B059-P001;B021-P022;B040-P003,B023-P013;B021-P020;B027-P006;B037-P007;B023-P012;B028-P003;B054-P006;B061-P003
content/swipe/formats/IMG_0090.png,4E3024,chocolate,brown,accent,0.152,True,top,34,47,3.5,B021-P024;B025-P003;B031-P002;B007-P003;B031-P008;B062-P011;B041-P008;B026-P010,B027-P002;B014-P001;B027-P001;B054-P004;B030-P002;B021-P006;B057-P005;B021-P012
content/swipe/formats/IMG_0090.png,4E3024,chocolate,brown,accent,0.152,True,bottom,6,20,5.9,B050-P003;B021-P011;B021-P010;B021-P003;B018-P002;B020-P003,B016-P001;B015-P005;B052-P003;B052-P004;B020-P004;B015-P002;B020-P001;B042-P041
content/swipe/formats/IMG_0090.png,4E3024,chocolate,brown,accent,0.152,True,dress,2,8,7.4,B041-P006;B041-P007,B042-P010;B033-P004;B042-P031;B042-P014;B042-P011;B042-P021;B042-P030;B041-P002
content/swipe/formats/IMG_0090.png,4E3024,chocolate,brown,accent,0.152,True,shoes,3,4,2.4,B055-P001;B039-P003;B029-P002,B001-P004;B009-P004;B037-P004;B053-P001
content/swipe/formats/IMG_0090.png,4E3024,chocolate,brown,accent,0.152,True,bag,1,5,5.2,B054-P003,B043-P005;B056-P004;B053-P004;B053-P005;B043-P006
content/swipe/formats/IMG_0090.png,4E3024,chocolate,brown,accent,0.152,True,accessory,4,5,7.4,B031-P009;B032-P001;B025-P008;B021-P009,B020-P006;B021-P001;B037-P009;B055-P003;B019-P002
content/swipe/formats/IMG_0090.png,4E3024,chocolate,brown,accent,0.152,True,base,4,2,1.9,B003-P001;B005-P001;B062-P008;B002-P001,B062-P007;B026-P009
content/swipe/formats/IMG_0090.png,4E3024,chocolate,brown,accent,0.152,True,multiple,32,68,5.0,B022-P007;B042-P007;B026-P007;B023-P006;B032-P003;B045-P001;B036-P001;B024-P006,B023-P017;B030-P005;B023-P008;B030-P006;B046-P001;B026-P003;B042-P006;B039-P004
content/swipe/formats/IMG_0090.png,A7A19B,oatmeal,warm neutral,secondary,0.111,False,layer,11,20,3.4,B043-P002;B060-P006;B041-P004;B059-P002;B058-P005;B021-P018;B048-P001;B059-P001,B001-P001;B009-P001;B054-P006;B060-P002;B021-P017;B037-P007;B021-P013;B011-P006
content/swipe/formats/IMG_0090.png,A7A19B,oatmeal,warm neutral,secondary,0.111,False,top,23,33,6.1,B025-P003;B057-P003;B058-P002;B059-P003;B028-P014;B021-P004;B011-P007;B052-P002,B062-P012;B055-P002;B042-P026;B042-P024;B021-P025;B050-P006;B038-P002;B029-P001
content/swipe/formats/IMG_0090.png,A7A19B,oatmeal,warm neutral,secondary,0.111,False,bottom,8,12,6.1,B007-P002;B021-P010;B021-P011;B042-P040;B042-P041;B042-P038;B048-P002;B048-P003,B044-P010;B015-P004;B011-P002;B042-P039;B050-P002;B050-P008;B051-P001;B051-P003
content/swipe/formats/IMG_0090.png,A7A19B,oatmeal,warm neutral,secondary,0.111,False,dress,2,0,7.3,B042-P032;B042-P010,
content/swipe/formats/IMG_0090.png,A7A19B,oatmeal,warm neutral,secondary,0.111,False,shoes,1,4,10.2,B062-P017,B029-P002;B001-P004;B009-P004;B053-P001
content/swipe/formats/IMG_0090.png,A7A19B,oatmeal,warm neutral,secondary,0.111,False,accessory,2,3,7.2,B037-P008;B037-P009,B025-P008;B045-P004;B020-P006
content/swipe/formats/IMG_0090.png,A7A19B,oatmeal,warm neutral,secondary,0.111,False,base,1,3,9.4,B004-P001,B003-P001;B005-P001;B062-P007
content/swipe/formats/IMG_0090.png,A7A19B,oatmeal,warm neutral,secondary,0.111,False,multiple,55,34,1.6,B033-P005;B026-P002;B023-P008;B023-P017;B022-P016;B021-P008;B023-P015;B021-P007,B026-P001;B045-P001;B026-P004;B024-P008;B036-P005;B022-P002;B023-P003;B044-P014
content/swipe/formats/IMG_0091.png,1C1311,espresso,brown,dominant,0.284,True,layer,81,12,1.4,B042-P015;B021-P022;B027-P006;B059-P001;B060-P002;B060-P003;B042-P004;B042-P003,B058-P001;B060-P004;B062-P014;B061-P004;B061-P001;B042-P018;B030-P010;B055-P014
content/swipe/formats/IMG_0091.png,1C1311,espresso,brown,dominant,0.284,True,top,61,21,1.5,B062-P001;B031-P002;B041-P009;B053-P003;B021-P024;B007-P001;B042-P009;B008-P002,B061-P005;B025-P003;B062-P011;B059-P003;B045-P002;B042-P026;B021-P006;B031-P006
content/swipe/formats/IMG_0091.png,1C1311,espresso,brown,dominant,0.284,True,bottom,25,4,3.3,B052-P006;B020-P003;B020-P004;B019-P001;B042-P040;B021-P015;B042-P038;B042-P022,B021-P010;B049-P001;B050-P003;B048-P004
content/swipe/formats/IMG_0091.png,1C1311,espresso,brown,dominant,0.284,True,dress,10,0,1.2,B041-P006;B033-P004;B042-P010;B042-P021;B042-P030;B042-P014;B042-P011;B041-P007,
content/swipe/formats/IMG_0091.png,1C1311,espresso,brown,dominant,0.284,True,shoes,5,4,1.8,B001-P004;B009-P004;B039-P003;B029-P002;B037-P004,B053-P001;B055-P001;B001-P002;B009-P002
content/swipe/formats/IMG_0091.png,1C1311,espresso,brown,dominant,0.284,True,bag,6,0,1.5,B054-P003;B053-P005;B056-P004;B043-P006;B043-P005;B053-P004,
content/swipe/formats/IMG_0091.png,1C1311,espresso,brown,dominant,0.284,True,accessory,7,2,1.8,B031-P009;B032-P001;B021-P001;B031-P001;B019-P002;B055-P003;B021-P009,B025-P008;B020-P006
content/swipe/formats/IMG_0091.png,1C1311,espresso,brown,dominant,0.284,True,base,4,1,3.2,B003-P001;B062-P008;B062-P007;B005-P001,B002-P001
content/swipe/formats/IMG_0091.png,1C1311,espresso,brown,dominant,0.284,True,multiple,88,14,2.2,B056-P006;B032-P003;B042-P006;B026-P011;B027-P011;B033-P005;B046-P004;B023-P017,B044-P013;B023-P010;B016-P004;B023-P011;B022-P013;B021-P026;B022-P015;B045-P001
content/swipe/formats/IMG_0091.png,372925,espresso,brown,secondary,0.266,True,layer,71,25,2.3,B059-P001;B028-P002;B042-P015;B008-P003;B030-P009;B042-P016;B055-P008;B023-P013,B017-P001;B054-P007;B011-P005;B027-P007;B042-P042;B042-P013;B008-P001;B042-P037
content/swipe/formats/IMG_0091.png,372925,espresso,brown,secondary,0.266,True,top,59,28,2.3,B030-P004;B027-P003;B026-P010;B052-P002;B059-P004;B055-P002;B062-P010;B028-P012,B061-P005;B032-P004;B031-P003;B054-P005;B021-P006;B058-P007;B052-P001;B055-P004
content/swipe/formats/IMG_0091.png,372925,espresso,brown,secondary,0.266,True,bottom,20,10,7.0,B021-P011;B020-P004;B020-P001;B015-P002;B020-P003;B018-P002;B015-P005;B021-P015,B056-P001;B042-P023;B015-P001;B044-P019;B042-P033;B011-P001;B049-P001;B044-P008
content/swipe/formats/IMG_0091.png,372925,espresso,brown,secondary,0.266,True,dress,8,2,2.1,B041-P007;B041-P006;B033-P004;B042-P010;B042-P031;B042-P014;B042-P011;B041-P002,B042-P021;B042-P030
content/swipe/formats/IMG_0091.png,372925,espresso,brown,secondary,0.266,True,shoes,7,3,4.6,B039-P003;B029-P002;B001-P004;B009-P004;B055-P001;B037-P004;B053-P001,B062-P017;B001-P002;B009-P002
content/swipe/formats/IMG_0091.png,372925,espresso,brown,secondary,0.266,True,bag,5,1,4.2,B054-P003;B043-P005;B056-P004;B053-P004;B053-P005,B043-P006
content/swipe/formats/IMG_0091.png,372925,espresso,brown,secondary,0.266,True,accessory,8,2,3.8,B031-P009;B032-P001;B021-P009;B021-P001;B019-P002;B020-P006;B025-P008;B055-P003,B031-P001;B037-P009
content/swipe/formats/IMG_0091.png,372925,espresso,brown,secondary,0.266,True,base,5,0,2.6,B062-P008;B062-P007;B005-P001;B003-P001;B002-P001,
content/swipe/formats/IMG_0091.png,372925,espresso,brown,secondary,0.266,True,multiple,93,12,2.2,B056-P006;B024-P002;B022-P021;B026-P007;B023-P006;B024-P006;B042-P007;B019-P007,B022-P015;B024-P009;B046-P001;B030-P007;B022-P014;B034-P003;B047-P004;B022-P022
content/swipe/formats/IMG_0091.png,D1C7BC,cream,warm neutral,secondary,0.171,False,layer,17,7,5.3,B043-P002;B048-P001;B046-P003;B001-P001;B009-P001;B058-P005;B019-P004;B041-P004,B012-P002;B060-P002;B021-P014;B059-P002;B021-P018;B021-P013;B021-P022
content/swipe/formats/IMG_0091.png,D1C7BC,cream,warm neutral,secondary,0.171,False,top,36,14,2.4,B062-P015;B042-P024;B061-P005;B021-P004;B025-P001;B028-P013;B062-P006;B042-P028,B021-P025;B050-P006;B032-P004;B016-P003;B042-P027;B050-P005;B021-P012;B050-P004
content/swipe/formats/IMG_0091.png,D1C7BC,cream,warm neutral,secondary,0.171,False,bottom,10,8,2.4,B042-P038;B021-P011;B007-P002;B042-P039;B011-P002;B042-P041;B015-P004;B021-P010,B062-P021;B048-P002;B051-P001;B051-P002;B050-P007;B050-P002;B050-P008;B051-P003
content/swipe/formats/IMG_0091.png,D1C7BC,cream,warm neutral,secondary,0.171,False,dress,1,1,4.6,B042-P032,B042-P010
content/swipe/formats/IMG_0091.png,D1C7BC,cream,warm neutral,secondary,0.171,False,shoes,1,1,10.6,B062-P017,B053-P001
content/swipe/formats/IMG_0091.png,D1C7BC,cream,warm neutral,secondary,0.171,False,accessory,3,1,7.1,B025-P008;B045-P004;B020-P006,B037-P008
content/swipe/formats/IMG_0091.png,D1C7BC,cream,warm neutral,secondary,0.171,False,base,2,1,1.4,B004-P001;B062-P007,B003-P001
content/swipe/formats/IMG_0091.png,D1C7BC,cream,warm neutral,secondary,0.171,False,multiple,64,19,1.2,B023-P006;B022-P010;B023-P014;B022-P002;B023-P003;B044-P014;B026-P002;B033-P005,B049-P003;B062-P019;B025-P005;B026-P004;B044-P012;B033-P002;B006-P001;B020-P005
content/swipe/formats/IMG_0091.png,504643,taupe,warm neutral,secondary,0.15,False,layer,42,55,2.5,B042-P015;B055-P009;B040-P002;B023-P012;B027-P005;B042-P016;B042-P035;B030-P010,B056-P002;B012-P004;B060-P003;B023-P013;B013-P001;B021-P027;B055-P011;B030-P008
content/swipe/formats/IMG_0091.png,504643,taupe,warm neutral,secondary,0.15,False,top,39,51,3.2,B057-P005;B030-P002;B028-P013;B031-P006;B059-P005;B031-P002;B058-P003;B008-P002,B037-P003;B021-P023;B041-P009;B045-P002;B028-P009;B032-P002;B057-P003;B025-P003
content/swipe/formats/IMG_0091.png,504643,taupe,warm neutral,secondary,0.15,False,bottom,4,29,5.8,B020-P003;B015-P002;B042-P041;B020-P001,B015-P001;B020-P004;B048-P003;B049-P001;B041-P003;B021-P011;B021-P015;B044-P018
content/swipe/formats/IMG_0091.png,504643,taupe,warm neutral,secondary,0.15,False,dress,2,8,9.1,B041-P006;B041-P007,B033-P004;B042-P031;B042-P014;B042-P010;B041-P002;B042-P011;B042-P021;B042-P030
content/swipe/formats/IMG_0091.png,504643,taupe,warm neutral,secondary,0.15,False,shoes,7,3,1.4,B001-P004;B009-P004;B039-P003;B029-P002;B053-P001;B037-P004;B062-P017,B055-P001;B001-P002;B009-P002
content/swipe/formats/IMG_0091.png,504643,taupe,warm neutral,secondary,0.15,False,bag,3,3,8.6,B054-P003;B056-P004;B043-P005,B053-P004;B053-P005;B043-P006
content/swipe/formats/IMG_0091.png,504643,taupe,warm neutral,secondary,0.15,False,accessory,8,5,6.1,B037-P009;B021-P001;B031-P009;B032-P001;B055-P003;B020-P006;B019-P002;B021-P009,B037-P008;B025-P008;B031-P001;B001-P003;B009-P003
content/swipe/formats/IMG_0091.png,504643,taupe,warm neutral,secondary,0.15,False,base,5,1,7.2,B062-P008;B002-P001;B005-P001;B003-P001;B062-P007,B026-P009
content/swipe/formats/IMG_0091.png,504643,taupe,warm neutral,secondary,0.15,False,multiple,65,40,2.8,B022-P021;B022-P013;B023-P011;B033-P002;B046-P009;B022-P020;B023-P015;B024-P004,B020-P002;B026-P001;B042-P005;B019-P006;B023-P002;B023-P017;B036-P008;B022-P005
content/swipe/formats/IMG_0093.png,DED8D6,cream,warm neutral,dominant,0.685,False,layer,13,7,2.1,B043-P002;B011-P006;B042-P020;B019-P004;B043-P004;B061-P003;B046-P003;B048-P001,B021-P016;B060-P006;B054-P006;B021-P017;B027-P008;B059-P002;B060-P002
content/swipe/formats/IMG_0093.png,DED8D6,cream,warm neutral,dominant,0.685,False,top,28,17,3.3,B010-P003;B061-P005;B011-P007;B011-P008;B062-P013;B010-P001;B026-P010;B028-P013,B058-P002;B059-P003;B039-P001;B057-P003;B012-P003;B025-P003;B042-P027;B030-P001
content/swipe/formats/IMG_0093.png,DED8D6,cream,warm neutral,dominant,0.685,False,bottom,9,5,2.4,B007-P002;B011-P002;B015-P004;B048-P003;B021-P011;B021-P010;B042-P039;B062-P021,B042-P041;B048-P002;B042-P040;B051-P001;B051-P002
content/swipe/formats/IMG_0093.png,DED8D6,cream,warm neutral,dominant,0.685,False,dress,1,1,7.3,B042-P032,B042-P010
content/swipe/formats/IMG_0093.png,DED8D6,cream,warm neutral,dominant,0.685,False,shoes,1,0,11.0,B062-P017,
content/swipe/formats/IMG_0093.png,DED8D6,cream,warm neutral,dominant,0.685,False,accessory,3,0,3.9,B020-P006;B025-P008;B045-P004,
content/swipe/formats/IMG_0093.png,DED8D6,cream,warm neutral,dominant,0.685,False,base,2,0,3.1,B004-P001;B062-P007,
content/swipe/formats/IMG_0093.png,DED8D6,cream,warm neutral,dominant,0.685,False,multiple,60,13,1.9,B028-P010;B045-P001;B022-P003;B023-P011;B044-P006;B028-P006;B023-P016;B023-P017,B023-P010;B042-P002;B024-P005;B023-P015;B023-P008;B021-P008;B022-P018;B022-P009
content/swipe/formats/IMG_0093.png,705E4B,tobacco,brown,secondary,0.123,True,layer,15,30,1.7,B021-P002;B040-P003;B040-P002;B054-P007;B041-P005;B041-P004;B043-P003;B021-P014,B038-P001;B012-P001;B030-P010;B008-P003;B043-P001;B054-P001;B027-P005;B042-P016
content/swipe/formats/IMG_0093.png,705E4B,tobacco,brown,secondary,0.123,True,top,12,37,2.4,B062-P005;B055-P002;B027-P004;B051-P004;B032-P002;B057-P005;B032-P004;B059-P005,B031-P006;B052-P001;B028-P013;B042-P001;B040-P001;B041-P009;B042-P028;B008-P002
content/swipe/formats/IMG_0093.png,705E4B,tobacco,brown,secondary,0.123,True,bottom,4,6,0.9,B042-P041;B042-P040;B020-P003;B052-P003,B044-P010;B050-P002;B052-P004;B048-P003;B050-P003;B015-P004
content/swipe/formats/IMG_0093.png,705E4B,tobacco,brown,secondary,0.123,True,dress,0,1,19.1,,B041-P006
content/swipe/formats/IMG_0093.png,705E4B,tobacco,brown,secondary,0.123,True,shoes,2,6,8.0,B029-P002;B062-P017,B001-P004;B009-P004;B039-P003;B053-P001;B055-P001;B037-P004
content/swipe/formats/IMG_0093.png,705E4B,tobacco,brown,secondary,0.123,True,bag,1,1,11.3,B056-P004,B054-P003
content/swipe/formats/IMG_0093.png,705E4B,tobacco,brown,secondary,0.123,True,accessory,3,6,7.6,B019-P002;B037-P009;B037-P008,B055-P003;B031-P009;B032-P001;B021-P001;B020-P006;B021-P009
content/swipe/formats/IMG_0093.png,705E4B,tobacco,brown,secondary,0.123,True,base,1,4,11.2,B062-P007,B002-P001;B005-P001;B062-P008;B003-P001
content/swipe/formats/IMG_0093.png,705E4B,tobacco,brown,secondary,0.123,True,multiple,17,53,4.0,B049-P003;B022-P013;B022-P014;B023-P001;B046-P006;B062-P019;B022-P020;B023-P010,B023-P015;B044-P009;B044-P005;B028-P010;B022-P021;B022-P022;B023-P011;B033-P002
content/swipe/formats/IMG_0093.png,867969,tobacco,brown,secondary,0.097,True,layer,17,12,6.9,B043-P003;B041-P005;B021-P018;B037-P007;B043-P002;B060-P005;B008-P003;B041-P004,B021-P021;B054-P001;B054-P007;B061-P002;B021-P013;B059-P002;B060-P006;B021-P022
content/swipe/formats/IMG_0093.png,867969,tobacco,brown,secondary,0.097,True,top,11,24,4.1,B030-P001;B042-P028;B031-P005;B055-P002;B032-P004;B030-P002;B062-P002;B062-P005,B021-P005;B027-P004;B029-P001;B021-P004;B047-P003;B047-P002;B062-P012;B028-P014
content/swipe/formats/IMG_0093.png,867969,tobacco,brown,secondary,0.097,True,bottom,4,10,1.6,B044-P010;B042-P041;B020-P003;B042-P040,B050-P003;B007-P002;B021-P010;B052-P004;B050-P002;B021-P011;B051-P002;B052-P003
content/swipe/formats/IMG_0093.png,867969,tobacco,brown,secondary,0.097,True,dress,0,2,14.8,,B042-P010;B042-P032
content/swipe/formats/IMG_0093.png,867969,tobacco,brown,secondary,0.097,True,shoes,3,1,5.0,B029-P002;B001-P004;B009-P004,B062-P017
content/swipe/formats/IMG_0093.png,867969,tobacco,brown,secondary,0.097,True,bag,0,1,12.6,,B056-P004
content/swipe/formats/IMG_0093.png,867969,tobacco,brown,secondary,0.097,True,accessory,3,0,9.2,B037-P008;B019-P002;B037-P009,
content/swipe/formats/IMG_0093.png,867969,tobacco,brown,secondary,0.097,True,base,1,4,9.2,B005-P001,B003-P001;B002-P001;B062-P007;B004-P001
content/swipe/formats/IMG_0093.png,867969,tobacco,brown,secondary,0.097,True,multiple,25,49,5.0,B024-P006;B044-P020;B024-P003;B036-P007;B025-P004;B042-P019;B023-P010;B042-P002,B050-P001;B023-P014;B042-P006;B047-P001;B046-P011;B049-P003;B042-P007;B044-P003
content/swipe/formats/IMG_0093.png,251113,oxblood,red,accent,0.095,True,layer,43,46,4.4,B060-P003;B060-P002;B015-P003;B027-P006;B008-P003;B021-P022;B059-P001;B013-P001,B042-P042;B042-P013;B042-P018;B042-P035;B042-P037;B037-P002;B048-P001;B028-P003
content/swipe/formats/IMG_0093.png,251113,oxblood,red,accent,0.095,True,top,43,36,1.9,B021-P012;B021-P004;B021-P005;B021-P023;B007-P001;B041-P008;B021-P024;B034-P002,B030-P002;B025-P003;B039-P007;B039-P002;B028-P008;B062-P009;B031-P008;B045-P003
content/swipe/formats/IMG_0093.png,251113,oxblood,red,accent,0.095,True,bottom,13,16,1.2,B015-P005;B018-P002;B016-P001;B021-P011;B021-P003;B021-P010;B052-P006;B015-P002,B042-P022;B042-P023;B011-P002;B020-P001;B021-P015;B042-P033;B056-P001;B011-P001
content/swipe/formats/IMG_0093.png,251113,oxblood,red,accent,0.095,True,dress,7,3,7.3,B041-P006;B042-P010;B033-P004;B041-P007;B042-P011;B042-P021;B042-P030,B042-P014;B042-P031;B041-P002
content/swipe/formats/IMG_0093.png,251113,oxblood,red,accent,0.095,True,shoes,4,3,5.5,B001-P004;B009-P004;B039-P003;B055-P001,B029-P002;B037-P004;B053-P001
content/swipe/formats/IMG_0093.png,251113,oxblood,red,accent,0.095,True,bag,4,2,8.0,B054-P003;B053-P005;B043-P005;B043-P006,B056-P004;B053-P004
content/swipe/formats/IMG_0093.png,251113,oxblood,red,accent,0.095,True,accessory,7,2,4.5,B021-P009;B025-P008;B031-P009;B032-P001;B020-P006;B019-P002;B021-P001,B031-P001;B055-P003
content/swipe/formats/IMG_0093.png,251113,oxblood,red,accent,0.095,True,base,4,1,6.1,B003-P001;B062-P007;B062-P008;B005-P001,B002-P001
content/swipe/formats/IMG_0093.png,251113,oxblood,red,accent,0.095,True,multiple,56,46,3.6,B036-P003;B033-P002;B022-P005;B032-P003;B046-P009;B023-P001;B023-P016;B024-P002,B026-P005;B028-P006;B028-P010;B034-P003;B047-P004;B044-P001;B044-P005;B022-P016
content/swipe/formats/IMG_0130.png,CCD1D4,pale grey,cool neutral,dominant,0.438,False,layer,9,10,2.6,B011-P006;B042-P020;B043-P002;B058-P005;B019-P004;B043-P004;B061-P003;B012-P002,B046-P003;B048-P001;B041-P004;B001-P001;B009-P001;B059-P002;B021-P016;B054-P006
content/swipe/formats/IMG_0130.png,CCD1D4,pale grey,cool neutral,dominant,0.438,False,top,29,12,2.1,B057-P006;B025-P001;B010-P001;B062-P003;B058-P007;B011-P007;B007-P001;B011-P008,B042-P026;B042-P028;B059-P003;B058-P002;B038-P002;B039-P001;B042-P009;B025-P003
content/swipe/formats/IMG_0130.png,CCD1D4,pale grey,cool neutral,dominant,0.438,False,bottom,10,2,3.1,B011-P002;B015-P004;B007-P002;B042-P039;B021-P011;B048-P003;B048-P002;B021-P010,B042-P041;B042-P040
content/swipe/formats/IMG_0130.png,CCD1D4,pale grey,cool neutral,dominant,0.438,False,dress,1,0,10.3,B042-P032,
content/swipe/formats/IMG_0130.png,CCD1D4,pale grey,cool neutral,dominant,0.438,False,shoes,1,0,6.5,B062-P017,
content/swipe/formats/IMG_0130.png,CCD1D4,pale grey,cool neutral,dominant,0.438,False,accessory,3,1,1.1,B045-P004;B020-P006;B025-P008,B037-P008
content/swipe/formats/IMG_0130.png,CCD1D4,pale grey,cool neutral,dominant,0.438,False,base,1,1,7.2,B004-P001,B062-P007
content/swipe/formats/IMG_0130.png,CCD1D4,pale grey,cool neutral,dominant,0.438,False,multiple,53,22,3.6,B044-P006;B044-P007;B028-P006;B028-P010;B042-P005;B046-P008;B023-P011;B023-P016,B024-P002;B024-P006;B021-P008;B022-P006;B062-P020;B026-P001;B006-P001;B052-P007
content/swipe/formats/IMG_0130.png,85847B,stone,warm neutral,secondary,0.187,False,layer,11,17,2.9,B021-P018;B043-P003;B059-P001;B060-P005;B037-P007;B043-P002;B038-P001;B059-P002,B042-P018;B060-P006;B041-P004;B054-P001;B027-P008;B040-P002;B021-P002;B021-P016
content/swipe/formats/IMG_0130.png,85847B,stone,warm neutral,secondary,0.187,False,top,8,26,1.7,B062-P002;B042-P028;B016-P002;B031-P005;B030-P002;B030-P001;B055-P002;B062-P012,B016-P003;B032-P004;B025-P003;B028-P014;B021-P004;B062-P009;B062-P005;B057-P003
content/swipe/formats/IMG_0130.png,85847B,stone,warm neutral,secondary,0.187,False,bottom,3,9,6.7,B044-P010;B020-P003;B042-P041,B042-P040;B048-P003;B007-P002;B021-P010;B048-P002;B021-P011;B052-P005;B050-P003
content/swipe/formats/IMG_0130.png,85847B,stone,warm neutral,secondary,0.187,False,dress,0,2,15.3,,B042-P032;B042-P010
content/swipe/formats/IMG_0130.png,85847B,stone,warm neutral,secondary,0.187,False,shoes,4,0,6.6,B062-P017;B001-P004;B009-P004;B029-P002,
content/swipe/formats/IMG_0130.png,85847B,stone,warm neutral,secondary,0.187,False,bag,0,1,13.4,,B056-P004
content/swipe/formats/IMG_0130.png,85847B,stone,warm neutral,secondary,0.187,False,accessory,2,1,4.4,B037-P008;B037-P009,B019-P002
content/swipe/formats/IMG_0130.png,85847B,stone,warm neutral,secondary,0.187,False,base,1,2,6.3,B005-P001,B003-P001;B004-P001
content/swipe/formats/IMG_0130.png,85847B,stone,warm neutral,secondary,0.187,False,multiple,31,42,0.9,B036-P007;B026-P003;B043-P007;B057-P004;B024-P006;B042-P002;B025-P004;B020-P005,B044-P007;B032-P003;B023-P017;B006-P001;B025-P006;B023-P015;B024-P005;B022-P016
content/swipe/formats/IMG_0130.png,D3B899,oatmeal,warm neutral,secondary,0.182,True,layer,12,12,2.2,B046-P003;B048-P001;B021-P017;B021-P016;B054-P006;B001-P001;B009-P001;B060-P002,B021-P022;B043-P002;B058-P005;B021-P021;B060-P006;B019-P004;B043-P004;B061-P003
content/swipe/formats/IMG_0130.png,D3B899,oatmeal,warm neutral,secondary,0.182,True,top,26,23,3.4,B042-P009;B030-P001;B021-P025;B030-P003;B038-P002;B057-P006;B042-P029;B050-P006,B028-P014;B033-P001;B042-P025;B062-P012;B062-P002;B010-P005;B025-P001;B030-P002
content/swipe/formats/IMG_0130.png,D3B899,oatmeal,warm neutral,secondary,0.182,True,bottom,12,7,4.3,B042-P041;B042-P040;B051-P001;B021-P011;B051-P002;B021-P010;B050-P007;B050-P002,B042-P039;B048-P003;B011-P002;B015-P004;B050-P003;B062-P021;B044-P010
content/swipe/formats/IMG_0130.png,D3B899,oatmeal,warm neutral,secondary,0.182,True,dress,2,0,6.0,B042-P032;B042-P010,
content/swipe/formats/IMG_0130.png,D3B899,oatmeal,warm neutral,secondary,0.182,True,shoes,1,2,6.4,B053-P001,B029-P002;B062-P017
content/swipe/formats/IMG_0130.png,D3B899,oatmeal,warm neutral,secondary,0.182,True,accessory,0,4,15.3,,B025-P008;B045-P004;B020-P006;B037-P008
content/swipe/formats/IMG_0130.png,D3B899,oatmeal,warm neutral,secondary,0.182,True,base,2,2,5.8,B004-P001;B003-P001,B062-P007;B026-P009
content/swipe/formats/IMG_0130.png,D3B899,oatmeal,warm neutral,secondary,0.182,True,multiple,44,35,4.7,B022-P019;B026-P001;B026-P007;B062-P020;B022-P006;B046-P010;B044-P004;B042-P002,B044-P003;B023-P005;B023-P015;B022-P016;B036-P009;B022-P021;B022-P013;B023-P001
content/swipe/formats/IMG_0130.png,424433,olive,green,secondary,0.16,True,layer,26,61,4.0,B042-P017;B055-P014;B054-P006;B030-P010;B038-P001;B041-P005;B060-P005;B027-P005,B061-P004;B054-P001;B054-P007;B021-P020;B053-P006;B042-P016;B043-P003;B028-P002
content/swipe/formats/IMG_0130.png,424433,olive,green,secondary,0.16,True,top,15,46,6.4,B045-P002;B031-P006;B039-P002;B057-P001;B031-P005;B016-P003;B053-P003;B030-P002,B059-P004;B059-P003;B028-P007;B054-P005;B028-P012;B057-P003;B062-P002;B045-P003
content/swipe/formats/IMG_0130.png,424433,olive,green,secondary,0.16,True,bottom,1,20,8.0,B020-P003,B041-P003;B020-P001;B020-P004;B021-P015;B048-P003;B042-P022;B042-P041;B015-P001
content/swipe/formats/IMG_0130.png,424433,olive,green,secondary,0.16,True,dress,0,10,14.0,,B042-P031;B042-P014;B041-P007;B033-P004;B041-P002;B041-P006;B042-P010;B042-P011
content/swipe/formats/IMG_0130.png,424433,olive,green,secondary,0.16,True,shoes,5,2,9.7,B029-P002;B053-P001;B062-P017;B037-P004;B039-P003,B001-P004;B009-P004
content/swipe/formats/IMG_0130.png,424433,olive,green,secondary,0.16,True,bag,1,5,11.5,B056-P004,B043-P005;B053-P004;B054-P003;B053-P005;B043-P006
content/swipe/formats/IMG_0130.png,424433,olive,green,secondary,0.16,True,accessory,2,6,7.9,B055-P003;B037-P009,B021-P001;B019-P002;B031-P009;B032-P001;B037-P008;B031-P001
content/swipe/formats/IMG_0130.png,424433,olive,green,secondary,0.16,True,base,0,4,14.0,,B005-P001;B062-P008;B062-P007;B003-P001
content/swipe/formats/IMG_0130.png,424433,olive,green,secondary,0.16,True,multiple,21,72,6.2,B039-P004;B023-P007;B023-P008;B024-P004;B028-P006;B027-P011;B022-P016;B023-P009,B026-P005;B036-P007;B044-P005;B044-P011;B044-P013;B028-P011;B053-P002;B020-P005
content/swipe/formats/IMG_0135.png,4A2A18,espresso,brown,dominant,0.34,True,layer,20,57,3.0,B042-P018;B021-P002;B021-P027;B021-P022;B054-P007;B042-P016;B015-P003;B040-P003,B060-P002;B055-P008;B023-P013;B030-P010;B027-P006;B037-P007;B054-P006;B028-P001
content/swipe/formats/IMG_0135.png,4A2A18,espresso,brown,dominant,0.34,True,top,30,46,1.3,B025-P003;B041-P008;B031-P008;B007-P003;B041-P009;B040-P001;B042-P001;B021-P024,B007-P001;B021-P023;B032-P002;B027-P001;B062-P009;B027-P002;B030-P002;B054-P004
content/swipe/formats/IMG_0135.png,4A2A18,espresso,brown,dominant,0.34,True,bottom,4,20,3.8,B050-P003;B021-P011;B021-P010;B021-P003,B018-P002;B020-P003;B016-P001;B052-P003;B052-P004;B015-P005;B020-P004;B020-P001
content/swipe/formats/IMG_0135.png,4A2A18,espresso,brown,dominant,0.34,True,dress,3,6,9.2,B041-P007;B041-P006;B042-P010,B033-P004;B042-P031;B042-P014;B042-P030;B042-P011;B042-P021
content/swipe/formats/IMG_0135.png,4A2A18,espresso,brown,dominant,0.34,True,shoes,3,4,4.4,B055-P001;B039-P003;B029-P002,B001-P004;B009-P004;B037-P004;B053-P001
content/swipe/formats/IMG_0135.png,4A2A18,espresso,brown,dominant,0.34,True,bag,1,4,6.5,B054-P003,B043-P005;B056-P004;B053-P004;B053-P005
content/swipe/formats/IMG_0135.png,4A2A18,espresso,brown,dominant,0.34,True,accessory,3,6,8.1,B025-P008;B031-P009;B032-P001,B021-P009;B020-P006;B021-P001;B055-P003;B019-P002;B037-P009
content/swipe/formats/IMG_0135.png,4A2A18,espresso,brown,dominant,0.34,True,base,3,3,3.3,B003-P001;B062-P008;B005-P001,B002-P001;B062-P007;B026-P009
content/swipe/formats/IMG_0135.png,4A2A18,espresso,brown,dominant,0.34,True,multiple,25,73,6.5,B042-P007;B045-P001;B023-P006;B026-P007;B021-P026;B022-P007;B022-P014;B032-P003,B019-P007;B044-P017;B026-P004;B023-P017;B023-P011;B046-P009;B042-P006;B034-P001
content/swipe/formats/IMG_0135.png,966538,ochre,yellow,secondary,0.209,True,layer,5,12,5.1,B021-P016;B021-P021;B021-P014;B021-P002;B054-P007,B015-P003;B040-P002;B040-P003;B027-P008;B021-P013;B041-P005;B041-P004;B042-P018
content/swipe/formats/IMG_0135.png,966538,ochre,yellow,secondary,0.209,True,top,14,13,6.5,B021-P005;B047-P003;B047-P002;B032-P004;B051-P004;B050-P004;B042-P001;B040-P001,B027-P004;B050-P005;B052-P001;B031-P005;B042-P028;B029-P001;B030-P002;B058-P004
content/swipe/formats/IMG_0135.png,966538,ochre,yellow,secondary,0.209,True,bottom,7,3,4.0,B050-P002;B052-P004;B050-P003;B052-P003;B042-P040;B042-P041;B015-P004,B044-P010;B020-P003;B051-P002
content/swipe/formats/IMG_0135.png,966538,ochre,yellow,secondary,0.209,True,shoes,0,3,13.0,,B029-P002;B001-P004;B009-P004
content/swipe/formats/IMG_0135.png,966538,ochre,yellow,secondary,0.209,True,accessory,0,1,17.5,,B019-P002
content/swipe/formats/IMG_0135.png,966538,ochre,yellow,secondary,0.209,True,base,1,3,10.1,B062-P007,B003-P001;B026-P009;B002-P001
content/swipe/formats/IMG_0135.png,966538,ochre,yellow,secondary,0.209,True,multiple,9,21,4.4,B023-P001;B022-P022;B047-P001;B042-P007;B022-P014;B046-P006;B062-P019;B046-P011,B032-P003;B044-P020;B042-P006;B021-P026;B044-P003;B046-P008;B049-P003;B023-P010
content/swipe/formats/IMG_0135.png,D3A782,tan,brown,accent,0.206,True,layer,14,4,2.2,B021-P014;B021-P016;B060-P002;B021-P017;B021-P022;B021-P013;B054-P006;B048-P001,B060-P006;B043-P002;B058-P005;B021-P018
content/swipe/formats/IMG_0135.png,D3A782,tan,brown,accent,0.206,True,top,18,25,2.2,B050-P006;B021-P025;B050-P004;B050-P005;B030-P003;B030-P001;B032-P004;B029-P001,B030-P002;B062-P009;B052-P002;B042-P024;B047-P003;B055-P002;B031-P005;B047-P002
content/swipe/formats/IMG_0135.png,D3A782,tan,brown,accent,0.206,True,bottom,11,4,2.3,B050-P002;B050-P008;B051-P003;B050-P007;B051-P002;B051-P001;B042-P041;B042-P040,B050-P003;B042-P038;B044-P010;B042-P039
content/swipe/formats/IMG_0135.png,D3A782,tan,brown,accent,0.206,True,dress,2,0,6.5,B042-P010;B042-P032,
content/swipe/formats/IMG_0135.png,D3A782,tan,brown,accent,0.206,True,shoes,1,1,4.4,B053-P001,B029-P002
content/swipe/formats/IMG_0135.png,D3A782,tan,brown,accent,0.206,True,accessory,0,1,19.4,,B025-P008
content/swipe/formats/IMG_0135.png,D3A782,tan,brown,accent,0.206,True,base,3,1,2.2,B004-P001;B003-P001;B026-P009,B062-P007
content/swipe/formats/IMG_0135.png,D3A782,tan,brown,accent,0.206,True,multiple,20,52,5.6,B024-P008;B046-P011;B023-P011;B047-P001;B033-P002;B022-P019;B044-P003;B026-P007,B052-P007;B023-P014;B024-P006;B024-P005;B023-P017;B023-P008;B032-P003;B044-P020
content/swipe/formats/IMG_0135.png,200F07,espresso,brown,accent,0.171,True,layer,69,23,3.5,B060-P003;B027-P006;B042-P017;B021-P022;B059-P001;B060-P002;B021-P002;B042-P016,B012-P002;B041-P004;B056-P002;B055-P007;B017-P001;B012-P004;B019-P004;B019-P003
content/swipe/formats/IMG_0135.png,200F07,espresso,brown,accent,0.171,True,top,50,30,2.6,B007-P001;B021-P004;B021-P005;B041-P008;B021-P024;B041-P009;B062-P001;B021-P012,B016-P003;B045-P003;B012-P003;B031-P005;B062-P011;B028-P007;B021-P006;B031-P004
content/swipe/formats/IMG_0135.png,200F07,espresso,brown,accent,0.171,True,bottom,21,7,5.7,B015-P005;B052-P006;B018-P002;B021-P011;B020-P003;B016-P001;B020-P004;B019-P001,B015-P001;B041-P003;B011-P001;B050-P003;B056-P001;B044-P008;B049-P001
content/swipe/formats/IMG_0135.png,200F07,espresso,brown,accent,0.171,True,dress,10,0,2.8,B042-P010;B041-P006;B041-P007;B033-P004;B042-P030;B042-P021;B042-P014;B042-P011,
content/swipe/formats/IMG_0135.png,200F07,espresso,brown,accent,0.171,True,shoes,4,3,4.2,B001-P004;B009-P004;B039-P003;B029-P002,B055-P001;B037-P004;B053-P001
content/swipe/formats/IMG_0135.png,200F07,espresso,brown,accent,0.171,True,bag,6,0,4.7,B054-P003;B053-P005;B043-P005;B056-P004;B043-P006;B053-P004,
content/swipe/formats/IMG_0135.png,200F07,espresso,brown,accent,0.171,True,accessory,7,2,6.0,B031-P009;B032-P001;B021-P009;B025-P008;B021-P001;B019-P002;B031-P001,B055-P003;B020-P006
content/swipe/formats/IMG_0135.png,200F07,espresso,brown,accent,0.171,True,base,3,2,2.1,B003-P001;B062-P008;B062-P007,B005-P001;B002-P001
content/swipe/formats/IMG_0135.png,200F07,espresso,brown,accent,0.171,True,multiple,68,35,2.6,B023-P016;B032-P003;B042-P006;B056-P006;B023-P001;B022-P005;B024-P002;B023-P017,B047-P004;B016-P004;B030-P007;B022-P004;B019-P006;B022-P001;B018-P003;B034-P004
content/swipe/formats/IMG_0136.png,85765B,olive,green,dominant,0.305,True,layer,17,8,7.2,B042-P018;B021-P016;B041-P005;B021-P002;B060-P005;B021-P014;B027-P008;B040-P002,B008-P003;B059-P001;B021-P013;B054-P001;B061-P002;B021-P022;B059-P002;B055-P009
content/swipe/formats/IMG_0136.png,85765B,olive,green,dominant,0.305,True,top,10,25,4.6,B030-P001;B032-P004;B042-P028;B031-P005;B062-P005;B055-P002;B030-P002;B062-P009,B027-P004;B047-P003;B047-P002;B016-P003;B029-P001;B051-P004;B016-P002;B032-P002
content/swipe/formats/IMG_0136.png,85765B,olive,green,dominant,0.305,True,bottom,4,8,4.7,B044-P010;B042-P041;B042-P040;B020-P003,B050-P003;B052-P004;B050-P002;B007-P002;B021-P010;B052-P003;B051-P002;B021-P011
content/swipe/formats/IMG_0136.png,85765B,olive,green,dominant,0.305,True,dress,0,2,16.4,,B042-P010;B042-P032
content/swipe/formats/IMG_0136.png,85765B,olive,green,dominant,0.305,True,shoes,1,3,5.6,B029-P002,B001-P004;B009-P004;B062-P017
content/swipe/formats/IMG_0136.png,85765B,olive,green,dominant,0.305,True,bag,0,1,14.6,,B056-P004
content/swipe/formats/IMG_0136.png,85765B,olive,green,dominant,0.305,True,accessory,2,1,11.3,B019-P002;B037-P008,B037-P009
content/swipe/formats/IMG_0136.png,85765B,olive,green,dominant,0.305,True,base,0,4,13.1,,B005-P001;B003-P001;B062-P007;B002-P001
content/swipe/formats/IMG_0136.png,85765B,olive,green,dominant,0.305,True,multiple,21,42,4.6,B062-P019;B044-P020;B032-P003;B042-P019;B042-P002;B024-P006;B036-P007;B023-P001,B022-P014;B057-P004;B042-P006;B022-P013;B042-P007;B044-P003;B049-P003;B023-P009
content/swipe/formats/IMG_0136.png,2D2A1C,olive,green,secondary,0.221,True,layer,61,33,4.3,B054-P006;B027-P008;B037-P007;B042-P017;B038-P001;B061-P003;B012-P001;B030-P009,B021-P022;B042-P042;B040-P006;B042-P013;B030-P008;B040-P004;B054-P007;B019-P003
content/swipe/formats/IMG_0136.png,2D2A1C,olive,green,secondary,0.221,True,top,42,35,2.6,B016-P003;B045-P002;B031-P005;B053-P003;B059-P004;B030-P001;B030-P002;B057-P005,B021-P024;B007-P001;B008-P002;B031-P007;B007-P003;B034-P002;B018-P001;B052-P002
content/swipe/formats/IMG_0136.png,2D2A1C,olive,green,secondary,0.221,True,bottom,13,15,7.0,B020-P004;B020-P003;B021-P015;B041-P003;B020-P001;B042-P022;B052-P006;B044-P019,B042-P033;B042-P023;B015-P002;B044-P008;B021-P003;B011-P002;B011-P001;B021-P011
content/swipe/formats/IMG_0136.png,2D2A1C,olive,green,secondary,0.221,True,dress,7,3,8.5,B042-P031;B042-P014;B041-P007;B033-P004;B041-P006;B041-P002;B042-P010,B042-P030;B042-P021;B042-P011
content/swipe/formats/IMG_0136.png,2D2A1C,olive,green,secondary,0.221,True,shoes,4,4,6.0,B029-P002;B039-P003;B053-P001;B037-P004,B001-P004;B009-P004;B062-P017;B055-P001
content/swipe/formats/IMG_0136.png,2D2A1C,olive,green,secondary,0.221,True,bag,5,1,8.1,B043-P005;B056-P004;B053-P004;B054-P003;B053-P005,B043-P006
content/swipe/formats/IMG_0136.png,2D2A1C,olive,green,secondary,0.221,True,accessory,4,4,9.9,B055-P003;B031-P009;B032-P001;B021-P001,B031-P001;B019-P002;B037-P009;B021-P009
content/swipe/formats/IMG_0136.png,2D2A1C,olive,green,secondary,0.221,True,base,4,1,10.1,B062-P007;B005-P001;B062-P008;B003-P001,B002-P001
content/swipe/formats/IMG_0136.png,2D2A1C,olive,green,secondary,0.221,True,multiple,69,30,2.9,B023-P007;B023-P008;B024-P004;B026-P005;B023-P009;B043-P007;B049-P003;B044-P003,B020-P005;B018-P003;B042-P007;B019-P006;B022-P020;B024-P005;B026-P007;B026-P001
content/swipe/formats/IMG_0136.png,A09584,tan,brown,secondary,0.21,True,layer,12,17,5.7,B021-P018;B043-P002;B041-P004;B021-P016;B060-P006;B027-P008;B043-P003;B059-P002,B060-P005;B060-P002;B021-P014;B037-P007;B058-P005;B001-P001;B009-P001;B021-P021
content/swipe/formats/IMG_0136.png,A09584,tan,brown,secondary,0.21,True,top,19,26,5.4,B030-P002;B031-P005;B016-P003;B042-P028;B025-P003;B032-P004;B057-P006;B042-P029,B021-P025;B050-P006;B052-P002;B057-P003;B038-P002;B011-P007;B062-P015;B062-P012
content/swipe/formats/IMG_0136.png,A09584,tan,brown,secondary,0.21,True,bottom,6,14,6.0,B021-P010;B007-P002;B021-P011;B044-P010;B042-P040;B042-P041,B042-P038;B020-P003;B050-P003;B051-P002;B050-P002;B048-P003;B050-P008;B051-P003
content/swipe/formats/IMG_0136.png,A09584,tan,brown,secondary,0.21,True,dress,2,0,7.1,B042-P032;B042-P010,
content/swipe/formats/IMG_0136.png,A09584,tan,brown,secondary,0.21,True,shoes,1,4,7.7,B029-P002,B062-P017;B001-P004;B009-P004;B053-P001
content/swipe/formats/IMG_0136.png,A09584,tan,brown,secondary,0.21,True,accessory,2,3,7.6,B037-P008;B037-P009,B025-P008;B019-P002;B045-P004
content/swipe/formats/IMG_0136.png,A09584,tan,brown,secondary,0.21,True,base,1,3,10.3,B003-P001,B004-P001;B005-P001;B026-P009
content/swipe/formats/IMG_0136.png,A09584,tan,brown,secondary,0.21,True,multiple,51,30,2.6,B062-P020;B062-P018;B062-P019;B042-P002;B043-P007;B023-P009;B023-P014;B025-P007,B006-P001;B018-P003;B047-P001;B046-P011;B036-P006;B026-P007;B039-P004;B046-P010
content/swipe/formats/IMG_0136.png,625034,olive,green,accent,0.168,True,layer,12,33,3.3,B054-P007;B021-P002;B021-P014;B040-P003;B041-P005;B012-P001;B042-P018;B040-P002,B038-P001;B042-P017;B043-P003;B060-P005;B041-P004;B042-P016;B027-P005;B037-P007
content/swipe/formats/IMG_0136.png,625034,olive,green,accent,0.168,True,top,15,37,5.8,B051-P004;B032-P004;B032-P002;B055-P002;B062-P005;B027-P004;B059-P005;B052-P001,B053-P003;B031-P002;B042-P001;B028-P012;B040-P001;B014-P001;B059-P004;B031-P005
content/swipe/formats/IMG_0136.png,625034,olive,green,accent,0.168,True,bottom,4,6,6.6,B042-P041;B020-P003;B052-P003;B042-P040,B052-P004;B050-P002;B044-P010;B050-P003;B048-P003;B020-P004
content/swipe/formats/IMG_0136.png,625034,olive,green,accent,0.168,True,dress,0,2,17.3,,B041-P007;B041-P006
content/swipe/formats/IMG_0136.png,625034,olive,green,accent,0.168,True,shoes,1,7,5.3,B029-P002,B039-P003;B001-P004;B009-P004;B062-P017;B053-P001;B055-P001;B037-P004
content/swipe/formats/IMG_0136.png,625034,olive,green,accent,0.168,True,bag,0,3,13.2,,B054-P003;B056-P004;B043-P005
content/swipe/formats/IMG_0136.png,625034,olive,green,accent,0.168,True,accessory,0,7,12.7,,B019-P002;B037-P009;B055-P003;B031-P009;B032-P001;B037-P008;B021-P001
content/swipe/formats/IMG_0136.png,625034,olive,green,accent,0.168,True,base,1,4,8.3,B062-P007,B003-P001;B002-P001;B062-P008;B005-P001
content/swipe/formats/IMG_0136.png,625034,olive,green,accent,0.168,True,multiple,10,59,4.2,B021-P026;B020-P005;B049-P003;B022-P014;B022-P020;B046-P006;B039-P004;B022-P013,B022-P021;B023-P011;B062-P019;B024-P004;B036-P001;B006-P001;B023-P015;B033-P002
content/swipe/formats/IMG_0137.png,956F4D,ochre,yellow,dominant,0.255,True,layer,6,16,1.7,B021-P016;B021-P014;B021-P021;B021-P002;B027-P008;B054-P007,B040-P002;B021-P013;B040-P003;B041-P005;B041-P004;B008-P003;B021-P022;B042-P018
content/swipe/formats/IMG_0137.png,956F4D,ochre,yellow,dominant,0.255,True,top,15,16,4.2,B021-P005;B032-P004;B062-P009;B030-P001;B055-P002;B050-P004;B062-P005;B047-P003,B050-P005;B032-P002;B016-P002;B040-P001;B042-P001;B016-P003;B025-P003;B052-P001
content/swipe/formats/IMG_0137.png,956F4D,ochre,yellow,dominant,0.255,True,bottom,6,8,6.3,B042-P041;B050-P003;B052-P004;B042-P040;B050-P002;B044-P010,B052-P003;B020-P003;B015-P004;B051-P002;B007-P002;B050-P008;B051-P003;B021-P010
content/swipe/formats/IMG_0137.png,956F4D,ochre,yellow,dominant,0.255,True,dress,0,2,16.0,,B042-P010;B042-P032
content/swipe/formats/IMG_0137.png,956F4D,ochre,yellow,dominant,0.255,True,shoes,1,2,8.6,B029-P002,B001-P004;B009-P004
content/swipe/formats/IMG_0137.png,956F4D,ochre,yellow,dominant,0.255,True,bag,0,1,19.0,,B056-P004
content/swipe/formats/IMG_0137.png,956F4D,ochre,yellow,dominant,0.255,True,accessory,0,3,15.1,,B019-P002;B037-P008;B037-P009
content/swipe/formats/IMG_0137.png,956F4D,ochre,yellow,dominant,0.255,True,base,0,6,12.5,,B003-P001;B062-P007;B026-P009;B002-P001;B005-P001;B004-P001
content/swipe/formats/IMG_0137.png,956F4D,ochre,yellow,dominant,0.255,True,multiple,14,29,2.8,B022-P022;B047-P001;B023-P001;B062-P019;B042-P007;B046-P011;B044-P020;B032-P003,B022-P020;B024-P003;B023-P010;B024-P006;B062-P020;B024-P008;B025-P004;B062-P018
content/swipe/formats/IMG_0137.png,B98B5F,ochre,yellow,secondary,0.244,True,layer,7,13,1.1,B021-P021;B021-P013;B021-P022;B021-P014;B021-P016;B027-P008;B060-P002,B048-P001;B021-P017;B046-P003;B041-P004;B054-P006;B015-P003;B021-P018;B001-P001
content/swipe/formats/IMG_0137.png,B98B5F,ochre,yellow,secondary,0.244,True,top,16,13,3.4,B029-P001;B062-P009;B032-P004;B021-P005;B047-P003;B047-P002;B050-P005;B050-P004,B021-P004;B042-P028;B057-P006;B042-P029;B025-P003;B058-P002;B042-P009;B059-P003
content/swipe/formats/IMG_0137.png,B98B5F,ochre,yellow,secondary,0.244,True,bottom,6,10,4.9,B051-P002;B050-P003;B050-P002;B050-P008;B051-P003;B050-P007,B007-P002;B042-P041;B051-P001;B021-P010;B052-P004;B042-P040;B044-P010;B021-P011
content/swipe/formats/IMG_0137.png,B98B5F,ochre,yellow,secondary,0.244,True,dress,1,1,8.7,B042-P010,B042-P032
content/swipe/formats/IMG_0137.png,B98B5F,ochre,yellow,secondary,0.244,True,shoes,2,0,9.5,B053-P001;B029-P002,
content/swipe/formats/IMG_0137.png,B98B5F,ochre,yellow,secondary,0.244,True,accessory,0,1,19.0,,B037-P008
content/swipe/formats/IMG_0137.png,B98B5F,ochre,yellow,secondary,0.244,True,base,3,0,5.3,B003-P001;B026-P009;B004-P001,
content/swipe/formats/IMG_0137.png,B98B5F,ochre,yellow,secondary,0.244,True,multiple,16,38,2.3,B044-P003;B047-P001;B046-P011;B042-P005;B042-P006;B023-P001;B024-P008;B023-P011,B044-P004;B062-P018;B022-P018;B023-P009;B062-P019;B023-P014;B042-P002;B022-P019
content/swipe/formats/IMG_0137.png,C4A485,tan,brown,secondary,0.2,True,layer,14,8,1.4,B021-P016;B021-P014;B060-P002;B048-P001;B046-P003;B021-P013;B021-P017;B054-P006,B043-P002;B060-P006;B021-P018;B058-P005;B059-P002;B043-P003;B019-P004;B011-P006
content/swipe/formats/IMG_0137.png,C4A485,tan,brown,secondary,0.2,True,top,23,23,2.5,B021-P025;B050-P006;B030-P003;B032-P004;B030-P001;B050-P004;B029-P001;B050-P005,B042-P024;B028-P014;B047-P003;B047-P002;B062-P015;B021-P005;B039-P001;B028-P013
content/swipe/formats/IMG_0137.png,C4A485,tan,brown,secondary,0.2,True,bottom,11,7,6.0,B042-P041;B050-P002;B042-P040;B007-P002;B021-P010;B050-P008;B051-P003;B050-P007,B050-P003;B042-P038;B044-P010;B042-P039;B011-P002;B015-P004;B048-P003
content/swipe/formats/IMG_0137.png,C4A485,tan,brown,secondary,0.2,True,dress,2,0,3.8,B042-P010;B042-P032,
content/swipe/formats/IMG_0137.png,C4A485,tan,brown,secondary,0.2,True,shoes,1,2,5.7,B053-P001,B029-P002;B062-P017
content/swipe/formats/IMG_0137.png,C4A485,tan,brown,secondary,0.2,True,accessory,0,3,16.9,,B037-P008;B025-P008;B045-P004
content/swipe/formats/IMG_0137.png,C4A485,tan,brown,secondary,0.2,True,base,3,1,3.1,B004-P001;B003-P001;B026-P009,B062-P007
content/swipe/formats/IMG_0137.png,C4A485,tan,brown,secondary,0.2,True,multiple,36,39,3.6,B023-P011;B024-P008;B033-P002;B044-P004;B022-P018;B046-P011;B047-P001;B022-P019,B036-P008;B052-P007;B036-P009;B024-P001;B033-P005;B022-P010;B022-P016;B022-P002
content/swipe/formats/IMG_0137.png,6D5035,tobacco,brown,accent,0.182,True,layer,10,37,2.6,B021-P014;B054-P007;B021-P002;B040-P003;B040-P002;B012-P001;B041-P005;B042-P015,B030-P010;B041-P004;B042-P016;B042-P018;B043-P003;B038-P001;B054-P006;B021-P027
content/swipe/formats/IMG_0137.png,6D5035,tobacco,brown,accent,0.182,True,top,14,36,1.9,B032-P002;B051-P004;B032-P004;B055-P002;B027-P004;B047-P003;B052-P001;B062-P005,B028-P013;B030-P002;B016-P002;B031-P006;B025-P003;B031-P002;B041-P008;B053-P003
content/swipe/formats/IMG_0137.png,6D5035,tobacco,brown,accent,0.182,True,bottom,5,6,6.2,B042-P041;B052-P003;B052-P004;B042-P040;B050-P002,B020-P003;B050-P003;B044-P010;B015-P004;B021-P011;B021-P010
content/swipe/formats/IMG_0137.png,6D5035,tobacco,brown,accent,0.182,True,dress,0,2,17.2,,B041-P006;B041-P007
content/swipe/formats/IMG_0137.png,6D5035,tobacco,brown,accent,0.182,True,shoes,1,7,7.9,B029-P002,B001-P004;B009-P004;B039-P003;B055-P001;B062-P017;B053-P001;B037-P004
content/swipe/formats/IMG_0137.png,6D5035,tobacco,brown,accent,0.182,True,bag,0,2,13.2,,B054-P003;B056-P004
content/swipe/formats/IMG_0137.png,6D5035,tobacco,brown,accent,0.182,True,accessory,0,10,13.4,,B019-P002;B037-P009;B031-P009;B032-P001;B025-P008;B037-P008;B055-P003;B020-P006
content/swipe/formats/IMG_0137.png,6D5035,tobacco,brown,accent,0.182,True,base,1,5,6.4,B062-P007,B002-P001;B003-P001;B062-P008;B005-P001;B026-P009
content/swipe/formats/IMG_0137.png,6D5035,tobacco,brown,accent,0.182,True,multiple,10,54,4.1,B021-P026;B022-P014;B046-P006;B049-P003;B020-P005;B022-P020;B023-P001;B006-P001,B039-P004;B022-P021;B033-P002;B036-P001;B023-P006;B023-P011;B024-P004;B022-P007
content/swipe/formats/IMG_0138.png,471613,espresso,brown,dominant,0.337,True,layer,4,42,7.0,B042-P018;B015-P003;B013-P001;B021-P022,B060-P002;B060-P003;B008-P003;B021-P002;B059-P001;B042-P017;B027-P006;B042-P016
content/swipe/formats/IMG_0138.png,471613,espresso,brown,dominant,0.337,True,top,20,37,2.9,B058-P004;B021-P005;B031-P007;B050-P004;B031-P008;B021-P006;B025-P003;B041-P008,B053-P003;B062-P010;B021-P012;B059-P008;B007-P001;B045-P002;B055-P002;B059-P006
content/swipe/formats/IMG_0138.png,471613,espresso,brown,dominant,0.337,True,bottom,7,7,4.3,B021-P010;B021-P003;B021-P011;B050-P003;B018-P002;B016-P001;B015-P005,B020-P004;B052-P006;B015-P002;B020-P001;B020-P003;B052-P004;B052-P003
content/swipe/formats/IMG_0138.png,471613,espresso,brown,dominant,0.337,True,dress,1,3,11.7,B041-P006,B041-P007;B042-P010;B033-P004
content/swipe/formats/IMG_0138.png,471613,espresso,brown,dominant,0.337,True,shoes,1,4,7.0,B055-P001,B001-P004;B009-P004;B039-P003;B029-P002
content/swipe/formats/IMG_0138.png,471613,espresso,brown,dominant,0.337,True,bag,0,3,12.8,,B054-P003;B043-P005;B053-P005
content/swipe/formats/IMG_0138.png,471613,espresso,brown,dominant,0.337,True,accessory,2,5,3.5,B025-P008;B021-P009,B020-P006;B031-P009;B032-P001;B021-P001;B019-P002
content/swipe/formats/IMG_0138.png,471613,espresso,brown,dominant,0.337,True,base,1,5,8.6,B003-P001,B005-P001;B062-P008;B002-P001;B062-P007;B026-P009
content/swipe/formats/IMG_0138.png,471613,espresso,brown,dominant,0.337,True,multiple,14,50,1.5,B022-P022;B022-P015;B045-P001;B036-P003;B046-P009;B033-P002;B023-P001;B032-P003,B024-P006;B023-P006;B023-P016;B022-P021;B036-P001;B056-P006;B023-P017;B006-P001
content/swipe/formats/IMG_0138.png,68211C,rust,orange,secondary,0.22,True,layer,1,22,10.2,B042-P018,B013-P001;B015-P003;B060-P003;B060-P002;B021-P022;B021-P002;B042-P016;B021-P014
content/swipe/formats/IMG_0138.png,68211C,rust,orange,secondary,0.22,True,top,17,31,4.5,B050-P004;B058-P004;B058-P006;B059-P008;B031-P008;B045-P002;B059-P006;B062-P009,B031-P002;B021-P006;B007-P003;B052-P002;B041-P009;B026-P010;B053-P003;B032-P004
content/swipe/formats/IMG_0138.png,68211C,rust,orange,secondary,0.22,True,bottom,3,6,8.9,B050-P003;B021-P003;B021-P010,B021-P011;B052-P004;B018-P002;B052-P003;B016-P001;B015-P005
content/swipe/formats/IMG_0138.png,68211C,rust,orange,secondary,0.22,True,dress,0,3,15.1,,B041-P006;B041-P007;B042-P010
content/swipe/formats/IMG_0138.png,68211C,rust,orange,secondary,0.22,True,shoes,1,4,9.2,B055-P001,B039-P003;B001-P004;B009-P004;B029-P002
content/swipe/formats/IMG_0138.png,68211C,rust,orange,secondary,0.22,True,bag,0,1,15.0,,B054-P003
content/swipe/formats/IMG_0138.png,68211C,rust,orange,secondary,0.22,True,accessory,1,4,3.9,B025-P008,B021-P009;B031-P009;B032-P001;B020-P006
content/swipe/formats/IMG_0138.png,68211C,rust,orange,secondary,0.22,True,base,2,3,10.0,B026-P009;B003-P001,B002-P001;B005-P001;B062-P008
content/swipe/formats/IMG_0138.png,68211C,rust,orange,secondary,0.22,True,multiple,5,30,4.2,B036-P003;B045-P001;B022-P015;B022-P022;B046-P001,B032-P003;B022-P007;B042-P007;B026-P007;B046-P009;B033-P002;B022-P014;B006-P001
content/swipe/formats/IMG_0138.png,230E0C,oxblood,red,accent,0.211,True,layer,44,45,4.3,B060-P003;B060-P002;B027-P006;B021-P022;B042-P017;B059-P001;B008-P003;B015-P003,B035-P002;B035-P004;B030-P008;B042-P035;B037-P007;B037-P002;B041-P001;B021-P027
content/swipe/formats/IMG_0138.png,230E0C,oxblood,red,accent,0.211,True,top,43,32,2.6,B021-P004;B021-P005;B021-P012;B041-P008;B007-P001;B021-P024;B021-P023;B031-P007,B030-P002;B031-P003;B039-P007;B039-P002;B028-P008;B031-P008;B055-P006;B058-P004
content/swipe/formats/IMG_0138.png,230E0C,oxblood,red,accent,0.211,True,bottom,14,14,2.8,B015-P005;B018-P002;B016-P001;B021-P011;B021-P010;B021-P003;B052-P006;B020-P003,B042-P033;B021-P015;B042-P022;B020-P001;B011-P002;B050-P003;B044-P018;B044-P019
content/swipe/formats/IMG_0138.png,230E0C,oxblood,red,accent,0.211,True,dress,7,3,6.3,B042-P010;B041-P006;B033-P004;B041-P007;B042-P021;B042-P030;B042-P011,B042-P014;B042-P031;B041-P002
content/swipe/formats/IMG_0138.png,230E0C,oxblood,red,accent,0.211,True,shoes,4,3,5.5,B001-P004;B009-P004;B039-P003;B055-P001,B029-P002;B037-P004;B053-P001
content/swipe/formats/IMG_0138.png,230E0C,oxblood,red,accent,0.211,True,bag,5,1,7.4,B054-P003;B053-P005;B043-P005;B043-P006;B056-P004,B053-P004
content/swipe/formats/IMG_0138.png,230E0C,oxblood,red,accent,0.211,True,accessory,5,4,5.9,B021-P009;B025-P008;B031-P009;B032-P001;B020-P006,B019-P002;B021-P001;B031-P001;B055-P003
content/swipe/formats/IMG_0138.png,230E0C,oxblood,red,accent,0.211,True,base,3,2,5.1,B003-P001;B062-P007;B062-P008,B005-P001;B002-P001
content/swipe/formats/IMG_0138.png,230E0C,oxblood,red,accent,0.211,True,multiple,50,53,3.7,B036-P003;B032-P003;B033-P002;B022-P005;B023-P001;B023-P016;B046-P009;B024-P002,B044-P007;B049-P002;B026-P003;B044-P001;B022-P016;B023-P008;B024-P003;B044-P005
content/swipe/formats/IMG_0138.png,9B9C96,light grey,grey,secondary,0.137,False,layer,8,22,2.8,B043-P002;B059-P002;B060-P006;B021-P018;B059-P001;B058-P005;B043-P003;B041-P004,B037-P007;B060-P005;B048-P001;B046-P003;B021-P016;B001-P001;B009-P001;B038-P001
content/swipe/formats/IMG_0138.png,9B9C96,light grey,grey,secondary,0.137,False,top,14,36,8.8,B062-P002;B025-P003;B057-P003;B059-P003;B058-P002;B011-P007;B028-P014;B042-P029,B030-P002;B052-P002;B007-P001;B042-P026;B030-P001;B062-P012;B062-P015;B025-P001
content/swipe/formats/IMG_0138.png,9B9C96,light grey,grey,secondary,0.137,False,bottom,7,6,9.1,B048-P003;B021-P010;B021-P011;B007-P002;B048-P002;B042-P040;B042-P041,B042-P038;B044-P010;B015-P004;B011-P002;B020-P003;B042-P039
content/swipe/formats/IMG_0138.png,9B9C96,light grey,grey,secondary,0.137,False,dress,1,1,10.7,B042-P032,B042-P010
content/swipe/formats/IMG_0138.png,9B9C96,light grey,grey,secondary,0.137,False,shoes,1,4,8.6,B062-P017,B001-P004;B009-P004;B029-P002;B053-P001
content/swipe/formats/IMG_0138.png,9B9C96,light grey,grey,secondary,0.137,False,accessory,2,3,4.7,B037-P008;B037-P009,B025-P008;B045-P004;B020-P006
content/swipe/formats/IMG_0138.png,9B9C96,light grey,grey,secondary,0.137,False,base,1,2,11.7,B005-P001,B004-P001;B003-P001
content/swipe/formats/IMG_0138.png,9B9C96,light grey,grey,secondary,0.137,False,multiple,44,43,1.3,B021-P007;B020-P005;B021-P008;B033-P005;B025-P007;B036-P009;B025-P006;B044-P007,B036-P005;B022-P006;B046-P008;B033-P002;B053-P002;B026-P004;B022-P019;B044-P006
content/swipe/formats/IMG_0139.png,AC8F71,tan,brown,dominant,0.556,True,layer,10,19,4.6,B021-P013;B021-P016;B027-P008;B021-P021;B021-P014;B021-P022;B060-P002;B041-P004,B021-P018;B043-P002;B021-P017;B054-P006;B043-P003;B001-P001;B009-P001;B060-P006
content/swipe/formats/IMG_0139.png,AC8F71,tan,brown,dominant,0.556,True,top,23,13,2.5,B029-P001;B032-P004;B030-P002;B016-P003;B062-P009;B031-P005;B055-P002;B042-P028,B042-P009;B028-P014;B038-P002;B062-P002;B052-P002;B057-P003;B042-P024;B062-P005
content/swipe/formats/IMG_0139.png,AC8F71,tan,brown,dominant,0.556,True,bottom,11,6,8.0,B007-P002;B050-P003;B021-P010;B051-P002;B042-P041;B044-P010;B042-P040;B050-P002,B050-P007;B051-P001;B052-P004;B020-P003;B042-P038;B015-P004
content/swipe/formats/IMG_0139.png,AC8F71,tan,brown,dominant,0.556,True,dress,2,0,5.6,B042-P010;B042-P032,
content/swipe/formats/IMG_0139.png,AC8F71,tan,brown,dominant,0.556,True,shoes,2,3,6.4,B029-P002;B053-P001,B001-P004;B009-P004;B062-P017
content/swipe/formats/IMG_0139.png,AC8F71,tan,brown,dominant,0.556,True,accessory,0,2,14.2,,B037-P008;B037-P009
content/swipe/formats/IMG_0139.png,AC8F71,tan,brown,dominant,0.556,True,base,3,1,4.2,B003-P001;B004-P001;B026-P009,B005-P001
content/swipe/formats/IMG_0139.png,AC8F71,tan,brown,dominant,0.556,True,multiple,33,38,2.2,B023-P001;B042-P006;B046-P008;B044-P003;B024-P008;B032-P003;B023-P011;B033-P002,B023-P015;B026-P003;B033-P005;B036-P009;B025-P007;B024-P002;B020-P005;B022-P006
content/swipe/formats/IMG_0139.png,9F988C,oatmeal,warm neutral,secondary,0.141,False,layer,11,20,3.9,B043-P002;B021-P018;B060-P006;B059-P002;B041-P004;B043-P003;B059-P001;B021-P016,B046-P003;B060-P005;B037-P007;B001-P001;B009-P001;B021-P013;B060-P002;B008-P003
content/swipe/formats/IMG_0139.png,9F988C,oatmeal,warm neutral,secondary,0.141,False,top,19,28,6.5,B025-P003;B016-P003;B030-P002;B031-P005;B059-P003;B042-P028;B058-P002;B021-P004,B029-P001;B011-P007;B062-P015;B062-P009;B021-P025;B038-P002;B050-P006;B062-P012
content/swipe/formats/IMG_0139.png,9F988C,oatmeal,warm neutral,secondary,0.141,False,bottom,6,14,6.3,B021-P010;B007-P002;B021-P011;B042-P040;B042-P041;B044-P010,B042-P038;B048-P003;B048-P002;B020-P003;B050-P003;B050-P002;B051-P002;B050-P008
content/swipe/formats/IMG_0139.png,9F988C,oatmeal,warm neutral,secondary,0.141,False,dress,2,0,7.6,B042-P032;B042-P010,
content/swipe/formats/IMG_0139.png,9F988C,oatmeal,warm neutral,secondary,0.141,False,shoes,2,3,9.7,B029-P002;B062-P017,B001-P004;B009-P004;B053-P001
content/swipe/formats/IMG_0139.png,9F988C,oatmeal,warm neutral,secondary,0.141,False,accessory,2,3,5.9,B037-P008;B037-P009,B025-P008;B045-P004;B019-P002
content/swipe/formats/IMG_0139.png,9F988C,oatmeal,warm neutral,secondary,0.141,False,base,0,4,12.1,,B003-P001;B005-P001;B004-P001;B026-P009
content/swipe/formats/IMG_0139.png,9F988C,oatmeal,warm neutral,secondary,0.141,False,multiple,52,33,2.6,B062-P019;B033-P005;B025-P007;B036-P009;B020-P005;B043-P007;B026-P002;B062-P018,B042-P006;B044-P003;B026-P007;B046-P010;B039-P004;B026-P001;B022-P010;B023-P006
content/swipe/formats/IMG_0139.png,5B4536,chocolate,brown,accent,0.128,True,layer,24,47,4.9,B021-P002;B040-P002;B054-P007;B042-P015;B012-P001;B042-P016;B040-P003;B055-P009,B027-P008;B042-P018;B043-P001;B043-P003;B060-P002;B042-P017;B061-P003;B027-P007
content/swipe/formats/IMG_0139.png,5B4536,chocolate,brown,accent,0.128,True,top,31,42,2.7,B032-P004;B059-P005;B028-P013;B032-P002;B041-P009;B027-P004;B057-P005;B031-P002,B031-P005;B027-P002;B008-P002;B062-P010;B027-P003;B047-P003;B039-P002;B047-P002
content/swipe/formats/IMG_0139.png,5B4536,chocolate,brown,accent,0.128,True,bottom,3,20,7.8,B020-P003;B042-P041;B052-P003,B050-P003;B052-P004;B021-P011;B021-P010;B042-P040;B015-P002;B020-P001;B020-P004
content/swipe/formats/IMG_0139.png,5B4536,chocolate,brown,accent,0.128,True,dress,1,5,11.0,B041-P006,B041-P007;B033-P004;B042-P010;B042-P031;B042-P014
content/swipe/formats/IMG_0139.png,5B4536,chocolate,brown,accent,0.128,True,shoes,5,3,5.1,B029-P002;B039-P003;B001-P004;B009-P004;B055-P001,B053-P001;B037-P004;B062-P017
content/swipe/formats/IMG_0139.png,5B4536,chocolate,brown,accent,0.128,True,bag,1,4,7.4,B054-P003,B043-P005;B056-P004;B053-P004;B053-P005
content/swipe/formats/IMG_0139.png,5B4536,chocolate,brown,accent,0.128,True,accessory,3,7,9.1,B031-P009;B032-P001;B037-P009,B019-P002;B055-P003;B025-P008;B021-P001;B020-P006;B021-P009;B037-P008
content/swipe/formats/IMG_0139.png,5B4536,chocolate,brown,accent,0.128,True,base,5,1,8.9,B002-P001;B003-P001;B062-P008;B005-P001;B062-P007,B026-P009
content/swipe/formats/IMG_0139.png,5B4536,chocolate,brown,accent,0.128,True,multiple,30,67,2.8,B020-P005;B022-P020;B022-P014;B006-P001;B021-P026;B022-P013;B049-P003;B022-P021,B026-P004;B053-P002;B026-P011;B024-P002;B050-P001;B046-P001;B023-P007;B023-P010
content/swipe/formats/IMG_0139.png,DDF5EF,off-white,white,accent,0.104,True,layer,6,6,9.7,B061-P003;B043-P004;B042-P020;B019-P004;B012-P002;B011-P006,B043-P002;B058-P005;B046-P003;B048-P001;B001-P001;B009-P001
content/swipe/formats/IMG_0139.png,DDF5EF,off-white,white,accent,0.104,True,top,6,23,9.3,B062-P012;B010-P001;B062-P013;B058-P007;B010-P003;B062-P003,B042-P025;B026-P010;B057-P006;B011-P008;B033-P001;B025-P001;B057-P002;B062-P002
content/swipe/formats/IMG_0139.png,DDF5EF,off-white,white,accent,0.104,True,bottom,4,6,11.1,B042-P039;B062-P021;B011-P002;B021-P010,B021-P011;B048-P003;B015-P004;B042-P038;B007-P002;B048-P002
content/swipe/formats/IMG_0139.png,DDF5EF,off-white,white,accent,0.104,True,dress,1,0,11.0,B042-P032,
content/swipe/formats/IMG_0139.png,DDF5EF,off-white,white,accent,0.104,True,shoes,0,1,14.3,,B062-P017
content/swipe/formats/IMG_0139.png,DDF5EF,off-white,white,accent,0.104,True,accessory,2,1,10.5,B020-P006;B045-P004,B025-P008
content/swipe/formats/IMG_0139.png,DDF5EF,off-white,white,accent,0.104,True,base,0,1,12.2,,B004-P001
content/swipe/formats/IMG_0139.png,DDF5EF,off-white,white,accent,0.104,True,multiple,12,37,9.2,B027-P009;B027-P010;B028-P011;B036-P009;B042-P005;B049-P003;B042-P036;B036-P002,B028-P010;B045-P001;B026-P002;B025-P006;B044-P007;B044-P006;B044-P015;B033-P005
content/swipe/formats/IMG_0140.png,6A7080,denim blue,blue,dominant,0.285,True,layer,11,16,6.2,B054-P001;B060-P004;B061-P002;B054-P002;B038-P001;B043-P002;B037-P007;B008-P003,B041-P004;B041-P005;B043-P001;B053-P006;B060-P005;B027-P007;B059-P002;B040-P002
content/swipe/formats/IMG_0140.png,6A7080,denim blue,blue,dominant,0.285,True,top,5,20,6.2,B062-P012;B016-P002;B034-P002;B042-P026;B062-P001,B055-P004;B055-P005;B011-P003;B062-P015;B062-P016;B062-P002;B011-P004;B008-P002
content/swipe/formats/IMG_0140.png,6A7080,denim blue,blue,dominant,0.285,True,bottom,3,6,8.1,B048-P002;B052-P005;B048-P003,B048-P004;B020-P003;B049-P001;B044-P010;B042-P040;B042-P041
content/swipe/formats/IMG_0140.png,6A7080,denim blue,blue,dominant,0.285,True,shoes,4,1,8.3,B001-P002;B009-P002;B001-P004;B009-P004,B062-P017
content/swipe/formats/IMG_0140.png,6A7080,denim blue,blue,dominant,0.285,True,bag,1,1,9.2,B056-P004,B053-P005
content/swipe/formats/IMG_0140.png,6A7080,denim blue,blue,dominant,0.285,True,accessory,5,2,2.3,B019-P002;B037-P009;B001-P003;B009-P003;B037-P008,B021-P001;B055-P003
content/swipe/formats/IMG_0140.png,6A7080,denim blue,blue,dominant,0.285,True,base,1,1,9.0,B005-P001,B002-P001
content/swipe/formats/IMG_0140.png,6A7080,denim blue,blue,dominant,0.285,True,multiple,15,30,3.7,B026-P008;B022-P008;B046-P010;B022-P017;B044-P005;B028-P010;B052-P007;B044-P016,B023-P010;B053-P002;B042-P007;B050-P001;B022-P013;B022-P012;B024-P004;B042-P006
content/swipe/formats/IMG_0140.png,112E31,petrol,blue,secondary,0.258,True,layer,13,71,6.2,B061-P004;B037-P002;B060-P006;B056-P002;B042-P017;B055-P012;B043-P001;B055-P010,B028-P003;B040-P005;B019-P004;B048-P001;B012-P002;B037-P005;B042-P035;B055-P007
content/swipe/formats/IMG_0140.png,112E31,petrol,blue,secondary,0.258,True,top,13,49,7.7,B057-P001;B059-P003;B028-P007;B037-P003;B057-P003;B062-P015;B028-P009;B060-P001,B045-P003;B031-P004;B058-P007;B039-P007;B012-P003;B055-P006;B062-P004;B055-P005
content/swipe/formats/IMG_0140.png,112E31,petrol,blue,secondary,0.258,True,bottom,4,21,10.1,B015-P001;B041-P003;B044-P008;B044-P018,B042-P022;B020-P001;B021-P015;B044-P019;B011-P001;B011-P002;B021-P003;B019-P001
content/swipe/formats/IMG_0140.png,112E31,petrol,blue,secondary,0.258,True,dress,2,7,11.8,B042-P031;B041-P002,B042-P014;B033-P004;B042-P011;B042-P021;B042-P030;B042-P010;B041-P006
content/swipe/formats/IMG_0140.png,112E31,petrol,blue,secondary,0.258,True,shoes,0,9,12.0,,B053-P001;B037-P004;B001-P002;B009-P002;B039-P003;B029-P002;B062-P017;B001-P004
content/swipe/formats/IMG_0140.png,112E31,petrol,blue,secondary,0.258,True,bag,2,4,11.6,B056-P004;B053-P004,B043-P005;B043-P006;B053-P005;B054-P003
content/swipe/formats/IMG_0140.png,112E31,petrol,blue,secondary,0.258,True,accessory,1,6,11.1,B055-P003,B031-P001;B021-P001;B019-P002;B031-P009;B032-P001;B037-P009
content/swipe/formats/IMG_0140.png,112E31,petrol,blue,secondary,0.258,True,base,1,2,10.8,B005-P001,B062-P008;B062-P007
content/swipe/formats/IMG_0140.png,112E31,petrol,blue,secondary,0.258,True,multiple,19,65,10.7,B036-P007;B022-P017;B010-P002;B036-P008;B046-P010;B018-P003;B042-P019;B020-P002,B024-P004;B044-P006;B023-P009;B030-P007;B044-P007;B049-P002;B022-P001;B023-P010
content/swipe/formats/IMG_0140.png,0D1314,black,black,accent,0.195,True,layer,77,12,1.4,B040-P005;B039-P006;B039-P005;B040-P004;B040-P006;B055-P010;B041-P001;B028-P004,B060-P004;B008-P003;B027-P008;B021-P002;B061-P001;B055-P014;B041-P004;B021-P027
content/swipe/formats/IMG_0140.png,0D1314,black,black,accent,0.195,True,top,53,18,2.0,B062-P004;B055-P006;B039-P007;B028-P008;B012-P003;B042-P024;B054-P004;B042-P028,B055-P002;B059-P004;B061-P005;B021-P005;B030-P004;B025-P001;B057-P001;B058-P007
content/swipe/formats/IMG_0140.png,0D1314,black,black,accent,0.195,True,bottom,21,6,1.5,B044-P008;B015-P001;B044-P019;B019-P001;B042-P038;B042-P040;B042-P023;B042-P033,B049-P001;B048-P004;B015-P005;B016-P001;B018-P002;B021-P011
content/swipe/formats/IMG_0140.png,0D1314,black,black,accent,0.195,True,dress,9,1,2.2,B041-P002;B042-P030;B042-P021;B042-P014;B042-P011;B042-P010;B042-P031;B033-P004,B041-P007
content/swipe/formats/IMG_0140.png,0D1314,black,black,accent,0.195,True,shoes,4,4,7.9,B039-P003;B001-P004;B009-P004;B037-P004,B053-P001;B029-P002;B001-P002;B009-P002
content/swipe/formats/IMG_0140.png,0D1314,black,black,accent,0.195,True,bag,6,0,3.0,B056-P004;B043-P005;B043-P006;B053-P005;B053-P004;B054-P003,
content/swipe/formats/IMG_0140.png,0D1314,black,black,accent,0.195,True,accessory,6,1,1.4,B055-P003;B031-P001;B031-P009;B032-P001;B021-P001;B019-P002,B021-P009
content/swipe/formats/IMG_0140.png,0D1314,black,black,accent,0.195,True,base,4,0,6.4,B062-P008;B005-P001;B062-P007;B003-P001,
content/swipe/formats/IMG_0140.png,0D1314,black,black,accent,0.195,True,multiple,74,19,2.3,B039-P004;B024-P004;B044-P001;B042-P012;B022-P016;B022-P017;B044-P005;B030-P006,B026-P004;B023-P010;B023-P016;B022-P021;B050-P001;B024-P002;B049-P003;B022-P005
content/swipe/formats/IMG_0140.png,455561,denim blue,blue,accent,0.194,True,layer,13,44,3.7,B062-P014;B008-P003;B037-P002;B054-P002;B027-P007;B043-P001;B053-P006;B042-P035,B043-P003;B054-P001;B061-P002;B023-P012;B060-P005;B019-P003;B060-P006;B019-P004
content/swipe/formats/IMG_0140.png,455561,denim blue,blue,accent,0.194,True,top,13,39,4.3,B042-P026;B034-P002;B055-P005;B037-P003;B055-P004;B054-P005;B058-P007;B059-P006,B025-P001;B031-P006;B057-P005;B055-P013;B014-P001;B060-P001;B062-P015;B057-P001
content/swipe/formats/IMG_0140.png,455561,denim blue,blue,accent,0.194,True,bottom,5,13,4.1,B048-P003;B049-P001;B052-P005;B048-P004;B015-P001,B015-P002;B020-P001;B020-P003;B048-P002;B041-P003;B044-P018;B056-P001;B011-P002
content/swipe/formats/IMG_0140.png,455561,denim blue,blue,accent,0.194,True,dress,0,3,17.9,,B042-P031;B033-P004;B042-P014
content/swipe/formats/IMG_0140.png,455561,denim blue,blue,accent,0.194,True,shoes,4,5,7.5,B001-P002;B009-P002;B062-P017;B053-P001,B037-P004;B001-P004;B009-P004;B029-P002;B039-P003
content/swipe/formats/IMG_0140.png,455561,denim blue,blue,accent,0.194,True,bag,1,3,10.3,B056-P004,B053-P005;B053-P004;B043-P005
content/swipe/formats/IMG_0140.png,455561,denim blue,blue,accent,0.194,True,accessory,6,3,9.3,B001-P003;B009-P003;B037-P009;B021-P001;B019-P002;B055-P003,B037-P008;B031-P009;B032-P001
content/swipe/formats/IMG_0140.png,455561,denim blue,blue,accent,0.194,True,base,0,2,14.9,,B005-P001;B062-P008
content/swipe/formats/IMG_0140.png,455561,denim blue,blue,accent,0.194,True,multiple,26,53,3.9,B042-P006;B044-P016;B042-P007;B021-P008;B052-P007;B033-P003;B022-P012;B022-P017,B046-P010;B023-P007;B026-P003;B026-P011;B030-P006;B050-P001;B030-P005;B056-P005
content/swipe/formats/IMG_0145.png,70827F,mid grey,grey,dominant,0.382,True,layer,8,12,6.5,B061-P002;B059-P001;B060-P005;B037-P007;B038-P001;B043-P003;B021-P018;B059-P002,B043-P002;B061-P004;B054-P001;B042-P018;B041-P005;B060-P006;B041-P004;B054-P002
content/swipe/formats/IMG_0145.png,70827F,mid grey,grey,dominant,0.382,True,top,4,13,8.1,B062-P002;B062-P012;B016-P002;B055-P004,B042-P028;B011-P003;B011-P004;B042-P026;B034-P002;B059-P003;B031-P005;B062-P015
content/swipe/formats/IMG_0145.png,70827F,mid grey,grey,dominant,0.382,True,bottom,2,5,10.9,B048-P002;B048-P003,B052-P005;B020-P003;B044-P010;B042-P040;B042-P041
content/swipe/formats/IMG_0145.png,70827F,mid grey,grey,dominant,0.382,True,shoes,1,5,5.6,B062-P017,B001-P004;B009-P004;B001-P002;B009-P002;B029-P002
content/swipe/formats/IMG_0145.png,70827F,mid grey,grey,dominant,0.382,True,bag,0,1,13.5,,B056-P004
content/swipe/formats/IMG_0145.png,70827F,mid grey,grey,dominant,0.382,True,accessory,2,3,9.8,B037-P008;B037-P009,B019-P002;B001-P003;B009-P003
content/swipe/formats/IMG_0145.png,70827F,mid grey,grey,dominant,0.382,True,base,1,0,9.7,B005-P001,
content/swipe/formats/IMG_0145.png,70827F,mid grey,grey,dominant,0.382,True,multiple,9,47,9.0,B039-P004;B036-P007;B057-P004;B046-P010;B050-P001;B026-P003;B042-P019;B018-P003,B020-P005;B044-P015;B022-P008;B026-P008;B042-P002;B024-P006;B021-P007;B036-P005
content/swipe/formats/IMG_0145.png,4F544C,dark grey,grey,secondary,0.21,False,layer,23,42,2.5,B060-P005;B038-P001;B043-P001;B037-P007;B027-P005;B041-P005;B042-P035;B043-P003,B028-P001;B037-P002;B040-P002;B040-P003;B041-P004;B054-P001;B054-P006;B061-P002
content/swipe/formats/IMG_0145.png,4F544C,dark grey,grey,secondary,0.21,False,top,12,42,6.9,B030-P002;B031-P006;B039-P002;B057-P005;B008-P002;B054-P005;B059-P003;B045-P002,B031-P005;B054-P004;B059-P005;B034-P002;B028-P013;B031-P002;B062-P015;B053-P003
content/swipe/formats/IMG_0145.png,4F544C,dark grey,grey,secondary,0.21,False,bottom,2,13,8.7,B048-P003;B020-P003,B042-P041;B015-P001;B015-P002;B020-P001;B049-P001;B041-P003;B020-P004;B042-P040
content/swipe/formats/IMG_0145.png,4F544C,dark grey,grey,secondary,0.21,False,dress,0,5,16.9,,B042-P031;B042-P014;B041-P007;B041-P006;B033-P004
content/swipe/formats/IMG_0145.png,4F544C,dark grey,grey,secondary,0.21,False,shoes,6,3,4.1,B062-P017;B053-P001;B001-P004;B009-P004;B029-P002;B037-P004,B039-P003;B001-P002;B009-P002
content/swipe/formats/IMG_0145.png,4F544C,dark grey,grey,secondary,0.21,False,bag,1,4,8.7,B056-P004,B043-P005;B053-P004;B054-P003;B053-P005
content/swipe/formats/IMG_0145.png,4F544C,dark grey,grey,secondary,0.21,False,accessory,5,2,6.4,B037-P009;B055-P003;B019-P002;B037-P008;B021-P001,B031-P009;B032-P001
content/swipe/formats/IMG_0145.png,4F544C,dark grey,grey,secondary,0.21,False,base,0,4,15.3,,B005-P001;B062-P008;B062-P007;B002-P001
content/swipe/formats/IMG_0145.png,4F544C,dark grey,grey,secondary,0.21,False,multiple,30,56,2.2,B023-P007;B036-P007;B024-P004;B023-P015;B053-P002;B052-P007;B027-P011;B039-P004,B044-P013;B046-P010;B018-P003;B050-P001;B046-P004;B022-P021;B056-P005;B021-P008
content/swipe/formats/IMG_0145.png,54190A,rust,orange,accent,0.196,True,layer,2,28,6.3,B042-P018;B015-P003,B013-P001;B021-P022;B021-P002;B021-P027;B060-P002;B059-P001;B042-P016;B028-P002
content/swipe/formats/IMG_0145.png,54190A,rust,orange,accent,0.196,True,top,16,32,1.5,B050-P004;B058-P004;B031-P008;B041-P008;B021-P005;B042-P001;B025-P003;B040-P001,B041-P009;B026-P010;B052-P002;B062-P009;B052-P001;B059-P006;B021-P006;B021-P004
content/swipe/formats/IMG_0145.png,54190A,rust,orange,accent,0.196,True,bottom,4,6,4.7,B050-P003;B021-P010;B021-P003;B021-P011,B018-P002;B016-P001;B052-P004;B052-P003;B015-P005;B020-P003
content/swipe/formats/IMG_0145.png,54190A,rust,orange,accent,0.196,True,dress,0,4,14.3,,B041-P006;B041-P007;B042-P010;B033-P004
content/swipe/formats/IMG_0145.png,54190A,rust,orange,accent,0.196,True,shoes,1,4,8.0,B055-P001,B039-P003;B001-P004;B009-P004;B029-P002
content/swipe/formats/IMG_0145.png,54190A,rust,orange,accent,0.196,True,bag,0,2,13.4,,B054-P003;B043-P005
content/swipe/formats/IMG_0145.png,54190A,rust,orange,accent,0.196,True,accessory,1,4,4.5,B025-P008,B021-P009;B031-P009;B032-P001;B020-P006
content/swipe/formats/IMG_0145.png,54190A,rust,orange,accent,0.196,True,base,1,5,9.2,B003-P001,B026-P009;B005-P001;B062-P008;B002-P001;B062-P007
content/swipe/formats/IMG_0145.png,54190A,rust,orange,accent,0.196,True,multiple,5,32,4.7,B045-P001;B022-P022;B022-P015;B036-P003;B023-P001,B042-P007;B032-P003;B033-P002;B046-P009;B022-P007;B026-P007;B023-P006;B022-P014
content/swipe/formats/IMG_0145.png,E3EFF1,off-white,white,secondary,0.138,True,layer,7,7,5.4,B042-P020;B012-P002;B011-P006;B019-P004;B061-P003;B043-P004;B043-P002,B058-P005;B046-P003;B048-P001;B060-P006;B001-P001;B009-P001;B041-P004
content/swipe/formats/IMG_0145.png,E3EFF1,off-white,white,secondary,0.138,True,top,18,18,4.9,B062-P012;B010-P001;B026-P010;B011-P008;B010-P003;B058-P007;B057-P006;B062-P013,B062-P015;B062-P002;B062-P006;B042-P027;B028-P013;B042-P024;B028-P014;B021-P004
content/swipe/formats/IMG_0145.png,E3EFF1,off-white,white,secondary,0.138,True,bottom,8,2,6.2,B062-P021;B011-P002;B015-P004;B048-P003;B021-P010;B042-P039;B021-P011;B007-P002,B042-P038;B048-P002
content/swipe/formats/IMG_0145.png,E3EFF1,off-white,white,secondary,0.138,True,dress,1,0,9.1,B042-P032,
content/swipe/formats/IMG_0145.png,E3EFF1,off-white,white,secondary,0.138,True,shoes,0,1,12.2,,B062-P017
content/swipe/formats/IMG_0145.png,E3EFF1,off-white,white,secondary,0.138,True,accessory,3,0,5.4,B020-P006;B045-P004;B025-P008,
content/swipe/formats/IMG_0145.png,E3EFF1,off-white,white,secondary,0.138,True,base,1,1,8.1,B004-P001,B062-P007
content/swipe/formats/IMG_0145.png,E3EFF1,off-white,white,secondary,0.138,True,multiple,27,36,4.3,B027-P009;B027-P010;B028-P011;B042-P005;B042-P036;B036-P002;B046-P009;B028-P006,B025-P006;B026-P004;B023-P014;B023-P006;B021-P007;B036-P006;B023-P002;B023-P003
content/swipe/formats/IMG_0146.jpeg,72777D,mid grey,grey,dominant,0.232,False,layer,13,15,5.0,B061-P002;B037-P007;B038-P001;B054-P001;B059-P001;B043-P002;B043-P003;B060-P005,B059-P002;B021-P018;B062-P014;B040-P002;B043-P001;B040-P003;B053-P006;B027-P007
content/swipe/formats/IMG_0146.jpeg,72777D,mid grey,grey,dominant,0.232,False,top,5,26,2.5,B016-P002;B062-P012;B062-P002;B034-P002;B055-P004,B042-P026;B011-P003;B011-P004;B062-P001;B062-P015;B062-P016;B030-P002;B008-P002
content/swipe/formats/IMG_0146.jpeg,72777D,mid grey,grey,dominant,0.232,False,bottom,4,5,7.4,B048-P002;B052-P005;B020-P003;B048-P003,B044-P010;B042-P040;B042-P041;B048-P004;B049-P001
content/swipe/formats/IMG_0146.jpeg,72777D,mid grey,grey,dominant,0.232,False,shoes,5,1,6.3,B001-P004;B009-P004;B062-P017;B001-P002;B009-P002,B029-P002
content/swipe/formats/IMG_0146.jpeg,72777D,mid grey,grey,dominant,0.232,False,bag,1,1,8.0,B056-P004,B053-P005
content/swipe/formats/IMG_0146.jpeg,72777D,mid grey,grey,dominant,0.232,False,accessory,5,1,6.1,B037-P009;B037-P008;B019-P002;B001-P003;B009-P003,B021-P001
content/swipe/formats/IMG_0146.jpeg,72777D,mid grey,grey,dominant,0.232,False,base,1,1,4.4,B005-P001,B002-P001
content/swipe/formats/IMG_0146.jpeg,72777D,mid grey,grey,dominant,0.232,False,multiple,20,42,3.8,B046-P010;B026-P008;B018-P003;B022-P008;B057-P004;B044-P005;B022-P017;B028-P010,B044-P009;B022-P013;B020-P005;B043-P007;B053-P002;B039-P004;B046-P002;B021-P008
content/swipe/formats/IMG_0146.jpeg,BBC1CA,light grey,grey,secondary,0.212,True,layer,6,14,5.9,B058-P005;B011-P006;B060-P006;B043-P002;B042-P020;B019-P004,B059-P002;B041-P004;B012-P002;B043-P004;B061-P003;B046-P003;B048-P001;B001-P001
content/swipe/formats/IMG_0146.jpeg,BBC1CA,light grey,grey,secondary,0.212,True,top,21,24,4.3,B057-P006;B042-P027;B058-P007;B062-P003;B007-P001;B025-P001;B012-P003;B011-P007,B010-P005;B028-P013;B028-P014;B062-P013;B021-P004;B042-P024;B042-P025;B058-P002
content/swipe/formats/IMG_0146.jpeg,BBC1CA,light grey,grey,secondary,0.212,True,bottom,6,6,4.3,B048-P002;B015-P004;B011-P002;B007-P002;B042-P038;B048-P003,B021-P011;B042-P039;B021-P010;B062-P021;B042-P041;B042-P040
content/swipe/formats/IMG_0146.jpeg,BBC1CA,light grey,grey,secondary,0.212,True,dress,0,2,15.1,,B042-P032;B042-P010
content/swipe/formats/IMG_0146.jpeg,BBC1CA,light grey,grey,secondary,0.212,True,shoes,1,0,5.4,B062-P017,
content/swipe/formats/IMG_0146.jpeg,BBC1CA,light grey,grey,secondary,0.212,True,accessory,3,2,5.6,B045-P004;B025-P008;B020-P006,B037-P008;B037-P009
content/swipe/formats/IMG_0146.jpeg,BBC1CA,light grey,grey,secondary,0.212,True,base,1,1,10.4,B004-P001,B062-P007
content/swipe/formats/IMG_0146.jpeg,BBC1CA,light grey,grey,secondary,0.212,True,multiple,46,35,1.5,B023-P016;B026-P004;B025-P005;B044-P007;B024-P005;B046-P008;B057-P004;B053-P002,B022-P010;B044-P014;B036-P008;B036-P009;B043-P007;B046-P009;B023-P003;B036-P002
content/swipe/formats/IMG_0146.jpeg,6F6B33,olive,green,accent,0.189,True,layer,1,17,7.1,B042-P018,B054-P007;B021-P002;B021-P016;B041-P005;B060-P005;B040-P002;B040-P003;B027-P008
content/swipe/formats/IMG_0146.jpeg,6F6B33,olive,green,accent,0.189,True,top,0,17,12.5,,B062-P005;B047-P002;B047-P003;B051-P004;B032-P004;B030-P001;B042-P028;B055-P002
content/swipe/formats/IMG_0146.jpeg,6F6B33,olive,green,accent,0.189,True,bottom,0,4,14.4,,B020-P003;B042-P040;B042-P041;B044-P010
content/swipe/formats/IMG_0146.jpeg,6F6B33,olive,green,accent,0.189,True,shoes,0,2,16.4,,B029-P002;B062-P017
content/swipe/formats/IMG_0146.jpeg,6F6B33,olive,green,accent,0.189,True,bag,0,1,19.0,,B056-P004
content/swipe/formats/IMG_0146.jpeg,6F6B33,olive,green,accent,0.189,True,accessory,0,3,17.1,,B037-P008;B019-P002;B045-P004
content/swipe/formats/IMG_0146.jpeg,6F6B33,olive,green,accent,0.189,True,base,0,1,15.6,,B062-P007
content/swipe/formats/IMG_0146.jpeg,6F6B33,olive,green,accent,0.189,True,multiple,1,19,11.6,B062-P019,B039-P004;B042-P019;B023-P001;B021-P026;B022-P014;B023-P007;B046-P006;B049-P003
content/swipe/formats/IMG_0146.jpeg,AA9A7F,tan,brown,secondary,0.186,True,layer,15,11,6.4,B021-P016;B027-P008;B048-P001;B041-P004;B060-P002;B021-P018;B046-P003;B021-P013,B021-P017;B054-P006;B043-P003;B059-P002;B058-P005;B059-P001;B060-P005;B037-P007
content/swipe/formats/IMG_0146.jpeg,AA9A7F,tan,brown,secondary,0.186,True,top,20,24,4.0,B032-P004;B057-P006;B042-P029;B025-P003;B030-P002;B030-P003;B030-P001;B016-P003,B047-P003;B047-P002;B050-P004;B062-P002;B050-P005;B052-P002;B028-P014;B062-P015
content/swipe/formats/IMG_0146.jpeg,AA9A7F,tan,brown,secondary,0.186,True,bottom,6,12,5.0,B021-P010;B007-P002;B042-P040;B021-P011;B042-P041;B044-P010,B050-P002;B051-P002;B042-P038;B050-P008;B051-P003;B050-P003;B050-P007;B051-P001
content/swipe/formats/IMG_0146.jpeg,AA9A7F,tan,brown,secondary,0.186,True,dress,2,0,5.8,B042-P032;B042-P010,
content/swipe/formats/IMG_0146.jpeg,AA9A7F,tan,brown,secondary,0.186,True,shoes,2,3,8.5,B029-P002;B053-P001,B062-P017;B001-P004;B009-P004
content/swipe/formats/IMG_0146.jpeg,AA9A7F,tan,brown,secondary,0.186,True,accessory,1,2,11.5,B037-P008,B037-P009;B025-P008
content/swipe/formats/IMG_0146.jpeg,AA9A7F,tan,brown,secondary,0.186,True,base,2,2,9.1,B003-P001;B004-P001,B026-P009;B005-P001
content/swipe/formats/IMG_0146.jpeg,AA9A7F,tan,brown,secondary,0.186,True,multiple,45,33,3.1,B062-P020;B033-P002;B044-P004;B022-P018;B062-P018;B062-P019;B042-P002;B024-P008,B036-P007;B022-P013;B026-P007;B044-P007;B022-P021;B026-P001;B046-P010;B036-P006
content/swipe/formats/IMG_0147.jpeg,6C5C4C,tobacco,brown,dominant,0.289,True,layer,19,29,1.4,B040-P003;B040-P002;B021-P002;B054-P007;B041-P005;B041-P004;B043-P003;B037-P007,B027-P005;B054-P001;B042-P016;B042-P035;B008-P003;B054-P002;B023-P012;B053-P006
content/swipe/formats/IMG_0147.jpeg,6C5C4C,tobacco,brown,dominant,0.289,True,top,13,41,3.0,B027-P004;B055-P002;B062-P005;B057-P005;B030-P002;B032-P002;B051-P004;B059-P005,B028-P013;B052-P001;B008-P002;B031-P002;B041-P009;B042-P001;B040-P001;B053-P003
content/swipe/formats/IMG_0147.jpeg,6C5C4C,tobacco,brown,dominant,0.289,True,bottom,3,6,1.5,B042-P041;B042-P040;B020-P003,B052-P003;B044-P010;B052-P004;B050-P002;B048-P003;B050-P003
content/swipe/formats/IMG_0147.jpeg,6C5C4C,tobacco,brown,dominant,0.289,True,dress,0,2,17.9,,B041-P006;B041-P007
content/swipe/formats/IMG_0147.jpeg,6C5C4C,tobacco,brown,dominant,0.289,True,shoes,4,4,7.0,B029-P002;B062-P017;B001-P004;B009-P004,B039-P003;B053-P001;B037-P004;B055-P001
content/swipe/formats/IMG_0147.jpeg,6C5C4C,tobacco,brown,dominant,0.289,True,bag,1,1,10.2,B056-P004,B054-P003
content/swipe/formats/IMG_0147.jpeg,6C5C4C,tobacco,brown,dominant,0.289,True,accessory,3,6,6.8,B019-P002;B037-P009;B037-P008,B055-P003;B031-P009;B032-P001;B021-P001;B020-P006;B021-P009
content/swipe/formats/IMG_0147.jpeg,6C5C4C,tobacco,brown,dominant,0.289,True,base,0,5,12.1,,B062-P007;B002-P001;B005-P001;B062-P008;B003-P001
content/swipe/formats/IMG_0147.jpeg,6C5C4C,tobacco,brown,dominant,0.289,True,multiple,22,52,2.6,B049-P003;B022-P013;B022-P014;B022-P020;B023-P010;B021-P026;B046-P006;B020-P005,B023-P011;B033-P002;B022-P017;B052-P007;B046-P010;B027-P011;B046-P009;B030-P005
content/swipe/formats/IMG_0147.jpeg,EDE9ED,white,white,secondary,0.275,False,layer,10,8,3.3,B042-P020;B012-P002;B011-P006;B043-P002;B019-P004;B043-P004;B061-P003;B046-P003,B060-P006;B001-P001;B009-P001;B041-P004;B021-P016;B054-P006;B021-P017;B027-P008
content/swipe/formats/IMG_0147.jpeg,EDE9ED,white,white,secondary,0.275,False,top,22,17,1.1,B057-P002;B026-P010;B011-P008;B010-P001;B010-P003;B062-P012;B011-P007;B062-P013,B042-P024;B012-P003;B062-P002;B052-P002;B062-P001;B038-P002;B042-P027;B057-P003
content/swipe/formats/IMG_0147.jpeg,EDE9ED,white,white,secondary,0.275,False,bottom,9,3,3.9,B062-P021;B048-P003;B015-P004;B011-P002;B007-P002;B021-P010;B021-P011;B042-P039,B048-P002;B042-P041;B042-P040
content/swipe/formats/IMG_0147.jpeg,EDE9ED,white,white,secondary,0.275,False,dress,1,0,9.1,B042-P032,
content/swipe/formats/IMG_0147.jpeg,EDE9ED,white,white,secondary,0.275,False,shoes,0,1,13.9,,B062-P017
content/swipe/formats/IMG_0147.jpeg,EDE9ED,white,white,secondary,0.275,False,accessory,3,0,3.4,B020-P006;B045-P004;B025-P008,
content/swipe/formats/IMG_0147.jpeg,EDE9ED,white,white,secondary,0.275,False,base,2,0,5.4,B004-P001;B062-P007,
content/swipe/formats/IMG_0147.jpeg,EDE9ED,white,white,secondary,0.275,False,multiple,37,32,3.1,B022-P003;B028-P011;B042-P036;B046-P009;B036-P002;B027-P010;B028-P006;B042-P005,B025-P006;B026-P004;B052-P007;B023-P009;B046-P010;B024-P003;B025-P007;B044-P020
content/swipe/formats/IMG_0147.jpeg,9FA5B5,light grey,grey,secondary,0.252,True,layer,4,11,7.9,B059-P002;B060-P006;B043-P002;B058-P005,B059-P001;B062-P014;B011-P006;B041-P004;B043-P003;B021-P018;B037-P007;B042-P020
content/swipe/formats/IMG_0147.jpeg,9FA5B5,light grey,grey,secondary,0.252,True,top,9,32,3.6,B007-P001;B042-P026;B057-P003;B042-P027;B011-P007;B011-P004;B012-P003;B055-P004,B062-P003;B028-P014;B062-P002;B057-P006;B058-P007;B025-P001;B052-P002;B062-P012
content/swipe/formats/IMG_0147.jpeg,9FA5B5,light grey,grey,secondary,0.252,True,bottom,2,9,5.9,B048-P002;B048-P003,B015-P004;B011-P002;B007-P002;B042-P038;B021-P011;B021-P010;B052-P005;B042-P041
content/swipe/formats/IMG_0147.jpeg,9FA5B5,light grey,grey,secondary,0.252,True,dress,0,2,17.7,,B042-P032;B042-P010
content/swipe/formats/IMG_0147.jpeg,9FA5B5,light grey,grey,secondary,0.252,True,shoes,1,4,10.0,B062-P017,B001-P004;B009-P004;B001-P002;B009-P002
content/swipe/formats/IMG_0147.jpeg,9FA5B5,light grey,grey,secondary,0.252,True,accessory,0,7,12.5,,B037-P008;B025-P008;B037-P009;B045-P004;B020-P006;B001-P003;B009-P003
content/swipe/formats/IMG_0147.jpeg,9FA5B5,light grey,grey,secondary,0.252,True,base,0,2,15.4,,B004-P001;B005-P001
content/swipe/formats/IMG_0147.jpeg,9FA5B5,light grey,grey,secondary,0.252,True,multiple,28,50,4.4,B022-P009;B006-P001;B036-P005;B026-P004;B044-P007;B024-P005;B044-P015;B022-P008,B025-P006;B026-P002;B023-P017;B023-P008;B023-P011;B024-P006;B044-P012;B018-P003
content/swipe/formats/IMG_0147.jpeg,B8CBB1,sage,green,secondary,0.173,False,layer,0,16,13.1,,B061-P003;B058-P005;B043-P004;B019-P004;B043-P002;B011-P006;B001-P001;B009-P001
content/swipe/formats/IMG_0147.jpeg,B8CBB1,sage,green,secondary,0.173,False,top,4,26,7.1,B062-P012;B039-P001;B062-P003;B062-P002,B062-P015;B025-P001;B042-P025;B042-P028;B033-P001;B038-P002;B042-P024;B062-P006
content/swipe/formats/IMG_0147.jpeg,B8CBB1,sage,green,secondary,0.173,False,bottom,0,12,12.2,,B042-P038;B042-P039;B021-P011;B011-P002;B021-P010;B015-P004;B042-P040;B048-P003
content/swipe/formats/IMG_0147.jpeg,B8CBB1,sage,green,secondary,0.173,False,dress,0,1,13.3,,B042-P032
content/swipe/formats/IMG_0147.jpeg,B8CBB1,sage,green,secondary,0.173,False,shoes,0,1,12.4,,B062-P017
content/swipe/formats/IMG_0147.jpeg,B8CBB1,sage,green,secondary,0.173,False,accessory,0,3,13.5,,B045-P004;B020-P006;B025-P008
content/swipe/formats/IMG_0147.jpeg,B8CBB1,sage,green,secondary,0.173,False,base,0,1,14.5,,B004-P001
content/swipe/formats/IMG_0147.jpeg,B8CBB1,sage,green,secondary,0.173,False,multiple,5,63,10.2,B025-P006;B025-P007;B036-P008;B043-P007;B036-P006,B021-P007;B033-P005;B026-P002;B044-P015;B023-P005;B045-P001;B044-P007;B044-P014
content/swipe/formats/IMG_0166.png,282520,black,black,dominant,0.93,True,layer,84,11,0.0,B038-P001;B037-P007;B021-P020;B040-P002;B043-P001;B055-P011;B040-P003;B023-P012,B027-P007;B035-P001;B060-P004;B041-P005;B015-P003;B054-P007;B013-P001;B061-P001
content/swipe/formats/IMG_0166.png,282520,black,black,dominant,0.93,True,top,62,22,2.7,B057-P005;B016-P003;B030-P001;B030-P002;B027-P001;B039-P002;B057-P003;B062-P002,B021-P012;B057-P001;B059-P005;B062-P009;B055-P004;B061-P005;B042-P026;B025-P003
content/swipe/formats/IMG_0166.png,282520,black,black,dominant,0.93,True,bottom,21,9,2.0,B020-P004;B021-P015;B020-P003;B041-P003;B020-P001;B042-P022;B052-P006;B044-P018,B015-P005;B049-P001;B021-P011;B018-P002;B016-P001;B021-P010;B048-P004;B050-P003
content/swipe/formats/IMG_0166.png,282520,black,black,dominant,0.93,True,dress,10,0,3.7,B042-P031;B042-P014;B033-P004;B041-P006;B041-P002;B041-P007;B042-P010;B042-P030,
content/swipe/formats/IMG_0166.png,282520,black,black,dominant,0.93,True,shoes,6,4,2.6,B039-P003;B029-P002;B037-P004;B053-P001;B001-P004;B009-P004,B055-P001;B001-P002;B009-P002;B062-P017
content/swipe/formats/IMG_0166.png,282520,black,black,dominant,0.93,True,bag,6,0,3.2,B043-P005;B053-P004;B056-P004;B053-P005;B054-P003;B043-P006,
content/swipe/formats/IMG_0166.png,282520,black,black,dominant,0.93,True,accessory,6,4,6.2,B021-P001;B031-P009;B032-P001;B055-P003;B019-P002;B031-P001,B021-P009;B037-P009;B020-P006;B025-P008
content/swipe/formats/IMG_0166.png,282520,black,black,dominant,0.93,True,base,4,1,5.0,B062-P007;B005-P001;B062-P008;B003-P001,B002-P001
content/swipe/formats/IMG_0166.png,282520,black,black,dominant,0.93,True,multiple,90,14,2.5,B043-P007;B026-P005;B042-P005;B030-P005;B044-P003;B020-P002;B044-P006;B023-P014,B021-P026;B034-P003;B033-P002;B022-P020;B020-P005;B036-P003;B006-P001;B016-P004
content/swipe/formats/IMG_0485.png,D2D6D6,pale grey,cool neutral,dominant,0.416,False,layer,11,8,1.8,B011-P006;B042-P020;B043-P002;B019-P004;B058-P005;B043-P004;B061-P003;B012-P002,B001-P001;B009-P001;B041-P004;B021-P016;B027-P008;B054-P006;B059-P002;B021-P017
content/swipe/formats/IMG_0485.png,D2D6D6,pale grey,cool neutral,dominant,0.416,False,top,28,14,3.6,B025-P001;B057-P006;B010-P001;B062-P003;B062-P012;B010-P003;B011-P008;B011-P007,B038-P002;B039-P001;B042-P028;B057-P003;B059-P003;B058-P002;B042-P009;B025-P003
content/swipe/formats/IMG_0485.png,D2D6D6,pale grey,cool neutral,dominant,0.416,False,bottom,10,2,2.1,B011-P002;B015-P004;B042-P039;B021-P011;B048-P003;B021-P010;B007-P002;B042-P038,B042-P041;B042-P040
content/swipe/formats/IMG_0485.png,D2D6D6,pale grey,cool neutral,dominant,0.416,False,dress,1,0,8.3,B042-P032,
content/swipe/formats/IMG_0485.png,D2D6D6,pale grey,cool neutral,dominant,0.416,False,shoes,1,0,7.5,B062-P017,
content/swipe/formats/IMG_0485.png,D2D6D6,pale grey,cool neutral,dominant,0.416,False,accessory,3,0,1.5,B045-P004;B020-P006;B025-P008,
content/swipe/formats/IMG_0485.png,D2D6D6,pale grey,cool neutral,dominant,0.416,False,base,1,1,5.6,B004-P001,B062-P007
content/swipe/formats/IMG_0485.png,D2D6D6,pale grey,cool neutral,dominant,0.416,False,multiple,52,22,2.8,B028-P006;B028-P010;B042-P005;B044-P006;B045-P001;B042-P036;B044-P007;B027-P009,B026-P001;B022-P006;B052-P007;B062-P020;B024-P002;B024-P006;B022-P009;B046-P007
content/swipe/formats/IMG_0485.png,695D4B,tobacco,brown,secondary,0.214,True,layer,18,27,4.0,B040-P003;B040-P002;B021-P002;B041-P005;B054-P007;B043-P003;B041-P004;B042-P018,B021-P016;B027-P005;B042-P035;B054-P001;B023-P012;B054-P002;B042-P016;B042-P017
content/swipe/formats/IMG_0485.png,695D4B,tobacco,brown,secondary,0.214,True,top,11,39,4.3,B062-P005;B055-P002;B027-P004;B057-P005;B030-P002;B051-P004;B059-P005;B032-P002,B030-P001;B047-P002;B028-P013;B052-P001;B008-P002;B031-P002;B039-P002;B053-P003
content/swipe/formats/IMG_0485.png,695D4B,tobacco,brown,secondary,0.214,True,bottom,3,5,3.8,B042-P041;B020-P003;B042-P040,B044-P010;B052-P003;B048-P003;B052-P004;B050-P002
content/swipe/formats/IMG_0485.png,695D4B,tobacco,brown,secondary,0.214,True,dress,0,2,19.2,,B041-P006;B041-P007
content/swipe/formats/IMG_0485.png,695D4B,tobacco,brown,secondary,0.214,True,shoes,4,4,7.0,B029-P002;B062-P017;B001-P004;B009-P004,B039-P003;B053-P001;B037-P004;B055-P001
content/swipe/formats/IMG_0485.png,695D4B,tobacco,brown,secondary,0.214,True,bag,1,1,9.9,B056-P004,B054-P003
content/swipe/formats/IMG_0485.png,695D4B,tobacco,brown,secondary,0.214,True,accessory,3,5,7.0,B019-P002;B037-P009;B037-P008,B055-P003;B021-P001;B031-P009;B032-P001;B020-P006
content/swipe/formats/IMG_0485.png,695D4B,tobacco,brown,secondary,0.214,True,base,0,5,12.6,,B062-P007;B002-P001;B005-P001;B062-P008;B003-P001
content/swipe/formats/IMG_0485.png,695D4B,tobacco,brown,secondary,0.214,True,multiple,19,53,4.3,B049-P003;B022-P013;B022-P020;B042-P019;B023-P007;B023-P010;B022-P014;B036-P007,B028-P010;B052-P007;B022-P017;B023-P011;B006-P001;B022-P021;B046-P010;B027-P011
content/swipe/formats/IMG_0485.png,AF9B83,tan,brown,secondary,0.194,True,layer,17,11,4.8,B021-P016;B041-P004;B048-P001;B021-P013;B027-P008;B060-P002;B046-P003;B021-P014,B058-P005;B059-P002;B043-P003;B059-P001;B008-P003;B060-P005;B037-P007;B011-P006
content/swipe/formats/IMG_0485.png,AF9B83,tan,brown,secondary,0.194,True,top,24,21,2.9,B032-P004;B016-P003;B030-P003;B030-P001;B025-P003;B057-P006;B030-P002;B042-P029,B047-P003;B047-P002;B042-P024;B062-P015;B021-P005;B057-P003;B062-P002;B011-P007
content/swipe/formats/IMG_0485.png,AF9B83,tan,brown,secondary,0.194,True,bottom,10,11,4.1,B021-P010;B007-P002;B042-P040;B042-P041;B021-P011;B044-P010;B050-P002;B050-P008,B050-P007;B050-P003;B042-P038;B051-P001;B020-P003;B042-P039;B048-P002;B048-P003
content/swipe/formats/IMG_0485.png,AF9B83,tan,brown,secondary,0.194,True,dress,2,0,4.4,B042-P032;B042-P010,
content/swipe/formats/IMG_0485.png,AF9B83,tan,brown,secondary,0.194,True,shoes,2,3,8.7,B029-P002;B053-P001,B001-P004;B009-P004;B062-P017
content/swipe/formats/IMG_0485.png,AF9B83,tan,brown,secondary,0.194,True,accessory,1,3,12.0,B037-P008,B037-P009;B025-P008;B045-P004
content/swipe/formats/IMG_0485.png,AF9B83,tan,brown,secondary,0.194,True,base,2,3,7.0,B003-P001;B004-P001,B026-P009;B005-P001;B062-P007
content/swipe/formats/IMG_0485.png,AF9B83,tan,brown,secondary,0.194,True,multiple,50,28,2.4,B033-P002;B062-P020;B044-P004;B022-P018;B023-P011;B062-P018;B024-P008;B062-P019,B044-P007;B042-P005;B036-P006;B022-P015;B036-P007;B044-P015;B022-P010;B050-P001
content/swipe/formats/IMG_0485.png,919DA9,steel blue,blue,secondary,0.108,True,layer,5,11,5.3,B059-P002;B060-P006;B043-P002;B059-P001;B058-P005,B062-P014;B043-P003;B021-P018;B037-P007;B061-P002;B041-P004;B011-P006;B038-P001
content/swipe/formats/IMG_0485.png,919DA9,steel blue,blue,secondary,0.108,True,top,9,23,3.6,B042-P026;B007-P001;B055-P004;B011-P004;B042-P027;B011-P003;B057-P003;B062-P012,B062-P015;B016-P002;B062-P016;B062-P003;B062-P002;B012-P003;B058-P007;B025-P001
content/swipe/formats/IMG_0485.png,919DA9,steel blue,blue,secondary,0.108,True,bottom,2,10,2.3,B048-P002;B048-P003,B052-P005;B007-P002;B015-P004;B021-P011;B042-P038;B021-P010;B011-P002;B044-P010
content/swipe/formats/IMG_0485.png,919DA9,steel blue,blue,secondary,0.108,True,dress,0,1,18.1,,B042-P032
content/swipe/formats/IMG_0485.png,919DA9,steel blue,blue,secondary,0.108,True,shoes,1,4,9.0,B062-P017,B001-P002;B009-P002;B001-P004;B009-P004
content/swipe/formats/IMG_0485.png,919DA9,steel blue,blue,secondary,0.108,True,accessory,2,5,9.9,B037-P008;B037-P009,B045-P004;B025-P008;B001-P003;B009-P003;B019-P002
content/swipe/formats/IMG_0485.png,919DA9,steel blue,blue,secondary,0.108,True,base,0,2,12.9,,B005-P001;B004-P001
content/swipe/formats/IMG_0485.png,919DA9,steel blue,blue,secondary,0.108,True,multiple,25,44,5.1,B006-P001;B036-P005;B022-P008;B044-P015;B022-P009;B044-P007;B050-P001;B024-P005,B024-P001;B023-P015;B026-P002;B026-P006;B026-P008;B023-P008;B025-P007;B023-P017
content/swipe/formats/IMG_0486.png,E5E3E2,white,white,dominant,0.676,False,layer,10,8,1.2,B042-P020;B043-P002;B011-P006;B019-P004;B012-P002;B043-P004;B061-P003;B046-P003,B001-P001;B009-P001;B021-P016;B041-P004;B060-P006;B054-P006;B021-P017;B027-P008
content/swipe/formats/IMG_0486.png,E5E3E2,white,white,dominant,0.676,False,top,26,16,2.0,B010-P003;B026-P010;B062-P012;B010-P001;B011-P008;B062-P013;B057-P002;B061-P005,B012-P003;B039-P001;B042-P028;B062-P001;B042-P027;B042-P009;B058-P002;B059-P003
content/swipe/formats/IMG_0486.png,E5E3E2,white,white,dominant,0.676,False,bottom,9,3,2.7,B048-P003;B011-P002;B015-P004;B021-P010;B062-P021;B021-P011;B042-P039;B007-P002,B048-P002;B042-P041;B042-P040
content/swipe/formats/IMG_0486.png,E5E3E2,white,white,dominant,0.676,False,dress,1,0,6.2,B042-P032,
content/swipe/formats/IMG_0486.png,E5E3E2,white,white,dominant,0.676,False,shoes,1,0,11.7,B062-P017,
content/swipe/formats/IMG_0486.png,E5E3E2,white,white,dominant,0.676,False,accessory,3,0,1.1,B020-P006;B045-P004;B025-P008,
content/swipe/formats/IMG_0486.png,E5E3E2,white,white,dominant,0.676,False,base,2,0,2.6,B004-P001;B062-P007,
content/swipe/formats/IMG_0486.png,E5E3E2,white,white,dominant,0.676,False,multiple,47,24,0.7,B022-P003;B042-P036;B028-P006;B042-P005;B027-P009;B027-P010;B028-P010;B028-P011,B022-P021;B024-P001;B036-P008;B022-P015;B022-P006;B022-P013;B026-P007;B043-P007
content/swipe/formats/IMG_0486.png,100F0F,black,black,secondary,0.218,False,layer,81,10,0.7,B061-P003;B042-P042;B042-P013;B042-P037;B056-P003;B041-P001;B021-P020;B039-P006,B061-P001;B041-P004;B021-P027;B055-P014;B015-P003;B013-P001;B030-P010;B027-P007
content/swipe/formats/IMG_0486.png,100F0F,black,black,secondary,0.218,False,top,58,17,1.7,B055-P006;B008-P002;B042-P024;B054-P004;B039-P007;B062-P004;B042-P028;B042-P009,B041-P008;B021-P023;B062-P010;B061-P005;B045-P002;B026-P010;B052-P002;B058-P007
content/swipe/formats/IMG_0486.png,100F0F,black,black,secondary,0.218,False,bottom,22,6,0.7,B042-P038;B042-P040;B019-P001;B042-P023;B042-P033;B044-P019;B052-P006;B015-P001,B049-P001;B016-P001;B018-P002;B048-P004;B021-P011;B021-P010
content/swipe/formats/IMG_0486.png,100F0F,black,black,secondary,0.218,False,dress,10,0,0.7,B042-P030;B042-P021;B042-P010;B041-P002;B042-P011;B042-P014;B041-P006;B042-P031,
content/swipe/formats/IMG_0486.png,100F0F,black,black,secondary,0.218,False,shoes,4,5,6.0,B039-P003;B001-P004;B009-P004;B037-P004,B029-P002;B053-P001;B001-P002;B009-P002;B055-P001
content/swipe/formats/IMG_0486.png,100F0F,black,black,secondary,0.218,False,bag,6,0,0.7,B056-P004;B043-P005;B043-P006;B053-P005;B054-P003;B053-P004,
content/swipe/formats/IMG_0486.png,100F0F,black,black,secondary,0.218,False,accessory,6,3,3.5,B031-P001;B031-P009;B032-P001;B055-P003;B021-P001;B019-P002,B021-P009;B025-P008;B020-P006
content/swipe/formats/IMG_0486.png,100F0F,black,black,secondary,0.218,False,base,4,0,2.6,B062-P008;B062-P007;B003-P001;B005-P001,
content/swipe/formats/IMG_0486.png,100F0F,black,black,secondary,0.218,False,multiple,79,18,1.0,B022-P016;B044-P001;B036-P001;B042-P012;B022-P017;B023-P006;B034-P001;B039-P004,B049-P003;B023-P010;B023-P001;B050-P001;B024-P006;B033-P002;B036-P003;B042-P007
content/swipe/formats/IMG_0487.png,414D4C,dark grey,grey,dominant,0.396,True,layer,25,60,6.5,B043-P001;B038-P001;B037-P002;B042-P035;B027-P007;B027-P005;B060-P005;B055-P014,B056-P002;B019-P004;B019-P003;B012-P002;B019-P005;B041-P004;B042-P015;B055-P008
content/swipe/formats/IMG_0487.png,414D4C,dark grey,grey,dominant,0.396,True,top,18,46,6.3,B039-P002;B037-P003;B054-P005;B058-P007;B057-P001;B031-P006;B008-P002;B030-P002,B028-P007;B045-P003;B055-P005;B055-P004;B059-P006;B016-P003;B031-P002;B028-P009
content/swipe/formats/IMG_0487.png,414D4C,dark grey,grey,dominant,0.396,True,bottom,2,22,7.1,B048-P003;B015-P001,B020-P003;B049-P001;B041-P003;B015-P002;B020-P001;B044-P018;B052-P005;B020-P004
content/swipe/formats/IMG_0487.png,414D4C,dark grey,grey,dominant,0.396,True,dress,0,7,14.6,,B042-P031;B042-P014;B041-P002;B033-P004;B042-P011;B041-P007;B041-P006
content/swipe/formats/IMG_0487.png,414D4C,dark grey,grey,dominant,0.396,True,shoes,5,4,7.4,B062-P017;B053-P001;B037-P004;B001-P004;B009-P004,B029-P002;B039-P003;B001-P002;B009-P002
content/swipe/formats/IMG_0487.png,414D4C,dark grey,grey,dominant,0.396,True,bag,1,4,11.1,B056-P004,B053-P004;B043-P005;B053-P005;B054-P003
content/swipe/formats/IMG_0487.png,414D4C,dark grey,grey,dominant,0.396,True,accessory,3,7,6.2,B055-P003;B037-P009;B021-P001,B037-P008;B019-P002;B001-P003;B009-P003;B031-P009;B032-P001;B031-P001
content/swipe/formats/IMG_0487.png,414D4C,dark grey,grey,dominant,0.396,True,base,0,3,12.4,,B005-P001;B062-P008;B062-P007
content/swipe/formats/IMG_0487.png,414D4C,dark grey,grey,dominant,0.396,True,multiple,37,57,6.6,B022-P016;B023-P007;B028-P006;B027-P011;B044-P011;B044-P016;B024-P001;B036-P007,B026-P008;B022-P004;B046-P005;B020-P002;B022-P001;B022-P013;B033-P003;B026-P005
content/swipe/formats/IMG_0487.png,4B4731,olive,green,secondary,0.249,True,layer,25,48,5.1,B042-P017;B041-P005;B042-P018;B054-P006;B030-P010;B012-P001;B055-P014;B055-P009,B042-P016;B037-P007;B055-P008;B043-P003;B021-P027;B027-P007;B028-P002;B021-P020
content/swipe/formats/IMG_0487.png,4B4731,olive,green,secondary,0.249,True,top,14,49,7.7,B031-P006;B059-P005;B053-P003;B045-P002;B030-P002;B057-P005;B031-P002;B031-P005,B032-P004;B059-P004;B057-P001;B052-P001;B051-P004;B062-P005;B027-P004;B055-P002
content/swipe/formats/IMG_0487.png,4B4731,olive,green,secondary,0.249,True,bottom,1,15,7.3,B020-P003,B042-P041;B020-P004;B041-P003;B020-P001;B021-P015;B048-P003;B042-P022;B015-P002
content/swipe/formats/IMG_0487.png,4B4731,olive,green,secondary,0.249,True,dress,0,7,15.9,,B041-P007;B042-P031;B042-P014;B041-P006;B033-P004;B042-P010;B041-P002
content/swipe/formats/IMG_0487.png,4B4731,olive,green,secondary,0.249,True,shoes,4,4,6.9,B029-P002;B039-P003;B062-P017;B053-P001,B001-P004;B009-P004;B037-P004;B055-P001
content/swipe/formats/IMG_0487.png,4B4731,olive,green,secondary,0.249,True,bag,0,5,13.5,,B056-P004;B054-P003;B043-P005;B053-P004;B053-P005
content/swipe/formats/IMG_0487.png,4B4731,olive,green,secondary,0.249,True,accessory,2,5,10.0,B055-P003;B037-P009,B019-P002;B031-P009;B032-P001;B021-P001;B037-P008
content/swipe/formats/IMG_0487.png,4B4731,olive,green,secondary,0.249,True,base,0,5,14.8,,B062-P008;B062-P007;B005-P001;B003-P001;B002-P001
content/swipe/formats/IMG_0487.png,4B4731,olive,green,secondary,0.249,True,multiple,19,73,5.5,B039-P004;B023-P007;B022-P020;B023-P008;B020-P005;B023-P011;B021-P026;B024-P004,B022-P016;B022-P021;B030-P006;B024-P001;B036-P007;B044-P009;B053-P002;B056-P005
content/swipe/formats/IMG_0487.png,B6B3A7,oatmeal,warm neutral,secondary,0.202,False,layer,12,17,5.2,B058-P005;B060-P006;B041-P004;B001-P001;B009-P001;B043-P002;B048-P001;B046-P003,B021-P018;B021-P016;B021-P017;B054-P006;B043-P004;B061-P003;B060-P002;B042-P020
content/swipe/formats/IMG_0487.png,B6B3A7,oatmeal,warm neutral,secondary,0.202,False,top,24,26,4.5,B062-P002;B059-P003;B042-P028;B025-P003;B062-P015;B062-P012;B058-P002;B042-P029,B028-P013;B033-P001;B032-P004;B016-P003;B010-P003;B028-P014;B058-P007;B062-P013
content/swipe/formats/IMG_0487.png,B6B3A7,oatmeal,warm neutral,secondary,0.202,False,bottom,10,9,4.4,B021-P011;B042-P038;B021-P010;B042-P040;B042-P041;B007-P002;B042-P039;B011-P002,B048-P003;B051-P001;B062-P021;B051-P002;B044-P010;B050-P002;B050-P007;B050-P008
content/swipe/formats/IMG_0487.png,B6B3A7,oatmeal,warm neutral,secondary,0.202,False,dress,1,1,7.3,B042-P032,B042-P010
content/swipe/formats/IMG_0487.png,B6B3A7,oatmeal,warm neutral,secondary,0.202,False,shoes,1,4,8.0,B062-P017,B053-P001;B029-P002;B001-P004;B009-P004
content/swipe/formats/IMG_0487.png,B6B3A7,oatmeal,warm neutral,secondary,0.202,False,accessory,3,2,10.7,B045-P004;B025-P008;B037-P008,B020-P006;B037-P009
content/swipe/formats/IMG_0487.png,B6B3A7,oatmeal,warm neutral,secondary,0.202,False,base,1,3,5.6,B004-P001,B003-P001;B062-P007;B005-P001
content/swipe/formats/IMG_0487.png,B6B3A7,oatmeal,warm neutral,secondary,0.202,False,multiple,59,28,1.9,B043-P007;B036-P008;B025-P006;B023-P005;B025-P007;B021-P007;B036-P006;B026-P002,B052-P007;B026-P004;B028-P006;B026-P003;B042-P005;B050-P001;B042-P036;B046-P007
content/swipe/formats/IMG_0487.png,817F4C,moss,green,accent,0.126,True,layer,2,17,8.4,B042-P018;B027-P008,B060-P005;B021-P018;B021-P016;B021-P014;B041-P005;B037-P007;B021-P002;B021-P021
content/swipe/formats/IMG_0487.png,817F4C,moss,green,accent,0.126,True,top,1,17,11.4,B042-P028,B032-P004;B047-P002;B047-P003;B030-P001;B031-P005;B030-P002;B062-P009;B062-P002
content/swipe/formats/IMG_0487.png,817F4C,moss,green,accent,0.126,True,bottom,0,6,12.7,,B044-P010;B042-P041;B020-P003;B042-P040;B050-P003;B021-P010
content/swipe/formats/IMG_0487.png,817F4C,moss,green,accent,0.126,True,shoes,0,4,12.6,,B029-P002;B062-P017;B001-P004;B009-P004
content/swipe/formats/IMG_0487.png,817F4C,moss,green,accent,0.126,True,accessory,0,3,16.9,,B037-P008;B019-P002;B045-P004
content/swipe/formats/IMG_0487.png,817F4C,moss,green,accent,0.126,True,base,0,2,19.0,,B005-P001;B003-P001
content/swipe/formats/IMG_0487.png,817F4C,moss,green,accent,0.126,True,multiple,2,35,10.2,B039-P004;B062-P019,B042-P002;B032-P003;B042-P019;B036-P007;B062-P020;B043-P007;B044-P020;B026-P003
content/swipe/formats/IMG_0488.png,EDE7E5,white,white,dominant,0.302,True,layer,10,8,2.9,B042-P020;B043-P002;B019-P004;B012-P002;B011-P006;B043-P004;B061-P003;B046-P003,B001-P001;B009-P001;B021-P016;B054-P006;B041-P004;B021-P017;B060-P006;B027-P008
content/swipe/formats/IMG_0488.png,EDE7E5,white,white,dominant,0.302,True,top,26,15,2.1,B026-P010;B010-P003;B057-P002;B062-P013;B011-P008;B062-P012;B010-P001;B061-P005,B039-P001;B042-P009;B012-P003;B042-P028;B058-P002;B059-P003;B062-P001;B057-P003
content/swipe/formats/IMG_0488.png,EDE7E5,white,white,dominant,0.302,True,bottom,9,4,1.6,B048-P003;B021-P010;B062-P021;B021-P011;B007-P002;B011-P002;B015-P004;B042-P039,B042-P041;B048-P002;B042-P040;B051-P001
content/swipe/formats/IMG_0488.png,EDE7E5,white,white,dominant,0.302,True,dress,1,0,6.2,B042-P032,
content/swipe/formats/IMG_0488.png,EDE7E5,white,white,dominant,0.302,True,shoes,0,1,13.6,,B062-P017
content/swipe/formats/IMG_0488.png,EDE7E5,white,white,dominant,0.302,True,accessory,3,0,2.9,B020-P006;B045-P004;B025-P008,
content/swipe/formats/IMG_0488.png,EDE7E5,white,white,dominant,0.302,True,base,2,0,2.6,B004-P001;B062-P007,
content/swipe/formats/IMG_0488.png,EDE7E5,white,white,dominant,0.302,True,multiple,46,25,1.9,B022-P003;B042-P036;B027-P010;B036-P009;B027-P009;B046-P009;B028-P006;B028-P011,B022-P006;B026-P007;B026-P004;B024-P001;B036-P008;B022-P021;B022-P015;B062-P020
content/swipe/formats/IMG_0488.png,6B5944,tobacco,brown,secondary,0.258,True,layer,18,27,2.8,B054-P007;B021-P002;B040-P003;B040-P002;B041-P005;B021-P014;B041-P004;B043-P003,B043-P001;B042-P016;B027-P005;B042-P035;B023-P012;B054-P006;B042-P017;B054-P001
content/swipe/formats/IMG_0488.png,6B5944,tobacco,brown,secondary,0.258,True,top,13,38,3.3,B055-P002;B027-P004;B062-P005;B051-P004;B032-P002;B032-P004;B059-P005;B057-P005,B030-P001;B028-P013;B041-P009;B042-P001;B040-P001;B031-P002;B053-P003;B008-P002
content/swipe/formats/IMG_0488.png,6B5944,tobacco,brown,secondary,0.258,True,bottom,4,5,2.3,B042-P041;B042-P040;B020-P003;B052-P003,B052-P004;B044-P010;B050-P002;B048-P003;B050-P003
content/swipe/formats/IMG_0488.png,6B5944,tobacco,brown,secondary,0.258,True,dress,0,2,18.1,,B041-P006;B041-P007
content/swipe/formats/IMG_0488.png,6B5944,tobacco,brown,secondary,0.258,True,shoes,2,6,6.4,B029-P002;B062-P017,B001-P004;B009-P004;B039-P003;B053-P001;B055-P001;B037-P004
content/swipe/formats/IMG_0488.png,6B5944,tobacco,brown,secondary,0.258,True,bag,0,2,12.2,,B056-P004;B054-P003
content/swipe/formats/IMG_0488.png,6B5944,tobacco,brown,secondary,0.258,True,accessory,2,7,9.0,B019-P002;B037-P009,B037-P008;B055-P003;B031-P009;B032-P001;B021-P001;B020-P006;B021-P009
content/swipe/formats/IMG_0488.png,6B5944,tobacco,brown,secondary,0.258,True,base,1,4,10.1,B062-P007,B002-P001;B003-P001;B062-P008;B005-P001
content/swipe/formats/IMG_0488.png,6B5944,tobacco,brown,secondary,0.258,True,multiple,15,57,4.0,B049-P003;B022-P014;B021-P026;B022-P013;B022-P020;B046-P006;B020-P005;B023-P001,B023-P015;B036-P007;B053-P002;B022-P021;B023-P011;B044-P009;B033-P002;B044-P005
content/swipe/formats/IMG_0488.png,41423E,dark grey,grey,secondary,0.255,False,layer,44,53,2.7,B027-P005;B042-P035;B038-P001;B023-P012;B028-P003;B055-P014;B043-P001;B060-P005,B037-P005;B060-P006;B048-P001;B035-P004;B058-P001;B042-P018;B061-P002;B023-P013
content/swipe/formats/IMG_0488.png,41423E,dark grey,grey,secondary,0.255,False,top,34,48,2.0,B039-P002;B031-P006;B014-P001;B054-P004;B054-P005;B031-P005;B030-P002;B045-P002,B030-P001;B059-P003;B028-P008;B031-P004;B055-P002;B061-P005;B042-P009;B055-P005
content/swipe/formats/IMG_0488.png,41423E,dark grey,grey,secondary,0.255,False,bottom,8,20,6.0,B020-P003;B020-P001;B015-P002;B041-P003;B015-P001;B048-P003;B020-P004;B021-P015,B044-P018;B042-P022;B049-P001;B011-P002;B021-P003;B056-P001;B044-P019;B052-P006
content/swipe/formats/IMG_0488.png,41423E,dark grey,grey,secondary,0.255,False,dress,1,9,10.5,B042-P031,B042-P014;B041-P007;B033-P004;B041-P006;B041-P002;B042-P011;B042-P021;B042-P010
content/swipe/formats/IMG_0488.png,41423E,dark grey,grey,secondary,0.255,False,shoes,7,3,3.6,B053-P001;B037-P004;B001-P004;B009-P004;B029-P002;B039-P003;B062-P017,B001-P002;B009-P002;B055-P001
content/swipe/formats/IMG_0488.png,41423E,dark grey,grey,secondary,0.255,False,bag,3,3,6.9,B056-P004;B043-P005;B053-P004,B054-P003;B053-P005;B043-P006
content/swipe/formats/IMG_0488.png,41423E,dark grey,grey,secondary,0.255,False,accessory,5,7,1.4,B055-P003;B037-P009;B021-P001;B031-P009;B032-P001,B019-P002;B037-P008;B031-P001;B020-P006;B021-P009;B001-P003;B009-P003
content/swipe/formats/IMG_0488.png,41423E,dark grey,grey,secondary,0.255,False,base,3,2,9.0,B005-P001;B062-P008;B062-P007,B002-P001;B003-P001
content/swipe/formats/IMG_0488.png,41423E,dark grey,grey,secondary,0.255,False,multiple,66,37,3.0,B028-P006;B027-P011;B022-P016;B023-P010;B024-P001;B026-P003;B026-P011;B030-P005,B049-P002;B023-P014;B044-P003;B010-P002;B021-P008;B024-P006;B044-P007;B022-P007
content/swipe/formats/IMG_0488.png,DDC39B,butter,yellow,secondary,0.094,True,layer,11,12,1.9,B027-P008;B001-P001;B009-P001;B021-P016;B021-P017;B046-P003;B048-P001;B060-P002,B043-P002;B019-P004;B043-P004;B021-P022;B061-P003;B021-P013;B058-P005;B021-P021
content/swipe/formats/IMG_0488.png,DDC39B,butter,yellow,secondary,0.094,True,top,24,22,3.8,B038-P002;B042-P009;B042-P028;B021-P025;B030-P001;B042-P024;B042-P029;B057-P006,B062-P012;B028-P013;B028-P014;B052-P002;B029-P001;B062-P013;B010-P003;B025-P001
content/swipe/formats/IMG_0488.png,DDC39B,butter,yellow,secondary,0.094,True,bottom,11,6,7.4,B042-P041;B042-P040;B051-P001;B051-P002;B050-P007;B021-P011;B021-P010;B050-P002,B007-P002;B042-P039;B048-P003;B011-P002;B015-P004;B062-P021
content/swipe/formats/IMG_0488.png,DDC39B,butter,yellow,secondary,0.094,True,dress,1,1,6.8,B042-P032,B042-P010
content/swipe/formats/IMG_0488.png,DDC39B,butter,yellow,secondary,0.094,True,shoes,1,1,7.3,B053-P001,B062-P017
content/swipe/formats/IMG_0488.png,DDC39B,butter,yellow,secondary,0.094,True,accessory,0,3,17.1,,B020-P006;B025-P008;B045-P004
content/swipe/formats/IMG_0488.png,DDC39B,butter,yellow,secondary,0.094,True,base,1,3,9.3,B004-P001,B003-P001;B062-P007;B026-P009
content/swipe/formats/IMG_0488.png,DDC39B,butter,yellow,secondary,0.094,True,multiple,27,49,6.4,B026-P001;B046-P007;B062-P020;B052-P007;B022-P019;B046-P010;B026-P007;B022-P002,B024-P008;B033-P005;B024-P003;B026-P002;B044-P020;B023-P011;B023-P005;B024-P006
content/swipe/formats/IMG_0489.png,D9DACF,pale grey,cool neutral,dominant,0.342,False,layer,12,8,3.2,B019-P004;B043-P004;B061-P003;B043-P002;B011-P006;B042-P020;B046-P003;B048-P001,B027-P008;B060-P006;B021-P016;B041-P004;B054-P006;B021-P017;B060-P002;B059-P002
content/swipe/formats/IMG_0489.png,D9DACF,pale grey,cool neutral,dominant,0.342,False,top,25,17,3.7,B042-P025;B062-P013;B010-P003;B033-P001;B062-P015;B062-P012;B025-P001;B062-P006,B059-P003;B007-P001;B010-P005;B052-P002;B042-P009;B058-P002;B025-P003;B042-P029
content/swipe/formats/IMG_0489.png,D9DACF,pale grey,cool neutral,dominant,0.342,False,bottom,9,4,2.4,B042-P039;B021-P011;B021-P010;B011-P002;B042-P038;B048-P003;B015-P004;B007-P002,B042-P041;B042-P040;B048-P002;B051-P001
content/swipe/formats/IMG_0489.png,D9DACF,pale grey,cool neutral,dominant,0.342,False,dress,1,1,4.6,B042-P032,B042-P010
content/swipe/formats/IMG_0489.png,D9DACF,pale grey,cool neutral,dominant,0.342,False,shoes,1,0,10.2,B062-P017,
content/swipe/formats/IMG_0489.png,D9DACF,pale grey,cool neutral,dominant,0.342,False,accessory,3,0,6.1,B020-P006;B045-P004;B025-P008,
content/swipe/formats/IMG_0489.png,D9DACF,pale grey,cool neutral,dominant,0.342,False,base,1,1,4.8,B004-P001,B062-P007
content/swipe/formats/IMG_0489.png,D9DACF,pale grey,cool neutral,dominant,0.342,False,multiple,51,22,4.5,B026-P002;B023-P005;B045-P001;B025-P006;B044-P014;B036-P002;B036-P009;B028-P010,B025-P005;B022-P015;B042-P002;B026-P007;B022-P016;B024-P006;B026-P004;B024-P002
content/swipe/formats/IMG_0489.png,AFA795,oatmeal,warm neutral,secondary,0.269,False,layer,13,16,6.6,B041-P004;B060-P006;B048-P001;B043-P002;B046-P003;B001-P001;B009-P001;B058-P005,B021-P017;B054-P006;B021-P014;B021-P013;B059-P001;B043-P003;B011-P006;B019-P004
content/swipe/formats/IMG_0489.png,AFA795,oatmeal,warm neutral,secondary,0.269,False,top,24,28,2.8,B025-P003;B059-P003;B042-P029;B057-P006;B042-P028;B058-P002;B030-P001;B030-P003,B039-P001;B011-P007;B028-P014;B029-P001;B062-P003;B061-P005;B055-P002;B062-P006
content/swipe/formats/IMG_0489.png,AFA795,oatmeal,warm neutral,secondary,0.269,False,bottom,6,14,3.4,B021-P010;B021-P011;B042-P040;B042-P041;B007-P002;B042-P038,B044-P010;B042-P039;B048-P002;B011-P002;B050-P002;B015-P004;B048-P003;B050-P008
content/swipe/formats/IMG_0489.png,AFA795,oatmeal,warm neutral,secondary,0.269,False,dress,2,0,4.8,B042-P032;B042-P010,
content/swipe/formats/IMG_0489.png,AFA795,oatmeal,warm neutral,secondary,0.269,False,shoes,1,4,11.9,B062-P017,B029-P002;B053-P001;B001-P004;B009-P004
content/swipe/formats/IMG_0489.png,AFA795,oatmeal,warm neutral,secondary,0.269,False,accessory,1,4,10.5,B037-P008,B025-P008;B045-P004;B037-P009;B020-P006
content/swipe/formats/IMG_0489.png,AFA795,oatmeal,warm neutral,secondary,0.269,False,base,1,4,8.5,B004-P001,B003-P001;B005-P001;B062-P007;B026-P009
content/swipe/formats/IMG_0489.png,AFA795,oatmeal,warm neutral,secondary,0.269,False,multiple,54,32,3.3,B036-P009;B042-P002;B026-P002;B044-P004;B025-P007;B043-P007;B025-P006;B023-P008,B006-P001;B045-P001;B050-P001;B023-P002;B053-P002;B044-P006;B023-P001;B032-P003
content/swipe/formats/IMG_0489.png,41241A,espresso,brown,accent,0.224,True,layer,24,65,3.4,B042-P018;B021-P022;B015-P003;B013-P001;B021-P002;B059-P001;B021-P027;B028-P002,B054-P007;B023-P012;B037-P007;B028-P001;B030-P010;B042-P004;B038-P001;B042-P003
content/swipe/formats/IMG_0489.png,41241A,espresso,brown,accent,0.224,True,top,34,48,2.5,B007-P003;B025-P003;B021-P024;B021-P005;B031-P002;B026-P010;B052-P002;B031-P007,B062-P009;B027-P002;B062-P001;B030-P002;B030-P001;B034-P002;B062-P003;B054-P004
content/swipe/formats/IMG_0489.png,41241A,espresso,brown,accent,0.224,True,bottom,7,23,3.9,B021-P011;B021-P010;B050-P003;B021-P003;B018-P002;B016-P001;B015-P005,B020-P003;B020-P004;B020-P001;B015-P002;B052-P006;B021-P015;B042-P022;B019-P001
content/swipe/formats/IMG_0489.png,41241A,espresso,brown,accent,0.224,True,dress,4,6,6.8,B041-P006;B041-P007;B042-P010;B033-P004,B042-P031;B042-P014;B042-P011;B042-P021;B042-P030;B041-P002
content/swipe/formats/IMG_0489.png,41241A,espresso,brown,accent,0.224,True,shoes,5,2,2.9,B055-P001;B039-P003;B029-P002;B001-P004;B009-P004,B037-P004;B053-P001
content/swipe/formats/IMG_0489.png,41241A,espresso,brown,accent,0.224,True,bag,1,5,6.0,B054-P003,B043-P005;B053-P005;B056-P004;B053-P004;B043-P006
content/swipe/formats/IMG_0489.png,41241A,espresso,brown,accent,0.224,True,accessory,5,5,5.5,B025-P008;B031-P009;B032-P001;B021-P009;B020-P006,B021-P001;B019-P002;B055-P003;B031-P001;B037-P009
content/swipe/formats/IMG_0489.png,41241A,espresso,brown,accent,0.224,True,base,4,2,2.2,B003-P001;B062-P008;B005-P001;B062-P007,B002-P001;B026-P009
content/swipe/formats/IMG_0489.png,41241A,espresso,brown,accent,0.224,True,multiple,32,72,4.2,B042-P007;B023-P001;B032-P003;B045-P001;B026-P007;B022-P007;B024-P002;B023-P006,B023-P011;B026-P011;B022-P020;B026-P005;B023-P014;B044-P003;B024-P003;B042-P005
content/swipe/formats/IMG_0489.png,745C47,tobacco,brown,accent,0.138,True,layer,11,34,2.1,B021-P002;B040-P003;B054-P007;B040-P002;B021-P014;B041-P005;B041-P004;B021-P016,B055-P009;B042-P018;B012-P001;B037-P007;B030-P010;B008-P003;B038-P001;B060-P005
content/swipe/formats/IMG_0489.png,745C47,tobacco,brown,accent,0.138,True,top,15,31,0.8,B055-P002;B027-P004;B062-P005;B032-P002;B051-P004;B032-P004;B047-P003;B047-P002,B041-P009;B016-P002;B031-P006;B021-P005;B028-P013;B062-P009;B042-P028;B031-P002
content/swipe/formats/IMG_0489.png,745C47,tobacco,brown,accent,0.138,True,bottom,6,4,2.2,B042-P041;B042-P040;B052-P003;B020-P003;B050-P002;B052-P004,B044-P010;B050-P003;B015-P004;B048-P003
content/swipe/formats/IMG_0489.png,745C47,tobacco,brown,accent,0.138,True,dress,0,1,18.9,,B041-P006
content/swipe/formats/IMG_0489.png,745C47,tobacco,brown,accent,0.138,True,shoes,1,7,8.9,B029-P002,B001-P004;B009-P004;B062-P017;B039-P003;B055-P001;B053-P001;B037-P004
content/swipe/formats/IMG_0489.png,745C47,tobacco,brown,accent,0.138,True,bag,0,2,13.2,,B056-P004;B054-P003
content/swipe/formats/IMG_0489.png,745C47,tobacco,brown,accent,0.138,True,accessory,1,9,9.5,B019-P002,B037-P009;B037-P008;B031-P009;B032-P001;B020-P006;B055-P003;B021-P001;B021-P009
content/swipe/formats/IMG_0489.png,745C47,tobacco,brown,accent,0.138,True,base,1,5,9.8,B062-P007,B002-P001;B003-P001;B005-P001;B062-P008;B026-P009
content/swipe/formats/IMG_0489.png,745C47,tobacco,brown,accent,0.138,True,multiple,11,54,4.2,B022-P014;B049-P003;B046-P006;B023-P001;B021-P026;B022-P013;B062-P019;B022-P020,B042-P019;B022-P022;B024-P004;B039-P004;B042-P007;B047-P001;B053-P002;B022-P021
content/swipe/formats/IMG_0490.png,BBB7AB,oatmeal,warm neutral,dominant,0.337,False,layer,14,13,4.9,B058-P005;B060-P006;B041-P004;B001-P001;B009-P001;B046-P003;B048-P001;B043-P002,B021-P017;B054-P006;B061-P003;B042-P020;B060-P002;B021-P018;B021-P014;B012-P002
content/swipe/formats/IMG_0490.png,BBB7AB,oatmeal,warm neutral,dominant,0.337,False,top,29,21,4.2,B062-P002;B042-P028;B062-P015;B059-P003;B025-P003;B062-P012;B058-P002;B025-P001,B062-P013;B010-P005;B032-P004;B016-P003;B010-P001;B021-P025;B011-P008;B050-P006
content/swipe/formats/IMG_0490.png,BBB7AB,oatmeal,warm neutral,dominant,0.337,False,bottom,10,9,3.7,B042-P038;B021-P011;B021-P010;B042-P040;B042-P041;B007-P002;B042-P039;B011-P002,B048-P003;B062-P021;B051-P001;B051-P002;B050-P002;B050-P007;B050-P008;B051-P003
content/swipe/formats/IMG_0490.png,BBB7AB,oatmeal,warm neutral,dominant,0.337,False,dress,1,1,7.3,B042-P032,B042-P010
content/swipe/formats/IMG_0490.png,BBB7AB,oatmeal,warm neutral,dominant,0.337,False,shoes,1,2,8.1,B062-P017,B053-P001;B029-P002
content/swipe/formats/IMG_0490.png,BBB7AB,oatmeal,warm neutral,dominant,0.337,False,accessory,2,3,9.9,B045-P004;B025-P008,B020-P006;B037-P008;B037-P009
content/swipe/formats/IMG_0490.png,BBB7AB,oatmeal,warm neutral,dominant,0.337,False,base,1,3,4.4,B004-P001,B062-P007;B003-P001;B005-P001
content/swipe/formats/IMG_0490.png,BBB7AB,oatmeal,warm neutral,dominant,0.337,False,multiple,60,27,1.7,B036-P008;B043-P007;B025-P007;B036-P006;B021-P007;B023-P005;B025-P006;B024-P003,B062-P018;B042-P005;B046-P007;B042-P036;B022-P003;B026-P004;B027-P009;B027-P010
content/swipe/formats/IMG_0490.png,524541,taupe,warm neutral,secondary,0.202,False,layer,39,57,2.2,B042-P015;B040-P002;B055-P009;B042-P016;B023-P012;B030-P010;B040-P003;B041-P004,B013-P001;B019-P004;B012-P002;B021-P027;B019-P005;B023-P013;B055-P014;B015-P003
content/swipe/formats/IMG_0490.png,524541,taupe,warm neutral,secondary,0.202,False,top,35,52,4.0,B057-P005;B028-P013;B059-P005;B030-P002;B031-P006;B058-P003;B031-P002;B014-P001,B041-P009;B057-P006;B016-P003;B028-P007;B060-P001;B032-P002;B021-P023;B025-P003
content/swipe/formats/IMG_0490.png,524541,taupe,warm neutral,secondary,0.202,False,bottom,3,28,6.1,B020-P003;B015-P002;B042-P041,B020-P001;B021-P011;B020-P004;B021-P010;B015-P001;B041-P003;B049-P001;B048-P003
content/swipe/formats/IMG_0490.png,524541,taupe,warm neutral,secondary,0.202,False,dress,2,8,8.5,B041-P006;B041-P007,B033-P004;B042-P031;B042-P014;B042-P010;B041-P002;B042-P011;B042-P021;B042-P030
content/swipe/formats/IMG_0490.png,524541,taupe,warm neutral,secondary,0.202,False,shoes,8,2,2.8,B001-P004;B009-P004;B039-P003;B029-P002;B053-P001;B037-P004;B062-P017;B055-P001,B001-P002;B009-P002
content/swipe/formats/IMG_0490.png,524541,taupe,warm neutral,secondary,0.202,False,bag,3,3,7.7,B054-P003;B056-P004;B043-P005,B053-P004;B053-P005;B043-P006
content/swipe/formats/IMG_0490.png,524541,taupe,warm neutral,secondary,0.202,False,accessory,8,3,6.1,B031-P009;B032-P001;B037-P009;B021-P001;B055-P003;B020-P006;B021-P009;B019-P002,B037-P008;B025-P008;B031-P001
content/swipe/formats/IMG_0490.png,524541,taupe,warm neutral,secondary,0.202,False,base,4,2,6.4,B002-P001;B005-P001;B062-P008;B003-P001,B062-P007;B026-P009
content/swipe/formats/IMG_0490.png,524541,taupe,warm neutral,secondary,0.202,False,multiple,58,47,2.4,B022-P013;B022-P021;B033-P002;B022-P020;B006-P001;B023-P011;B046-P009;B024-P004,B052-P007;B022-P001;B022-P017;B026-P008;B046-P005;B022-P005;B023-P017;B021-P008
content/swipe/formats/IMG_0490.png,9E8357,ochre,yellow,accent,0.186,True,layer,6,23,3.2,B027-P008;B021-P014;B021-P021;B021-P016;B021-P013;B021-P022,B021-P018;B060-P002;B042-P018;B021-P002;B043-P003;B060-P005;B043-P002;B048-P001
content/swipe/formats/IMG_0490.png,9E8357,ochre,yellow,accent,0.186,True,top,12,18,5.1,B047-P003;B062-P009;B047-P002;B032-P004;B030-P002;B029-P001;B031-P005;B042-P028,B050-P004;B050-P005;B030-P003;B057-P006;B042-P029;B050-P006;B062-P005;B021-P025
content/swipe/formats/IMG_0490.png,9E8357,ochre,yellow,accent,0.186,True,bottom,5,10,8.2,B042-P041;B050-P003;B044-P010;B042-P040;B050-P002,B051-P002;B052-P004;B021-P010;B007-P002;B020-P003;B050-P008;B051-P003;B021-P011
content/swipe/formats/IMG_0490.png,9E8357,ochre,yellow,accent,0.186,True,dress,0,2,12.1,,B042-P010;B042-P032
content/swipe/formats/IMG_0490.png,9E8357,ochre,yellow,accent,0.186,True,shoes,1,3,6.1,B029-P002,B053-P001;B001-P004;B009-P004
content/swipe/formats/IMG_0490.png,9E8357,ochre,yellow,accent,0.186,True,accessory,0,3,16.2,,B037-P008;B037-P009;B019-P002
content/swipe/formats/IMG_0490.png,9E8357,ochre,yellow,accent,0.186,True,base,1,4,10.0,B003-P001,B004-P001;B026-P009;B005-P001;B062-P007
content/swipe/formats/IMG_0490.png,9E8357,ochre,yellow,accent,0.186,True,multiple,19,38,4.7,B032-P003;B044-P003;B023-P001;B046-P011;B042-P006;B044-P020;B062-P019;B022-P022,B024-P006;B043-P007;B044-P004;B023-P009;B024-P003;B025-P004;B022-P018;B023-P014
content/swipe/formats/IMG_0490.png,83776A,tobacco,brown,secondary,0.182,True,layer,17,15,6.1,B043-P003;B041-P005;B043-P002;B037-P007;B041-P004;B008-P003;B038-P001;B021-P018,B027-P008;B021-P021;B054-P007;B061-P002;B059-P002;B021-P013;B054-P002;B060-P006
content/swipe/formats/IMG_0490.png,83776A,tobacco,brown,secondary,0.182,True,top,12,25,5.1,B030-P001;B042-P028;B031-P005;B055-P002;B062-P002;B032-P004;B062-P005;B030-P002,B021-P005;B062-P012;B029-P001;B021-P004;B028-P014;B051-P004;B057-P005;B047-P003
content/swipe/formats/IMG_0490.png,83776A,tobacco,brown,secondary,0.182,True,bottom,4,10,2.9,B044-P010;B020-P003;B042-P041;B042-P040,B050-P003;B007-P002;B021-P010;B052-P004;B050-P002;B048-P003;B048-P002;B021-P011
content/swipe/formats/IMG_0490.png,83776A,tobacco,brown,secondary,0.182,True,dress,0,2,15.7,,B042-P010;B042-P032
content/swipe/formats/IMG_0490.png,83776A,tobacco,brown,secondary,0.182,True,shoes,3,1,6.3,B029-P002;B001-P004;B009-P004,B062-P017
content/swipe/formats/IMG_0490.png,83776A,tobacco,brown,secondary,0.182,True,bag,1,0,11.3,B056-P004,
content/swipe/formats/IMG_0490.png,83776A,tobacco,brown,secondary,0.182,True,accessory,3,0,8.0,B019-P002;B037-P008;B037-P009,
content/swipe/formats/IMG_0490.png,83776A,tobacco,brown,secondary,0.182,True,base,1,3,8.2,B005-P001,B003-P001;B002-P001;B062-P007
content/swipe/formats/IMG_0490.png,83776A,tobacco,brown,secondary,0.182,True,multiple,25,49,4.8,B024-P006;B023-P010;B024-P003;B042-P019;B036-P007;B025-P004;B044-P020;B042-P002,B049-P003;B022-P022;B023-P014;B044-P005;B047-P001;B044-P015;B022-P014;B042-P006
content/swipe/products/IMG_0580.png,B4ABAA,light grey,grey,dominant,0.508,False,layer,7,22,4.4,B060-P006;B041-P004;B058-P005;B043-P002;B059-P002;B048-P001;B046-P003,B011-P006;B021-P018;B001-P001;B009-P001;B054-P006;B021-P016;B019-P004;B021-P017
content/swipe/products/IMG_0580.png,B4ABAA,light grey,grey,dominant,0.508,False,top,24,31,3.2,B057-P003;B011-P007;B052-P002;B028-P014;B058-P002;B021-P004;B062-P002;B025-P003,B042-P026;B021-P012;B062-P012;B042-P027;B021-P025;B050-P006;B032-P004;B011-P008
content/swipe/products/IMG_0580.png,B4ABAA,light grey,grey,dominant,0.508,False,bottom,9,10,7.3,B007-P002;B021-P011;B021-P010;B042-P038;B042-P041;B042-P040;B048-P002;B015-P004,B048-P003;B042-P039;B044-P010;B050-P002;B051-P001;B051-P002;B050-P008;B050-P007
content/swipe/products/IMG_0580.png,B4ABAA,light grey,grey,dominant,0.508,False,dress,2,0,8.7,B042-P032;B042-P010,
content/swipe/products/IMG_0580.png,B4ABAA,light grey,grey,dominant,0.508,False,shoes,1,4,10.0,B062-P017,B001-P004;B009-P004;B029-P002;B053-P001
content/swipe/products/IMG_0580.png,B4ABAA,light grey,grey,dominant,0.508,False,accessory,3,2,8.6,B025-P008;B037-P008;B045-P004,B037-P009;B020-P006
content/swipe/products/IMG_0580.png,B4ABAA,light grey,grey,dominant,0.508,False,base,1,3,7.7,B004-P001,B062-P007;B003-P001;B005-P001
content/swipe/products/IMG_0580.png,B4ABAA,light grey,grey,dominant,0.508,False,multiple,60,28,2.6,B022-P015;B022-P016;B024-P002;B023-P015;B024-P001;B022-P013;B022-P021;B024-P006,B022-P009;B025-P004;B023-P002;B033-P002;B052-P007;B028-P006;B036-P005;B018-P003
content/swipe/products/IMG_0580.png,9E8669,tan,brown,secondary,0.459,True,layer,7,25,5.3,B027-P008;B021-P014;B021-P013;B021-P021;B021-P016;B021-P018;B021-P022,B043-P003;B043-P002;B060-P002;B041-P004;B008-P003;B048-P001;B060-P005;B042-P018
content/swipe/products/IMG_0580.png,9E8669,tan,brown,secondary,0.459,True,top,15,18,2.5,B030-P002;B031-P005;B055-P002;B062-P009;B042-P028;B032-P004;B030-P001;B029-P001,B025-P003;B050-P004;B042-P029;B050-P006;B062-P002;B021-P025;B050-P005;B058-P002
content/swipe/products/IMG_0580.png,9E8669,tan,brown,secondary,0.459,True,bottom,8,9,6.1,B042-P041;B044-P010;B050-P003;B042-P040;B007-P002;B021-P010;B050-P002;B051-P002,B020-P003;B021-P011;B052-P004;B050-P008;B051-P003;B050-P007;B051-P001;B015-P004
content/swipe/products/IMG_0580.png,9E8669,tan,brown,secondary,0.459,True,dress,2,0,9.0,B042-P010;B042-P032,
content/swipe/products/IMG_0580.png,9E8669,tan,brown,secondary,0.459,True,shoes,1,4,2.8,B029-P002,B053-P001;B001-P004;B009-P004;B062-P017
content/swipe/products/IMG_0580.png,9E8669,tan,brown,secondary,0.459,True,accessory,0,3,12.9,,B037-P008;B037-P009;B019-P002
content/swipe/products/IMG_0580.png,9E8669,tan,brown,secondary,0.459,True,base,1,3,7.4,B003-P001,B004-P001;B026-P009;B005-P001
content/swipe/products/IMG_0580.png,9E8669,tan,brown,secondary,0.459,True,multiple,30,37,1.0,B032-P003;B044-P020;B046-P008;B023-P001;B062-P020;B042-P006;B022-P020;B044-P003,B023-P017;B020-P005;B025-P007;B033-P005;B036-P009;B026-P002;B024-P005;B023-P010
content/swipe/visuals/IMG_0066.png,DFAD6D,gold,yellow,dominant,0.355,True,layer,11,3,5.7,B060-P002;B021-P014;B021-P016;B021-P017;B021-P022;B027-P008;B054-P006;B021-P021,B001-P001;B009-P001;B041-P004
content/swipe/visuals/IMG_0066.png,DFAD6D,gold,yellow,dominant,0.355,True,top,10,26,7.0,B050-P005;B050-P004;B021-P025;B050-P006;B038-P002;B030-P003;B032-P004;B029-P001,B042-P009;B042-P029;B042-P028;B047-P003;B047-P002;B058-P002;B059-P003;B025-P003
content/swipe/visuals/IMG_0066.png,DFAD6D,gold,yellow,dominant,0.355,True,bottom,6,7,5.7,B050-P007;B051-P003;B050-P008;B050-P002;B051-P002;B051-P001,B042-P040;B042-P041;B021-P010;B021-P011;B007-P002;B050-P003;B042-P038
content/swipe/visuals/IMG_0066.png,DFAD6D,gold,yellow,dominant,0.355,True,dress,0,2,12.4,,B042-P010;B042-P032
content/swipe/visuals/IMG_0066.png,DFAD6D,gold,yellow,dominant,0.355,True,shoes,1,1,3.4,B053-P001,B029-P002
content/swipe/visuals/IMG_0066.png,DFAD6D,gold,yellow,dominant,0.355,True,base,2,1,8.8,B004-P001;B026-P009,B003-P001
content/swipe/visuals/IMG_0066.png,DFAD6D,gold,yellow,dominant,0.355,True,multiple,6,51,8.9,B046-P011;B047-P001;B024-P008;B044-P003;B033-P002;B023-P011,B044-P004;B022-P019;B042-P006;B023-P001;B042-P005;B026-P001;B026-P007;B062-P020
content/swipe/visuals/IMG_0066.png,EC9A5A,gold,yellow,secondary,0.229,True,layer,5,10,7.3,B021-P022;B021-P014;B021-P021;B021-P013;B060-P002,B021-P016;B021-P017;B054-P006;B048-P001;B046-P003;B027-P008;B001-P001;B009-P001
content/swipe/visuals/IMG_0066.png,EC9A5A,gold,yellow,secondary,0.229,True,top,4,21,6.7,B050-P004;B050-P005;B050-P006;B021-P025,B029-P001;B032-P004;B030-P003;B030-P001;B047-P003;B047-P002;B042-P009;B021-P005
content/swipe/visuals/IMG_0066.png,EC9A5A,gold,yellow,secondary,0.229,True,bottom,6,7,6.0,B051-P003;B050-P008;B051-P002;B050-P002;B050-P007;B051-P001,B050-P003;B042-P041;B042-P040;B007-P002;B021-P010;B021-P011;B052-P004
content/swipe/visuals/IMG_0066.png,EC9A5A,gold,yellow,secondary,0.229,True,dress,0,2,14.0,,B042-P010;B042-P032
content/swipe/visuals/IMG_0066.png,EC9A5A,gold,yellow,secondary,0.229,True,shoes,1,0,9.8,B053-P001,
content/swipe/visuals/IMG_0066.png,EC9A5A,gold,yellow,secondary,0.229,True,base,2,1,5.2,B026-P009;B004-P001,B003-P001
content/swipe/visuals/IMG_0066.png,EC9A5A,gold,yellow,secondary,0.229,True,multiple,4,29,8.9,B046-P011;B047-P001;B042-P005;B024-P008,B044-P003;B023-P011;B042-P006;B023-P001;B033-P002;B022-P019;B026-P007;B044-P004
content/swipe/visuals/IMG_0066.png,90744C,ochre,yellow,accent,0.22,True,layer,7,16,3.6,B021-P016;B021-P014;B021-P021;B027-P008;B021-P002;B042-P018;B054-P007,B041-P005;B040-P002;B021-P013;B040-P003;B041-P004;B021-P018;B021-P022;B043-P003
content/swipe/visuals/IMG_0066.png,90744C,ochre,yellow,accent,0.22,True,top,13,17,3.1,B032-P004;B030-P001;B062-P009;B021-P005;B047-P003;B042-P028;B047-P002;B055-P002,B050-P004;B027-P004;B016-P003;B032-P002;B050-P005;B062-P002;B042-P001;B040-P001
content/swipe/visuals/IMG_0066.png,90744C,ochre,yellow,accent,0.22,True,bottom,7,7,5.9,B042-P041;B042-P040;B044-P010;B050-P003;B052-P004;B020-P003;B050-P002,B052-P003;B051-P002;B015-P004;B007-P002;B021-P010;B050-P008;B051-P003
content/swipe/visuals/IMG_0066.png,90744C,ochre,yellow,accent,0.22,True,dress,0,2,16.0,,B042-P010;B042-P032
content/swipe/visuals/IMG_0066.png,90744C,ochre,yellow,accent,0.22,True,shoes,1,3,7.0,B029-P002,B001-P004;B009-P004;B053-P001
content/swipe/visuals/IMG_0066.png,90744C,ochre,yellow,accent,0.22,True,bag,0,1,18.7,,B056-P004
content/swipe/visuals/IMG_0066.png,90744C,ochre,yellow,accent,0.22,True,accessory,0,3,15.2,,B019-P002;B037-P008;B037-P009
content/swipe/visuals/IMG_0066.png,90744C,ochre,yellow,accent,0.22,True,base,0,5,13.2,,B003-P001;B062-P007;B005-P001;B026-P009;B004-P001
content/swipe/visuals/IMG_0066.png,90744C,ochre,yellow,accent,0.22,True,multiple,13,35,2.5,B062-P019;B022-P022;B047-P001;B023-P001;B032-P003;B046-P011;B044-P020;B042-P007,B046-P006;B062-P020;B022-P020;B042-P002;B024-P006;B024-P003;B062-P018;B042-P019
content/swipe/visuals/IMG_0066.png,5C3A1C,chocolate,brown,accent,0.114,True,layer,10,35,5.4,B021-P002;B021-P014;B054-P007;B012-P001;B042-P018;B021-P027;B040-P002;B040-P003,B030-P010;B041-P004;B054-P006;B055-P009;B041-P005;B028-P002;B027-P008;B030-P009
content/swipe/visuals/IMG_0066.png,5C3A1C,chocolate,brown,accent,0.114,True,top,20,38,2.1,B041-P009;B051-P004;B032-P004;B040-P001;B052-P001;B042-P001;B032-P002;B041-P008,B027-P004;B047-P002;B055-P002;B062-P011;B052-P002;B058-P004;B021-P005;B059-P004
content/swipe/visuals/IMG_0066.png,5C3A1C,chocolate,brown,accent,0.114,True,bottom,3,10,9.2,B050-P003;B052-P003;B052-P004,B020-P003;B042-P041;B021-P011;B021-P010;B050-P002;B021-P003;B042-P040;B020-P004
content/swipe/visuals/IMG_0066.png,5C3A1C,chocolate,brown,accent,0.114,True,dress,0,4,13.9,,B041-P007;B041-P006;B042-P010;B033-P004
content/swipe/visuals/IMG_0066.png,5C3A1C,chocolate,brown,accent,0.114,True,shoes,2,5,9.9,B055-P001;B029-P002,B039-P003;B001-P004;B009-P004;B037-P004;B053-P001
content/swipe/visuals/IMG_0066.png,5C3A1C,chocolate,brown,accent,0.114,True,bag,1,2,9.8,B054-P003,B043-P005;B056-P004
content/swipe/visuals/IMG_0066.png,5C3A1C,chocolate,brown,accent,0.114,True,accessory,0,8,12.4,,B025-P008;B031-P009;B032-P001;B037-P009;B055-P003;B019-P002;B021-P009;B020-P006
content/swipe/visuals/IMG_0066.png,5C3A1C,chocolate,brown,accent,0.114,True,base,2,4,8.6,B062-P007;B003-P001,B062-P008;B002-P001;B005-P001;B026-P009
content/swipe/visuals/IMG_0066.png,5C3A1C,chocolate,brown,accent,0.114,True,multiple,10,59,3.3,B022-P014;B021-P026;B020-P005;B046-P006;B022-P020;B036-P001;B023-P006;B022-P007,B026-P007;B022-P013;B049-P003;B022-P021;B045-P001;B032-P003;B033-P002;B039-P004
content/swipe/visuals/IMG_0136.png,85765B,olive,green,dominant,0.305,True,layer,17,8,7.2,B042-P018;B021-P016;B041-P005;B021-P002;B060-P005;B021-P014;B027-P008;B040-P002,B008-P003;B059-P001;B021-P013;B054-P001;B061-P002;B021-P022;B059-P002;B055-P009
content/swipe/visuals/IMG_0136.png,85765B,olive,green,dominant,0.305,True,top,10,25,4.6,B030-P001;B032-P004;B042-P028;B031-P005;B062-P005;B055-P002;B030-P002;B062-P009,B027-P004;B047-P003;B047-P002;B016-P003;B029-P001;B051-P004;B016-P002;B032-P002
content/swipe/visuals/IMG_0136.png,85765B,olive,green,dominant,0.305,True,bottom,4,8,4.7,B044-P010;B042-P041;B042-P040;B020-P003,B050-P003;B052-P004;B050-P002;B007-P002;B021-P010;B052-P003;B051-P002;B021-P011
content/swipe/visuals/IMG_0136.png,85765B,olive,green,dominant,0.305,True,dress,0,2,16.4,,B042-P010;B042-P032
content/swipe/visuals/IMG_0136.png,85765B,olive,green,dominant,0.305,True,shoes,1,3,5.6,B029-P002,B001-P004;B009-P004;B062-P017
content/swipe/visuals/IMG_0136.png,85765B,olive,green,dominant,0.305,True,bag,0,1,14.6,,B056-P004
content/swipe/visuals/IMG_0136.png,85765B,olive,green,dominant,0.305,True,accessory,2,1,11.3,B019-P002;B037-P008,B037-P009
content/swipe/visuals/IMG_0136.png,85765B,olive,green,dominant,0.305,True,base,0,4,13.1,,B005-P001;B003-P001;B062-P007;B002-P001
content/swipe/visuals/IMG_0136.png,85765B,olive,green,dominant,0.305,True,multiple,21,42,4.6,B062-P019;B044-P020;B032-P003;B042-P019;B042-P002;B024-P006;B036-P007;B023-P001,B022-P014;B057-P004;B042-P006;B022-P013;B042-P007;B044-P003;B049-P003;B023-P009
content/swipe/visuals/IMG_0136.png,2D2A1C,olive,green,secondary,0.221,True,layer,61,33,4.3,B054-P006;B027-P008;B037-P007;B042-P017;B038-P001;B061-P003;B012-P001;B030-P009,B021-P022;B042-P042;B040-P006;B042-P013;B030-P008;B040-P004;B054-P007;B019-P003
content/swipe/visuals/IMG_0136.png,2D2A1C,olive,green,secondary,0.221,True,top,42,35,2.6,B016-P003;B045-P002;B031-P005;B053-P003;B059-P004;B030-P001;B030-P002;B057-P005,B021-P024;B007-P001;B008-P002;B031-P007;B007-P003;B034-P002;B018-P001;B052-P002
content/swipe/visuals/IMG_0136.png,2D2A1C,olive,green,secondary,0.221,True,bottom,13,15,7.0,B020-P004;B020-P003;B021-P015;B041-P003;B020-P001;B042-P022;B052-P006;B044-P019,B042-P033;B042-P023;B015-P002;B044-P008;B021-P003;B011-P002;B011-P001;B021-P011
content/swipe/visuals/IMG_0136.png,2D2A1C,olive,green,secondary,0.221,True,dress,7,3,8.5,B042-P031;B042-P014;B041-P007;B033-P004;B041-P006;B041-P002;B042-P010,B042-P030;B042-P021;B042-P011
content/swipe/visuals/IMG_0136.png,2D2A1C,olive,green,secondary,0.221,True,shoes,4,4,6.0,B029-P002;B039-P003;B053-P001;B037-P004,B001-P004;B009-P004;B062-P017;B055-P001
content/swipe/visuals/IMG_0136.png,2D2A1C,olive,green,secondary,0.221,True,bag,5,1,8.1,B043-P005;B056-P004;B053-P004;B054-P003;B053-P005,B043-P006
content/swipe/visuals/IMG_0136.png,2D2A1C,olive,green,secondary,0.221,True,accessory,4,4,9.9,B055-P003;B031-P009;B032-P001;B021-P001,B031-P001;B019-P002;B037-P009;B021-P009
content/swipe/visuals/IMG_0136.png,2D2A1C,olive,green,secondary,0.221,True,base,4,1,10.1,B062-P007;B005-P001;B062-P008;B003-P001,B002-P001
content/swipe/visuals/IMG_0136.png,2D2A1C,olive,green,secondary,0.221,True,multiple,69,30,2.9,B023-P007;B023-P008;B024-P004;B026-P005;B023-P009;B043-P007;B049-P003;B044-P003,B020-P005;B018-P003;B042-P007;B019-P006;B022-P020;B024-P005;B026-P007;B026-P001
content/swipe/visuals/IMG_0136.png,A09584,tan,brown,secondary,0.21,True,layer,12,17,5.7,B021-P018;B043-P002;B041-P004;B021-P016;B060-P006;B027-P008;B043-P003;B059-P002,B060-P005;B060-P002;B021-P014;B037-P007;B058-P005;B001-P001;B009-P001;B021-P021
content/swipe/visuals/IMG_0136.png,A09584,tan,brown,secondary,0.21,True,top,19,26,5.4,B030-P002;B031-P005;B016-P003;B042-P028;B025-P003;B032-P004;B057-P006;B042-P029,B021-P025;B050-P006;B052-P002;B057-P003;B038-P002;B011-P007;B062-P015;B062-P012
content/swipe/visuals/IMG_0136.png,A09584,tan,brown,secondary,0.21,True,bottom,6,14,6.0,B021-P010;B007-P002;B021-P011;B044-P010;B042-P040;B042-P041,B042-P038;B020-P003;B050-P003;B051-P002;B050-P002;B048-P003;B050-P008;B051-P003
content/swipe/visuals/IMG_0136.png,A09584,tan,brown,secondary,0.21,True,dress,2,0,7.1,B042-P032;B042-P010,
content/swipe/visuals/IMG_0136.png,A09584,tan,brown,secondary,0.21,True,shoes,1,4,7.7,B029-P002,B062-P017;B001-P004;B009-P004;B053-P001
content/swipe/visuals/IMG_0136.png,A09584,tan,brown,secondary,0.21,True,accessory,2,3,7.6,B037-P008;B037-P009,B025-P008;B019-P002;B045-P004
content/swipe/visuals/IMG_0136.png,A09584,tan,brown,secondary,0.21,True,base,1,3,10.3,B003-P001,B004-P001;B005-P001;B026-P009
content/swipe/visuals/IMG_0136.png,A09584,tan,brown,secondary,0.21,True,multiple,51,30,2.6,B062-P020;B062-P018;B062-P019;B042-P002;B043-P007;B023-P009;B023-P014;B025-P007,B006-P001;B018-P003;B047-P001;B046-P011;B036-P006;B026-P007;B039-P004;B046-P010
content/swipe/visuals/IMG_0136.png,625034,olive,green,accent,0.168,True,layer,12,33,3.3,B054-P007;B021-P002;B021-P014;B040-P003;B041-P005;B012-P001;B042-P018;B040-P002,B038-P001;B042-P017;B043-P003;B060-P005;B041-P004;B042-P016;B027-P005;B037-P007
content/swipe/visuals/IMG_0136.png,625034,olive,green,accent,0.168,True,top,15,37,5.8,B051-P004;B032-P004;B032-P002;B055-P002;B062-P005;B027-P004;B059-P005;B052-P001,B053-P003;B031-P002;B042-P001;B028-P012;B040-P001;B014-P001;B059-P004;B031-P005
content/swipe/visuals/IMG_0136.png,625034,olive,green,accent,0.168,True,bottom,4,6,6.6,B042-P041;B020-P003;B052-P003;B042-P040,B052-P004;B050-P002;B044-P010;B050-P003;B048-P003;B020-P004
content/swipe/visuals/IMG_0136.png,625034,olive,green,accent,0.168,True,dress,0,2,17.3,,B041-P007;B041-P006
content/swipe/visuals/IMG_0136.png,625034,olive,green,accent,0.168,True,shoes,1,7,5.3,B029-P002,B039-P003;B001-P004;B009-P004;B062-P017;B053-P001;B055-P001;B037-P004
content/swipe/visuals/IMG_0136.png,625034,olive,green,accent,0.168,True,bag,0,3,13.2,,B054-P003;B056-P004;B043-P005
content/swipe/visuals/IMG_0136.png,625034,olive,green,accent,0.168,True,accessory,0,7,12.7,,B019-P002;B037-P009;B055-P003;B031-P009;B032-P001;B037-P008;B021-P001
content/swipe/visuals/IMG_0136.png,625034,olive,green,accent,0.168,True,base,1,4,8.3,B062-P007,B003-P001;B002-P001;B062-P008;B005-P001
content/swipe/visuals/IMG_0136.png,625034,olive,green,accent,0.168,True,multiple,10,59,4.2,B021-P026;B020-P005;B049-P003;B022-P014;B022-P020;B046-P006;B039-P004;B022-P013,B022-P021;B023-P011;B062-P019;B024-P004;B036-P001;B006-P001;B023-P015;B033-P002
content/swipe/visuals/IMG_0137.png,956F4D,ochre,yellow,dominant,0.255,True,layer,6,16,1.7,B021-P016;B021-P014;B021-P021;B021-P002;B027-P008;B054-P007,B040-P002;B021-P013;B040-P003;B041-P005;B041-P004;B008-P003;B021-P022;B042-P018
content/swipe/visuals/IMG_0137.png,956F4D,ochre,yellow,dominant,0.255,True,top,15,16,4.2,B021-P005;B032-P004;B062-P009;B030-P001;B055-P002;B050-P004;B062-P005;B047-P003,B050-P005;B032-P002;B016-P002;B040-P001;B042-P001;B016-P003;B025-P003;B052-P001
content/swipe/visuals/IMG_0137.png,956F4D,ochre,yellow,dominant,0.255,True,bottom,6,8,6.3,B042-P041;B050-P003;B052-P004;B042-P040;B050-P002;B044-P010,B052-P003;B020-P003;B015-P004;B051-P002;B007-P002;B050-P008;B051-P003;B021-P010
content/swipe/visuals/IMG_0137.png,956F4D,ochre,yellow,dominant,0.255,True,dress,0,2,16.0,,B042-P010;B042-P032
content/swipe/visuals/IMG_0137.png,956F4D,ochre,yellow,dominant,0.255,True,shoes,1,2,8.6,B029-P002,B001-P004;B009-P004
content/swipe/visuals/IMG_0137.png,956F4D,ochre,yellow,dominant,0.255,True,bag,0,1,19.0,,B056-P004
content/swipe/visuals/IMG_0137.png,956F4D,ochre,yellow,dominant,0.255,True,accessory,0,3,15.1,,B019-P002;B037-P008;B037-P009
content/swipe/visuals/IMG_0137.png,956F4D,ochre,yellow,dominant,0.255,True,base,0,6,12.5,,B003-P001;B062-P007;B026-P009;B002-P001;B005-P001;B004-P001
content/swipe/visuals/IMG_0137.png,956F4D,ochre,yellow,dominant,0.255,True,multiple,14,29,2.8,B022-P022;B047-P001;B023-P001;B062-P019;B042-P007;B046-P011;B044-P020;B032-P003,B022-P020;B024-P003;B023-P010;B024-P006;B062-P020;B024-P008;B025-P004;B062-P018
content/swipe/visuals/IMG_0137.png,B98B5F,ochre,yellow,secondary,0.244,True,layer,7,13,1.1,B021-P021;B021-P013;B021-P022;B021-P014;B021-P016;B027-P008;B060-P002,B048-P001;B021-P017;B046-P003;B041-P004;B054-P006;B015-P003;B021-P018;B001-P001
content/swipe/visuals/IMG_0137.png,B98B5F,ochre,yellow,secondary,0.244,True,top,16,13,3.4,B029-P001;B062-P009;B032-P004;B021-P005;B047-P003;B047-P002;B050-P005;B050-P004,B021-P004;B042-P028;B057-P006;B042-P029;B025-P003;B058-P002;B042-P009;B059-P003
content/swipe/visuals/IMG_0137.png,B98B5F,ochre,yellow,secondary,0.244,True,bottom,6,10,4.9,B051-P002;B050-P003;B050-P002;B050-P008;B051-P003;B050-P007,B007-P002;B042-P041;B051-P001;B021-P010;B052-P004;B042-P040;B044-P010;B021-P011
content/swipe/visuals/IMG_0137.png,B98B5F,ochre,yellow,secondary,0.244,True,dress,1,1,8.7,B042-P010,B042-P032
content/swipe/visuals/IMG_0137.png,B98B5F,ochre,yellow,secondary,0.244,True,shoes,2,0,9.5,B053-P001;B029-P002,
content/swipe/visuals/IMG_0137.png,B98B5F,ochre,yellow,secondary,0.244,True,accessory,0,1,19.0,,B037-P008
content/swipe/visuals/IMG_0137.png,B98B5F,ochre,yellow,secondary,0.244,True,base,3,0,5.3,B003-P001;B026-P009;B004-P001,
content/swipe/visuals/IMG_0137.png,B98B5F,ochre,yellow,secondary,0.244,True,multiple,16,38,2.3,B044-P003;B047-P001;B046-P011;B042-P005;B042-P006;B023-P001;B024-P008;B023-P011,B044-P004;B062-P018;B022-P018;B023-P009;B062-P019;B023-P014;B042-P002;B022-P019
content/swipe/visuals/IMG_0137.png,C4A485,tan,brown,secondary,0.2,True,layer,14,8,1.4,B021-P016;B021-P014;B060-P002;B048-P001;B046-P003;B021-P013;B021-P017;B054-P006,B043-P002;B060-P006;B021-P018;B058-P005;B059-P002;B043-P003;B019-P004;B011-P006
content/swipe/visuals/IMG_0137.png,C4A485,tan,brown,secondary,0.2,True,top,23,23,2.5,B021-P025;B050-P006;B030-P003;B032-P004;B030-P001;B050-P004;B029-P001;B050-P005,B042-P024;B028-P014;B047-P003;B047-P002;B062-P015;B021-P005;B039-P001;B028-P013
content/swipe/visuals/IMG_0137.png,C4A485,tan,brown,secondary,0.2,True,bottom,11,7,6.0,B042-P041;B050-P002;B042-P040;B007-P002;B021-P010;B050-P008;B051-P003;B050-P007,B050-P003;B042-P038;B044-P010;B042-P039;B011-P002;B015-P004;B048-P003
content/swipe/visuals/IMG_0137.png,C4A485,tan,brown,secondary,0.2,True,dress,2,0,3.8,B042-P010;B042-P032,
content/swipe/visuals/IMG_0137.png,C4A485,tan,brown,secondary,0.2,True,shoes,1,2,5.7,B053-P001,B029-P002;B062-P017
content/swipe/visuals/IMG_0137.png,C4A485,tan,brown,secondary,0.2,True,accessory,0,3,16.9,,B037-P008;B025-P008;B045-P004
content/swipe/visuals/IMG_0137.png,C4A485,tan,brown,secondary,0.2,True,base,3,1,3.1,B004-P001;B003-P001;B026-P009,B062-P007
content/swipe/visuals/IMG_0137.png,C4A485,tan,brown,secondary,0.2,True,multiple,36,39,3.6,B023-P011;B024-P008;B033-P002;B044-P004;B022-P018;B046-P011;B047-P001;B022-P019,B036-P008;B052-P007;B036-P009;B024-P001;B033-P005;B022-P010;B022-P016;B022-P002
content/swipe/visuals/IMG_0137.png,6D5035,tobacco,brown,accent,0.182,True,layer,10,37,2.6,B021-P014;B054-P007;B021-P002;B040-P003;B040-P002;B012-P001;B041-P005;B042-P015,B030-P010;B041-P004;B042-P016;B042-P018;B043-P003;B038-P001;B054-P006;B021-P027
content/swipe/visuals/IMG_0137.png,6D5035,tobacco,brown,accent,0.182,True,top,14,36,1.9,B032-P002;B051-P004;B032-P004;B055-P002;B027-P004;B047-P003;B052-P001;B062-P005,B028-P013;B030-P002;B016-P002;B031-P006;B025-P003;B031-P002;B041-P008;B053-P003
content/swipe/visuals/IMG_0137.png,6D5035,tobacco,brown,accent,0.182,True,bottom,5,6,6.2,B042-P041;B052-P003;B052-P004;B042-P040;B050-P002,B020-P003;B050-P003;B044-P010;B015-P004;B021-P011;B021-P010
content/swipe/visuals/IMG_0137.png,6D5035,tobacco,brown,accent,0.182,True,dress,0,2,17.2,,B041-P006;B041-P007
content/swipe/visuals/IMG_0137.png,6D5035,tobacco,brown,accent,0.182,True,shoes,1,7,7.9,B029-P002,B001-P004;B009-P004;B039-P003;B055-P001;B062-P017;B053-P001;B037-P004
content/swipe/visuals/IMG_0137.png,6D5035,tobacco,brown,accent,0.182,True,bag,0,2,13.2,,B054-P003;B056-P004
content/swipe/visuals/IMG_0137.png,6D5035,tobacco,brown,accent,0.182,True,accessory,0,10,13.4,,B019-P002;B037-P009;B031-P009;B032-P001;B025-P008;B037-P008;B055-P003;B020-P006
content/swipe/visuals/IMG_0137.png,6D5035,tobacco,brown,accent,0.182,True,base,1,5,6.4,B062-P007,B002-P001;B003-P001;B062-P008;B005-P001;B026-P009
content/swipe/visuals/IMG_0137.png,6D5035,tobacco,brown,accent,0.182,True,multiple,10,54,4.1,B021-P026;B022-P014;B046-P006;B049-P003;B020-P005;B022-P020;B023-P001;B006-P001,B039-P004;B022-P021;B033-P002;B036-P001;B023-P006;B023-P011;B024-P004;B022-P007
content/swipe/visuals/IMG_0145.png,70827F,mid grey,grey,dominant,0.382,True,layer,8,12,6.5,B061-P002;B059-P001;B060-P005;B037-P007;B038-P001;B043-P003;B021-P018;B059-P002,B043-P002;B061-P004;B054-P001;B042-P018;B041-P005;B060-P006;B041-P004;B054-P002
content/swipe/visuals/IMG_0145.png,70827F,mid grey,grey,dominant,0.382,True,top,4,13,8.1,B062-P002;B062-P012;B016-P002;B055-P004,B042-P028;B011-P003;B011-P004;B042-P026;B034-P002;B059-P003;B031-P005;B062-P015
content/swipe/visuals/IMG_0145.png,70827F,mid grey,grey,dominant,0.382,True,bottom,2,5,10.9,B048-P002;B048-P003,B052-P005;B020-P003;B044-P010;B042-P040;B042-P041
content/swipe/visuals/IMG_0145.png,70827F,mid grey,grey,dominant,0.382,True,shoes,1,5,5.6,B062-P017,B001-P004;B009-P004;B001-P002;B009-P002;B029-P002
content/swipe/visuals/IMG_0145.png,70827F,mid grey,grey,dominant,0.382,True,bag,0,1,13.5,,B056-P004
content/swipe/visuals/IMG_0145.png,70827F,mid grey,grey,dominant,0.382,True,accessory,2,3,9.8,B037-P008;B037-P009,B019-P002;B001-P003;B009-P003
content/swipe/visuals/IMG_0145.png,70827F,mid grey,grey,dominant,0.382,True,base,1,0,9.7,B005-P001,
content/swipe/visuals/IMG_0145.png,70827F,mid grey,grey,dominant,0.382,True,multiple,9,47,9.0,B039-P004;B036-P007;B057-P004;B046-P010;B050-P001;B026-P003;B042-P019;B018-P003,B020-P005;B044-P015;B022-P008;B026-P008;B042-P002;B024-P006;B021-P007;B036-P005
content/swipe/visuals/IMG_0145.png,4F544C,dark grey,grey,secondary,0.21,False,layer,23,42,2.5,B060-P005;B038-P001;B043-P001;B037-P007;B027-P005;B041-P005;B042-P035;B043-P003,B028-P001;B037-P002;B040-P002;B040-P003;B041-P004;B054-P001;B054-P006;B061-P002
content/swipe/visuals/IMG_0145.png,4F544C,dark grey,grey,secondary,0.21,False,top,12,42,6.9,B030-P002;B031-P006;B039-P002;B057-P005;B008-P002;B054-P005;B059-P003;B045-P002,B031-P005;B054-P004;B059-P005;B034-P002;B028-P013;B031-P002;B062-P015;B053-P003
content/swipe/visuals/IMG_0145.png,4F544C,dark grey,grey,secondary,0.21,False,bottom,2,13,8.7,B048-P003;B020-P003,B042-P041;B015-P001;B015-P002;B020-P001;B049-P001;B041-P003;B020-P004;B042-P040
content/swipe/visuals/IMG_0145.png,4F544C,dark grey,grey,secondary,0.21,False,dress,0,5,16.9,,B042-P031;B042-P014;B041-P007;B041-P006;B033-P004
content/swipe/visuals/IMG_0145.png,4F544C,dark grey,grey,secondary,0.21,False,shoes,6,3,4.1,B062-P017;B053-P001;B001-P004;B009-P004;B029-P002;B037-P004,B039-P003;B001-P002;B009-P002
content/swipe/visuals/IMG_0145.png,4F544C,dark grey,grey,secondary,0.21,False,bag,1,4,8.7,B056-P004,B043-P005;B053-P004;B054-P003;B053-P005
content/swipe/visuals/IMG_0145.png,4F544C,dark grey,grey,secondary,0.21,False,accessory,5,2,6.4,B037-P009;B055-P003;B019-P002;B037-P008;B021-P001,B031-P009;B032-P001
content/swipe/visuals/IMG_0145.png,4F544C,dark grey,grey,secondary,0.21,False,base,0,4,15.3,,B005-P001;B062-P008;B062-P007;B002-P001
content/swipe/visuals/IMG_0145.png,4F544C,dark grey,grey,secondary,0.21,False,multiple,30,56,2.2,B023-P007;B036-P007;B024-P004;B023-P015;B053-P002;B052-P007;B027-P011;B039-P004,B044-P013;B046-P010;B018-P003;B050-P001;B046-P004;B022-P021;B056-P005;B021-P008
content/swipe/visuals/IMG_0145.png,54190A,rust,orange,accent,0.196,True,layer,2,28,6.3,B042-P018;B015-P003,B013-P001;B021-P022;B021-P002;B021-P027;B060-P002;B059-P001;B042-P016;B028-P002
content/swipe/visuals/IMG_0145.png,54190A,rust,orange,accent,0.196,True,top,16,32,1.5,B050-P004;B058-P004;B031-P008;B041-P008;B021-P005;B042-P001;B025-P003;B040-P001,B041-P009;B026-P010;B052-P002;B062-P009;B052-P001;B059-P006;B021-P006;B021-P004
content/swipe/visuals/IMG_0145.png,54190A,rust,orange,accent,0.196,True,bottom,4,6,4.7,B050-P003;B021-P010;B021-P003;B021-P011,B018-P002;B016-P001;B052-P004;B052-P003;B015-P005;B020-P003
content/swipe/visuals/IMG_0145.png,54190A,rust,orange,accent,0.196,True,dress,0,4,14.3,,B041-P006;B041-P007;B042-P010;B033-P004
content/swipe/visuals/IMG_0145.png,54190A,rust,orange,accent,0.196,True,shoes,1,4,8.0,B055-P001,B039-P003;B001-P004;B009-P004;B029-P002
content/swipe/visuals/IMG_0145.png,54190A,rust,orange,accent,0.196,True,bag,0,2,13.4,,B054-P003;B043-P005
content/swipe/visuals/IMG_0145.png,54190A,rust,orange,accent,0.196,True,accessory,1,4,4.5,B025-P008,B021-P009;B031-P009;B032-P001;B020-P006
content/swipe/visuals/IMG_0145.png,54190A,rust,orange,accent,0.196,True,base,1,5,9.2,B003-P001,B026-P009;B005-P001;B062-P008;B002-P001;B062-P007
content/swipe/visuals/IMG_0145.png,54190A,rust,orange,accent,0.196,True,multiple,5,32,4.7,B045-P001;B022-P022;B022-P015;B036-P003;B023-P001,B042-P007;B032-P003;B033-P002;B046-P009;B022-P007;B026-P007;B023-P006;B022-P014
content/swipe/visuals/IMG_0145.png,E3EFF1,off-white,white,secondary,0.138,True,layer,7,7,5.4,B042-P020;B012-P002;B011-P006;B019-P004;B061-P003;B043-P004;B043-P002,B058-P005;B046-P003;B048-P001;B060-P006;B001-P001;B009-P001;B041-P004
content/swipe/visuals/IMG_0145.png,E3EFF1,off-white,white,secondary,0.138,True,top,18,18,4.9,B062-P012;B010-P001;B026-P010;B011-P008;B010-P003;B058-P007;B057-P006;B062-P013,B062-P015;B062-P002;B062-P006;B042-P027;B028-P013;B042-P024;B028-P014;B021-P004
content/swipe/visuals/IMG_0145.png,E3EFF1,off-white,white,secondary,0.138,True,bottom,8,2,6.2,B062-P021;B011-P002;B015-P004;B048-P003;B021-P010;B042-P039;B021-P011;B007-P002,B042-P038;B048-P002
content/swipe/visuals/IMG_0145.png,E3EFF1,off-white,white,secondary,0.138,True,dress,1,0,9.1,B042-P032,
content/swipe/visuals/IMG_0145.png,E3EFF1,off-white,white,secondary,0.138,True,shoes,0,1,12.2,,B062-P017
content/swipe/visuals/IMG_0145.png,E3EFF1,off-white,white,secondary,0.138,True,accessory,3,0,5.4,B020-P006;B045-P004;B025-P008,
content/swipe/visuals/IMG_0145.png,E3EFF1,off-white,white,secondary,0.138,True,base,1,1,8.1,B004-P001,B062-P007
content/swipe/visuals/IMG_0145.png,E3EFF1,off-white,white,secondary,0.138,True,multiple,27,36,4.3,B027-P009;B027-P010;B028-P011;B042-P005;B042-P036;B036-P002;B046-P009;B028-P006,B025-P006;B026-P004;B023-P014;B023-P006;B021-P007;B036-P006;B023-P002;B023-P003
content/swipe/visuals/IMG_0146.jpeg,72777D,mid grey,grey,dominant,0.232,False,layer,13,15,5.0,B061-P002;B037-P007;B038-P001;B054-P001;B059-P001;B043-P002;B043-P003;B060-P005,B059-P002;B021-P018;B062-P014;B040-P002;B043-P001;B040-P003;B053-P006;B027-P007
content/swipe/visuals/IMG_0146.jpeg,72777D,mid grey,grey,dominant,0.232,False,top,5,26,2.5,B016-P002;B062-P012;B062-P002;B034-P002;B055-P004,B042-P026;B011-P003;B011-P004;B062-P001;B062-P015;B062-P016;B030-P002;B008-P002
content/swipe/visuals/IMG_0146.jpeg,72777D,mid grey,grey,dominant,0.232,False,bottom,4,5,7.4,B048-P002;B052-P005;B020-P003;B048-P003,B044-P010;B042-P040;B042-P041;B048-P004;B049-P001
content/swipe/visuals/IMG_0146.jpeg,72777D,mid grey,grey,dominant,0.232,False,shoes,5,1,6.3,B001-P004;B009-P004;B062-P017;B001-P002;B009-P002,B029-P002
content/swipe/visuals/IMG_0146.jpeg,72777D,mid grey,grey,dominant,0.232,False,bag,1,1,8.0,B056-P004,B053-P005
content/swipe/visuals/IMG_0146.jpeg,72777D,mid grey,grey,dominant,0.232,False,accessory,5,1,6.1,B037-P009;B037-P008;B019-P002;B001-P003;B009-P003,B021-P001
content/swipe/visuals/IMG_0146.jpeg,72777D,mid grey,grey,dominant,0.232,False,base,1,1,4.4,B005-P001,B002-P001
content/swipe/visuals/IMG_0146.jpeg,72777D,mid grey,grey,dominant,0.232,False,multiple,20,42,3.8,B046-P010;B026-P008;B018-P003;B022-P008;B057-P004;B044-P005;B022-P017;B028-P010,B044-P009;B022-P013;B020-P005;B043-P007;B053-P002;B039-P004;B046-P002;B021-P008
content/swipe/visuals/IMG_0146.jpeg,BBC1CA,light grey,grey,secondary,0.212,True,layer,6,14,5.9,B058-P005;B011-P006;B060-P006;B043-P002;B042-P020;B019-P004,B059-P002;B041-P004;B012-P002;B043-P004;B061-P003;B046-P003;B048-P001;B001-P001
content/swipe/visuals/IMG_0146.jpeg,BBC1CA,light grey,grey,secondary,0.212,True,top,21,24,4.3,B057-P006;B042-P027;B058-P007;B062-P003;B007-P001;B025-P001;B012-P003;B011-P007,B010-P005;B028-P013;B028-P014;B062-P013;B021-P004;B042-P024;B042-P025;B058-P002
content/swipe/visuals/IMG_0146.jpeg,BBC1CA,light grey,grey,secondary,0.212,True,bottom,6,6,4.3,B048-P002;B015-P004;B011-P002;B007-P002;B042-P038;B048-P003,B021-P011;B042-P039;B021-P010;B062-P021;B042-P041;B042-P040
content/swipe/visuals/IMG_0146.jpeg,BBC1CA,light grey,grey,secondary,0.212,True,dress,0,2,15.1,,B042-P032;B042-P010
content/swipe/visuals/IMG_0146.jpeg,BBC1CA,light grey,grey,secondary,0.212,True,shoes,1,0,5.4,B062-P017,
content/swipe/visuals/IMG_0146.jpeg,BBC1CA,light grey,grey,secondary,0.212,True,accessory,3,2,5.6,B045-P004;B025-P008;B020-P006,B037-P008;B037-P009
content/swipe/visuals/IMG_0146.jpeg,BBC1CA,light grey,grey,secondary,0.212,True,base,1,1,10.4,B004-P001,B062-P007
content/swipe/visuals/IMG_0146.jpeg,BBC1CA,light grey,grey,secondary,0.212,True,multiple,46,35,1.5,B023-P016;B026-P004;B025-P005;B044-P007;B024-P005;B046-P008;B057-P004;B053-P002,B022-P010;B044-P014;B036-P008;B036-P009;B043-P007;B046-P009;B023-P003;B036-P002
content/swipe/visuals/IMG_0146.jpeg,6F6B33,olive,green,accent,0.189,True,layer,1,17,7.1,B042-P018,B054-P007;B021-P002;B021-P016;B041-P005;B060-P005;B040-P002;B040-P003;B027-P008
content/swipe/visuals/IMG_0146.jpeg,6F6B33,olive,green,accent,0.189,True,top,0,17,12.5,,B062-P005;B047-P002;B047-P003;B051-P004;B032-P004;B030-P001;B042-P028;B055-P002
content/swipe/visuals/IMG_0146.jpeg,6F6B33,olive,green,accent,0.189,True,bottom,0,4,14.4,,B020-P003;B042-P040;B042-P041;B044-P010
content/swipe/visuals/IMG_0146.jpeg,6F6B33,olive,green,accent,0.189,True,shoes,0,2,16.4,,B029-P002;B062-P017
content/swipe/visuals/IMG_0146.jpeg,6F6B33,olive,green,accent,0.189,True,bag,0,1,19.0,,B056-P004
content/swipe/visuals/IMG_0146.jpeg,6F6B33,olive,green,accent,0.189,True,accessory,0,3,17.1,,B037-P008;B019-P002;B045-P004
content/swipe/visuals/IMG_0146.jpeg,6F6B33,olive,green,accent,0.189,True,base,0,1,15.6,,B062-P007
content/swipe/visuals/IMG_0146.jpeg,6F6B33,olive,green,accent,0.189,True,multiple,1,19,11.6,B062-P019,B039-P004;B042-P019;B023-P001;B021-P026;B022-P014;B023-P007;B046-P006;B049-P003
content/swipe/visuals/IMG_0146.jpeg,AA9A7F,tan,brown,secondary,0.186,True,layer,15,11,6.4,B021-P016;B027-P008;B048-P001;B041-P004;B060-P002;B021-P018;B046-P003;B021-P013,B021-P017;B054-P006;B043-P003;B059-P002;B058-P005;B059-P001;B060-P005;B037-P007
content/swipe/visuals/IMG_0146.jpeg,AA9A7F,tan,brown,secondary,0.186,True,top,20,24,4.0,B032-P004;B057-P006;B042-P029;B025-P003;B030-P002;B030-P003;B030-P001;B016-P003,B047-P003;B047-P002;B050-P004;B062-P002;B050-P005;B052-P002;B028-P014;B062-P015
content/swipe/visuals/IMG_0146.jpeg,AA9A7F,tan,brown,secondary,0.186,True,bottom,6,12,5.0,B021-P010;B007-P002;B042-P040;B021-P011;B042-P041;B044-P010,B050-P002;B051-P002;B042-P038;B050-P008;B051-P003;B050-P003;B050-P007;B051-P001
content/swipe/visuals/IMG_0146.jpeg,AA9A7F,tan,brown,secondary,0.186,True,dress,2,0,5.8,B042-P032;B042-P010,
content/swipe/visuals/IMG_0146.jpeg,AA9A7F,tan,brown,secondary,0.186,True,shoes,2,3,8.5,B029-P002;B053-P001,B062-P017;B001-P004;B009-P004
content/swipe/visuals/IMG_0146.jpeg,AA9A7F,tan,brown,secondary,0.186,True,accessory,1,2,11.5,B037-P008,B037-P009;B025-P008
content/swipe/visuals/IMG_0146.jpeg,AA9A7F,tan,brown,secondary,0.186,True,base,2,2,9.1,B003-P001;B004-P001,B026-P009;B005-P001
content/swipe/visuals/IMG_0146.jpeg,AA9A7F,tan,brown,secondary,0.186,True,multiple,45,33,3.1,B062-P020;B033-P002;B044-P004;B022-P018;B062-P018;B062-P019;B042-P002;B024-P008,B036-P007;B022-P013;B026-P007;B044-P007;B022-P021;B026-P001;B046-P010;B036-P006
content/swipe/visuals/IMG_0147.jpeg,6C5C4C,tobacco,brown,dominant,0.289,True,layer,19,29,1.4,B040-P003;B040-P002;B021-P002;B054-P007;B041-P005;B041-P004;B043-P003;B037-P007,B027-P005;B054-P001;B042-P016;B042-P035;B008-P003;B054-P002;B023-P012;B053-P006
content/swipe/visuals/IMG_0147.jpeg,6C5C4C,tobacco,brown,dominant,0.289,True,top,13,41,3.0,B027-P004;B055-P002;B062-P005;B057-P005;B030-P002;B032-P002;B051-P004;B059-P005,B028-P013;B052-P001;B008-P002;B031-P002;B041-P009;B042-P001;B040-P001;B053-P003
content/swipe/visuals/IMG_0147.jpeg,6C5C4C,tobacco,brown,dominant,0.289,True,bottom,3,6,1.5,B042-P041;B042-P040;B020-P003,B052-P003;B044-P010;B052-P004;B050-P002;B048-P003;B050-P003
content/swipe/visuals/IMG_0147.jpeg,6C5C4C,tobacco,brown,dominant,0.289,True,dress,0,2,17.9,,B041-P006;B041-P007
content/swipe/visuals/IMG_0147.jpeg,6C5C4C,tobacco,brown,dominant,0.289,True,shoes,4,4,7.0,B029-P002;B062-P017;B001-P004;B009-P004,B039-P003;B053-P001;B037-P004;B055-P001
content/swipe/visuals/IMG_0147.jpeg,6C5C4C,tobacco,brown,dominant,0.289,True,bag,1,1,10.2,B056-P004,B054-P003
content/swipe/visuals/IMG_0147.jpeg,6C5C4C,tobacco,brown,dominant,0.289,True,accessory,3,6,6.8,B019-P002;B037-P009;B037-P008,B055-P003;B031-P009;B032-P001;B021-P001;B020-P006;B021-P009
content/swipe/visuals/IMG_0147.jpeg,6C5C4C,tobacco,brown,dominant,0.289,True,base,0,5,12.1,,B062-P007;B002-P001;B005-P001;B062-P008;B003-P001
content/swipe/visuals/IMG_0147.jpeg,6C5C4C,tobacco,brown,dominant,0.289,True,multiple,22,52,2.6,B049-P003;B022-P013;B022-P014;B022-P020;B023-P010;B021-P026;B046-P006;B020-P005,B023-P011;B033-P002;B022-P017;B052-P007;B046-P010;B027-P011;B046-P009;B030-P005
content/swipe/visuals/IMG_0147.jpeg,EDE9ED,white,white,secondary,0.275,False,layer,10,8,3.3,B042-P020;B012-P002;B011-P006;B043-P002;B019-P004;B043-P004;B061-P003;B046-P003,B060-P006;B001-P001;B009-P001;B041-P004;B021-P016;B054-P006;B021-P017;B027-P008
content/swipe/visuals/IMG_0147.jpeg,EDE9ED,white,white,secondary,0.275,False,top,22,17,1.1,B057-P002;B026-P010;B011-P008;B010-P001;B010-P003;B062-P012;B011-P007;B062-P013,B042-P024;B012-P003;B062-P002;B052-P002;B062-P001;B038-P002;B042-P027;B057-P003
content/swipe/visuals/IMG_0147.jpeg,EDE9ED,white,white,secondary,0.275,False,bottom,9,3,3.9,B062-P021;B048-P003;B015-P004;B011-P002;B007-P002;B021-P010;B021-P011;B042-P039,B048-P002;B042-P041;B042-P040
content/swipe/visuals/IMG_0147.jpeg,EDE9ED,white,white,secondary,0.275,False,dress,1,0,9.1,B042-P032,
content/swipe/visuals/IMG_0147.jpeg,EDE9ED,white,white,secondary,0.275,False,shoes,0,1,13.9,,B062-P017
content/swipe/visuals/IMG_0147.jpeg,EDE9ED,white,white,secondary,0.275,False,accessory,3,0,3.4,B020-P006;B045-P004;B025-P008,
content/swipe/visuals/IMG_0147.jpeg,EDE9ED,white,white,secondary,0.275,False,base,2,0,5.4,B004-P001;B062-P007,
content/swipe/visuals/IMG_0147.jpeg,EDE9ED,white,white,secondary,0.275,False,multiple,37,32,3.1,B022-P003;B028-P011;B042-P036;B046-P009;B036-P002;B027-P010;B028-P006;B042-P005,B025-P006;B026-P004;B052-P007;B023-P009;B046-P010;B024-P003;B025-P007;B044-P020
content/swipe/visuals/IMG_0147.jpeg,9FA5B5,light grey,grey,secondary,0.252,True,layer,4,11,7.9,B059-P002;B060-P006;B043-P002;B058-P005,B059-P001;B062-P014;B011-P006;B041-P004;B043-P003;B021-P018;B037-P007;B042-P020
content/swipe/visuals/IMG_0147.jpeg,9FA5B5,light grey,grey,secondary,0.252,True,top,9,32,3.6,B007-P001;B042-P026;B057-P003;B042-P027;B011-P007;B011-P004;B012-P003;B055-P004,B062-P003;B028-P014;B062-P002;B057-P006;B058-P007;B025-P001;B052-P002;B062-P012
content/swipe/visuals/IMG_0147.jpeg,9FA5B5,light grey,grey,secondary,0.252,True,bottom,2,9,5.9,B048-P002;B048-P003,B015-P004;B011-P002;B007-P002;B042-P038;B021-P011;B021-P010;B052-P005;B042-P041
content/swipe/visuals/IMG_0147.jpeg,9FA5B5,light grey,grey,secondary,0.252,True,dress,0,2,17.7,,B042-P032;B042-P010
content/swipe/visuals/IMG_0147.jpeg,9FA5B5,light grey,grey,secondary,0.252,True,shoes,1,4,10.0,B062-P017,B001-P004;B009-P004;B001-P002;B009-P002
content/swipe/visuals/IMG_0147.jpeg,9FA5B5,light grey,grey,secondary,0.252,True,accessory,0,7,12.5,,B037-P008;B025-P008;B037-P009;B045-P004;B020-P006;B001-P003;B009-P003
content/swipe/visuals/IMG_0147.jpeg,9FA5B5,light grey,grey,secondary,0.252,True,base,0,2,15.4,,B004-P001;B005-P001
content/swipe/visuals/IMG_0147.jpeg,9FA5B5,light grey,grey,secondary,0.252,True,multiple,28,50,4.4,B022-P009;B006-P001;B036-P005;B026-P004;B044-P007;B024-P005;B044-P015;B022-P008,B025-P006;B026-P002;B023-P017;B023-P008;B023-P011;B024-P006;B044-P012;B018-P003
content/swipe/visuals/IMG_0147.jpeg,B8CBB1,sage,green,secondary,0.173,False,layer,0,16,13.1,,B061-P003;B058-P005;B043-P004;B019-P004;B043-P002;B011-P006;B001-P001;B009-P001
content/swipe/visuals/IMG_0147.jpeg,B8CBB1,sage,green,secondary,0.173,False,top,4,26,7.1,B062-P012;B039-P001;B062-P003;B062-P002,B062-P015;B025-P001;B042-P025;B042-P028;B033-P001;B038-P002;B042-P024;B062-P006
content/swipe/visuals/IMG_0147.jpeg,B8CBB1,sage,green,secondary,0.173,False,bottom,0,12,12.2,,B042-P038;B042-P039;B021-P011;B011-P002;B021-P010;B015-P004;B042-P040;B048-P003
content/swipe/visuals/IMG_0147.jpeg,B8CBB1,sage,green,secondary,0.173,False,dress,0,1,13.3,,B042-P032
content/swipe/visuals/IMG_0147.jpeg,B8CBB1,sage,green,secondary,0.173,False,shoes,0,1,12.4,,B062-P017
content/swipe/visuals/IMG_0147.jpeg,B8CBB1,sage,green,secondary,0.173,False,accessory,0,3,13.5,,B045-P004;B020-P006;B025-P008
content/swipe/visuals/IMG_0147.jpeg,B8CBB1,sage,green,secondary,0.173,False,base,0,1,14.5,,B004-P001
content/swipe/visuals/IMG_0147.jpeg,B8CBB1,sage,green,secondary,0.173,False,multiple,5,63,10.2,B025-P006;B025-P007;B036-P008;B043-P007;B036-P006,B021-P007;B033-P005;B026-P002;B044-P015;B023-P005;B045-P001;B044-P007;B044-P014
content/swipe/visuals/IMG_3454.png,D0D1DE,pale grey,cool neutral,dominant,0.38,True,layer,6,11,6.0,B011-P006;B042-P020;B043-P002;B058-P005;B012-P002;B019-P004,B060-P006;B043-P004;B061-P003;B046-P003;B048-P001;B041-P004;B059-P002;B001-P001
content/swipe/visuals/IMG_3454.png,D0D1DE,pale grey,cool neutral,dominant,0.38,True,top,25,14,0.5,B007-P001;B011-P007;B057-P006;B011-P008;B010-P001;B012-P003;B058-P007;B025-P001,B042-P026;B042-P025;B042-P024;B062-P006;B033-P001;B021-P012;B058-P002;B059-P003
content/swipe/visuals/IMG_3454.png,D0D1DE,pale grey,cool neutral,dominant,0.38,True,bottom,8,4,5.2,B015-P004;B011-P002;B007-P002;B048-P002;B048-P003;B062-P021;B021-P011;B021-P010,B042-P039;B042-P038;B042-P041;B042-P040
content/swipe/visuals/IMG_3454.png,D0D1DE,pale grey,cool neutral,dominant,0.38,True,dress,0,1,14.3,,B042-P032
content/swipe/visuals/IMG_3454.png,D0D1DE,pale grey,cool neutral,dominant,0.38,True,shoes,1,0,10.3,B062-P017,
content/swipe/visuals/IMG_3454.png,D0D1DE,pale grey,cool neutral,dominant,0.38,True,accessory,3,0,5.3,B025-P008;B045-P004;B020-P006,
content/swipe/visuals/IMG_3454.png,D0D1DE,pale grey,cool neutral,dominant,0.38,True,base,1,1,10.0,B004-P001,B062-P007
content/swipe/visuals/IMG_3454.png,D0D1DE,pale grey,cool neutral,dominant,0.38,True,multiple,40,34,2.1,B044-P012;B025-P005;B023-P016;B053-P002;B023-P011;B044-P006;B046-P008;B026-P004,B036-P006;B023-P005;B044-P014;B022-P010;B022-P016;B025-P006;B022-P002;B023-P003
content/swipe/visuals/IMG_3454.png,7E7874,stone,warm neutral,secondary,0.223,False,layer,13,21,2.8,B043-P003;B037-P007;B043-P002;B038-P001;B008-P003;B059-P001;B041-P004;B041-P005,B059-P002;B021-P002;B040-P003;B042-P018;B054-P002;B021-P016;B021-P014;B060-P004
content/swipe/visuals/IMG_3454.png,7E7874,stone,warm neutral,secondary,0.223,False,top,10,28,5.1,B062-P002;B016-P002;B042-P028;B030-P001;B062-P012;B031-P005;B055-P002;B030-P002,B027-P004;B016-P003;B062-P009;B028-P014;B034-P002;B057-P005;B021-P004;B055-P004
content/swipe/visuals/IMG_3454.png,7E7874,stone,warm neutral,secondary,0.223,False,bottom,4,8,5.5,B020-P003;B044-P010;B042-P040;B042-P041,B048-P002;B048-P003;B007-P002;B052-P005;B021-P010;B050-P003;B021-P011;B052-P004
content/swipe/visuals/IMG_3454.png,7E7874,stone,warm neutral,secondary,0.223,False,dress,0,2,17.4,,B042-P010;B042-P032
content/swipe/visuals/IMG_3454.png,7E7874,stone,warm neutral,secondary,0.223,False,shoes,4,2,2.4,B001-P004;B009-P004;B062-P017;B029-P002,B001-P002;B009-P002
content/swipe/visuals/IMG_3454.png,7E7874,stone,warm neutral,secondary,0.223,False,bag,1,0,8.9,B056-P004,
content/swipe/visuals/IMG_3454.png,7E7874,stone,warm neutral,secondary,0.223,False,accessory,3,2,5.2,B037-P009;B037-P008;B019-P002,B001-P003;B009-P003
content/swipe/visuals/IMG_3454.png,7E7874,stone,warm neutral,secondary,0.223,False,base,1,2,3.7,B005-P001,B002-P001;B003-P001
content/swipe/visuals/IMG_3454.png,7E7874,stone,warm neutral,secondary,0.223,False,multiple,25,50,4.4,B023-P010;B024-P006;B057-P004;B036-P007;B018-P003;B024-P003;B042-P019;B025-P004,B052-P007;B046-P008;B062-P020;B032-P003;B062-P019;B022-P008;B049-P003;B023-P014
content/swipe/visuals/IMG_3454.png,A86D99,mauve,purple,accent,0.171,True,layer,0,2,17.9,,B008-P003;B059-P001
content/swipe/visuals/IMG_3454.png,A86D99,mauve,purple,accent,0.171,True,top,1,1,10.4,B021-P012,B025-P003
content/swipe/visuals/IMG_3454.png,A86D99,mauve,purple,accent,0.171,True,shoes,0,1,19.1,,B062-P017
content/swipe/visuals/IMG_3454.png,A86D99,mauve,purple,accent,0.171,True,base,0,1,18.4,,B002-P001
content/swipe/visuals/IMG_3454.png,A86D99,mauve,purple,accent,0.171,True,multiple,0,1,12.5,,B006-P001
content/swipe/visuals/IMG_3454.png,7B4167,plum,purple,accent,0.165,True,layer,1,4,10.7,B060-P003,B060-P002;B013-P001;B060-P004;B015-P003
content/swipe/visuals/IMG_3454.png,7B4167,plum,purple,accent,0.165,True,top,0,10,12.3,,B053-P003;B062-P009;B057-P006;B059-P006;B021-P006;B062-P011;B057-P001;B034-P002
content/swipe/visuals/IMG_3454.png,7B4167,plum,purple,accent,0.165,True,bottom,0,1,12.2,,B021-P003
content/swipe/visuals/IMG_3454.png,7B4167,plum,purple,accent,0.165,True,shoes,0,2,20.0,,B001-P004;B009-P004
content/swipe/visuals/IMG_3454.png,7B4167,plum,purple,accent,0.165,True,bag,0,1,14.5,,B053-P005
content/swipe/visuals/IMG_3454.png,7B4167,plum,purple,accent,0.165,True,accessory,2,3,10.0,B021-P009;B020-P006,B021-P001;B031-P009;B032-P001
content/swipe/visuals/IMG_3454.png,7B4167,plum,purple,accent,0.165,True,base,0,3,13.9,,B002-P001;B026-P009;B005-P001
content/swipe/visuals/IMG_3454.png,7B4167,plum,purple,accent,0.165,True,multiple,0,7,12.8,,B046-P001;B006-P001;B016-P004;B033-P002;B046-P009;B036-P003;B021-P008
