product_id,batch_id,shop,shop_type,slot,garment_type,material_visible,pattern,weight,formality,shot_type,complete_in_frame,n_images,image_paths,brand,brand_confidence,brand_role,product_name,product_name_confidence,material,material_confidence,price,price_confidence,product_url,product_url_confidence,colour1_hex,colour1_share,colour1_L,colour1_C,colour1_h,colour1_rel_chroma,colour1_neutral,colour1_family,colour1_name,colour2_hex,colour2_share,colour2_family,colour2_name,colour3_hex,colour3_share,colour3_family,colour3_name,colour_confidence,colour_stability,asset_type,asset_path,asset_quality,colour_name_text,notes,validated,used_in,shelf,asset_choice,asset_box,recoloured,recolour_source,parent_id,asset_image,asset_base,brand_evidence
B001-P001,B001,arket.com,mono-brand,layer,single-breasted knee-length car coat,smooth cotton-look twill,solid,3,3,on model,yes,1,content/swipe/formats/IMG_0041.png,ARKET,given,not filed,CARCOAT,given,,input needed,€ 199,given,,input needed,D5C4A8,0.684,79.9,16.3,84.7,0.198,False,yellow,butter,A89779,0.129,brown,tan,0F0C0F,0.117,black,black,medium,stable,cutout_model,content/catalogue/assets/B001-P001.webp,good,,"model's head cropped; knit, jeans and black tote also in frame",,,,,,,,,,,
B001-P002,B001,arket.com,mono-brand,shoes,croc-embossed leather flat loafers,croc-embossed leather,solid,2,3,detail,yes,1,content/swipe/formats/IMG_0042.png,ARKET,given,not filed,,input needed,,input needed,€ 199,given,,input needed,1D1413,0.299,7.3,4.9,27.1,0.193,False,black,off-black,403432,0.258,warm neutral,taupe,304A69,0.246,blue,denim blue,medium,stable,cutout_model,content/catalogue/assets/B001-P002.webp,good,,lower-leg crop; price half hidden behind add-to-basket bar,,,,,,,,,,,
B001-P003,B001,arket.com,mono-brand,accessory,black leather belt with oval gold buckle,smooth leather,solid,1,2,detail,no,1,content/swipe/formats/IMG_0043.png,ARKET,given,not filed,LEDERGÜRTEL,given,,input needed,,input needed,,input needed,5E779B,0.573,49.4,22.3,271.1,0.465,False,blue,denim blue,385378,0.34,blue,denim blue,1F1A1D,0.066,black,black,low,stable,cutout_model,content/catalogue/assets/B001-P003.webp,good,,belt ends hidden behind body; white top and jeans in frame,,,,,,,,,,,
B001-P004,B001,massimodutti.com,mono-brand,shoes,pointed kitten-heel leather mules,smooth leather,solid,1,3,flat packshot,yes,1,content/swipe/formats/IMG_0045.png,Massimo Dutti,given,not filed,,input needed,Destalonierte Schuhe mit Absatz aus Rindsleder. Innenfutter und Decksohle aus Leder.,given,,input needed,,input needed,1E1412,0.378,7.4,5.6,32.6,0.261,False,brown,espresso,3A312F,0.283,warm neutral,taupe,5E5755,0.198,warm neutral,taupe,medium,stable,cutout_model,content/catalogue/assets/B001-P004.webp,good,,"Ref. 1402/850; three views; the 99,00 € shown is a shipping threshold",,,,,,,,,,,
B002-P001,B002,ovsfashion.com,mono-brand,base,lace-trim V-neck jersey camisole,fine jersey,solid,1,2,on model,yes,1,content/swipe/products/IMG_0004.png,OVS,given,not filed,Camisola interior castanha em viscose elástica com decote em V profundo e acabamento em renda,given,viscose elástica,given,"€ 9,95",given,,input needed,795A5C,0.934,41.5,13.6,16.3,0.193,False,red,burgundy,,,,,,,,,low,stable,cutout_model,content/catalogue/assets/B002-P001.webp,weak,Brown,colour swatch row white/brown/black; New Collection badge; briefs also shown,,,,,,,,,,,
B003-P001,B003,ovsfashion.com,mono-brand,base,"cotton-blend briefs, pack of three",fine jersey,solid,1,1,on model,yes,1,content/swipe/products/IMG_0005.png,OVS,given,not filed,Pack de 3 cuecas multicolor em mistura de algodão orgânico elástico,given,mistura de algodão orgânico elástico,given,"€ 9,95",given,,input needed,B99478,0.459,64.0,22.4,63.8,0.284,False,brown,tan,4A2E20,0.233,brown,espresso,755840,0.175,brown,tobacco,low,stable,cutout_model,content/catalogue/assets/B003-P001.webp,weak,Multicolour,camisole also worn; New Collection badge; price highlighted yellow,,,,,,,,,,,
B004-P001,B004,,unknown,base,triangle bralette and briefs set,fine jersey,solid,1,1,on model,yes,1,content/swipe/products/IMG_0006.jpeg,,input needed,not filed,,input needed,,input needed,,input needed,,input needed,E8E4DD,0.406,90.7,3.9,88.0,0.108,True,white,white,D0AB8E,0.306,brown,tan,CDC5BA,0.233,warm neutral,cream,low,stable,cutout_model,content/catalogue/assets/B004-P001.webp,good,,"bare image, no shop chrome; New Collection badge bottom-left",,,,,,,,,,,
B005-P001,B005,ovsfashion.com,mono-brand,base,lace-trim triangle bralette,fine jersey with lace trim,solid,1,2,flat packshot,yes,1,content/swipe/products/IMG_0007.png,OVS,given,not filed,,input needed,,input needed,,input needed,,input needed,483537,0.532,24.3,9.1,13.0,0.187,False,red,oxblood,282A2D,0.302,black,black,7D7C7D,0.166,grey,mid grey,medium,stable,tile,content/catalogue/assets/B005-P001.webp,good,,product title hidden behind promo bar; New Collection badge,,,,,,,,,,,
B006-P001,B006,,unknown,multiple,ribbed socks and lace-trim bralette,ribbed knit,mixed,2,1,listing grid,yes,1,content/swipe/products/IMG_0008.jpeg,,input needed,not filed,,input needed,,input needed,,input needed,,input needed,5B4541,0.372,31.5,10.7,34.6,0.159,False,brown,chocolate,C24776,0.32,pink,raspberry,9E9FA5,0.266,grey,light grey,medium,stable,tile,content/catalogue/assets/B006-P001.webp,usable,,six tiles; Made in Italy and New Collection badges; no prices visible; cut into 7 cells,,,hidden,,,,,,,,
B007-P001,B007,ovsfashion.com,multi-brand,top,striped poplin button-front shirt,poplin,stripe,1,3,on model,yes,1,content/swipe/products/IMG_0009.png,PIOMBO,given,not filed,,input needed,,input needed,,input needed,,input needed,CDCDDB,0.361,82.8,7.4,290.8,0.265,False,cool neutral,pale grey,180D0C,0.249,black,off-black,898595,0.24,grey,mid grey,medium,stable,cutout_model,content/catalogue/assets/B007-P001.webp,good,,product title hidden behind promo bar; denim skirt in frame,,,,,,,,,,,
B007-P002,B007,ovsfashion.com,multi-brand,bottom,wide-leg five-pocket ecru trousers,denim-look twill,solid,2,2,on model,yes,1,content/swipe/products/IMG_0010.png,PIOMBO,given,not filed,,input needed,,input needed,,input needed,,input needed,DED3D0,0.688,85.3,4.3,41.0,0.192,False,warm neutral,cream,B6A292,0.254,warm neutral,oatmeal,2C1910,0.059,brown,espresso,medium,stable,cutout_model,content/catalogue/assets/B007-P002.webp,good,,title hidden behind promo bar; printed tee and brown boots in frame,,,,,,,,,,,
B007-P003,B007,ovsfashion.com,multi-brand,top,fine-knit polo-collar jumper,fine knit,solid,2,3,on model,no,2,content/swipe/products/IMG_0011.png;content/swipe/products/IMG_0012.png,LES COPAINS,given,not filed,,input needed,,input needed,,input needed,,input needed,2B4364,0.432,28.0,22.3,273.9,0.65,False,blue,navy,17141A,0.317,black,off-black,3D261D,0.162,brown,espresso,low,stable,cutout_model,content/catalogue/assets/B007-P003.webp,good,,"seated pose hides hem; blue shirt, jeans and belt in frame",,,,,,,,,,,
B008-P001,B008,ovsfashion.com,mono-brand,layer,V-neck sleeveless knitted vest,fine knit,solid,2,3,on model,yes,1,content/swipe/products/IMG_0013.png,LES COPAINS,given,not filed,,input needed,,input needed,,input needed,,input needed,282B34,0.425,17.6,6.3,279.8,0.21,False,blue,navy,1A161B,0.224,black,off-black,7C6269,0.186,grey,mid grey,medium,stable,cutout_model,content/catalogue/assets/B008-P001.webp,good,,title hidden behind promo bar; striped shirt and denim skirt in frame,,,,,,,,,,,
B008-P002,B008,ovsfashion.com,mono-brand,top,short-sleeve knitted polo top,fine knit,solid,2,3,on model,yes,1,content/swipe/products/IMG_0014.png,LES COPAINS,given,not filed,,input needed,,input needed,,input needed,,input needed,120E0F,0.371,4.3,1.6,0.8,0.08,True,black,black,4E4C51,0.306,grey,dark grey,27262B,0.212,black,black,low,stable,cutout_model,content/catalogue/assets/B008-P002.webp,good,,seated pose; title hidden behind promo bar; black trousers in frame,,,,,,,,,,,
B008-P003,B008,ovsfashion.com,mono-brand,layer,crew-neck button-front fine-knit cardigan,fine knit,marl,2,3,on model,yes,1,content/swipe/products/IMG_0015.png,LES COPAINS,given,not filed,,input needed,,input needed,,input needed,,input needed,867474,0.485,50.5,7.4,20.3,0.09,True,grey,mid grey,2F2321,0.214,brown,espresso,4A5366,0.167,blue,denim blue,low,stable,cutout_model,content/catalogue/assets/B008-P003.webp,good,,title hidden behind promo bar; jeans in frame,,,,,,,,,,,
B008-P003-V2,B008,ovsfashion.com,mono-brand,layer,crew-neck button-front fine-knit cardigan,fine knit,marl,2,3,on model,yes,1,content/swipe/products/IMG_0016.png,LES COPAINS,given,not filed,,input needed,,input needed,,input needed,,input needed,485E76,0.826,39.1,16.3,264.0,0.459,False,blue,denim blue,DAD5D7,0.113,cool neutral,pale grey,,,,,high,stable,cutout_model,content/catalogue/assets/B008-P003-V2.webp,good,,split out of B008-P003 by colour; slot and garment type are the parent's and may describe the parent's garment — worth a look,,,,,,,,,,,
B009-P001,B009,arket.com,mono-brand,layer,single-breasted knee-length car coat,smooth cotton-look twill,solid,3,3,on model,yes,1,content/swipe/products/IMG_0041.png,ARKET,given,not filed,CARCOAT,given,,input needed,€ 199,given,,input needed,D5C4A8,0.684,79.9,16.3,84.7,0.198,False,yellow,butter,A89779,0.129,brown,tan,0F0C0F,0.117,black,black,medium,stable,cutout_model,content/catalogue/assets/B009-P001.webp,good,,byte-identical duplicate of B001-P001; model's head cropped,,,,,,,,,,,
B009-P002,B009,arket.com,mono-brand,shoes,croc-embossed leather flat loafers,croc-embossed leather,solid,2,3,detail,yes,1,content/swipe/products/IMG_0042.png,ARKET,given,not filed,,input needed,,input needed,€ 199,given,,input needed,1D1413,0.299,7.3,4.9,27.1,0.193,False,black,off-black,403432,0.258,warm neutral,taupe,304A69,0.246,blue,denim blue,medium,stable,cutout_model,content/catalogue/assets/B009-P002.webp,good,,byte-identical duplicate of B001-P002; price half hidden behind bar,,,,,,,,,,,
B009-P003,B009,arket.com,mono-brand,accessory,black leather belt with oval gold buckle,smooth leather,solid,1,2,detail,no,1,content/swipe/products/IMG_0043.png,ARKET,given,not filed,LEDERGÜRTEL,given,,input needed,,input needed,,input needed,5E779B,0.573,49.4,22.3,271.1,0.465,False,blue,denim blue,385378,0.34,blue,denim blue,1F1A1D,0.066,black,black,low,stable,cutout_model,content/catalogue/assets/B009-P003.webp,good,,byte-identical duplicate of B001-P003; belt ends hidden behind body,,,,,,,,,,,
B009-P004,B009,massimodutti.com,mono-brand,shoes,pointed kitten-heel leather mules,smooth leather,solid,1,3,flat packshot,yes,1,content/swipe/products/IMG_0045.png,Massimo Dutti,given,not filed,,input needed,Destalonierte Schuhe mit Absatz aus Rindsleder. Innenfutter und Decksohle aus Leder.,given,,input needed,,input needed,1E1412,0.378,7.4,5.6,32.6,0.261,False,brown,espresso,3A312F,0.283,warm neutral,taupe,5E5755,0.198,warm neutral,taupe,medium,stable,cutout_model,content/catalogue/assets/B009-P004.webp,good,,byte-identical duplicate of B001-P004; Ref. 1402/850,,,,,,,,,,,
B010-P001,B010,aspesi.com,mono-brand,top,white poplin button-front shirt,poplin,solid,1,3,flat packshot,yes,1,content/swipe/products/IMG_0171.png,ASPESI,given,recommend,,input needed,,input needed,,input needed,,input needed,EEEEF2,0.977,94.2,2.1,290.3,0.222,False,white,white,,,,,,,,,medium,stable,cutout_flat,content/catalogue/assets/B010-P001.webp,weak,,ASPESI neck label legible; Search this screen overlay,,,,,,,,,,,
B010-P001-V2,B010,aspesi.com,mono-brand,top,white poplin button-front shirt,poplin,solid,1,3,flat packshot,yes,1,content/swipe/products/IMG_0172.png,ASPESI,given,recommend,,input needed,,input needed,,input needed,,input needed,432B21,0.455,20.2,14.7,48.6,0.369,False,brown,espresso,25140E,0.294,brown,espresso,CAC1C4,0.178,cool neutral,pale grey,low,stable,cutout_flat,content/catalogue/assets/B010-P001-V2.webp,weak,,split out of B010-P001 by colour; slot and garment type are the parent's and may describe the parent's garment — worth a look,,,,,,,,,,,
B010-P001-V3,B010,aspesi.com,mono-brand,top,white poplin button-front shirt,poplin,solid,1,3,flat packshot,yes,1,content/swipe/products/IMG_0173.png,ASPESI,given,recommend,,input needed,,input needed,,input needed,,input needed,98B8F5,0.962,74.5,33.9,276.6,0.861,False,blue,sky,,,,,,,,,high,stable,cutout_flat,content/catalogue/assets/B010-P001-V3.webp,weak,,split out of B010-P001 by colour; slot and garment type are the parent's and may describe the parent's garment — worth a look,,,,,,,,,,,
B010-P002,B010,aspesi.com,mono-brand,multiple,blue poplin shirt with navy full midi skirt,poplin,solid,2,3,on model,yes,1,content/swipe/products/IMG_0174.png,ASPESI,guessed,recommend,,input needed,,input needed,,input needed,,input needed,1D2127,0.693,12.6,4.6,268.3,0.234,False,black,off-black,9FBDF9,0.185,blue,sky,7998D7,0.093,purple,violet,medium,stable,cutout_model,content/catalogue/assets/B010-P002.webp,good,,"full look, no product text on screen; brown loafers in frame",,,,,,,,,,,
B010-P003,B010,aspesi.com,mono-brand,top,cream short-sleeve open-collar knit polo,fine knit,solid,2,2,flat packshot,yes,1,content/swipe/products/IMG_0175.png,ASPESI,given,recommend,,input needed,,input needed,,input needed,,input needed,1B1B1D,0.887,9.8,1.5,290.7,0.045,True,black,black,B9B9BC,0.058,grey,light grey,,,,,high,stable,cutout_flat,content/catalogue/assets/B010-P003.webp,good,,image viewer with four thumbnails; Google Translate bar; ASPESI neck label,,,,,,,,,,,
B010-P003-V2,B010,aspesi.com,mono-brand,top,cream short-sleeve open-collar knit polo,fine knit,solid,2,2,flat packshot,yes,1,content/swipe/products/IMG_0176.png,ASPESI,given,recommend,,input needed,,input needed,,input needed,,input needed,493B2C,0.422,25.9,12.2,72.8,0.325,False,brown,chocolate,635543,0.296,brown,tobacco,C3BEBB,0.157,warm neutral,oatmeal,high,stable,cutout_flat,content/catalogue/assets/B010-P003-V2.webp,good,,split out of B010-P003 by colour; slot and garment type are the parent's and may describe the parent's garment — worth a look,,,,,,,,,,,
B010-P004,B010,aspesi.com,mono-brand,top,navy short-sleeve open-collar knit polo,fine knit,solid,2,2,flat packshot,yes,1,content/swipe/products/IMG_0177.png,ASPESI,given,recommend,,input needed,,input needed,,input needed,,input needed,181D29,0.999,10.8,9.0,279.2,0.378,False,blue,navy,,,,,,,,,high,stable,cutout_flat,content/catalogue/assets/B010-P004.webp,good,,same style as B010-P003 in navy; ASPESI neck label legible,,,,,,,,,,,
B010-P005,B010,aspesi.com,mono-brand,top,pink short-sleeve open-collar knit polo,fine knit,solid,2,2,flat packshot,yes,1,content/swipe/products/IMG_0178.png,ASPESI,given,recommend,MAGLIA IN PURO COTONE,given,filato puro cotone,given,"€120,00",given,,input needed,777777,0.318,50.0,0.0,158.2,0.0,True,grey,mid grey,9F9F9F,0.283,grey,light grey,CBCBCB,0.252,cool neutral,pale grey,high,stable,cutout_flat,content/catalogue/assets/B010-P005.webp,good,ROSA,"five colour swatches; reduced from €200,00 -40%; on-model shot below",,,,,,,,,,,
B010-P005-V2,B010,aspesi.com,mono-brand,top,pink short-sleeve open-collar knit polo,fine knit,solid,2,2,flat packshot,yes,1,content/swipe/products/IMG_0179.png,ASPESI,given,recommend,MAGLIA IN PURO COTONE,given,filato puro cotone,given,"€120,00",given,,input needed,DDCBC6,0.715,83.0,7.2,41.2,0.269,False,warm neutral,cream,B5B0B0,0.262,grey,light grey,,,,,low,stable,cutout_flat,content/catalogue/assets/B010-P005-V2.webp,good,,split out of B010-P005 by colour; slot and garment type are the parent's and may describe the parent's garment — worth a look,,,,,,,,,,,
B010-P005-V3,B010,aspesi.com,mono-brand,top,pink short-sleeve open-collar knit polo,fine knit,solid,2,2,flat packshot,yes,1,content/swipe/products/IMG_0180.png,ASPESI,given,recommend,MAGLIA IN PURO COTONE,given,filato puro cotone,given,"€120,00",given,,input needed,61A5E1,0.97,65.7,37.1,263.4,0.711,False,blue,steel blue,,,,,,,,,high,stable,cutout_flat,content/catalogue/assets/B010-P005-V3.webp,good,,split out of B010-P005 by colour; slot and garment type are the parent's and may describe the parent's garment — worth a look,,,,,,,,,,,
B010-P005-V4,B010,aspesi.com,mono-brand,top,pink short-sleeve open-collar knit polo,fine knit,solid,2,2,flat packshot,yes,2,content/swipe/products/IMG_0181.png;content/swipe/products/IMG_0182.png,ASPESI,given,recommend,MAGLIA IN PURO COTONE,given,filato puro cotone,given,"€120,00",given,,input needed,17161B,0.952,7.5,3.8,298.5,0.091,True,black,black,,,,,,,,,high,stable,cutout_flat,content/catalogue/assets/B010-P005-V4.webp,good,,split out of B010-P005 by colour; slot and garment type are the parent's and may describe the parent's garment — worth a look,,,,,,,,,,,
B011-P001,B011,aspesi.com,mono-brand,bottom,navy wide-leg gabardine trousers,smooth gabardine twill,solid,2,3,flat packshot,yes,1,content/swipe/products/IMG_0183.png,ASPESI,given,recommend,PANTALONE IN GABARDINA COTONE E LINO TINTO CAPO,given,gabardine di cotone lino tinto capo,given,"€325,00",given,,input needed,161A25,0.922,9.3,8.3,280.8,0.355,False,blue,navy,514F44,0.056,warm neutral,taupe,,,,,medium,stable,cutout_flat,content/catalogue/assets/B011-P001.webp,good,NAVY,four colour swatches; on-model shot below with olive overshirt,,,,,,,,,,,
B011-P002,B011,aspesi.com,mono-brand,bottom,wide-leg trousers shown in four colourways,smooth twill,solid,2,3,listing grid,yes,1,content/swipe/products/IMG_0184.png,ASPESI,guessed,recommend,,input needed,,input needed,"€325,00",given,,input needed,D8D8D8,0.476,86.3,0.0,158.2,0.0,True,cool neutral,pale grey,1D1E25,0.425,blue,navy,737061,0.099,green,olive,medium,stable,tile,content/catalogue/assets/B011-P002.webp,good,NAVY,"zoomed page: price, colour swatch row, size row; no wordmark",,,,,,,,,,,
B011-P003,B011,aspesi.com,mono-brand,top,chambray button-front shirt,chambray,solid,1,3,flat packshot,yes,1,content/swipe/products/IMG_0185.png,ASPESI,given,recommend,CAMICIA IN CHAMBRAY DI COTONE,given,popeline di cotone,given,"€230,00",given,,input needed,728DAE,0.911,57.7,20.5,266.2,0.415,False,blue,steel blue,,,,,,,,,medium,stable,cutout_flat,content/catalogue/assets/B011-P003.webp,good,DENIM CHIARO,one colour swatch; on-model shot below with denim jacket,,,,,,,,,,,
B011-P004,B011,aspesi.com,mono-brand,top,chambray button-front shirt,chambray,solid,1,3,flat packshot,yes,1,content/swipe/products/IMG_0186.png,ASPESI,given,recommend,,input needed,,input needed,,input needed,,input needed,7590B1,0.962,58.9,20.4,266.1,0.408,False,blue,steel blue,,,,,,,,,high,stable,cutout_flat,content/catalogue/assets/B011-P004.webp,good,,full-screen image viewer 1/4; ASPESI neck label legible,,,,,,,,,,,
B011-P005,B011,aspesi.com,mono-brand,layer,technical taffeta overcoat,crisp technical taffeta,solid,3,3,flat packshot,yes,2,content/swipe/products/IMG_0187.png;content/swipe/products/IMG_0188.png,ASPESI,given,recommend,SOPRABITO IN TAFFETA TECNICO,given,poliestere tecnico mano taffetas,given,"€490,00",given,,input needed,1A1E26,0.931,11.2,6.1,274.7,0.28,False,blue,navy,,,,,,,,,medium,stable,cutout_flat,content/catalogue/assets/B011-P005.webp,good,BLU NERO,two colour swatches; wide 7/8 sleeves; on-model shot below,,,,,,,,,,,
B011-P006,B011,aspesi.com,mono-brand,layer,single-breasted lightweight coat,smooth matte woven,solid,2,2,flat packshot,yes,1,content/swipe/products/IMG_0189.png,ASPESI,guessed,recommend,,input needed,,input needed,,input needed,,input needed,D5D6D7,0.809,85.6,0.6,255.5,0.028,True,cool neutral,pale grey,A29686,0.09,warm neutral,oatmeal,1E1D1F,0.079,black,black,medium,stable,cutout_model,content/catalogue/assets/B011-P006.webp,usable,NAVY,"zoomed colour swatch row, three colourways, size row XXS-L",,,,,,,,,,,
B011-P007,B011,aspesi.com,mono-brand,top,long-sleeve button-front shirt,crisp plain weave,solid,1,2,flat packshot,yes,1,content/swipe/products/IMG_0190.png,ASPESI,given,recommend,CAMICIA MOD.5422 IN LINO,given,,input needed,"€240,00",given,,input needed,E5E1E6,0.867,90.0,3.0,318.9,0.131,True,cool neutral,pale grey,A8A0A4,0.09,grey,light grey,,,,,medium,stable,cutout_model,content/catalogue/assets/B011-P007.webp,good,BIANCO,on-model shot below packshot; Composizione accordion collapsed,,,,,,,,,,,
B011-P008,B011,aspesi.com,mono-brand,top,long-sleeve button-front shirt,fine plain weave,solid,1,2,flat packshot,yes,1,content/swipe/products/IMG_0191.png,ASPESI,given,recommend,,input needed,,input needed,,input needed,,input needed,E4E2E7,0.98,90.2,2.7,305.6,0.149,True,white,white,,,,,,,,,high,stable,cutout_flat,content/catalogue/assets/B011-P008.webp,good,,image lightbox 1/4 with thumbnail strip; brand on collar label,,,,,,,,,,,
B012-P001,B012,aspesi.com,mono-brand,layer,padded nylon shirt jacket,glossy nylon,solid,3,2,flat packshot,yes,1,content/swipe/products/IMG_0192.png,ASPESI,given,recommend,GIACCA CAMICIA GLUE,given,in nylon leggero con imbottitura Thermore media,given,"€290,00",given,,input needed,51432F,0.876,29.3,14.6,79.3,0.37,False,brown,chocolate,1D160D,0.105,brown,espresso,,,,,medium,stable,cutout_flat,content/catalogue/assets/B012-P001.webp,good,MILITARE,four colourway swatches; on-model shot below,,,,,,,,,,,
B012-P002,B012,aspesi.com,mono-brand,layer,padded nylon shirt jacket,glossy nylon,solid,3,2,flat packshot,no,1,content/swipe/products/IMG_0193.png,ASPESI,guessed,recommend,GIACCA CAMICIA GLUE,given,in nylon leggero,given,"€290,00",given,,input needed,FAFAFB,0.603,98.3,0.5,290.2,0.188,False,white,white,29292C,0.257,black,black,030303,0.091,black,black,medium,stable,cutout_flat,content/catalogue/assets/B012-P002.webp,good,NERO,"zoomed page, packshot cropped at left, four colourway swatches",,,,,,,,,,,
B012-P003,B012,aspesi.com,mono-brand,top,classic cotton poplin shirt,poplin,solid,1,2,flat packshot,yes,2,content/swipe/products/IMG_0194.png;content/swipe/products/IMG_0195.png,ASPESI,given,recommend,CAMICIA IN POPELINE DI COTONE,given,in popeline di cotone,given,"€250,00",given,,input needed,101115,0.805,5.1,2.5,281.4,0.128,True,black,black,CAD2DE,0.147,blue,sky,,,,,medium,stable,cutout_flat,content/catalogue/assets/B012-P003.webp,good,AZZURRO,two colourway swatches; sizes 34 and 48 struck through,,,,,,,,,,,
B012-P003-V2,B012,aspesi.com,mono-brand,top,classic cotton poplin shirt,poplin,solid,1,2,flat packshot,yes,1,content/swipe/products/IMG_0196.png,ASPESI,given,recommend,CAMICIA IN POPELINE DI COTONE,given,in popeline di cotone,given,"€250,00",given,,input needed,C7B9AC,0.493,76.0,8.8,71.8,0.121,True,warm neutral,oatmeal,303037,0.236,grey,dark grey,1E1A1C,0.139,black,black,high,stable,cutout_flat,content/catalogue/assets/B012-P003-V2.webp,good,,split out of B012-P003 by colour; slot and garment type are the parent's and may describe the parent's garment — worth a look,,,,,,,,,,,
B012-P004,B012,aspesi.com,mono-brand,layer,hooded padded nylon jacket,matte nylon,solid,3,2,flat packshot,yes,1,content/swipe/products/IMG_0197.png,ASPESI,guessed,recommend,,input needed,,input needed,,input needed,,input needed,292A31,0.957,17.2,4.9,286.1,0.136,True,black,off-black,,,,,,,,,high,stable,cutout_flat,content/catalogue/assets/B012-P004.webp,good,,image lightbox 1/4 with thumbnail strip below,,,,,,,,,,,
B013-P001,B013,aspesi.com,mono-brand,layer,double-breasted belted wool trench coat,gabardine twill,solid,3,3,flat packshot,yes,2,content/swipe/products/IMG_0198.png;content/swipe/products/IMG_0200.png,ASPESI,given,recommend,TRENCH DOPPIO PETTO IN GABARDINE DI LANA VERGINE,given,in pregiata gabardine di pura lana vergine e foderato in morbida saglia di viscosa,given,"€1.100,00",given,,input needed,3E2225,0.951,17.0,14.4,15.2,0.357,False,red,oxblood,,,,,,,,,high,stable,cutout_flat,content/catalogue/assets/B013-P001.webp,good,BARBERA,"on-model shot below; sizes 34, 46, 48 struck through",,,,,,,,,,,
B013-P001-V2,B013,aspesi.com,mono-brand,layer,double-breasted belted wool trench coat,gabardine twill,solid,3,3,flat packshot,yes,1,content/swipe/products/IMG_0199.png,ASPESI,given,recommend,TRENCH DOPPIO PETTO IN GABARDINE DI LANA VERGINE,given,in pregiata gabardine di pura lana vergine e foderato in morbida saglia di viscosa,given,"€1.100,00",given,,input needed,8192B2,0.968,60.3,18.8,274.1,0.314,False,blue,steel blue,,,,,,,,,high,stable,cutout_flat,content/catalogue/assets/B013-P001-V2.webp,good,,split out of B013-P001 by colour; slot and garment type are the parent's and may describe the parent's garment — worth a look,,,,,,,,,,,
B013-P001-V3,B013,aspesi.com,mono-brand,layer,double-breasted belted wool trench coat,gabardine twill,solid,3,3,flat packshot,yes,1,content/swipe/products/IMG_0201.png,ASPESI,given,recommend,TRENCH DOPPIO PETTO IN GABARDINE DI LANA VERGINE,given,in pregiata gabardine di pura lana vergine e foderato in morbida saglia di viscosa,given,"€1.100,00",given,,input needed,B89671,0.99,64.3,25.5,72.8,0.348,False,brown,tan,,,,,,,,,high,stable,cutout_flat,content/catalogue/assets/B013-P001-V3.webp,good,,split out of B013-P001 by colour; slot and garment type are the parent's and may describe the parent's garment — worth a look,,,,,,,,,,,
B014-P001,B014,aspesi.com,mono-brand,top,boat-neck merino knit jumper,fine jersey knit,solid,2,2,flat packshot,yes,1,content/swipe/products/IMG_0202.png,ASPESI,given,recommend,MAGLIA CON SCOLLO A BARCHETTA IN LANA MERINO,given,in lana merino con lavorazione rasata,given,"€250,00",given,,input needed,4A2737,0.988,20.8,19.1,350.6,0.423,False,red,oxblood,,,,,,,,,high,stable,cutout_flat,content/catalogue/assets/B014-P001.webp,good,BARBERA,"three colourway swatches; sizes 44, 46, 48 struck through",,,,,,,,,,,
B014-P001-V2,B014,aspesi.com,mono-brand,top,boat-neck merino knit jumper,fine jersey knit,solid,2,2,flat packshot,yes,1,content/swipe/products/IMG_0203.png,ASPESI,given,recommend,MAGLIA CON SCOLLO A BARCHETTA IN LANA MERINO,given,in lana merino con lavorazione rasata,given,"€250,00",given,,input needed,506684,0.971,42.6,19.3,269.7,0.46,False,blue,denim blue,,,,,,,,,high,stable,cutout_flat,content/catalogue/assets/B014-P001-V2.webp,good,,split out of B014-P001 by colour; slot and garment type are the parent's and may describe the parent's garment — worth a look,,,,,,,,,,,
B014-P001-V3,B014,aspesi.com,mono-brand,top,boat-neck merino knit jumper,fine jersey knit,solid,2,2,flat packshot,yes,1,content/swipe/products/IMG_0204.png,ASPESI,given,recommend,MAGLIA CON SCOLLO A BARCHETTA IN LANA MERINO,given,in lana merino con lavorazione rasata,given,"€250,00",given,,input needed,60622C,0.969,40.3,31.5,107.1,0.644,False,green,olive,,,,,,,,,high,stable,cutout_flat,content/catalogue/assets/B014-P001-V3.webp,good,,split out of B014-P001 by colour; slot and garment type are the parent's and may describe the parent's garment — worth a look,,,,,,,,,,,
B014-P001-V4,B014,aspesi.com,mono-brand,top,boat-neck merino knit jumper,fine jersey knit,solid,2,2,flat packshot,yes,1,content/swipe/products/IMG_0205.jpeg,ASPESI,given,recommend,MAGLIA CON SCOLLO A BARCHETTA IN LANA MERINO,given,in lana merino con lavorazione rasata,given,"€250,00",given,,input needed,9C3125,0.953,36.7,54.3,36.3,0.715,False,orange,rust,,,,,,,,,high,stable,cutout_flat,content/catalogue/assets/B014-P001-V4.webp,good,,split out of B014-P001 by colour; slot and garment type are the parent's and may describe the parent's garment — worth a look,,,,,,,,,,,
B015-P001,B015,aspesi.com,mono-brand,bottom,flared technical-fabric midi skirt,taffeta-look technical woven,solid,2,3,flat packshot,yes,3,content/swipe/products/IMG_0206.png;content/swipe/products/IMG_0207.png;content/swipe/products/IMG_0208.png,ASPESI,given,recommend,GONNA SVASATA IN TESSUTO TECNICO,given,in poliestere tecnico,given,"€310,00",given,,input needed,202830,0.687,15.7,6.5,259.6,0.34,False,blue,navy,111417,0.286,black,black,,,,,medium,stable,cutout_flat,content/catalogue/assets/B015-P001.webp,good,BLU NERO,"three colourway swatches; XXS, XL, XXL struck through",,,,,,,,,,,
B015-P002,B015,aspesi.com,mono-brand,bottom,pleated check modal maxi skirt,plisse pleated fine woven,check,1,3,on model,yes,1,content/swipe/products/IMG_0209.png,ASPESI,given,recommend,GONNA LUNGA PLISSE IN MODAL CON MOTIVO CHECK,given,in tessuto modal dalla mano fluida,given,"€850,00",given,,input needed,182138,0.558,13.0,16.7,283.6,0.574,False,blue,navy,141317,0.345,black,black,322B2E,0.096,black,black,medium,stable,cutout_model,content/catalogue/assets/B015-P002.webp,good,BLU,rear on-model view plus close detail; Shop the look below,,,,,,,,,,,
B015-P003,B015,aspesi.com,mono-brand,layer,padded technical-fabric jacket,glossy technical woven,solid,3,2,flat packshot,yes,1,content/swipe/products/IMG_0210.png,ASPESI,given,recommend,GIACCA IN TESSUTO TECNICO IMBOTTITA CON OVATTA THERMORE®,given,in resistente poliestere tecnico e imbottita con ovatta Thermore®,given,"€490,00",given,,input needed,B04722,0.56,44.0,58.9,46.0,0.755,False,orange,rust,D26642,0.276,orange,terracotta,3D2021,0.118,red,oxblood,medium,stable,cutout_model,content/catalogue/assets/B015-P003.webp,good,ZUCCA,"four colourway swatches; XXS, S, XL, XXL struck through",,,,,,,,,,,
B015-P004,B015,aspesi.com,mono-brand,bottom,wide-leg smooth velvet trousers,smooth velvet,solid,2,2,flat packshot,yes,1,content/swipe/products/IMG_0211.png,ASPESI,given,recommend,PANTALONE AMPIO IN VELLUTO LISCIO,given,in velluto liscio di cotone tinto in capo,given,"€340,00",given,,input needed,DFDEE0,0.957,88.6,1.1,309.1,0.05,True,cool neutral,pale grey,,,,,,,,,medium,stable,cutout_model,content/catalogue/assets/B015-P004.webp,good,PANNA,four colourway swatches; sizes 46 and 48 struck through,,,,,,,,,,,
B015-P005,B015,aspesi.com,mono-brand,bottom,wide-leg smooth velvet trousers,smooth velvet,solid,2,2,on model,yes,1,content/swipe/products/IMG_0212.png,ASPESI,given,recommend,PANTALONE AMPIO IN VELLUTO LISCIO,given,in velluto liscio di cotone tinto in capo,given,"€340,00",given,,input needed,241215,0.926,7.8,10.0,9.8,0.351,False,red,oxblood,,,,,,,,,medium,stable,cutout_model,content/catalogue/assets/B015-P005.webp,good,BARBERA,rear on-model view plus back-pocket detail; several sizes struck through,,,,,,,,,,,
B016-P001,B016,aspesi.com,mono-brand,bottom,wide-leg smooth velvet trousers,smooth velvet,solid,2,2,flat packshot,yes,1,content/swipe/products/IMG_0213.png,ASPESI,given,recommend,PANTALONE AMPIO IN VELLUTO LISCIO,given,in velluto liscio di cotone tinto in capo,given,"€340,00",given,,input needed,31151C,0.964,11.1,15.2,5.9,0.47,False,red,oxblood,,,,,,,,,high,stable,cutout_flat,content/catalogue/assets/B016-P001.webp,good,BARBERA,four colourway swatches; on-model shot with teddy coat below,,,,,,,,,,,
B016-P001-V2,B016,aspesi.com,mono-brand,bottom,wide-leg smooth velvet trousers,smooth velvet,solid,2,2,flat packshot,yes,1,content/swipe/products/IMG_0214.png,ASPESI,given,recommend,PANTALONE AMPIO IN VELLUTO LISCIO,given,in velluto liscio di cotone tinto in capo,given,"€340,00",given,,input needed,4F2F20,0.538,23.0,20.3,50.8,0.47,False,brown,chocolate,BAB1B0,0.312,grey,light grey,988984,0.151,warm neutral,stone,low,stable,cutout_flat,content/catalogue/assets/B016-P001-V2.webp,good,,split out of B016-P001 by colour; slot and garment type are the parent's and may describe the parent's garment — worth a look,,,,,,,,,,,
B016-P002,B016,aspesi.com,mono-brand,top,v-neck fine knit jumper,fine knit,solid,2,2,flat packshot,yes,1,content/swipe/products/IMG_0215.png,ASPESI,guessed,recommend,,input needed,,input needed,"€250,00",given,,input needed,797A7F,0.513,51.3,2.9,282.8,0.045,True,grey,mid grey,9B4E31,0.477,orange,rust,,,,,low,stable,cutout_flat,content/catalogue/assets/B016-P002.webp,good,MARRONE,zoomed page; colour swatch row of four colourways,,,,,,,,,,,
B016-P003,B016,aspesi.com,mono-brand,top,v-neck wool yak cashmere jumper,brushed fine knit,marl,2,2,flat packshot,yes,1,content/swipe/products/IMG_0216.png,ASPESI,given,recommend,"MAGLIA CON SCOLLO A V IN LANA, YAK E CASHMERE",given,"in un pregiato filato di lana, yak e cashmere",given,"€290,00",given,,input needed,AD9786,0.938,63.9,13.1,65.7,0.17,False,brown,tan,,,,,,,,,medium,stable,cutout_model,content/catalogue/assets/B016-P003.webp,good,TORTORA,two colourway swatches; size 48 struck through,,,,,,,,,,,
B016-P004,B016,aspesi.com,mono-brand,multiple,crew-neck and mock-neck knit jumpers,fine knit,solid,2,2,listing grid,no,1,content/swipe/products/IMG_0217.jpeg,ASPESI,given,recommend,Maglia girocollo in lana merino / Maglia dolcevita in lana merino,given,,input needed,"€230,00 / €250.00",given,,input needed,412630,0.969,18.9,14.5,355.4,0.343,False,red,oxblood,,,,,,,,,medium,stable,tile,content/catalogue/assets/B016-P004.webp,good,,"single-column listing, colour dots per card, second card cropped",,,,,,,,,,,
B017-P001,B017,aspesi.com,mono-brand,layer,v-neck fine merino cardigan,fine knit,solid,2,2,flat packshot,yes,2,content/swipe/products/IMG_0218.png;content/swipe/products/IMG_0220.png,ASPESI,given,recommend,CARDIGAN IN LANA MERINO,given,in lana merino ultraleggera,given,"€195,00",given,,input needed,43271F,0.952,19.0,16.2,41.7,0.377,False,brown,espresso,,,,,,,,,high,stable,cutout_flat,content/catalogue/assets/B017-P001.webp,good,MARRONE,two colourway swatches; sizes 46 and 48 struck through,,,,,,,,,,,
B017-P001-V2,B017,aspesi.com,mono-brand,layer,v-neck fine merino cardigan,fine knit,solid,2,2,flat packshot,yes,1,content/swipe/products/IMG_0219.png,ASPESI,given,recommend,CARDIGAN IN LANA MERINO,given,in lana merino ultraleggera,given,"€195,00",given,,input needed,1E2B45,0.959,17.6,18.3,280.3,0.598,False,blue,navy,,,,,,,,,high,stable,cutout_flat,content/catalogue/assets/B017-P001-V2.webp,good,,split out of B017-P001 by colour; slot and garment type are the parent's and may describe the parent's garment — worth a look,,,,,,,,,,,
B017-P001-V3,B017,aspesi.com,mono-brand,layer,v-neck fine merino cardigan,fine knit,solid,2,2,flat packshot,yes,1,content/swipe/products/IMG_0221.png,ASPESI,given,recommend,CARDIGAN IN LANA MERINO,given,in lana merino ultraleggera,given,"€195,00",given,,input needed,EBE7E4,0.948,91.9,2.1,67.0,0.132,True,white,white,,,,,,,,,high,stable,cutout_flat,content/catalogue/assets/B017-P001-V3.webp,good,,split out of B017-P001 by colour; slot and garment type are the parent's and may describe the parent's garment — worth a look,,,,,,,,,,,
B018-P001,B018,aspesi.com,mono-brand,top,long-sleeve knit polo,ribbed fine knit,solid,2,3,flat packshot,yes,2,content/swipe/products/IMG_0222.png;content/swipe/products/IMG_0224.png,ASPESI,given,recommend,POLO IN CASHMERE,given,in puro cashmere,given,"€430,00",given,,input needed,1C203C,0.985,13.3,20.0,291.6,0.522,False,blue,navy,,,,,,,,,high,stable,cutout_flat,content/catalogue/assets/B018-P001.webp,good,NAVY,three colourway swatches; sizes 46 and 48 struck through,,,,,,,,,,,
B018-P001-V2,B018,aspesi.com,mono-brand,top,long-sleeve knit polo,ribbed fine knit,solid,2,3,flat packshot,yes,1,content/swipe/products/IMG_0223.png,ASPESI,given,recommend,POLO IN CASHMERE,given,in puro cashmere,given,"€430,00",given,,input needed,A47845,0.848,53.8,36.2,71.8,0.567,False,yellow,ochre,BB9564,0.096,yellow,gold,,,,,high,stable,cutout_flat,content/catalogue/assets/B018-P001-V2.webp,good,,split out of B018-P001 by colour; slot and garment type are the parent's and may describe the parent's garment — worth a look,,,,,,,,,,,
B018-P001-V3,B018,aspesi.com,mono-brand,top,long-sleeve knit polo,ribbed fine knit,solid,2,3,flat packshot,yes,1,content/swipe/products/IMG_0225.png,ASPESI,given,recommend,POLO IN CASHMERE,given,in puro cashmere,given,"€430,00",given,,input needed,221C15,0.948,10.7,6.1,75.7,0.366,False,brown,espresso,,,,,,,,,high,stable,cutout_flat,content/catalogue/assets/B018-P001-V3.webp,good,,split out of B018-P001 by colour; slot and garment type are the parent's and may describe the parent's garment — worth a look,,,,,,,,,,,
B018-P002,B018,aspesi.com,mono-brand,bottom,straight-leg corduroy trousers,corduroy,solid,3,2,on model,yes,1,content/swipe/products/IMG_0226.png,ASPESI,given,recommend,PANTALONE IN VELLUTO A COSTE CON ELASTICO,given,in velluto di cotone tinto in capo a coste 500 righe,given,"€270,00",given,,input needed,3F1E23,0.967,16.0,17.1,13.0,0.441,False,red,oxblood,,,,,,,,,medium,stable,cutout_model,content/catalogue/assets/B018-P002.webp,good,BARBERA,rear on-model view plus pocket detail; four colourway swatches,,,,,,,,,,,
B018-P003,B018,aspesi.com,mono-brand,multiple,v-neck jumper and full midi skirt,fine knit and taffeta-look woven,solid,2,2,listing grid,no,1,content/swipe/products/IMG_0227.jpeg,ASPESI,given,recommend,Abito midi in modal con motivo check / Maglia con scollo a v in lana merino,given,,input needed,"€790,00 / €250,00",given,,input needed,1C1F24,0.423,11.6,3.9,270.1,0.194,False,black,black,373A41,0.292,grey,dark grey,858285,0.212,grey,mid grey,medium,stable,tile,content/catalogue/assets/B018-P003.webp,good,,"listing grid, colour dots per card, right column cropped",,,,,,,,,,,
B019-P001,B019,aspesi.com,mono-brand,bottom,A-line crepe wrap midi skirt,matte crepe,solid,2,3,flat packshot,yes,3,content/swipe/products/IMG_0228.png;content/swipe/products/IMG_0229.png;content/swipe/products/IMG_0230.png,ASPESI,given,recommend,GONNA SVASATA IN CREPE CADY,given,in crepe cady in triacetato di poliestere riciclato,given,"€590,00",given,,input needed,131314,0.871,5.9,0.6,290.2,0.023,True,black,black,2F3031,0.117,grey,dark grey,,,,,low,stable,cutout_flat,content/catalogue/assets/B019-P001.webp,good,NERO,"one colourway; sizes 34, 36, 46, 48 struck through",,,,,,,,,,,
B019-P002,B019,barenavenezia.com,mono-brand,accessory,knitted balaclava hood,brushed mohair knit,solid,3,1,on model,yes,1,content/swipe/products/IMG_0231.png,ASPESI,given,recommend,BALACLAVA IN MOHAIR E LANA,given,in un morbido filato di mohair e lana,given,"€150,00",given,,input needed,6F6862,0.469,44.5,4.6,69.9,0.083,True,warm neutral,taupe,636C7E,0.221,blue,denim blue,383335,0.159,grey,dark grey,medium,stable,cutout_model,content/catalogue/assets/B019-P002.webp,good,AZZURRO,two colourway swatches; one size UNIC; two on-model crops,,,,,,,,,,,
B019-P003,B019,barenavenezia.com,mono-brand,layer,cropped jacket with patch pockets,brushed wool-look twill,solid,3,2,on model,yes,1,content/swipe/products/IMG_0234.png,BARENA VENEZIA,given,recommend,,input needed,,input needed,,input needed,,input needed,2E2E33,0.942,19.1,3.4,291.0,0.076,True,grey,dark grey,17191B,0.059,black,black,,,,,medium,stable,cutout_flat,content/catalogue/assets/B019-P003.webp,good,,"side view; browser tab reads Coat Aria Caramal Patch, truncated",,,,,,,,,,,
B019-P004,B019,barenavenezia.com,mono-brand,layer,cropped jacket with patch pockets,brushed wool-look twill,solid,3,2,on model,yes,2,content/swipe/products/IMG_0235.png;content/swipe/products/IMG_0236.png,BARENA VENEZIA,given,recommend,,input needed,,input needed,,input needed,,input needed,2C2D32,0.601,18.6,3.5,283.5,0.1,True,black,black,E3E1D8,0.383,warm neutral,cream,,,,,medium,stable,cutout_model,content/catalogue/assets/B019-P004.webp,good,,"front view; browser tab reads Coat Aria Caramal Patch, truncated",,,,,,,,,,,
B019-P005,B019,barenavenezia.com,mono-brand,layer,short checked drawstring jacket,brushed wool check,check,3,2,on model,no,1,content/swipe/products/IMG_0237.png,BARENA VENEZIA,given,recommend,Coat Aria Fasser Unico,given,100% WV,given,€790,given,,input needed,2D2E35,0.577,19.1,4.8,286.0,0.127,True,grey,dark grey,332922,0.162,brown,espresso,605242,0.152,brown,tobacco,medium,stable,cutout_model,content/catalogue/assets/B019-P005.webp,good,,"rear crop, jacket top cut off; description mentions washed lambswool",,,,,,,,,,,
B019-P006,B019,barenavenezia.com,mono-brand,multiple,womens coats and jackets,wool-look woven,mixed,3,2,listing grid,no,2,content/swipe/products/IMG_0238.png;content/swipe/products/IMG_0239.png,BARENA VENEZIA,given,recommend,COAT ARIA FASSER UNICO / COAT GIONA FLAN NAVY / COAT EOLO REAL BRUNO / COAT GRECALE ALTIER GRIGIO / COAT GIANNI CARAMAL NAVY / COAT OVIDIO CARAMAL NAVY,given,,input needed,"€790 / €620 / €1,750 / €490 / €990 / €990",given,,input needed,28282E,0.884,16.3,4.2,291.3,0.1,True,black,off-black,CBC5B8,0.086,warm neutral,cream,,,,,medium,stable,tile,content/catalogue/assets/B019-P006.webp,usable,,Women listing page; third row cropped; FILTER & SORT bar,,,,,,,,,,,
B019-P007,B019,barenavenezia.com,mono-brand,multiple,knit cardigans and roll-necks,fine knit,solid,2,2,listing grid,no,1,content/swipe/products/IMG_0240.png,BARENA VENEZIA,given,recommend,KNITWEAR ERNESTO MULINO GRANITO / KNITWEAR ERNESTO MULINO BRUNO / KNITWEAR VANNI RIBERA NAVY / KNITWEAR ZEA PIUMA CREMA / KNITWEAR OTTAVIA PIUMA ROSSO / KNITWEAR OTTAVIA PIUMA CREMA,given,,input needed,€410 / €410 / €560 / €490 / €360 / €360,given,,input needed,342C29,0.899,18.8,4.5,47.3,0.117,True,black,off-black,D5A375,0.073,yellow,gold,,,,,medium,stable,tile,content/catalogue/assets/B019-P007.webp,good,,"knitwear listing; one SOLD OUT tag; one title partly obscured, omitted",,,,,,,,,,,
B020-P001,B020,barenavenezia.com,mono-brand,bottom,wide-leg tailored trousers,smooth wool suiting,solid,2,3,on model,yes,1,content/swipe/products/IMG_0241.png,BARENA VENEZIA,given,recommend,Trousers Nini Flan Nero,given,,input needed,,input needed,,input needed,2D2D2E,0.952,18.5,0.7,290.3,0.016,True,black,black,,,,,,,,,medium,stable,cutout_model,content/catalogue/assets/B020-P001.webp,good,,name read from Safari tab; Translate page prompt overlays header,,,,,,,,,,,
B020-P002,B020,barenavenezia.com,mono-brand,multiple,listing grid of womens trousers,unclear,mixed,2,3,listing grid,no,2,content/swipe/products/IMG_0242.png;content/swipe/products/IMG_0243.png,BARENA VENEZIA,given,recommend,,input needed,,input needed,,input needed,,input needed,272727,0.971,15.6,0.0,158.2,0.0,True,black,black,,,,,,,,,medium,stable,tile,content/catalogue/assets/B020-P002.webp,good,,nine tiles with names and prices; bottom row cropped; one SOLD OUT; cut into 12 cells,,,hidden,,,,,,,,
B020-P003,B020,barenavenezia.com,mono-brand,bottom,wide-leg pleated flannel trousers,flannel,solid,3,3,flat packshot,yes,1,content/swipe/products/IMG_0244.png,massimo alba,given,recommend,KARLY Virgin Wool Trousers,given,Virgin Wool,given,€680,given,,input needed,1C1B16,0.464,9.7,3.7,100.7,0.252,False,black,black,423D34,0.228,warm neutral,taupe,746E64,0.198,warm neutral,stone,medium,stable,cutout_model,content/catalogue/assets/B020-P003.webp,good,Dark Grey,size row 36-48; lookbook shot below shows houndstooth jacket,,,,,,,,,,,
B020-P004,B020,massimoalba.com,mono-brand,bottom,wide-leg pleated flannel trousers,flannel,solid,3,3,on model,yes,1,content/swipe/products/IMG_0245.png,massimo alba,given,recommend,KARLY Virgin Wool Trousers,given,Virgin Wool,given,€680,given,,input needed,22201C,0.889,12.3,3.1,89.5,0.167,False,black,black,565656,0.111,grey,dark grey,,,,,medium,stable,cutout_model,content/catalogue/assets/B020-P004.webp,good,Dark Grey,back view plus waistband detail crop below; size row visible,,,,,,,,,,,
B020-P005,B020,massimoalba.com,mono-brand,multiple,listing grid of skirt blouse jacket belt,mixed,mixed,2,2,listing grid,no,1,content/swipe/products/IMG_0246.png,massimo alba,guessed,recommend,,input needed,,input needed,,input needed,,input needed,979590,0.575,61.7,2.9,94.2,0.044,True,warm neutral,stone,53402F,0.178,brown,chocolate,2E1E13,0.127,brown,espresso,medium,stable,tile,content/catalogue/assets/B020-P005.webp,good,,tiles KARLY TOLOSA RENE' YVONNE with prices and descriptions,,,,,,,,,,,"URL bar, massimoalba.com"
B020-P006,B020,massimoalba.com,mono-brand,accessory,printed square bandana scarf,fine printed woven,print,1,2,flat packshot,yes,1,content/swipe/products/IMG_0247.png,massimo alba,guessed,recommend,BANDANA Cashmere And Silk Bandana,given,Cashmere And Silk,given,€210,given,,input needed,EDEDED,0.559,93.7,0.0,158.2,0.0,True,white,white,4E343F,0.412,purple,plum,,,,,medium,stable,cutout_flat,content/catalogue/assets/B020-P006.webp,good,Tibetan Red,four colour swatches; flat square view below knotted view,,,,,,,,,,,"URL bar, massimoalba.com"
B020-P006-V2,B020,barenavenezia.com,mono-brand,accessory,printed square bandana scarf,fine printed woven,print,1,2,flat packshot,yes,1,content/swipe/products/IMG_0248.png,massimo alba,given,recommend,BANDANA Cashmere And Silk Bandana,given,Cashmere And Silk,given,€210,given,,input needed,2A282D,0.856,16.5,3.6,306.0,0.041,True,black,black,504D4F,0.144,grey,dark grey,,,,,high,stable,cutout_flat,content/catalogue/assets/B020-P006-V2.webp,good,,split out of B020-P006 by colour; slot and garment type are the parent's and may describe the parent's garment — worth a look,,,,,,,,,,,
B021-P001,B021,massimoalba.com,mono-brand,accessory,printed square bandana scarf,fine printed woven,print,1,2,flat packshot,yes,2,content/swipe/products/IMG_0249.png;content/swipe/products/IMG_0251.png,massimo alba,given,recommend,BANDANA Cashmere And Silk Bandana,given,Cashmere And Silk,given,€210,given,,input needed,2A282D,0.859,16.5,3.6,306.0,0.041,True,black,black,504D50,0.141,grey,dark grey,,,,,high,stable,cutout_flat,content/catalogue/assets/B021-P001.webp,good,Dark Blue,four colour swatches; flat square view below knotted view,,,,,,,,,,,
B021-P001-V2,B021,massimoalba.com,mono-brand,accessory,printed square bandana scarf,fine printed woven,print,1,2,flat packshot,yes,1,content/swipe/products/IMG_0250.png,massimo alba,given,recommend,BANDANA Cashmere And Silk Bandana,given,Cashmere And Silk,given,€210,given,,input needed,AF864A,0.54,58.7,38.9,77.1,0.589,False,yellow,ochre,90672C,0.295,yellow,ochre,6E4818,0.165,warm neutral,taupe,high,stable,cutout_flat,content/catalogue/assets/B021-P001-V2.webp,good,,split out of B021-P001 by colour; slot and garment type are the parent's and may describe the parent's garment — worth a look,,,,,,,,,,,
B021-P002,B021,massimoalba.com,mono-brand,layer,double-breasted corduroy jacket,corduroy,solid,3,3,flat packshot,yes,1,content/swipe/products/IMG_0252.png,massimo alba,given,recommend,CARLOTTA2 Cotton Corduroy Double-Breasted Jacket,given,Cotton Corduroy,given,€945,given,,input needed,69553F,0.458,37.6,16.7,73.2,0.343,False,brown,tobacco,816D57,0.425,brown,tobacco,443424,0.095,brown,chocolate,high,stable,cutout_flat,content/catalogue/assets/B021-P002.webp,good,Taupe,size row XXS-XXL; on-model crop below with mustard bandana,,,,,,,,,,,
B021-P002-V2,B021,massimoalba.com,mono-brand,layer,double-breasted corduroy jacket,corduroy,solid,3,3,flat packshot,yes,1,content/swipe/products/IMG_0253.png,massimo alba,given,recommend,CARLOTTA2 Cotton Corduroy Double-Breasted Jacket,given,Cotton Corduroy,given,€945,given,,input needed,DDE0E0,0.427,89.0,1.1,199.3,0.022,True,cool neutral,pale grey,969289,0.234,warm neutral,stone,503F2F,0.184,brown,chocolate,high,stable,cutout_flat,content/catalogue/assets/B021-P002-V2.webp,good,,split out of B021-P002 by colour; slot and garment type are the parent's and may describe the parent's garment — worth a look,,,,,,,,,,,
B021-P002-V3,B021,massimoalba.com,mono-brand,layer,double-breasted corduroy jacket,corduroy,solid,3,3,flat packshot,yes,1,content/swipe/products/IMG_0254.png,massimo alba,given,recommend,CARLOTTA2 Cotton Corduroy Double-Breasted Jacket,given,Cotton Corduroy,given,€945,given,,input needed,141316,0.374,6.1,2.1,302.5,0.042,True,black,black,232631,0.324,blue,navy,3B1619,0.178,red,oxblood,medium,stable,cutout_flat,content/catalogue/assets/B021-P002-V3.webp,good,,split out of B021-P002 by colour; slot and garment type are the parent's and may describe the parent's garment — worth a look,,,,,,,,,,,
B021-P003,B021,massimoalba.com,mono-brand,bottom,wide-leg pleated trousers,smooth wool twill,solid,2,3,on model,yes,1,content/swipe/products/IMG_0255.png,massimo alba,guessed,recommend,LAMIA Virgin Wool Trousers,given,Virgin Wool,given,€585,given,,input needed,100F11,0.3,4.4,1.2,308.7,0.028,True,black,black,6E2E3C,0.289,red,burgundy,4D1C24,0.244,red,oxblood,low,stable,cutout_model,content/catalogue/assets/B021-P003.webp,good,Blu,back view plus waistband detail crop; two colour swatches,,,,,,,,,,,"URL bar, massimoalba.com"
B021-P004,B021,massimoalba.com,mono-brand,top,crew-neck zigzag pattern sweater,chunky knit,mixed,3,2,flat packshot,yes,1,content/swipe/products/IMG_0256.png,massimo alba,given,recommend,JULIET Wool And Alpaca Sweater,given,Wool And Alpaca,given,€690,given,,input needed,2C1C14,0.329,12.1,10.9,52.4,0.471,False,brown,espresso,E2D1C8,0.271,warm neutral,cream,B59F93,0.268,warm neutral,oatmeal,low,stable,cutout_model,content/catalogue/assets/B021-P004.webp,good,Baby,on-model view below; size row XXS-XXL,,,,,,,,,,,
B021-P005,B021,massimoalba.com,mono-brand,top,relaxed button-down shirt,soft brushed cotton,solid,1,2,on model,yes,1,content/swipe/products/IMG_0257.png,massimo alba,given,recommend,ANNA Cotton And Cashmere Shirt,given,Cotton And Cashmere,given,€355,given,,input needed,E8E9EA,0.5,92.3,0.6,255.5,0.052,True,white,white,A7A097,0.221,warm neutral,oatmeal,CBC9C4,0.149,warm neutral,cream,low,stable,cutout_model,content/catalogue/assets/B021-P005.webp,weak,Faded Rose,front and back on-model views; size row XXS-XXL,,,,,,,,,,,
B021-P005-V2,B021,massimoalba.com,mono-brand,top,relaxed button-down shirt,soft brushed cotton,solid,1,2,on model,yes,1,content/swipe/products/IMG_0258.png,massimo alba,given,recommend,ANNA Cotton And Cashmere Shirt,given,Cotton And Cashmere,given,€355,given,,input needed,8C8B85,0.354,57.8,3.4,103.1,0.054,True,warm neutral,stone,221B16,0.315,brown,espresso,B4B5B0,0.243,grey,light grey,high,stable,cutout_model,content/catalogue/assets/B021-P005-V2.webp,weak,,split out of B021-P005 by colour; slot and garment type are the parent's and may describe the parent's garment — worth a look,,,,,,,,,,,
B021-P006,B021,massimoalba.com,mono-brand,top,knitted long-sleeve polo,fine knit,solid,2,2,flat packshot,yes,1,content/swipe/products/IMG_0259.png,massimo alba,given,recommend,LUCY Cashmere Polo,given,Cashmere,given,€895,given,,input needed,431723,0.95,15.1,22.8,6.6,0.612,False,red,oxblood,,,,,,,,,high,stable,cutout_flat,content/catalogue/assets/B021-P006.webp,good,Mosto,two colour swatches; Recently Viewed row below,,,,,,,,,,,
B021-P006-V2,B021,massimoalba.com,mono-brand,top,knitted long-sleeve polo,fine knit,solid,2,2,flat packshot,yes,1,content/swipe/products/IMG_0260.png,massimo alba,given,recommend,LUCY Cashmere Polo,given,Cashmere,given,€895,given,,input needed,8E8C87,0.41,58.3,2.9,94.2,0.047,True,warm neutral,stone,45442F,0.217,green,olive,BEB8B2,0.188,warm neutral,oatmeal,high,stable,cutout_flat,content/catalogue/assets/B021-P006-V2.webp,good,,split out of B021-P006 by colour; slot and garment type are the parent's and may describe the parent's garment — worth a look,,,,,,,,,,,
B021-P007,B021,massimoalba.com,mono-brand,multiple,listing grid of t-shirt shirt cardigan,mixed,mixed,2,2,listing grid,no,1,content/swipe/products/IMG_0261.png,massimo alba,given,recommend,,input needed,,input needed,,input needed,,input needed,9F9F9A,0.77,65.4,2.8,109.9,0.039,True,warm neutral,oatmeal,C0BEB8,0.23,warm neutral,oatmeal,,,,,medium,stable,tile,content/catalogue/assets/B021-P007.webp,good,,tiles LISBONA RENE' MASA UMA; tab title Women FW26 - Page 2,,,,,,,,,,,
B021-P008,B021,massimoalba.com,mono-brand,multiple,listing grid of cardigan shirt cushions,mixed,mixed,2,2,listing grid,no,2,content/swipe/products/IMG_0262.png;content/swipe/products/IMG_0263.png,massimo alba,guessed,recommend,,input needed,,input needed,,input needed,,input needed,A4A49F,0.359,67.2,2.8,109.9,0.038,True,warm neutral,oatmeal,505463,0.281,blue,denim blue,1B1919,0.23,black,black,medium,stable,tile,content/catalogue/assets/B021-P008.webp,good,,tiles MASA UMA DEMETRA SYRMA20 with prices; cushions in row below,,,,,,,,,,,"URL bar, massimoalba.com"
B021-P009,B021,massimoalba.com,mono-brand,accessory,large printed stole scarf,fine printed woven,print,1,2,flat packshot,yes,1,content/swipe/products/IMG_0265.png,massimo alba,guessed,recommend,STOLE - Cashmere and,given,,input needed,,input needed,,input needed,321B20,0.299,13.0,12.3,6.6,0.354,False,red,oxblood,674552,0.279,red,burgundy,7D5735,0.24,yellow,ochre,low,stable,cutout_flat,content/catalogue/assets/B021-P009.webp,good,Tibetan Red,tab title truncated; three colour swatches; on-model view below,,,,,,,,,,,"URL bar, massimoalba.com"
B021-P010,B021,massimoalba.com,mono-brand,bottom,wide-leg gabardine trousers,smooth twill,solid,2,2,flat packshot,yes,1,content/swipe/products/IMG_0266.png,massimo alba,given,recommend,LAMIA Cotton Gabardine Trousers,given,Cotton Gabardine,given,€460,given,,input needed,EBE7DE,0.627,91.7,4.9,92.4,0.12,True,white,off-white,B5A793,0.368,brown,tan,,,,,medium,stable,cutout_model,content/catalogue/assets/B021-P010.webp,good,Panna,three colour swatches; on-model crop below; size row 36-48,,,,,,,,,,,
B021-P011,B021,massimoalba.com,mono-brand,bottom,wide-leg gabardine trousers,smooth twill,solid,2,2,on model,yes,2,content/swipe/products/IMG_0267.png;content/swipe/products/IMG_0270.png,massimo alba,given,recommend,LAMIA Cotton Gabardine Trousers,given,Cotton Gabardine,given,€460,given,,input needed,E5DFD5,0.416,89.0,5.6,86.8,0.133,True,warm neutral,cream,BBAF9E,0.272,warm neutral,oatmeal,3C201C,0.158,brown,espresso,high,stable,cutout_model,content/catalogue/assets/B021-P011.webp,good,Panna,front and back on-model crops; three colour swatches,,,,,,,,,,,
B021-P011-V2,B021,massimoalba.com,mono-brand,bottom,wide-leg gabardine trousers,smooth twill,solid,2,2,on model,yes,1,content/swipe/products/IMG_0268.png,massimo alba,given,recommend,LAMIA Cotton Gabardine Trousers,given,Cotton Gabardine,given,€460,given,,input needed,291C14,0.489,11.6,9.4,57.6,0.453,False,brown,espresso,746253,0.311,brown,tobacco,B8A598,0.159,warm neutral,oatmeal,low,stable,cutout_model,content/catalogue/assets/B021-P011-V2.webp,good,,split out of B021-P011 by colour; slot and garment type are the parent's and may describe the parent's garment — worth a look,,,,,,,,,,,
B021-P011-V3,B021,massimoalba.com,mono-brand,bottom,wide-leg gabardine trousers,smooth twill,solid,2,2,on model,yes,1,content/swipe/products/IMG_0269.png,massimo alba,given,recommend,LAMIA Cotton Gabardine Trousers,given,Cotton Gabardine,given,€460,given,,input needed,6E454E,0.956,34.2,19.1,6.0,0.318,False,red,burgundy,,,,,,,,,high,stable,cutout_model,content/catalogue/assets/B021-P011-V3.webp,good,,split out of B021-P011 by colour; slot and garment type are the parent's and may describe the parent's garment — worth a look,,,,,,,,,,,
B021-P012,B021,massimoalba.com,mono-brand,top,chunky roll-neck sweater,marled chunky knit,marl,3,2,flat packshot,yes,1,content/swipe/products/IMG_0271.png,massimo alba,guessed,recommend,VIRGINIA Virgin Wool And Alpaca Sweater,given,Virgin Wool And Alpaca,given,€690,given,,input needed,DEB5BF,0.406,77.5,16.4,1.9,0.455,False,pink,dusty rose,9B6E79,0.33,grey,mid grey,4F2B2C,0.226,red,oxblood,medium,stable,cutout_model,content/catalogue/assets/B021-P012.webp,good,Raspberry,on-model view below; size row XXS-XXL,,,,,,,,,,,"URL bar, massimoalba.com"
B021-P013,B021,lardini.com,mono-brand,layer,belted single-breasted trench coat,smooth gabardine,solid,3,3,flat packshot,yes,1,content/swipe/products/IMG_0273.png,LARDINI,given,recommend,Beige wool gabardine tre,given,,input needed,,input needed,,input needed,BC916F,0.992,63.4,27.0,64.3,0.347,False,brown,tan,,,,,,,,,low,stable,cutout_model,content/catalogue/assets/B021-P013.webp,good,,product name read from truncated tab; LARDINI neck label visible,,,,,,,,,,,
B021-P014,B021,lardini.com,mono-brand,layer,belted single-breasted trench coat,smooth gabardine,solid,3,3,on model,yes,1,content/swipe/products/IMG_0274.png,LARDINI,given,recommend,BEIGE WOOL GABARDINE TRENCH COAT,given,WOOL GABARDINE,given,"€1.195,00",given,,input needed,704C2D,0.362,35.6,27.0,64.6,0.536,False,brown,chocolate,AA7B56,0.302,yellow,ochre,D1A37E,0.278,brown,tan,medium,stable,cutout_model,content/catalogue/assets/B021-P014.webp,good,,model head cropped above frame; five image dots,,,,,,,,,,,
B021-P015,B021,lardini.com,mono-brand,bottom,wide-leg pleated trousers,flannel,solid,3,3,flat packshot,yes,2,content/swipe/products/IMG_0275.png;content/swipe/products/IMG_0276.png,LARDINI,given,recommend,Black flannel trousers,given,,input needed,,input needed,,input needed,1E1D1B,1.0,10.8,1.5,90.2,0.096,True,black,black,,,,,,,,,medium,stable,cutout_flat,content/catalogue/assets/B021-P015.webp,good,,name read from breadcrumb Home Women Ready To Wear Pants & Skirts,,,,,,,,,,,
B021-P016,B021,lardini.com,mono-brand,layer,single-breasted two-button blazer,smooth gabardine,solid,2,3,on model,yes,1,content/swipe/products/IMG_0277.png,LARDINI,given,recommend,BEIGE WOOL GABARDINE BLAZER,given,WOOL GABARDINE,given,"€915,00",given,,input needed,C7A888,0.344,70.8,21.8,72.3,0.275,False,brown,tan,E5C8AB,0.31,warm neutral,cream,987754,0.277,brown,tan,medium,stable,cutout_model,content/catalogue/assets/B021-P016.webp,good,,worn with matching trousers; model head cropped above frame,,,,,,,,,,,
B021-P017,B021,lardini.com,mono-brand,layer,single-breasted two-button blazer,smooth gabardine,solid,2,3,flat packshot,yes,1,content/swipe/products/IMG_0278.png,LARDINI,given,recommend,BEIGE WOOL GABARDINE BLAZER,given,WOOL GABARDINE,given,"€915,00",given,,input needed,DEBD9E,0.893,78.7,21.3,70.2,0.373,False,warm neutral,cream,B9997D,0.054,brown,tan,,,,,high,stable,cutout_flat,content/catalogue/assets/B021-P017.webp,good,,LARDINI neck label and dark lapel pin visible,,,,,,,,,,,
B021-P018,B021,lardini.com,mono-brand,layer,short double-breasted boucle pea coat,boucle,solid,4,3,flat packshot,yes,1,content/swipe/products/IMG_0279.png,LARDINI,given,recommend,SHORT DOUBLE-BREASTED PEA COAT IN ALPACA AND MOHAIR BOUCLÉ,given,ALPACA AND MOHAIR BOUCLÉ,given,"€1.125,00",given,,input needed,8E8B80,0.975,57.8,6.3,98.4,0.101,True,warm neutral,stone,,,,,,,,,high,stable,cutout_flat,content/catalogue/assets/B021-P018.webp,good,,LARDINI neck label visible; price partly cut at bottom edge,,,,,,,,,,,
B021-P019,B021,lardini.com,mono-brand,layer,short collared button-front jacket,textured wool weave,solid,3,3,flat packshot,yes,1,content/swipe/products/IMG_0280.png,LARDINI,given,recommend,BLACK SHORT JACKET,given,,input needed,"€925,00",given,,input needed,171515,0.991,7.0,1.0,19.4,0.035,True,black,black,,,,,,,,,high,stable,cutout_flat,content/catalogue/assets/B021-P019.webp,good,,LARDINI neck label visible; five image dots,,,,,,,,,,,
B021-P020,B021,lardini.com,mono-brand,layer,short collared button-front jacket,textured wool weave,solid,3,3,on model,yes,1,content/swipe/products/IMG_0281.png,LARDINI,given,recommend,BLACK SHORT JACKET,given,,input needed,"€925,00",given,,input needed,292522,0.993,15.0,2.9,65.8,0.12,True,black,black,,,,,,,,,medium,stable,cutout_model,content/catalogue/assets/B021-P020.webp,good,,styled with long flared black skirt; model head cropped,,,,,,,,,,,
B021-P021,B021,lardini.com,mono-brand,layer,short double-breasted peacoat,smooth brushed wool,solid,4,3,flat packshot,yes,1,content/swipe/products/IMG_0282.png,LARDINI,given,recommend,SHORT BEIGE PEACOAT,given,,input needed,,input needed,,input needed,BD8B5D,0.805,61.7,34.7,67.0,0.468,False,yellow,ochre,A4754B,0.154,yellow,ochre,,,,,high,stable,cutout_flat,content/catalogue/assets/B021-P021.webp,good,,title partly cut at bottom edge; LARDINI label and lapel pin visible,,,,,,,,,,,
B021-P022,B021,lardini.com,mono-brand,layer,short double-breasted peacoat,smooth brushed wool,solid,4,3,on model,yes,1,content/swipe/products/IMG_0283.png,LARDINI,given,recommend,SHORT BEIGE PEACOAT,given,,input needed,"€945,00",given,,input needed,1E130D,0.542,7.0,6.7,48.8,0.478,False,brown,espresso,653D1C,0.193,warm neutral,taupe,D59F72,0.162,yellow,gold,medium,stable,cutout_model,content/catalogue/assets/B021-P022.webp,good,,worn with brown wide-leg trousers; model head cropped above frame,,,,,,,,,,,
B021-P023,B021,lardini.com,mono-brand,top,oversized V-neck sweater,fine knit,solid,2,2,flat packshot,yes,1,content/swipe/products/IMG_0284.png,LARDINI,given,recommend,BROWN OVERSIZED SWEATER IN WOOL AND CASHMERE,given,WOOL AND CASHMERE,given,,input needed,,input needed,332023,0.996,14.7,9.9,10.0,0.268,False,red,oxblood,,,,,,,,,high,stable,cutout_flat,content/catalogue/assets/B021-P023.webp,good,,title partly cut at bottom edge; LARDINI neck label visible,,,,,,,,,,,
B021-P024,B021,lardini.com,mono-brand,top,oversized wool-cashmere sweater under jacket,unclear,solid,3,3,on model,no,1,content/swipe/products/IMG_0285.png,LARDINI,given,recommend,BROWN OVERSIZED SWEATER IN WOOL AND CASHMERE,given,,input needed,"€415,00",given,,input needed,2D1B15,0.448,11.9,11.2,44.2,0.426,False,brown,espresso,130906,0.281,black,black,492E28,0.257,brown,chocolate,low,stable,cutout_model,content/catalogue/assets/B021-P024.webp,good,,"full look on model, sweater largely hidden by jacket, head cropped",,,,,,,,,,,
B021-P025,B021,lardini.com,mono-brand,top,short-sleeve crew-neck knit top,fine knit,solid,2,3,flat packshot,yes,1,content/swipe/products/IMG_0286.png,LARDINI,given,recommend,BEIGE CREW-NECK SWEATER,given,,input needed,"€360,00",given,,input needed,CFAB8B,0.994,72.4,23.1,68.3,0.284,False,brown,tan,,,,,,,,,high,stable,cutout_flat,content/catalogue/assets/B021-P025.webp,good,,"woven LARDINI neck label visible, five image dots below",,,,,,,,,,,
B021-P026,B021,herno.com,mono-brand,multiple,"listing grid of parka, trousers, sequin top and skirt",mixed,mixed,3,3,listing grid,no,1,content/swipe/products/IMG_0287.png,HERNO,given,recommend,,input needed,,input needed,,input needed,,input needed,604729,0.632,32.2,23.0,73.1,0.528,False,brown,chocolate,47341C,0.295,brown,chocolate,,,,,medium,stable,tile,content/catalogue/assets/B021-P026.webp,usable,,"grid, SEQUIN MESH TOP CHF270 and SEQUINNED MESH SKIRT CHF395 legible; cut into 4 cells",,,hidden,,,,,,,,
B021-P027,B021,boglioli.it,mono-brand,layer,nylon gabardine bomber jacket,matt nylon,solid,3,2,flat packshot,yes,1,content/swipe/products/IMG_0288.png,HERNO,given,recommend,NYLON GABARDINE BOMBER JACKET,given,made from recycled nylon,given,CHF815,given,,input needed,362614,0.892,16.6,15.6,71.6,0.607,False,brown,espresso,130C04,0.102,brown,espresso,,,,,high,stable,cutout_flat,content/catalogue/assets/B021-P027.webp,good,MILITARY,"colour swatch row black and military, PRE-ORDER ITEM, thumbnail strip",,,,,,,,,,,
B022-P001,B022,herno.com,mono-brand,multiple,"listing grid of bomber, parka, jumper, wool jacket",mixed,mixed,3,2,listing grid,no,1,content/swipe/products/IMG_0289.png,HERNO,given,recommend,,input needed,,input needed,,input needed,,input needed,2A2A2E,0.987,17.2,2.8,290.9,0.066,True,black,black,,,,,,,,,medium,stable,tile,content/catalogue/assets/B022-P001.webp,good,,"grid, ALPACA JACQUARD JUMPER CHF390 and STRETCH WOOL JACKET CHF730 legible",,,,,,,,,,,
B022-P002,B022,herno.com,mono-brand,multiple,listing grid of two jackets and two trousers,mixed,mixed,3,2,listing grid,no,1,content/swipe/products/IMG_0290.png,HERNO,given,recommend,,input needed,,input needed,,input needed,,input needed,DCCFC0,0.879,83.8,9.3,77.6,0.189,False,warm neutral,cream,B0A090,0.078,warm neutral,oatmeal,,,,,medium,stable,tile,content/catalogue/assets/B022-P002.webp,usable,,"grid, sherpa jacket CHF635, leather-effect jacket CHF765, trousers CHF365 and CHF265; cut into 4 cells",,,hidden,,,,,,,,
B022-P003,B022,herno.com,mono-brand,multiple,"listing grid of peacoat, shirt, turtleneck, shacket",mixed,mixed,3,3,listing grid,no,1,content/swipe/products/IMG_0291.png,HERNO,given,recommend,,input needed,,input needed,,input needed,,input needed,E8E6E5,0.998,91.4,0.9,55.6,0.062,True,white,white,,,,,,,,,medium,stable,tile,content/catalogue/assets/B022-P003.webp,good,,"grid, 2-LAYER SCUBA PEACOAT CHF815, COTTON POPLIN SHIRT WITH BOW CHF215; cut into 4 cells",,,hidden,,,,,,,,
B022-P004,B022,herno.com,mono-brand,multiple,"listing grid of coat, turtleneck, knit tee, striped shirt",mixed,mixed,3,3,listing grid,no,1,content/swipe/products/IMG_0292.png,HERNO,given,recommend,,input needed,,input needed,,input needed,,input needed,2D2C2F,0.825,18.2,2.1,303.3,0.027,True,black,black,151416,0.134,black,black,,,,,medium,stable,tile,content/catalogue/assets/B022-P004.webp,good,,"grid, cursor highlight over one tile, prices CHF265 to CHF865",,,,,,,,,,,
B022-P005,B022,herno.com,mono-brand,multiple,"listing grid of knit tee, trench, trainers, long skirt",mixed,mixed,2,3,listing grid,no,1,content/swipe/products/IMG_0293.png,HERNO,given,recommend,,input needed,,input needed,,input needed,,input needed,2E1E1D,0.863,13.2,8.5,26.4,0.225,False,brown,espresso,150A09,0.11,black,off-black,,,,,medium,stable,tile,content/catalogue/assets/B022-P005.webp,good,,"grid, LEATHER-EFFECT TRENCH COAT CHF1.080, trainers CHF390, skirt CHF295",,,,,,,,,,,
B022-P006,B022,herno.com,mono-brand,multiple,"listing grid of cardigan, polo, down jacket, poncho",mixed,mixed,3,2,listing grid,no,1,content/swipe/products/IMG_0294.png,HERNO,given,recommend,,input needed,,input needed,,input needed,,input needed,CAB8AA,0.903,75.9,10.3,66.6,0.166,False,warm neutral,oatmeal,A78F7A,0.097,brown,tan,,,,,medium,stable,tile,content/catalogue/assets/B022-P006.webp,good,,"grid, all Resort line, poncho marked BESTSELLER, prices CHF195 to CHF785; cut into 4 cells",,,hidden,,,,,,,,
B022-P007,B022,herno.com,mono-brand,multiple,"listing grid of striped dress, polo, cardigan, shirt",mixed,mixed,2,3,listing grid,no,1,content/swipe/products/IMG_0295.png,HERNO,given,recommend,,input needed,,input needed,,input needed,,input needed,46322D,0.841,22.9,10.6,39.3,0.196,False,brown,chocolate,281916,0.122,brown,espresso,,,,,low,stable,tile,content/catalogue/assets/B022-P007.webp,usable,,"grid, RESORT DRESS IN SILK CHF595, RESORT SHIRT IN COTTON VOILE CHF285",,,,,,,,,,,
B022-P008,B022,herno.com,mono-brand,multiple,"listing grid of cardigan, knit jacket, poncho, trousers",mixed,mixed,3,3,listing grid,no,1,content/swipe/products/IMG_0296.png,HERNO,given,recommend,,input needed,,input needed,,input needed,,input needed,808FA5,0.648,58.9,13.4,268.2,0.258,False,grey,mid grey,6D7B90,0.151,blue,denim blue,556074,0.133,blue,denim blue,medium,stable,tile,content/catalogue/assets/B022-P008.webp,good,,"grid, RESORT JACKET IN CASHMERE AND SILK CHF1.355, satin trousers CHF295; cut into 4 cells",,,hidden,,,,,,,,
B022-P009,B022,herno.com,mono-brand,multiple,listing grid of three jackets and a gilet,mixed,mixed,3,2,listing grid,no,1,content/swipe/products/IMG_0297.png,HERNO,given,recommend,,input needed,,input needed,,input needed,,input needed,A6B2C7,0.809,72.3,12.1,270.9,0.282,False,blue,sky,8290AA,0.129,grey,mid grey,576580,0.062,blue,denim blue,medium,stable,tile,content/catalogue/assets/B022-P009.webp,good,,"grid, matt nylon jacket CHF695, satin bomber CHF675, vest CHF535; cut into 4 cells",,,hidden,,,,,,,,
B022-P010,B022,herno.com,mono-brand,multiple,"listing grid of knit coat, satin top, rib jacket, linen jacket",mixed,mixed,3,3,listing grid,no,1,content/swipe/products/IMG_0298.png,HERNO,given,recommend,,input needed,,input needed,,input needed,,input needed,D6CBBE,0.916,82.2,8.0,78.4,0.138,True,warm neutral,cream,AC9A85,0.084,brown,tan,,,,,medium,stable,tile,content/catalogue/assets/B022-P010.webp,good,,"grid, RESORT COAT IN CASHMERE AND SILK CHF1.610, SATIN RESORT TOP CHF295; cut into 4 cells",,,hidden,,,,,,,,
B022-P011,B022,herno.com,mono-brand,multiple,"listing grid of fur-effect jacket, parka, long puffer, cape",mixed,mixed,4,2,listing grid,no,1,content/swipe/products/IMG_0299.png,HERNO,given,recommend,,input needed,,input needed,,input needed,,input needed,1E1D23,0.942,11.1,4.4,297.7,0.096,True,black,off-black,,,,,,,,,medium,stable,tile,content/catalogue/assets/B022-P011.webp,good,,"grid, MELANGE MINK-EFFECT JACKET CHF575, cape CHF655, prices to CHF995; cut into 4 cells",,,hidden,,,,,,,,
B022-P012,B022,herno.com,mono-brand,multiple,"listing grid of fur-effect jackets, long puffer, gilet",mixed,mixed,4,2,listing grid,no,1,content/swipe/products/IMG_0300.png,HERNO,given,recommend,,input needed,,input needed,,input needed,,input needed,2D2F38,0.371,19.5,6.2,283.6,0.174,False,blue,navy,15171E,0.35,blue,navy,494A53,0.255,grey,dark grey,medium,stable,tile,content/catalogue/assets/B022-P012.webp,good,,"grid, CURLY-EFFECT FUR-TOUCH SHORT JACKET CHF545, vest named GIULIA",,,,,,,,,,,
B022-P013,B022,de.maxmara.com,mono-brand,multiple,"listing grid of cardigan, trousers, bag, sunglasses, jacket, skirt",mixed,mixed,2,3,listing grid,no,1,content/swipe/products/IMG_0301.png,MaxMara,given,recommend,,input needed,,input needed,,input needed,,input needed,665D57,0.319,40.2,5.4,62.5,0.096,True,warm neutral,taupe,4B3E39,0.285,warm neutral,taupe,B2AFAD,0.218,warm neutral,oatmeal,low,stable,tile,content/catalogue/assets/B022-P013.webp,weak,,"German Neuheiten grid, titles name fibres, bottom row cropped; cut into 12 cells",,,hidden,,,,,,,,
B022-P014,B022,de.maxmara.com,mono-brand,multiple,"listing grid of gloves, skirt, knits, coats, top",mixed,mixed,3,3,listing grid,no,1,content/swipe/products/IMG_0302.png,MaxMara,given,recommend,,input needed,,input needed,,input needed,,input needed,7D5A3E,0.591,41.2,24.3,63.8,0.431,False,brown,tobacco,60422A,0.166,brown,chocolate,C3B6AE,0.124,warm neutral,oatmeal,low,stable,tile,content/catalogue/assets/B022-P014.webp,usable,,"German grid, camel colour story, farben counts shown, rows cropped; cut into 8 cells",,,hidden,,,,,,,,
B022-P015,B022,de.maxmara.com,mono-brand,multiple,"listing grid of trousers, bag, coat, dress, skirt, gloves, knits",mixed,mixed,3,3,listing grid,no,1,content/swipe/products/IMG_0303.png,MaxMara,given,recommend,,input needed,,input needed,,input needed,,input needed,4B1D1C,0.684,17.7,24.6,27.8,0.554,False,brown,espresso,B4B0B1,0.237,grey,light grey,7C5C4B,0.078,brown,tobacco,low,stable,tile,content/catalogue/assets/B022-P015.webp,weak,,"German grid, red-brown colour story, prices 365,00 to 2.299,00 euro; cut into 12 cells",,,hidden,,,,,,,,
B022-P016,B022,de.maxmara.com,mono-brand,multiple,"listing grid of top, skirt, belt, jumper, bag, boots, blouse",mixed,mixed,2,3,listing grid,no,1,content/swipe/products/IMG_0304.png,MaxMara,given,recommend,,input needed,,input needed,,input needed,,input needed,0C0C0B,0.371,3.3,0.4,110.2,0.084,True,black,black,3B3E3F,0.351,grey,dark grey,AFAAA7,0.177,warm neutral,oatmeal,low,stable,tile,content/catalogue/assets/B022-P016.webp,weak,,"German grid, dark colour story, live-chat bubble bottom right; cut into 8 cells",,,hidden,,,,,,,,
B022-P017,B022,de.maxmara.com,mono-brand,multiple,"listing grid of sweatshirt, joggers, belt, loafers, jacket, skirt, bag",mixed,mixed,2,2,listing grid,no,1,content/swipe/products/IMG_0305.png,MaxMara,given,recommend,,input needed,,input needed,,input needed,,input needed,2B2D30,0.358,18.4,2.2,266.6,0.097,True,black,black,151516,0.339,black,black,5F6166,0.195,grey,mid grey,medium,stable,tile,content/catalogue/assets/B022-P017.webp,weak,,"German grid, Jacke aus Wildleder 4.495,00 euro is top price shown; cut into 12 cells",,,hidden,,,,,,,,
B022-P018,B022,de.maxmara.com,mono-brand,multiple,"listing grid of coat, turtleneck, belt, bag, foulard, boots, dress",mixed,mixed,3,3,listing grid,no,1,content/swipe/products/IMG_0306.png,MaxMara,given,recommend,,input needed,,input needed,,input needed,,input needed,B7A594,0.981,68.8,11.8,71.6,0.152,False,brown,tan,,,,,,,,,medium,stable,tile,content/catalogue/assets/B022-P018.webp,usable,,"German grid, camel and tan story, farben counts shown, rows cropped; cut into 9 cells",,,hidden,,,,,,,,
B022-P019,B022,de.maxmara.com,mono-brand,multiple,"listing grid of cardigan, top, trousers, belt, coat, blazer",mixed,mixed,3,3,listing grid,no,1,content/swipe/products/IMG_0307.png,MaxMara,given,recommend,,input needed,,input needed,,input needed,,input needed,CCB5A3,0.967,75.2,13.3,66.3,0.207,False,warm neutral,oatmeal,,,,,,,,,low,stable,tile,content/catalogue/assets/B022-P019.webp,usable,,"German grid, blush then burgundy rows, Robenmantel 3.029,00 euro; cut into 12 cells",,,hidden,,,,,,,,
B022-P020,B022,de.maxmara.com,mono-brand,multiple,"listing grid of sweatshirt, joggers, dress, gloves, blazer, skirt, bag",mixed,mixed,3,3,listing grid,no,1,content/swipe/products/IMG_0308.png,MaxMara,given,recommend,,input needed,,input needed,,input needed,,input needed,BCBABA,0.339,75.7,0.7,19.5,0.02,True,grey,light grey,55473C,0.245,brown,chocolate,9E8A7C,0.212,brown,tan,low,stable,tile,content/catalogue/assets/B022-P020.webp,weak,,"German grid, camel to brown story, chat bubble bottom right; cut into 10 cells",,,hidden,,,,,,,,
B022-P021,B022,de.maxmara.com,mono-brand,multiple,"listing grid of coat, jumper, boots, sunglasses, blazer, trousers, dress",mixed,mixed,3,3,listing grid,no,1,content/swipe/products/IMG_0309.png,MaxMara,given,recommend,,input needed,,input needed,,input needed,,input needed,4A3E3A,0.443,27.3,6.2,44.7,0.111,True,warm neutral,taupe,30231C,0.29,brown,espresso,B4B1AF,0.186,warm neutral,oatmeal,medium,stable,tile,content/catalogue/assets/B022-P021.webp,weak,,"German grid, Max Mara login banner overlays bottom row; cut into 10 cells",,,hidden,,,,,,,,
B022-P022,B022,de.maxmara.com,mono-brand,multiple,listing grid with lookbook shot plus cashmere knits and skirts,mixed,mixed,3,3,listing grid,no,1,content/swipe/products/IMG_0310.png,MAX MARA,given,recommend,,input needed,,input needed,,input needed,,input needed,9F734C,0.467,52.0,31.0,66.0,0.473,False,yellow,ochre,44100F,0.261,orange,rust,180A09,0.14,black,off-black,medium,stable,tile,content/catalogue/assets/B022-P022.webp,good,,"English titles, shoppable lookbook image with hotspot dots, login banner; cut into 11 cells",,,hidden,,,,,,,,
B023-P001,B023,de.maxmara.com,mono-brand,multiple,"listing grid of coat, sweaters, trousers, shirt, cardigan",mixed,mixed,3,3,listing grid,no,1,content/swipe/products/IMG_0311.png,MAX MARA,given,recommend,,input needed,,input needed,,input needed,,input needed,AE8B6A,0.535,60.3,24.3,69.1,0.34,False,brown,tan,2D170E,0.213,brown,espresso,8A6545,0.177,yellow,ochre,low,stable,tile,content/catalogue/assets/B023-P001.webp,good,,"English titles, Ludmilla Icon Coat 3.799,00 euro, shoppable model shot right; cut into 12 cells",,,hidden,,,,,,,,
B023-P002,B023,de.maxmara.com,mono-brand,multiple,"listing grid of caban, satin blouse, trousers, coats, cardigan",mixed,mixed,3,3,listing grid,no,1,content/swipe/products/IMG_0312.png,'S MAX MARA,given,not filed,,input needed,,input needed,,input needed,,input needed,E2D5C5,0.653,85.9,9.7,79.2,0.227,False,warm neutral,cream,262325,0.313,black,black,,,,,medium,stable,tile,content/catalogue/assets/B023-P002.webp,good,,"German titles, shoppable model image with hotspot dots, login banner; cut into 12 cells",,,hidden,,,,,,,,
B023-P003,B023,de.maxmara.com,mono-brand,multiple,"listing grid of caban, satin blouse, trousers, coats, cardigan",mixed,mixed,3,3,listing grid,no,1,content/swipe/products/IMG_0313.png,'S MAX MARA,given,not filed,,input needed,,input needed,,input needed,,input needed,DCD0C1,0.459,84.1,9.1,79.6,0.175,False,warm neutral,cream,212022,0.388,black,black,451719,0.084,red,oxblood,medium,stable,tile,content/catalogue/assets/B023-P003.webp,good,,"same page as B023-P002, slightly zoomed and shifted left; cut into 12 cells",,,hidden,,,,,,,,
B023-P004,B023,de.maxmara.com,mono-brand,multiple,"grid of black dresses, trousers, knitwear","satin, jersey, chiffon, wool",mixed,2,4,listing grid,no,1,content/swipe/products/IMG_0314.png,SPORTMAX,given,not filed,,input needed,,input needed,,input needed,,input needed,222125,0.781,13.0,2.9,300.4,0.052,True,black,black,706E6C,0.09,warm neutral,stone,A7A5A2,0.085,warm neutral,oatmeal,medium,stable,tile,content/catalogue/assets/B023-P004.webp,good,,"grid rows cropped; prices 919,00 € to 265,00 € shown; cut into 10 cells",,,hidden,,,,,,,,
B023-P005,B023,de.maxmara.com,mono-brand,multiple,"grid of leather jackets, knits, trousers","smooth leather, ribbed knit, wool",mixed,3,3,listing grid,no,1,content/swipe/products/IMG_0315.png,SPORTMAX,given,not filed,,input needed,,input needed,,input needed,,input needed,EEE8DA,0.492,92.1,7.5,92.7,0.196,False,white,off-white,B3B1AC,0.268,warm neutral,oatmeal,85807C,0.149,warm neutral,stone,low,stable,tile,content/catalogue/assets/B023-P005.webp,weak,,browser tab bar visible; several prices and 2 farben labels; cut into 9 cells,,,hidden,,,,,,,,
B023-P006,B023,de.maxmara.com,mono-brand,multiple,"grid of coated jackets, satin dresses, jeans","coated cotton, satin, denim, nappa leather",mixed,2,3,listing grid,no,1,content/swipe/products/IMG_0316.png,SPORTMAX,given,not filed,,input needed,,input needed,,input needed,,input needed,413029,0.336,21.6,9.9,48.8,0.235,False,brown,espresso,151412,0.316,black,black,D6CCC1,0.194,warm neutral,cream,medium,stable,tile,content/catalogue/assets/B023-P006.webp,good,,"rows cropped top and bottom; prices 715,00 € to 265,00 €; cut into 12 cells",,,hidden,,,,,,,,
B023-P007,B023,closed.com,mono-brand,multiple,"grid of puffer jacket, jeans, check shirt","nylon, denim, cable knit, check flannel",mixed,3,2,listing grid,no,1,content/swipe/products/IMG_0317.png,CLOSED,given,recommend,,input needed,,input needed,,input needed,,input needed,323026,0.309,19.8,6.8,100.1,0.242,False,warm neutral,taupe,171515,0.284,black,black,515249,0.241,grey,dark grey,medium,stable,tile,content/catalogue/assets/B023-P007.webp,good,,AI-CREATED watermark on large image; CHF260.00 and CHF190.00 shown,,,,,,,,,,,
B023-P008,B023,closed.com,mono-brand,multiple,"grid of puffer jacket, jeans, check shirt","nylon, denim, check flannel",mixed,3,2,listing grid,no,1,content/swipe/products/IMG_0318.png,CLOSED,given,recommend,,input needed,,input needed,,input needed,,input needed,ADA299,0.475,67.3,6.6,68.5,0.084,True,warm neutral,oatmeal,1E1E25,0.262,black,off-black,38342E,0.156,warm neutral,taupe,medium,stable,tile,content/catalogue/assets/B023-P008.webp,usable,,same page scrolled; AI-CREATED watermark; full-length puffer look,,,,,,,,,,,
B023-P009,B023,closed.com,mono-brand,multiple,"grid of puffer, knits, jeans, shirt jacket","nylon, brushed wool knit, denim, cotton twill",mixed,3,2,listing grid,no,2,content/swipe/products/IMG_0319.png;content/swipe/products/IMG_0320.png,CLOSED,given,recommend,,input needed,,input needed,,input needed,,input needed,A3948A,0.33,62.3,8.2,62.4,0.105,True,warm neutral,oatmeal,333230,0.299,warm neutral,taupe,BFB7B3,0.188,warm neutral,oatmeal,medium,stable,tile,content/catalogue/assets/B023-P009.webp,good,,"six captioned tiles, CHF150.00 to CHF420.00; bottom row cropped",,,,,,,,,,,
B023-P010,B023,closed.com,mono-brand,multiple,"grid of cardigan, hoodie, jeans, sneakers","brushed mohair-look knit, denim, leopard-print leather",mixed,3,2,listing grid,no,1,content/swipe/products/IMG_0321.png,CLOSED,given,recommend,,input needed,,input needed,,input needed,,input needed,BBAB9F,0.321,71.0,9.1,65.7,0.112,True,warm neutral,oatmeal,393939,0.305,grey,dark grey,796E69,0.27,warm neutral,stone,medium,stable,tile,content/catalogue/assets/B023-P010.webp,good,,AI-CREATED watermarks on two tiles; prices CHF200.00 to CHF480.00,,,,,,,,,,,
B023-P011,B023,closed.com,mono-brand,multiple,"grid of corduroy trousers, shirt jacket, jumper","corduroy, check wool, marl knit",mixed,3,2,listing grid,no,1,content/swipe/products/IMG_0322.png,CLOSED,given,recommend,,input needed,,input needed,,input needed,,input needed,BB997E,0.522,65.6,20.9,65.3,0.264,False,brown,tan,453E3A,0.236,warm neutral,taupe,CFCBCC,0.163,cool neutral,pale grey,low,stable,tile,content/catalogue/assets/B023-P011.webp,good,,AI-CREATED watermark; tab bar visible; CHF420.00 and CHF290.00,,,,,,,,,,,
B023-P012,B023,closed.com,mono-brand,layer,houndstooth wool overshirt jacket,brushed wool houndstooth,check,3,2,on model,yes,1,content/swipe/products/IMG_0323.png,CLOSED,given,recommend,,input needed,,input needed,,input needed,,input needed,131215,0.379,5.6,2.0,302.5,0.041,True,black,black,302C2B,0.296,black,black,484443,0.257,warm neutral,taupe,low,stable,cutout_model,content/catalogue/assets/B023-P012.webp,good,,"full-look shot, no caption; suede tote and dark jeans styled",,,,,,,,,,,
B023-P013,B023,closed.com,mono-brand,layer,houndstooth wool-blend shirt jacket,brushed wool houndstooth,check,3,2,on model,no,3,content/swipe/products/IMG_0324.png;content/swipe/products/IMG_0325.png;content/swipe/products/IMG_0326.png,CLOSED,given,recommend,Wool-Blend Shirt Jacket,given,Wool-Blend,given,CHF420.00,given,,input needed,100E12,0.72,4.2,2.3,308.2,0.057,True,black,black,271E1B,0.256,brown,espresso,,,,,low,stable,cutout_flat,content/catalogue/assets/B023-P013.webp,good,juniper green,"product page; colour swatch and size row XXS-XL, some sizes unavailable",,,,,,,,,,,
B023-P014,B023,closed.com,mono-brand,multiple,"grid of jeans, jumpers, coat, blouse","denim, wool knit, flannel, boucle",mixed,3,2,listing grid,no,1,content/swipe/products/IMG_0327.png,CLOSED,given,recommend,,input needed,,input needed,,input needed,,input needed,211D1C,0.466,11.2,2.2,39.3,0.081,True,black,black,D2C9C1,0.211,warm neutral,cream,A99B91,0.198,warm neutral,oatmeal,medium,stable,tile,content/catalogue/assets/B023-P014.webp,good,,AI-CREATED watermarks on two tiles; CHF190.00 to CHF340.00,,,,,,,,,,,
B023-P015,B023,closed.com,mono-brand,multiple,"grid of knits, scarf, bag, blazer","marl knit, fair isle knit, smooth leather, wool",mixed,3,2,listing grid,no,2,content/swipe/products/IMG_0328.png;content/swipe/products/IMG_0329.png,CLOSED,given,recommend,,input needed,,input needed,,input needed,,input needed,211F20,0.398,12.0,1.2,344.0,0.035,True,black,black,514E4E,0.264,grey,dark grey,AEA39F,0.222,warm neutral,oatmeal,medium,stable,tile,content/catalogue/assets/B023-P015.webp,good,,tab bar visible; AI-CREATED watermark; CHF230.00 to CHF480.00,,,,,,,,,,,
B023-P016,B023,closed.com,mono-brand,multiple,"grid of knits, flannel trousers, blouse, jeans","wool knit, flannel, poplin, denim",mixed,2,2,listing grid,no,1,content/swipe/products/IMG_0330.png,CLOSED,given,recommend,,input needed,,input needed,,input needed,,input needed,BFC6D1,0.533,79.7,6.3,267.6,0.202,False,blue,sky,E2D8CE,0.243,warm neutral,cream,251710,0.165,brown,espresso,medium,stable,tile,content/catalogue/assets/B023-P016.webp,good,,"AI-CREATED watermark; last row has one tile only, page end; cut into 4 cells",,,hidden,,,,,,,,
B023-P017,B023,closed.com,mono-brand,multiple,"grid of puffer, fair isle knit, shacket","nylon, fair isle knit, brushed wool, jersey",mixed,3,2,listing grid,no,1,content/swipe/products/IMG_0331.png,CLOSED,given,recommend,,input needed,,input needed,,input needed,,input needed,281F1D,0.527,12.7,5.0,37.3,0.153,False,brown,espresso,CCC8C5,0.222,warm neutral,cream,AEA29A,0.202,warm neutral,oatmeal,medium,stable,tile,content/catalogue/assets/B023-P017.webp,good,,AI-CREATED watermarks; CHF90.00 to CHF420.00,,,,,,,,,,,
B024-P001,B024,closed.com,mono-brand,multiple,"grid of sweatpants, t-shirt, denim shirt, jeans","jersey, waffle knit, denim, french terry",mixed,2,1,listing grid,no,1,content/swipe/products/IMG_0332.png,CLOSED,given,recommend,,input needed,,input needed,,input needed,,input needed,191618,0.393,7.6,2.2,336.2,0.067,True,black,black,B7B1AD,0.301,warm neutral,oatmeal,37393A,0.201,grey,dark grey,medium,stable,tile,content/catalogue/assets/B024-P001.webp,good,,AI-CREATED watermarks on three tiles; CHF130.00 to CHF330.00,,,,,,,,,,,
B024-P002,B024,closed.com,mono-brand,multiple,"grid of denim outerwear, jumper, shirts, shorts","denim, wool knit, poplin, check cotton",mixed,2,2,listing grid,no,1,content/swipe/products/IMG_0333.png,CLOSED,given,recommend,,input needed,,input needed,,input needed,,input needed,B6ABA5,0.703,70.7,5.3,57.3,0.08,True,warm neutral,oatmeal,32221D,0.154,brown,espresso,576D81,0.125,blue,denim blue,medium,stable,tile,content/catalogue/assets/B024-P002.webp,good,,AI-CREATED watermark; CHF70.00 to CHF380.00,,,,,,,,,,,
B024-P003,B024,closed.com,mono-brand,multiple,"grid of knits, jeans, shirt dress, cardigan","brushed mohair-look knit, denim, check wool",mixed,3,2,listing grid,no,1,content/swipe/products/IMG_0334.png,CLOSED,given,recommend,,input needed,,input needed,,input needed,,input needed,C1B8B1,0.389,75.3,5.1,67.4,0.077,True,warm neutral,oatmeal,2D2A2A,0.366,black,black,8F827B,0.223,warm neutral,stone,medium,stable,tile,content/catalogue/assets/B024-P003.webp,good,,six captioned tiles CHF70.00 to CHF320.00; bottom row cropped,,,,,,,,,,,
B024-P004,B024,closed.com,mono-brand,multiple,"grid of shearling jacket, striped jumper, jeans","smooth leather, shearling, wool knit, denim",mixed,4,2,listing grid,no,1,content/swipe/products/IMG_0335.png,CLOSED,given,recommend,,input needed,,input needed,,input needed,,input needed,141614,0.383,7.0,1.7,144.4,0.095,True,black,black,34322E,0.358,warm neutral,taupe,54504F,0.24,warm neutral,taupe,medium,stable,tile,content/catalogue/assets/B024-P004.webp,good,,"CHF240.00 to CHF1,930.00; bottom row cropped",,,,,,,,,,,
B024-P005,B024,closed.com,mono-brand,multiple,"grid of cotton blouses, t-shirts, jeans","poplin, jersey, denim, striped jersey",mixed,1,2,listing grid,no,2,content/swipe/products/IMG_0336.png;content/swipe/products/IMG_0337.png,CLOSED,given,recommend,,input needed,,input needed,,input needed,,input needed,B2A69E,0.343,68.9,6.4,62.8,0.077,True,warm neutral,oatmeal,1A191D,0.323,black,black,A9B8C0,0.24,blue,sky,medium,stable,tile,content/catalogue/assets/B024-P005.webp,good,,AI-CREATED watermarks on five tiles; CHF60.00 to CHF290.00,,,,,,,,,,,
B024-P006,B024,closed.com,mono-brand,multiple,"grid of caban jacket, bomber, jeans, knits","melton wool, nylon, denim, cashmere-look knit",mixed,3,2,listing grid,no,1,content/swipe/products/IMG_0338.png,CLOSED,given,recommend,,input needed,,input needed,,input needed,,input needed,B8ACA4,0.438,71.1,6.4,62.8,0.086,True,warm neutral,oatmeal,8C827A,0.249,warm neutral,stone,3F2E2D,0.164,grey,dark grey,medium,stable,tile,content/catalogue/assets/B024-P006.webp,good,,AI-CREATED watermark; CHF100.00 to CHF630.00,,,,,,,,,,,
B024-P007,B024,closed.com,mono-brand,multiple,"grid of jeans, jumper, wide trousers","denim, brushed knit, crepe",mixed,2,2,listing grid,no,1,content/swipe/products/IMG_0339.png,CLOSED,given,recommend,,input needed,,input needed,,input needed,,input needed,1C1C1F,0.969,10.4,2.2,290.9,0.066,True,black,black,,,,,,,,,medium,stable,tile,content/catalogue/assets/B024-P007.webp,good,,page 2 of 3 pagination and footer visible; top row cropped,,,,,,,,,,,
B024-P008,B024,closed.com,mono-brand,multiple,"grid of roll-neck, corduroy pants, jeans, t-shirt","wool knit, corduroy, denim, jersey, nylon",mixed,2,2,listing grid,no,1,content/swipe/products/IMG_0340.png,CLOSED,given,recommend,,input needed,,input needed,,input needed,,input needed,BB9875,0.985,65.2,24.7,70.8,0.33,False,brown,tan,,,,,,,,,medium,stable,tile,content/catalogue/assets/B024-P008.webp,good,,108 items header and tab bar visible; CHF60.00 to CHF290.00; cut into 5 cells,,,hidden,,,,,,,,
B024-P009,B024,closed.com,mono-brand,multiple,"grid of cardigan, jersey pants, bag, knits","fine knit, jersey, denim, wool knit",mixed,2,2,listing grid,no,1,content/swipe/products/IMG_0341.png,CLOSED,given,recommend,,input needed,,input needed,,input needed,,input needed,1E202C,0.97,12.5,8.7,287.0,0.274,False,blue,navy,,,,,,,,,medium,stable,tile,content/catalogue/assets/B024-P009.webp,good,,top row cropped; CHF60.00 to CHF290.00; cut into 6 cells,,,hidden,,,,,,,,
B025-P001,B025,boglioli.it,mono-brand,top,ribbed thermal long-sleeve top,waffle thermal knit,solid,2,1,on model,yes,2,content/swipe/products/IMG_0342.png;content/swipe/products/IMG_0343.png,Merz b. Schwanen,given,recommend,DIAMOND-PATTERNED COTTON THERMAL WOMEN'S LONGSLEEVE,given,100% organic cotton,given,CHF 120.00,given,,input needed,C9C9C6,0.667,80.9,1.6,110.0,0.019,True,cool neutral,pale grey,173045,0.186,blue,navy,2D1B13,0.081,brown,espresso,high,stable,cutout_model,content/catalogue/assets/B025-P001.webp,good,02 - Nature,"RESTOCK tag, four colour swatches, size row, Translate page banner",,,,,,,,,,,
B025-P001-V2,B025,boglioli.it,mono-brand,top,ribbed thermal long-sleeve top,waffle thermal knit,solid,2,1,on model,yes,1,content/swipe/products/IMG_0344.png,Merz b. Schwanen,given,recommend,DIAMOND-PATTERNED COTTON THERMAL WOMEN'S LONGSLEEVE,given,100% organic cotton,given,CHF 120.00,given,,input needed,251E1B,0.997,12.0,4.3,50.3,0.182,False,brown,espresso,,,,,,,,,high,stable,cutout_model,content/catalogue/assets/B025-P001-V2.webp,good,,split out of B025-P001 by colour; slot and garment type are the parent's and may describe the parent's garment — worth a look,,,,,,,,,,,
B025-P002,B025,boglioli.it,mono-brand,top,knitted-collar v-neck polo sweater,fine wool knit,solid,2,2,flat packshot,yes,1,content/swipe/products/IMG_0345.png,Merz b. Schwanen,given,recommend,MERINO WOOL-CASHMERE-SILK V-NECK SWEATER,given,MERINO WOOL-CASHMERE-SILK,given,CHF 195.00,given,,input needed,121426,0.961,6.9,13.6,291.0,0.459,False,blue,navy,,,,,,,,,high,stable,cutout_flat,content/catalogue/assets/B025-P002.webp,good,51 - Dark Navy,three colour swatches and size row; thumbnail strip at left,,,,,,,,,,,
B025-P003,B025,boglioli.it,mono-brand,top,lightweight raglan crew-neck sweater,fine brushed knit,solid,2,2,on model,yes,1,content/swipe/products/IMG_0346.png,Merz b. Schwanen,given,recommend,LIGHTWEIGHT MERINO WOOL-CASHMERE-SILK RAGLAN SWEATER,given,MERINO WOOL-CASHMERE-SILK,given,CHF 160.00,given,,input needed,B5A18D,0.423,67.5,13.7,72.7,0.181,False,brown,tan,B97C7E,0.261,pink,dusty rose,462717,0.198,brown,espresso,low,stable,cutout_model,content/catalogue/assets/B025-P003.webp,weak,39 - Rosewood,eleven colour swatches and size row; German description text,,,,,,,,,,,
B025-P003-V2,B025,boglioli.it,mono-brand,top,lightweight raglan crew-neck sweater,fine brushed knit,solid,2,2,on model,yes,1,content/swipe/products/IMG_0347.png,Merz b. Schwanen,given,recommend,LIGHTWEIGHT MERINO WOOL-CASHMERE-SILK RAGLAN SWEATER,given,MERINO WOOL-CASHMERE-SILK,given,CHF 160.00,given,,input needed,393230,0.975,21.4,3.6,41.7,0.075,True,warm neutral,taupe,,,,,,,,,high,stable,cutout_model,content/catalogue/assets/B025-P003-V2.webp,weak,,split out of B025-P003 by colour; slot and garment type are the parent's and may describe the parent's garment — worth a look,,,,,,,,,,,
B025-P004,B025,boglioli.it,mono-brand,multiple,grid of raglan sweaters and oxford shirts,"fine knit, oxford cotton",solid,2,2,listing grid,no,1,content/swipe/products/IMG_0348.png,Merz b. Schwanen,given,recommend,Lightweight Merino Wool-Cashmere-Silk Raglan Sweater,given,Merino Wool-Cashmere-Silk,given,CHF 160.00,given,,input needed,91867F,0.938,56.7,6.0,61.4,0.081,True,warm neutral,stone,,,,,,,,,medium,stable,tile,content/catalogue/assets/B025-P004.webp,usable,,six colourways of one sweater; shirts below; NEU and RESTOCK tags; cut into 7 cells,,,hidden,,,,,,,,
B025-P005,B025,merzbschwanen.com,mono-brand,multiple,"grid of oxford shirts, chino trousers, gilets","oxford cotton, cotton twill, crinkled cotton",mixed,2,2,listing grid,no,1,content/swipe/products/IMG_0349.png,Merz b. Schwanen,given,recommend,,input needed,,input needed,,input needed,,input needed,C5CBD8,0.9,81.6,7.2,273.6,0.254,False,blue,sky,818592,0.088,grey,mid grey,,,,,medium,stable,tile,content/catalogue/assets/B025-P005.webp,good,,"NEU, RESTOCK, COMING SOON tags; CHF 165.00 to CHF 200.00; cut into 9 cells",,,hidden,,,,,,,,
B025-P006,B025,merzbschwanen.com,mono-brand,multiple,"grid of t-shirts, longsleeves, polo knit","jersey, ribbed knit, merino knit",solid,1,1,listing grid,no,2,content/swipe/products/IMG_0350.png;content/swipe/products/IMG_0351.png,Merz b. Schwanen,given,recommend,,input needed,,input needed,,input needed,,input needed,C8C6BA,0.592,79.7,6.4,102.9,0.078,True,warm neutral,cream,ABAAA2,0.262,warm neutral,oatmeal,9B9582,0.146,green,sage,medium,stable,tile,content/catalogue/assets/B025-P006.webp,usable,,COMING SOON and AUSVERKAUFT tags; CHF 60.00 to CHF 165.00; cut into 19 cells,,,hidden,,,,,,,,
B025-P007,B025,merzbschwanen.com,mono-brand,multiple,"listing grid of sweatshirts, jeans and jackets",brushed fleece and denim,mixed,2,1,listing grid,no,3,content/swipe/products/IMG_0352.png;content/swipe/products/IMG_0353.png;content/swipe/products/IMG_0354.png,Merz b. Schwanen,given,recommend,,input needed,,input needed,,input needed,,input needed,C5C2B5,0.525,78.3,7.0,100.2,0.087,True,warm neutral,cream,A19F92,0.275,warm neutral,oatmeal,797567,0.135,green,olive,medium,stable,tile,content/catalogue/assets/B025-P007.webp,good,,"nine tiles with CHF prices, RESTOCK/UNISEX badges, colour swatch rows; cut into 27 cells",,,hidden,,,,,,,,
B025-P008,B025,boglioli.it,mono-brand,accessory,knitted triangle scarf,fine knit,solid,2,2,flat packshot,yes,1,content/swipe/products/IMG_0355.png,Merz b. Schwanen,given,recommend,MEDIUM SIZE MERINO-CASHMERE-SILK TRIANGLE SCARF,given,"extrafeiner Kaschmir, echte Seide und weiche Merinowolle",given,CHF 125.00,given,,input needed,59241E,0.588,21.9,28.7,33.7,0.545,False,orange,rust,3A1512,0.175,brown,espresso,D5CED0,0.153,cool neutral,pale grey,low,stable,cutout_flat,content/catalogue/assets/B025-P008.webp,weak,Rosewood,"printed COLOR 39 - Rosewood, swatch row of nine, code SKTS01.39.0",,,,,,,,,,,
B025-P008-V2,B025,boglioli.it,mono-brand,accessory,knitted triangle scarf,fine knit,solid,2,2,flat packshot,yes,1,content/swipe/products/IMG_0356.png,Merz b. Schwanen,given,recommend,MEDIUM SIZE MERINO-CASHMERE-SILK TRIANGLE SCARF,given,"extrafeiner Kaschmir, echte Seide und weiche Merinowolle",given,CHF 125.00,given,,input needed,343839,0.468,23.2,1.9,219.7,0.108,True,grey,dark grey,5F6369,0.44,grey,mid grey,,,,,high,stable,cutout_flat,content/catalogue/assets/B025-P008-V2.webp,weak,,split out of B025-P008 by colour; slot and garment type are the parent's and may describe the parent's garment — worth a look,,,,,,,,,,,
B026-P001,B026,armedangels.com,multi-brand,multiple,listing grid of jeans and t-shirts,denim and cotton jersey,solid,2,1,listing grid,no,3,content/swipe/products/IMG_0357.png;content/swipe/products/IMG_0358.png;content/swipe/products/IMG_0359.png,,input needed,not filed,,input needed,,input needed,,input needed,,input needed,D9C5B1,0.39,80.7,13.2,73.2,0.242,False,warm neutral,cream,17171B,0.319,black,black,2C2D37,0.241,blue,navy,medium,stable,tile,content/catalogue/assets/B026-P001.webp,good,,"mono-brand site, only URL armedangels.com legible, no wordmark; TENCEL badge; cut into 9 cells",,,hidden,,,,,,,,
B026-P002,B026,armedangels.com,multi-brand,multiple,"listing grid knitwear, jeans, check shirt, coat","brushed mohair knit, denim, check flannel",mixed,2,1,listing grid,no,1,content/swipe/products/IMG_0360.png,,input needed,not filed,,input needed,,input needed,,input needed,,input needed,1F1F26,0.37,12.0,5.1,291.7,0.138,True,black,off-black,CFCBC3,0.332,warm neutral,cream,AAA49B,0.209,warm neutral,oatmeal,medium,stable,tile,content/catalogue/assets/B026-P002.webp,good,,MOHAIR and NEU badges; per-tile titles and CHF prices legible,,,,,,,,,,,
B026-P003,B026,armedangels.com,multi-brand,multiple,"listing grid coat, check shirt, trousers, hoodie","felted wool, check flannel, twill",mixed,3,2,listing grid,no,1,content/swipe/products/IMG_0361.png,,input needed,not filed,,input needed,,input needed,,input needed,,input needed,1D1D23,0.379,11.0,4.4,291.6,0.124,True,black,off-black,3C3938,0.331,warm neutral,taupe,8E8A84,0.172,warm neutral,stone,medium,stable,tile,content/catalogue/assets/B026-P003.webp,good,,tiles include DOPPELREIHIGER WOLLMANTEL CHF 499.00; NEU and TENCEL badges,,,,,,,,,,,
B026-P004,B026,armedangels.com,multi-brand,multiple,"listing grid fleece, knit, cord skirt, jeans","fleece, bouclé knit, corduroy, denim",mixed,2,1,listing grid,no,1,content/swipe/products/IMG_0362.png,,input needed,not filed,,input needed,,input needed,,input needed,,input needed,352D2C,0.564,19.3,4.0,30.1,0.084,True,warm neutral,taupe,B6BFCB,0.256,blue,sky,541B1C,0.093,orange,rust,low,stable,tile,content/catalogue/assets/B026-P004.webp,good,,"CORD, TENCEL and NEU badges; tile prices CHF 109.00 to CHF 169.00",,,,,,,,,,,
B026-P005,B026,armedangels.com,multi-brand,multiple,"listing grid cord skirt, jeans, knit scarf, t-shirt","corduroy, denim, marl knit, jersey",mixed,2,1,listing grid,no,1,content/swipe/products/IMG_0363.png,,input needed,not filed,,input needed,,input needed,,input needed,,input needed,2D2A28,0.689,17.3,2.0,63.0,0.07,True,black,black,746041,0.123,brown,tobacco,AE9A77,0.112,brown,tan,medium,stable,tile,content/catalogue/assets/B026-P005.webp,good,,tiles include BRUSHED MOULINÉ-STRICKSCHAL CHF 99.00; TENCEL and NEU badges,,,,,,,,,,,
B026-P006,B026,armedangels.com,multi-brand,multiple,"listing grid wool jacket, ribbed knit, jeans","felted wool, ribbed knit, denim, check",mixed,3,2,listing grid,no,1,content/swipe/products/IMG_0364.png,,input needed,not filed,,input needed,,input needed,,input needed,,input needed,5B96C6,0.533,60.0,31.1,259.9,0.677,False,blue,steel blue,2D4770,0.275,blue,denim blue,2C201A,0.138,brown,espresso,medium,stable,tile,content/catalogue/assets/B026-P006.webp,good,,tiles include MAJELAA WOLLJACKE CHF 429.00 and KARIERTE WOLL-JACKET CHF 499.00,,,,,,,,,,,
B026-P007,B026,armedangels.com,multi-brand,multiple,"listing grid cord pinafore dress, fleece gilet, trousers","corduroy, fleece, check twill",mixed,2,1,listing grid,no,1,content/swipe/products/IMG_0365.png,,input needed,not filed,,input needed,,input needed,,input needed,,input needed,412E29,0.515,21.0,10.3,40.1,0.21,False,brown,espresso,D4BCAB,0.243,warm neutral,oatmeal,F5F1EE,0.137,white,white,low,stable,tile,content/catalogue/assets/B026-P007.webp,good,,CORD badge; tiles include CORD-MINI-KLEID MIT RUNDHALS CHF 149.00,,,,,,,,,,,
B026-P008,B026,armedangels.com,multi-brand,multiple,"listing grid underwear, t-shirts and tank top","smooth jersey, ribbed jersey, denim",solid,1,1,listing grid,no,1,content/swipe/products/IMG_0366.png,,input needed,not filed,,input needed,,input needed,,input needed,,input needed,2A2B2F,0.55,17.6,2.8,281.4,0.089,True,black,black,71798C,0.223,blue,denim blue,CA7F54,0.129,orange,terracotta,low,stable,tile,content/catalogue/assets/B026-P008.webp,good,,"5 FÜR -15%, 3 FÜR -10%, TENCEL and BELIEBT badges on tiles",,,,,,,,,,,
B026-P009,B026,armedangels.com,multi-brand,base,high waist briefs,smooth jersey,solid,1,1,on model,yes,1,content/swipe/products/IMG_0367.png,,input needed,not filed,BIRTAA HIGH WAIST SLIP TENCEL™ MODAL MIX,given,TENCEL™ MODAL MIX,given,CHF 29.00,given,,input needed,8E3B3B,0.469,36.4,39.5,26.7,0.578,False,red,brick,DA8F60,0.358,orange,apricot,B66A43,0.142,orange,terracotta,low,stable,cutout_model,content/catalogue/assets/B026-P009.webp,good,Velvet Ember,"swatch row of seven colours, sizes XS-XXL, 227 Bewertungen, TENCEL badge",,,,,,,,,,,
B026-P010,B026,ch.officinegenerale.com,mono-brand,top,balloon-sleeve cotton shirt with stand collar,crisp poplin,solid,1,3,on model,yes,1,content/swipe/products/IMG_0368.png,OFFICINE GÉNÉRALE,given,not filed,MAVA HEMD,given,TEXTURIERTE WEISSE DOBBY-BAUMWOLLE,given,CHF 315,given,,input needed,EFEDEE,0.576,93.9,0.9,343.7,0.084,True,white,white,3C2920,0.402,brown,espresso,,,,,low,stable,cutout_model,content/catalogue/assets/B026-P010.webp,good,WEISS,two model images stacked; size XS shown; browser tab reads Mava He,,,,,,,,,,,
B026-P011,B026,lemaire.fr,mono-brand,multiple,"listing grid knit sweatshirt, knit dress, bag, boot","felted merino knit, smooth leather",solid,3,2,listing grid,no,1,content/swipe/products/IMG_0369.png,LEMAIRE,given,not filed,,input needed,,input needed,,input needed,,input needed,1F1A18,0.535,9.8,3.1,48.8,0.154,False,black,black,393736,0.279,warm neutral,taupe,716F6D,0.11,warm neutral,stone,medium,stable,tile,content/catalogue/assets/B026-P011.webp,usable,,tiles 590€ and 650€; header text names LEMAIRE Autumn/Winter 2026 women,,,,,,,,,,,
B027-P001,B027,lemaire.fr,mono-brand,top,long-sleeve scarf-neck jersey top,fine jersey,solid,1,2,on model,no,1,content/swipe/products/IMG_0370.png,LEMAIRE,given,not filed,,input needed,,input needed,,input needed,,input needed,3D2E25,0.872,20.4,10.0,57.8,0.284,False,brown,espresso,90847D,0.077,warm neutral,stone,60554D,0.051,warm neutral,taupe,low,stable,cutout_model,content/catalogue/assets/B027-P001.webp,weak,,"carousel arrows visible; no product title, colour or price on screen",,,,,,,,,,,
B027-P002,B027,lemaire.fr,mono-brand,top,long-sleeve scarf-neck jersey top,fine jersey,solid,1,2,on model,no,1,content/swipe/products/IMG_0371.png,LEMAIRE,given,not filed,,input needed,,input needed,,input needed,,input needed,1F1A1A,0.589,9.8,2.6,20.2,0.081,True,black,black,41312A,0.331,brown,espresso,786D67,0.079,warm neutral,stone,low,stable,cutout_model,content/catalogue/assets/B027-P002.webp,weak,,"full-length look, hem tucked under handkerchief-hem skirt; no product text",,,,,,,,,,,
B027-P003,B027,lemaire.fr,mono-brand,top,open-back scarf-neck jersey top,sheer fine jersey,solid,1,2,detail,no,1,content/swipe/products/IMG_0372.png,LEMAIRE,given,not filed,,input needed,,input needed,,input needed,,input needed,2E231F,0.75,14.9,6.5,46.3,0.207,False,brown,espresso,14110E,0.147,black,black,6E635D,0.102,warm neutral,taupe,medium,stable,cutout_model,content/catalogue/assets/B027-P003.webp,weak,,close back view showing open-back cut-out; no product text on screen,,,,,,,,,,,
B027-P004,B027,lemaire.fr,mono-brand,top,sheer top with scarf-tie neck,sheer mesh jersey,solid,1,2,flat packshot,yes,2,content/swipe/products/IMG_0373.png;content/swipe/products/IMG_0374.png,LEMAIRE,given,not filed,,input needed,,input needed,,input needed,,input needed,6D5948,0.803,39.4,14.0,67.2,0.266,False,brown,tobacco,33241A,0.107,brown,espresso,A39390,0.089,warm neutral,oatmeal,low,stable,cutout_model,content/catalogue/assets/B027-P004.webp,good,,"flat lay on white; no product title, colour or price visible",,,,,,,,,,,
B027-P005,B027,lemaire.fr,mono-brand,layer,reversible buttoned cardigan,fine cashmere knit,solid,2,3,on model,yes,1,content/swipe/products/IMG_0375.png,LEMAIRE,given,not filed,REVERSIBLE BUTTONED SWEATER IN CASHMERE,given,Cashmere,given,790€,given,,input needed,1D1A18,0.61,9.5,2.2,62.6,0.134,True,black,black,393533,0.245,warm neutral,taupe,615E5B,0.127,warm neutral,taupe,medium,stable,cutout_model,content/catalogue/assets/B027-P005.webp,good,Stone,two colour swatches plus +1; price sits in the SELECT SIZE bar,,,,,,,,,,,
B027-P006,B027,lemaire.fr,mono-brand,layer,reversible buttoned cardigan,fine cashmere knit,solid,2,3,on model,yes,1,content/swipe/products/IMG_0376.png,LEMAIRE,given,not filed,REVERSIBLE BUTTONED SWEATER IN CASHMERE,given,Cashmere,given,790€,given,,input needed,231916,0.874,9.9,6.0,42.3,0.264,False,brown,espresso,575453,0.107,warm neutral,taupe,,,,,medium,stable,cutout_model,content/catalogue/assets/B027-P006.webp,good,Stone,"worn reverse side out, buttons hidden; full-length shot, model head cropped",,,,,,,,,,,
B027-P007,B027,lemaire.fr,mono-brand,layer,reversible buttoned cardigan,fine cashmere knit,solid,2,3,flat packshot,yes,1,content/swipe/products/IMG_0377.png,LEMAIRE,given,not filed,REVERSIBLE BUTTONED SWEATER IN CASHMERE,given,Cashmere,given,,input needed,,input needed,47474A,0.966,30.3,1.9,290.5,0.033,True,grey,dark grey,,,,,,,,,high,stable,cutout_flat,content/catalogue/assets/B027-P007.webp,good,,colour name and price cut off at bottom edge; carousel dots visible,,,,,,,,,,,
B027-P008,B027,lemaire.fr,mono-brand,layer,buttoned crew-neck cardigan,fine knit,solid,2,3,on model,yes,2,content/swipe/products/IMG_0378.png;content/swipe/products/IMG_0379.png,LEMAIRE,given,not filed,,input needed,,input needed,,input needed,,input needed,B2996C,0.328,64.4,27.2,84.1,0.394,False,brown,tan,DDC9A1,0.296,yellow,butter,8B744C,0.243,green,olive,medium,stable,cutout_model,content/catalogue/assets/B027-P008.webp,good,,"second colourway shown, pale yellow; no product text on screen",,,,,,,,,,,
B027-P009,B027,lemaire.fr,mono-brand,multiple,"listing grid bag, belt, wool jacket, leather shirt","smooth leather, felted wool",solid,2,3,listing grid,no,2,content/swipe/products/IMG_0380.png;content/swipe/products/IMG_0381.png,LEMAIRE,given,not filed,,input needed,,input needed,,input needed,,input needed,E7E9E8,0.864,92.2,0.9,163.6,0.019,True,white,white,302825,0.071,black,off-black,6C6867,0.065,warm neutral,taupe,low,stable,tile,content/catalogue/assets/B027-P009.webp,usable,,"tiles 480€ to 1,290€; four titles fully legible above the fold",,,,,,,,,,,
B027-P010,B027,lemaire.fr,mono-brand,multiple,"listing grid duffle coat, trousers, bag, slipper","double wool, grained leather, twill",solid,3,2,listing grid,no,1,content/swipe/products/IMG_0382.png,LEMAIRE,given,not filed,,input needed,,input needed,,input needed,,input needed,E7E9E9,0.905,92.2,0.7,199.4,0.019,True,white,white,2D2420,0.061,brown,espresso,,,,,low,stable,tile,content/catalogue/assets/B027-P010.webp,usable,,"tiles 480€ to 1,390€; slipper title printed as COW LEAHER",,,,,,,,,,,
B027-P011,B027,lemaire.fr,mono-brand,multiple,"listing grid leather blouson, knit, trousers, bag","shiny leather, ribbed knit, twill",solid,3,2,listing grid,no,1,content/swipe/products/IMG_0383.png,LEMAIRE,given,not filed,,input needed,,input needed,,input needed,,input needed,1B1716,0.662,8.2,2.2,38.6,0.112,True,black,black,454444,0.203,grey,dark grey,B6B4B1,0.136,warm neutral,oatmeal,medium,stable,tile,content/catalogue/assets/B027-P011.webp,usable,,"tiles 550€ to 2,850€; PILOT BLOUSON tile shows shearling collar",,,,,,,,,,,
B028-P001,B028,lemaire.fr,mono-brand,layer,leather bomber with shearling collar,smooth shiny leather,solid,4,2,on model,no,1,content/swipe/products/IMG_0384.png,LEMAIRE,given,not filed,PILOT BLOUSON IN SHINY COW LEATHER,given,,input needed,,input needed,,input needed,1A1716,0.522,8.0,1.7,44.2,0.099,True,black,black,3B3734,0.281,warm neutral,taupe,8D8D8C,0.139,grey,mid grey,medium,stable,cutout_model,content/catalogue/assets/B028-P001.webp,good,,"three-quarter view, front partly turned away; price and colour below fold",,,,,,,,,,,
B028-P002,B028,lemaire.fr,mono-brand,layer,leather bomber with shearling collar,smooth shiny leather,solid,4,2,on model,yes,2,content/swipe/products/IMG_0385.png;content/swipe/products/IMG_0386.png,LEMAIRE,given,not filed,PILOT BLOUSON IN SHINY COW LEATHER,given,,input needed,,input needed,,input needed,1C1816,0.558,8.6,2.6,54.2,0.16,False,black,black,362B25,0.322,brown,espresso,5B5956,0.089,warm neutral,taupe,medium,stable,cutout_model,content/catalogue/assets/B028-P002.webp,good,,back view; carousel dots visible; colour and price below the fold,,,,,,,,,,,
B028-P003,B028,lemaire.fr,mono-brand,layer,belted wool coat with stand collar,felted wool,solid,4,3,on model,no,1,content/swipe/products/IMG_0387.png,LEMAIRE,given,not filed,,input needed,,input needed,,input needed,,input needed,1B1C1E,0.673,10.2,1.5,272.1,0.079,True,black,black,383533,0.258,warm neutral,taupe,,,,,medium,stable,cutout_model,content/catalogue/assets/B028-P003.webp,good,,"full look, green fur bag covers part of coat; printed knee boots",,,,,,,,,,,
B028-P004,B028,lemaire.fr,mono-brand,layer,belted wrap coat with stand collar,felted wool,solid,4,3,on model,yes,1,content/swipe/products/IMG_0388.png,LEMAIRE,given,not filed,SHAPED WRAP COAT IN FELTED WOOL ALPACA,given,Felted wool alpaca,given,"1,690€",given,,input needed,1F1F20,0.991,11.8,0.7,290.4,0.021,True,black,black,,,,,,,,,medium,stable,cutout_flat,content/catalogue/assets/B028-P004.webp,good,Black,two colour swatches; model head cropped; printed boots below hem,,,,,,,,,,,
B028-P005,B028,lemaire.fr,mono-brand,layer,belted wrap coat with stand collar,felted wool,solid,4,3,flat packshot,yes,1,content/swipe/products/IMG_0389.png,LEMAIRE,given,not filed,,input needed,,input needed,,input needed,,input needed,1A1C1F,0.997,10.2,2.4,267.0,0.135,True,black,black,,,,,,,,,medium,stable,cutout_flat,content/catalogue/assets/B028-P005.webp,good,,flat lay on white; browser tab truncated to SHAPED so title not fully legible,,,,,,,,,,,
B028-P006,B028,lemaire.fr,mono-brand,multiple,"listing grid of coat, pants, bag, boots","leather, knit, wool",mixed,3,3,listing grid,no,1,content/swipe/products/IMG_0390.png,LEMAIRE,guessed,not filed,,input needed,,input needed,,input needed,,input needed,202020,0.343,12.3,0.0,158.2,0.0,True,black,black,3C3D3D,0.337,grey,dark grey,DEDFE0,0.179,cool neutral,pale grey,medium,stable,tile,content/catalogue/assets/B028-P006.webp,usable,,"grid rows: wrap coat, leather pants, croissant bag, ankle boots",,,,,,,,,,,
B028-P007,B028,lemaire.fr,mono-brand,top,chunky ribbed high-neck sweater,ribbed knit,marl,4,2,on model,yes,1,content/swipe/products/IMG_0391.png,LEMAIRE,given,not filed,,input needed,,input needed,,input needed,,input needed,2C2D2E,0.82,18.4,0.8,255.9,0.042,True,black,black,444445,0.17,grey,dark grey,,,,,medium,stable,cutout_model,content/catalogue/assets/B028-P007.webp,good,,"full-look shot, dark trousers and boots also worn",,,,,,,,,,,
B028-P008,B028,lemaire.fr,mono-brand,top,ribbed high-neck sweater,ribbed knit,marl,4,2,on model,yes,1,content/swipe/products/IMG_0392.png,LEMAIRE,guessed,not filed,HIGH NECK SWEATER IN YAK ALPACA,given,Yak alpaca,given,890€,given,,input needed,1F1F1F,0.644,11.8,0.0,158.2,0.0,True,black,black,3B3B3B,0.303,grey,dark grey,,,,,medium,stable,cutout_model,content/catalogue/assets/B028-P008.webp,good,Black / mink brown,back view; two colour swatches plus +1 shown,,,,,,,,,,,
B028-P009,B028,lemaire.fr,mono-brand,top,ribbed high-neck sweater,ribbed knit,marl,4,2,flat packshot,yes,2,content/swipe/products/IMG_0393.png;content/swipe/products/IMG_0394.png,LEMAIRE,given,not filed,,input needed,,input needed,,input needed,,input needed,232425,0.875,14.1,0.9,255.9,0.049,True,black,black,3A3A3B,0.125,grey,dark grey,,,,,high,stable,cutout_flat,content/catalogue/assets/B028-P009.webp,good,,"same sweater as previous frame, laid flat",,,,,,,,,,,
B028-P010,B028,lemaire.fr,mono-brand,multiple,"listing grid of shirt, pants, bag, ring","leather, silk, metal",mixed,2,3,listing grid,no,4,content/swipe/products/IMG_0395.png;content/swipe/products/IMG_0396.png;content/swipe/products/IMG_0397.png;content/swipe/products/IMG_0398.png,LEMAIRE,given,not filed,,input needed,,input needed,,input needed,,input needed,282728,0.395,15.8,0.9,324.6,0.017,True,black,black,5F6064,0.246,grey,mid grey,D9D7D6,0.194,warm neutral,cream,medium,stable,tile,content/catalogue/assets/B028-P010.webp,usable,,LEMAIRE engraved on ring; prices 260€ to 790€ visible,,,,,,,,,,,
B028-P011,B028,lemaire.fr,mono-brand,multiple,"listing grid of bags, jacket, denim pants",smooth leather,mixed,3,3,listing grid,no,1,content/swipe/products/IMG_0399.png,LEMAIRE,guessed,not filed,,input needed,,input needed,,input needed,,input needed,EAECED,0.599,93.3,0.9,235.8,0.07,True,white,white,353233,0.197,grey,dark grey,575355,0.14,grey,dark grey,low,stable,tile,content/catalogue/assets/B028-P011.webp,good,,"URL bar obscured; prices 490€ to 1,390€ visible",,,,,,,,,,,
B028-P012,B028,lemaire.fr,mono-brand,top,chunky roll-neck sweater,ribbed knit,marl,4,2,detail,no,2,content/swipe/products/IMG_0400.png;content/swipe/products/IMG_0401.png,LEMAIRE,given,not filed,,input needed,,input needed,,input needed,,input needed,1F1913,0.385,9.3,5.4,71.1,0.365,False,brown,espresso,443327,0.293,brown,chocolate,CEA17E,0.169,brown,tan,low,stable,cutout_model,content/catalogue/assets/B028-P012.webp,good,,close crop on collar and shoulder; brown marl colourway,,,,,,,,,,,
B028-P013,B028,lemaire.fr,mono-brand,top,long-sleeve button-up shirt,crinkled silk-look,solid,1,3,on model,yes,1,content/swipe/products/IMG_0402.png,LEMAIRE,guessed,not filed,REGULAR SHIRT IN DRY SILK,given,Dry silk,given,720€,given,,input needed,EFDFD9,0.697,89.9,6.6,47.7,0.425,False,warm neutral,cream,3A3029,0.202,brown,espresso,7B7168,0.101,warm neutral,stone,low,stable,cutout_model,content/catalogue/assets/B028-P013.webp,weak,Orchid,two colour swatches plus +1; roll-neck worn underneath,,,,,,,,,,,
B028-P014,B028,lemaire.fr,mono-brand,top,long-sleeve button-up shirt,crinkled silk-look,solid,1,3,flat packshot,yes,1,content/swipe/products/IMG_0403.png,LEMAIRE,given,not filed,REGULAR SHIRT IN DRY SILK,given,,input needed,,input needed,,input needed,E5D3CE,0.616,85.9,7.2,41.2,0.331,False,warm neutral,cream,AE9B9B,0.282,grey,light grey,5A514C,0.054,warm neutral,taupe,low,stable,cutout_flat,content/catalogue/assets/B028-P014.webp,weak,,LEMAIRE neck label legible; title partly cut at bottom edge,,,,,,,,,,,
B029-P001,B029,lemaire.fr,mono-brand,top,long-sleeve button-up shirt,crinkled silk-look,solid,1,3,flat packshot,yes,1,content/swipe/products/IMG_0404.png,LEMAIRE,given,not filed,REGULAR SHIRT IN DRY SILK,given,Dry silk,given,,input needed,,input needed,B4906D,0.865,62.3,25.3,69.8,0.347,False,brown,tan,CAAE8E,0.062,brown,tan,8B6A4F,0.052,brown,tobacco,high,stable,cutout_flat,content/catalogue/assets/B029-P001.webp,good,Toffee,LEMAIRE neck label legible; colour swatch row visible,,,,,,,,,,,
B029-P002,B029,lemaire.fr,mono-brand,shoes,knee-high block-heel leather boots,smooth leather,solid,3,3,flat packshot,yes,2,content/swipe/products/IMG_0405.png;content/swipe/products/IMG_0406.png,LEMAIRE,guessed,not filed,CREASE SLEEVE BOOTS IN SOFT SHINY CALF LEATHER,given,Soft shiny calf leather,given,"1,390€",given,,input needed,534636,0.581,30.6,12.0,76.7,0.291,False,brown,chocolate,221D1A,0.191,black,black,6E604D,0.149,brown,tobacco,medium,stable,cutout_flat,content/catalogue/assets/B029-P002.webp,good,Elephant,two colour swatches; estimated delivery date 21/09 printed,,,,,,,,,,,
B030-P001,B030,lemaire.fr,mono-brand,top,short-sleeve fine-knit sweater,fine knit,marl,1,2,on model,yes,1,content/swipe/products/IMG_0407.png,lemaire,guessed,not filed,SHORT SLEEVE SWEATER IN FINE MERINO WOOL,given,Fine merino wool,given,,input needed,,input needed,AB947C,0.393,62.8,16.6,73.2,0.232,False,brown,tan,88725A,0.335,brown,tobacco,D6C2AB,0.136,yellow,butter,medium,stable,cutout_model,content/catalogue/assets/B030-P001.webp,good,Chai melange,two colour swatches plus +1 below title,,,,,,,,,,,"URL bar, lemaire.fr"
B030-P002,B030,lemaire.fr,mono-brand,top,short-sleeve fine-knit sweater,fine knit,marl,1,2,on model,yes,1,content/swipe/products/IMG_0408.png,lemaire,guessed,not filed,SHORT SLEEVE SWEATER IN FINE MERINO WOOL,given,Fine merino wool,given,,input needed,,input needed,A28D74,0.362,59.9,16.7,76.4,0.248,False,brown,tan,35302D,0.341,warm neutral,taupe,665E56,0.152,warm neutral,taupe,medium,stable,cutout_model,content/catalogue/assets/B030-P002.webp,good,Chai melange,full-length shot with dark leather-look trousers,,,,,,,,,,,"URL bar, lemaire.fr"
B030-P003,B030,lemaire.fr,mono-brand,top,short-sleeve boat-neck knit top,fine knit,marl,1,2,flat packshot,yes,1,content/swipe/products/IMG_0409.png,LEMAIRE,given,not filed,SHORT SLEEVE SWEATER IN FINE MERINO WOOL,given,Fine merino wool,given,,input needed,,input needed,C1AA91,0.913,71.0,16.6,74.5,0.212,False,brown,tan,9B856F,0.076,brown,tan,,,,,high,stable,cutout_flat,content/catalogue/assets/B030-P003.webp,good,Chai melange,LEMAIRE neck label legible; colour swatch row visible,,,,,,,,,,,
B030-P004,B030,lemaire.fr,mono-brand,top,short-sleeve boat-neck knit top,fine knit,marl,1,2,flat packshot,yes,1,content/swipe/products/IMG_0410.png,LEMAIRE,given,not filed,,input needed,,input needed,,input needed,,input needed,362B2A,0.999,18.7,5.5,27.7,0.12,True,black,off-black,,,,,,,,,high,stable,cutout_flat,content/catalogue/assets/B030-P004.webp,weak,,dark brown colourway; product text scrolled out of frame,,,,,,,,,,,
B030-P005,B030,lemaire.fr,mono-brand,multiple,"listing grid of pants, knit, shoe, card holder","wool, leather",mixed,2,3,listing grid,no,1,content/swipe/products/IMG_0411.png,lemaire,guessed,not filed,,input needed,,input needed,,input needed,,input needed,3D3937,0.42,24.3,2.3,55.0,0.054,True,warm neutral,taupe,211E1C,0.298,black,black,B8B4B1,0.143,warm neutral,oatmeal,medium,stable,tile,content/catalogue/assets/B030-P005.webp,usable,,prices 180€ to 590€ visible across four tiles,,,,,,,,,,,"URL bar, lemaire.fr"
B030-P006,B030,lemaire.fr,mono-brand,multiple,"listing grid of dress, jewel, cardigan, slingback","knit, leather, brass",mixed,3,3,listing grid,no,1,content/swipe/products/IMG_0412.png,lemaire,guessed,not filed,,input needed,,input needed,,input needed,,input needed,181818,0.528,8.2,0.0,158.2,0.0,True,black,black,3E3A3A,0.306,grey,dark grey,898685,0.094,warm neutral,stone,medium,stable,tile,content/catalogue/assets/B030-P006.webp,usable,,"prices 180€ to 1,390€ visible across four tiles",,,,,,,,,,,"URL bar, lemaire.fr"
B030-P007,B030,lemaire.fr,mono-brand,multiple,"listing grid of skirt, jumper, dress, scarf, coat","poplin, knit, melton",mixed,3,3,listing grid,no,4,content/swipe/products/IMG_0413.png;content/swipe/products/IMG_0414.png;content/swipe/products/IMG_0415.png;content/swipe/products/IMG_0416.png,MARGARET HOWELL,given,not filed,,input needed,,input needed,,input needed,,input needed,14171C,0.877,7.6,4.0,270.6,0.233,False,black,black,BDBEBF,0.079,grey,light grey,,,,,medium,stable,tile,content/catalogue/assets/B030-P007.webp,good,,cookie consent banner overlaps lower-left tile; cut into 6 cells,,,hidden,,,,,,,,
B030-P008,B030,lemaire.fr,mono-brand,layer,double-breasted wool pea coat,felted wool,solid,4,3,flat packshot,yes,1,content/swipe/products/IMG_0417.png,lemaire,guessed,not filed,REEFER COAT,given,FELTED WOOL MELTON,given,"CHF 1,450.00",given,,input needed,242328,0.96,14.0,3.6,298.7,0.067,True,black,black,,,,,,,,,high,stable,cutout_flat,content/catalogue/assets/B030-P008.webp,good,NAVY,two colourway thumbnails; description says heavyweight felted wool,,,,,,,,,,,"URL bar, lemaire.fr"
B030-P009,B030,lemaire.fr,mono-brand,layer,double-breasted wool pea coat,felted wool,solid,4,3,on model,yes,1,content/swipe/products/IMG_0418.png,MARGARET HOWELL,given,not filed,REEFER COAT,given,FIRM WOOL MELTON,given,"CHF 1,450.00",given,,input needed,362E27,0.622,19.6,6.3,69.0,0.207,False,brown,espresso,1A191C,0.339,black,black,,,,,medium,stable,cutout_model,content/catalogue/assets/B030-P009.webp,good,KHAKI,description text says heavyweight wool polyamide blend,,,,,,,,,,,
B030-P010,B030,lemaire.fr,mono-brand,layer,double-breasted wool pea coat,felted wool,solid,4,3,flat packshot,yes,1,content/swipe/products/IMG_0419.png,lemaire,guessed,not filed,REEFER COAT,given,FIRM WOOL MELTON,given,"CHF 1,450.00",given,,input needed,473F35,0.914,27.2,7.6,78.3,0.201,False,brown,chocolate,181511,0.086,black,black,,,,,high,stable,cutout_flat,content/catalogue/assets/B030-P010.webp,good,KHAKI,two flat shots stacked; second shows cotton lining,,,,,,,,,,,"URL bar, lemaire.fr"
B031-P001,B031,margarethowell.co.uk,multi-brand,accessory,narrow ribbed knit scarf,ribbed knit,solid,3,2,flat packshot,yes,3,content/swipe/products/IMG_0420.png;content/swipe/products/IMG_0421.png;content/swipe/products/IMG_0422.png,MARGARET HOWELL,given,not filed,NARROW RIBBED SCARF,given,CHAIN CASHMERE,given,CHF 225.00,given,,input needed,0F1217,0.955,5.4,3.5,270.9,0.237,False,black,black,,,,,,,,,medium,stable,cutout_flat,content/catalogue/assets/B031-P001.webp,good,DARK NAVY,three colourway thumbnails; detail crop below main image,,,,,,,,,,,
B031-P002,B031,margarethowell.co.uk,multi-brand,top,crew neck flecked wool jumper,flecked wool knit,marl,3,2,on model,yes,2,content/swipe/products/IMG_0423.png;content/swipe/products/IMG_0424.png,MARGARET HOWELL,given,not filed,DONEGAL CREW NECK JUMPER,given,SOFT DONEGAL WOOL,given,CHF 375.00,given,,input needed,40372F,0.499,23.8,6.9,69.4,0.194,False,brown,chocolate,462D28,0.197,brown,espresso,211A18,0.18,brown,espresso,high,stable,cutout_model,content/catalogue/assets/B031-P002.webp,weak,MOUSE,two colourway thumbnails; description mentions Donegal spun merino wool,,,,,,,,,,,
B031-P002-V2,B031,margarethowell.co.uk,multi-brand,top,crew neck flecked wool jumper,flecked wool knit,marl,3,2,on model,yes,2,content/swipe/products/IMG_0425.png;content/swipe/products/IMG_0426.png,MARGARET HOWELL,given,not filed,DONEGAL CREW NECK JUMPER,given,SOFT DONEGAL WOOL,given,CHF 375.00,given,,input needed,988C7F,0.394,58.9,8.8,75.6,0.132,True,warm neutral,stone,B7AEA4,0.245,warm neutral,oatmeal,2B2426,0.223,black,black,high,stable,cutout_model,content/catalogue/assets/B031-P002-V2.webp,weak,,split out of B031-P002 by colour; slot and garment type are the parent's and may describe the parent's garment — worth a look,,,,,,,,,,,
B031-P003,B031,margarethowell.co.uk,multi-brand,top,oversized V-neck chunky jumper,chunky knit,solid,4,2,on model,yes,1,content/swipe/products/IMG_0427.png,MARGARET HOWELL,given,not filed,OVERSIZE V NECK JUMPER,given,SOFT CASHMERE WOOL,given,CHF 665.00,given,,input needed,15161F,0.783,7.5,6.8,288.4,0.247,False,blue,navy,A5ABB4,0.083,grey,light grey,313548,0.068,blue,navy,medium,stable,cutout_model,content/catalogue/assets/B031-P003.webp,good,NAVY,sizes 6 and 16 struck through as unavailable,,,,,,,,,,,
B031-P004,B031,margarethowell.co.uk,multi-brand,top,oversized V-neck chunky jumper,chunky knit,solid,4,2,flat packshot,yes,1,content/swipe/products/IMG_0428.png,,input needed,not filed,OVERSIZE V NECK JUMPER,given,SOFT CASHMERE WOOL,given,CHF 665.00,given,,input needed,1F222A,0.997,13.2,5.9,278.6,0.23,False,blue,navy,,,,,,,,,high,stable,cutout_flat,content/catalogue/assets/B031-P004.webp,good,NAVY,sizes 6 and 16 struck through as unavailable,,,,,,,,,,,
B031-P005,B031,margarethowell.co.uk,multi-brand,top,crew neck knit jumper,fine wool knit,marl,3,2,on model,yes,1,content/swipe/products/IMG_0429.png,MARGARET HOWELL,given,not filed,SHORT CLASSIC CREW NECK JUMPER,given,MERINO CASHMERE TWIST,given,CHF 455.00,given,,input needed,37332E,0.788,21.5,3.9,79.4,0.125,True,warm neutral,taupe,55534E,0.177,warm neutral,taupe,,,,,medium,stable,cutout_model,content/catalogue/assets/B031-P005.webp,good,KHAKI / CHARCOAL TWIST,two colourway thumbnails; white shirt layered underneath,,,,,,,,,,,
B031-P006,B031,margarethowell.co.uk,multi-brand,top,crew neck knit jumper,fine wool knit,marl,3,2,flat packshot,yes,1,content/swipe/products/IMG_0430.png,,input needed,not filed,SHORT CLASSIC CREW NECK JUMPER,given,MERINO CASHMERE TWIST,given,CHF 455.00,given,,input needed,48443E,0.997,29.1,4.3,83.8,0.11,True,warm neutral,taupe,,,,,,,,,high,stable,cutout_flat,content/catalogue/assets/B031-P006.webp,good,KHAKI / CHARCOAL TWIST,front and back flat shots stacked in frame,,,,,,,,,,,
B031-P007,B031,margarethowell.co.uk,multi-brand,top,crew neck knit jumper,fine wool knit,solid,3,2,on model,yes,1,content/swipe/products/IMG_0431.png,MARGARET HOWELL,given,not filed,SHORT CLASSIC CREW NECK JUMPER,given,MERINO CASHMERE,given,CHF 455.00,given,,input needed,3A1711,0.851,12.9,20.6,35.8,0.601,False,brown,espresso,231B19,0.103,brown,espresso,,,,,low,stable,cutout_model,content/catalogue/assets/B031-P007.webp,good,PHEASANT,second colourway of the khaki jumper page,,,,,,,,,,,
B031-P008,B031,margarethowell.co.uk,multi-brand,top,crew neck knit jumper,fine wool knit,solid,3,2,flat packshot,yes,1,content/swipe/products/IMG_0432.png,,input needed,not filed,SHORT CLASSIC CREW NECK JUMPER,given,MERINO CASHMERE,given,CHF 455.00,given,,input needed,51271C,0.968,21.1,24.4,41.1,0.506,False,brown,espresso,,,,,,,,,high,stable,cutout_flat,content/catalogue/assets/B031-P008.webp,good,PHEASANT,brand wordmark scrolled out of frame; flat shots stacked,,,,,,,,,,,
B031-P009,B031,margarethowell.co.uk,multi-brand,accessory,knitted wool hood balaclava,felted wool knit,solid,3,1,flat packshot,yes,1,content/swipe/products/IMG_0433.png,MHL.,given,not filed,MHL. FELTED HOOD LAMBSWOOL,given,fabricated in wool,given,CHF 97.90,given,,input needed,312422,0.946,15.6,6.9,32.6,0.158,False,brown,espresso,736160,0.053,grey,mid grey,,,,,low,stable,cutout_model,content/catalogue/assets/B031-P009.webp,weak,CHOCOLATE,"three colourway thumbnails, size OS, margarethowell.co.uk in URL bar",,,,,,,,,,,
B032-P001,B032,apc.fr,mono-brand,accessory,knitted wool hood balaclava,felted wool knit,solid,3,1,flat packshot,yes,2,content/swipe/products/IMG_0434.png;content/swipe/products/IMG_0435.png,MHL.,given,not filed,MHL. FELTED HOOD LAMBSWOOL,given,fabricated in wool,given,CHF 97.90,given,,input needed,423231,0.76,22.5,7.8,25.8,0.157,False,grey,dark grey,1A1412,0.184,black,black,5E4D4B,0.056,grey,dark grey,high,stable,cutout_model,content/catalogue/assets/B032-P001.webp,weak,CHOCOLATE,"scrolled view, three colourway thumbnails, size OS",,,,,,,,,,,
B032-P001-V2,B032,apc.fr,mono-brand,accessory,knitted wool hood balaclava,felted wool knit,solid,3,1,flat packshot,yes,1,content/swipe/products/IMG_0436.png,MHL.,given,not filed,MHL. FELTED HOOD LAMBSWOOL,given,fabricated in wool,given,CHF 97.90,given,,input needed,591F1C,0.58,20.8,30.9,30.9,0.621,False,orange,rust,923C37,0.257,orange,rust,1C0B0A,0.163,red,oxblood,low,stable,cutout_model,content/catalogue/assets/B032-P001-V2.webp,weak,,split out of B032-P001 by colour; slot and garment type are the parent's and may describe the parent's garment — worth a look,,,,,,,,,,,
B032-P002,B032,apc.fr,mono-brand,top,crew neck wool jumper,wool knit with ribbed cuffs,solid,3,2,flat packshot,yes,1,content/swipe/products/IMG_0437.png,MHL.,given,not filed,MHL. CHUNKY SEAMLESS CREW NECK RUSTIC WOOL,given,knitted in midweight dry wool,given,CHF 289.00,given,,input needed,704E32,0.791,36.2,24.7,64.0,0.481,False,brown,tobacco,53361F,0.147,brown,chocolate,301D11,0.061,brown,espresso,low,stable,cutout_flat,content/catalogue/assets/B032-P002.webp,good,CINNAMON,"two colourways, sizes XXS-X, cropped on-model shot above",,,,,,,,,,,
B032-P003,B032,apc.fr,mono-brand,multiple,"leather bomber, knit, corduroy trousers, bag",mixed,mixed,3,2,listing grid,no,2,content/swipe/products/IMG_0438.png;content/swipe/products/IMG_0439.png,A.P.C.,given,not filed,,input needed,,input needed,,input needed,,input needed,1E110F,0.363,6.4,6.8,28.7,0.328,False,brown,espresso,9E8467,0.309,brown,tan,422D2A,0.282,brown,espresso,medium,stable,tile,content/catalogue/assets/B032-P003.webp,good,,"French page with translate prompt, tile prices 1 200.00 EUR and 350.00 EUR",,,,,,,,,,,
B032-P004,B032,apc.fr,mono-brand,top,knitted crew neck jumper,wool knit,marl,3,2,on model,no,1,content/swipe/products/IMG_0440.png,A.P.C.,given,not filed,PULL ANNA,given,Laine feutrée,given,350.00 €,given,,input needed,B79D7D,0.425,66.3,20.9,76.7,0.286,False,brown,tan,967B5C,0.316,brown,tan,685037,0.156,brown,tobacco,medium,stable,cutout_model,content/catalogue/assets/B032-P004.webp,good,BEIGE CHINE,"only sleeves in frame, four colour swatches, sizes XS-XL",,,,,,,,,,,
B033-P001,B033,apc.fr,mono-brand,top,crew neck wool jumper,wool knit,solid,3,2,flat packshot,yes,1,content/swipe/products/IMG_0441.png,A.P.C.,given,not filed,PULL ANNA,given,,input needed,,input needed,,input needed,EBE3D1,0.986,90.4,9.8,91.8,0.203,False,white,off-white,,,,,,,,,high,stable,cutout_flat,content/catalogue/assets/B033-P001.webp,good,ECRU,"A.P.C. intarsia logo at hem, translate prompt open",,,,,,,,,,,
B033-P002,B033,apc.fr,mono-brand,multiple,"corduroy trousers, leather shoulder bag, knit, jacket",mixed,mixed,2,2,listing grid,no,2,content/swipe/products/IMG_0442.png;content/swipe/products/IMG_0443.png,A.P.C.,given,not filed,,input needed,,input needed,,input needed,,input needed,341C1D,0.553,13.5,12.7,20.0,0.346,False,red,oxblood,B49C7D,0.204,brown,tan,503F3D,0.179,grey,dark grey,medium,stable,tile,content/catalogue/assets/B033-P002.webp,good,,tiles JEAN CLYDE 290.00 EUR and SAC SIMONE SMALL 450.00 EUR marked Épuisé,,,,,,,,,,,
B033-P003,B033,apc.fr,mono-brand,multiple,"bomber, blue knit, cord jeans, pinafore dress",mixed,mixed,2,2,listing grid,no,1,content/swipe/products/IMG_0444.png,A.P.C.,given,not filed,,input needed,,input needed,,input needed,,input needed,639DBA,0.449,61.9,23.6,242.2,0.611,False,blue,steel blue,2A5B75,0.306,blue,denim blue,AEC8D8,0.145,blue,sky,medium,stable,tile,content/catalogue/assets/B033-P003.webp,good,,"tile prices 350.00 EUR, 350.00 EUR, 290.00 EUR, 270.00 EUR",,,,,,,,,,,
B033-P004,B033,apc.fr,mono-brand,dress,sleeveless pinafore shift dress,crisp plain weave,solid,2,3,on model,yes,1,content/swipe/products/IMG_0445.png,A.P.C.,given,not filed,,input needed,,input needed,,input needed,,input needed,0F1B29,0.474,9.4,11.1,269.1,0.621,False,blue,navy,241D1D,0.29,black,black,BFBEC5,0.119,grey,light grey,medium,stable,cutout_model,content/catalogue/assets/B033-P004.webp,good,,"striped shirt layered under, browser tab reads Robe cha, translate prompt",,,,,,,,,,,
B033-P005,B033,apc.fr,mono-brand,multiple,"ecru wide trousers, loafers, leather bag, shirt",mixed,mixed,2,2,listing grid,no,1,content/swipe/products/IMG_0446.png,A.P.C.,given,not filed,,input needed,,input needed,,input needed,,input needed,C9C5BD,0.564,79.6,4.5,90.4,0.056,True,warm neutral,cream,A39F98,0.202,warm neutral,oatmeal,1D1919,0.172,black,black,medium,stable,tile,content/catalogue/assets/B033-P005.webp,good,,"tiles MOCASSINS EN CUIR VÉGÉTAL 350.00 EUR, SAC VIRGINIE FLAP 490.00 EUR",,,,,,,,,,,
B034-P001,B034,apc.fr,mono-brand,multiple,"navy fluid dress, grey knit vest, loafers, bag",mixed,mixed,2,2,listing grid,no,1,content/swipe/products/IMG_0447.png,A.P.C.,given,not filed,,input needed,,input needed,,input needed,,input needed,07080A,0.545,2.2,0.8,271.1,0.117,True,black,black,322B2B,0.274,black,black,BAA8AA,0.091,grey,light grey,low,stable,tile,content/catalogue/assets/B034-P001.webp,good,,tiles ROBE FLUIDE BLEU MARINE 370.00 EUR and Laine recyclée. 230.00 EUR,,,,,,,,,,,
B034-P002,B034,apc.fr,mono-brand,top,tie-neck long sleeve blouse,satin with tonal stripe,stripe,1,3,on model,no,1,content/swipe/products/IMG_0448.png,A.P.C.,given,not filed,,input needed,,input needed,,input needed,,input needed,32272C,0.984,17.0,6.3,347.9,0.154,False,red,oxblood,,,,,,,,,medium,stable,cutout_model,content/catalogue/assets/B034-P002.webp,good,,"full-width tile on collection page, hem tucked into jeans, head cropped",,,,,,,,,,,
B034-P003,B034,apc.fr,mono-brand,multiple,"navy blouse, khaki mac coat, blazer, t-shirt",mixed,mixed,3,3,listing grid,no,1,content/swipe/products/IMG_0449.png,A.P.C.,given,not filed,,input needed,,input needed,,input needed,,input needed,141521,0.985,7.2,9.0,290.1,0.314,False,blue,navy,,,,,,,,,medium,stable,tile,content/catalogue/assets/B034-P003.webp,good,,"tiles BLOUSE BLEU MARINE À COL NOEUD 290.00 EUR, MAC KAKI EN LAINE DÉPERLANTE 650.00 EUR",,,,,,,,,,,
B034-P004,B034,apc.fr,mono-brand,multiple,"t-shirt, pleated skirt, ballet flats, wool peacoat",mixed,mixed,3,2,listing grid,no,1,content/swipe/products/IMG_0450.png,A.P.C.,given,not filed,,input needed,,input needed,,input needed,,input needed,090D17,0.896,3.7,6.1,279.1,0.387,False,blue,navy,C6C7C8,0.059,cool neutral,pale grey,,,,,low,stable,tile,content/catalogue/assets/B034-P004.webp,good,,"tiles 90.00 EUR, 290.00 EUR, 195.00 EUR, Laine - Bleu marine. 690.00 EUR",,,,,,,,,,,
B035-P001,B035,a.p.c.,mono-brand,layer,double-breasted wool peacoat,felted wool melton,solid,4,3,on model,yes,1,content/swipe/products/IMG_0451.png,A.P.C.,given,not filed,,input needed,,input needed,,input needed,,input needed,111724,0.886,7.8,10.0,279.2,0.476,False,blue,navy,273041,0.1,blue,navy,,,,,medium,stable,cutout_model,content/catalogue/assets/B035-P001.webp,good,,"knitted bucket hat styled, browser tab reads Caban en, translate prompt",,,,,,,,,,,
B035-P002,B035,a.p.c.,mono-brand,layer,double-breasted wool peacoat,felted wool melton,solid,4,3,flat packshot,yes,1,content/swipe/products/IMG_0452.png,A.P.C.,given,not filed,CABAN EN LAINE RECYCLÉE.,given,,input needed,,input needed,,input needed,1D1D22,0.974,11.0,3.7,291.3,0.105,True,black,black,,,,,,,,,high,stable,cutout_flat,content/catalogue/assets/B035-P002.webp,good,DARK NAVY,"breadcrumb COLLECTION FALL 26 FEMME, colour line partly cut at page bottom",,,,,,,,,,,
B035-P003,B035,a.p.c.,mono-brand,layer,double-breasted wool peacoat,felted wool melton,solid,4,3,flat packshot,no,1,content/swipe/products/IMG_0453.png,A.P.C.,given,not filed,CABAN EN LAINE RECYCLÉE.,given,Laine - Bleu marine.,given,690.00 €,given,,input needed,1D1C21,0.954,10.6,3.7,298.8,0.078,True,black,black,,,,,,,,,high,stable,cutout_flat,content/catalogue/assets/B035-P003.webp,weak,DARK NAVY,"only coat hem in frame, sizes 34-42 with 34 36 38 greyed out",,,,,,,,,,,
B035-P004,B035,a.p.c.,mono-brand,layer,double-breasted wool peacoat,felted wool melton,solid,4,3,flat packshot,no,2,content/swipe/products/IMG_0454.png;content/swipe/products/IMG_0455.png,A.P.C.,given,not filed,CABAN EN LAINE RECYCLÉE.,given,70% laine. 30% polyamide.,given,690.00 €,given,,input needed,1B1B1B,0.764,9.8,0.0,158.2,0.0,True,black,black,BBBBBB,0.148,grey,light grey,6A6A6B,0.088,grey,mid grey,medium,stable,tile,content/catalogue/assets/B035-P004.webp,weak,DARK NAVY,"composition panel open, also Matière italienne and Made in Romania",,,,,,,,,,,
B036-P001,B036,apc.fr,mono-brand,multiple,"leather bag, waxed cotton jacket, workwear jacket, skirt",mixed,mixed,2,2,listing grid,no,1,content/swipe/products/IMG_0456.png,A.P.C.,given,not filed,,input needed,,input needed,,input needed,,input needed,141111,0.444,5.3,1.3,19.4,0.053,True,black,black,3E3026,0.389,brown,espresso,8E7868,0.145,brown,tobacco,low,stable,tile,content/catalogue/assets/B036-P001.webp,good,,"tiles SAC SIMONE 550.00 EUR, VESTE DE PLUIE KAKI EN COTON CIRÉ 390.00 EUR",,,,,,,,,,,
B036-P002,B036,apc.fr,mono-brand,multiple,"workwear jacket, ribbed tank, denim skirt, striped polo",mixed,mixed,2,2,listing grid,no,1,content/swipe/products/IMG_0457.png,A.P.C.,given,not filed,,input needed,,input needed,,input needed,,input needed,EAE1D1,0.632,89.8,8.9,87.6,0.225,False,warm neutral,cream,F6F6F6,0.358,white,white,,,,,medium,stable,tile,content/catalogue/assets/B036-P002.webp,good,,tiles VESTE WORKWEAR EN DENIM RECYCLÉ 310.00 EUR and Coton bio - Blanc. 90.00 EUR,,,,,,,,,,,
B036-P003,B036,apc.fr,mono-brand,multiple,"quilted puffer jacket, t-shirt, sweatshirt, patent bag",mixed,mixed,3,2,listing grid,no,1,content/swipe/products/IMG_0458.png,A.P.C.,given,not filed,,input needed,,input needed,,input needed,,input needed,5C2021,0.707,21.6,30.8,26.5,0.629,False,orange,rust,301716,0.204,brown,espresso,C6B2B4,0.051,grey,light grey,low,stable,tile,content/catalogue/assets/B036-P003.webp,good,,tiles BLOUSON JULIE 490.00 EUR and Coton bio - Blanc cassé. 90.00 EUR,,,,,,,,,,,
B036-P004,B036,apc.fr,mono-brand,multiple,"black shirt dress, long skirt, denim jacket, knit cardigan",mixed,mixed,2,2,listing grid,no,1,content/swipe/products/IMG_0459.png,A.P.C.,given,not filed,,input needed,,input needed,,input needed,,input needed,080D18,0.549,3.7,6.9,278.0,0.458,False,blue,navy,172135,0.369,blue,navy,,,,,low,stable,tile,content/catalogue/assets/B036-P004.webp,good,,"tiles ROBE NOIRE EN MOLESKINE 310.00 EUR, JUPE LONGUE EN COTON BIO NOIR 240.00 EUR; cut into 4 cells",,,hidden,,,,,,,,
B036-P005,B036,apc.fr,mono-brand,multiple,"brown jumper on model, blue-grey t-shirt, cardigans",mixed,mixed,2,2,listing grid,no,1,content/swipe/products/IMG_0460.png,A.P.C.,given,not filed,,input needed,,input needed,,input needed,,input needed,898FA0,0.953,59.4,9.8,278.3,0.153,False,grey,mid grey,,,,,,,,,medium,stable,tile,content/catalogue/assets/B036-P005.webp,good,,"tiles PULL AMPLE MARRON TAUPE 290.00 EUR, T-SHIRT BLEU GRIS À LOGO 90.00 EUR",,,,,,,,,,,
B036-P006,B036,apc.fr,mono-brand,multiple,"taupe knit cardigan, ribbed tee, striped shirt, trousers",mixed,mixed,2,2,listing grid,no,1,content/swipe/products/IMG_0461.png,A.P.C.,given,not filed,,input needed,,input needed,,input needed,,input needed,C6C2B8,0.757,78.5,5.5,93.9,0.069,True,warm neutral,cream,696864,0.134,warm neutral,taupe,0E0E0D,0.109,black,black,medium,stable,tile,content/catalogue/assets/B036-P006.webp,good,,tiles CARDIGAN TAUPE EN LAINE ALPAGA 320.00 EUR and Coton bio - Blanc. 120.00 EUR,,,,,,,,,,,
B036-P007,B036,ch.soeur.fr,mono-brand,multiple,"zip cardigan, denim culottes, roll-neck jumpers",mixed,mixed,3,2,listing grid,no,1,content/swipe/products/IMG_0462.png,soeur,given,not filed,,input needed,,input needed,,input needed,,input needed,848279,0.596,54.3,5.2,100.6,0.087,True,warm neutral,stone,242628,0.198,black,black,5C5E5C,0.158,grey,mid grey,medium,stable,tile,content/catalogue/assets/B036-P007.webp,good,,"tiles JASPER CHF 495.00 and HARRISON CHF 215.00, colour swatch rows under each",,,,,,,,,,,
B036-P008,B036,ch.soeur.fr,mono-brand,multiple,"sleeveless zip cardigan, wool skirt-culotte, fine knits",mixed,mixed,3,2,listing grid,no,1,content/swipe/products/IMG_0463.png,soeur,given,not filed,,input needed,,input needed,,input needed,,input needed,BEB9A9,0.684,75.1,8.8,96.7,0.114,True,warm neutral,oatmeal,252627,0.259,black,black,7F7C73,0.057,warm neutral,stone,medium,stable,tile,content/catalogue/assets/B036-P008.webp,good,,"tiles KRISTEN CHF 380.00, JUDE CHF 310.00, KHLOE CHF 260.00, KYO CHF 205.00",,,,,,,,,,,
B036-P009,B036,ch.soeur.fr,mono-brand,multiple,"striped shirt, ecru jeans, camel cashmere jacket, knit",mixed,mixed,3,2,listing grid,no,2,content/swipe/products/IMG_0464.png;content/swipe/products/IMG_0465.png,soeur,given,not filed,,input needed,,input needed,,input needed,,input needed,A5A295,0.532,66.5,7.3,100.1,0.103,True,warm neutral,oatmeal,EEEDE7,0.261,white,white,54544E,0.114,warm neutral,taupe,medium,stable,tile,content/catalogue/assets/B036-P009.webp,good,,"tiles HARRISON CHF 215.00, WINDSOR CHF 640.00, one tile badged WEB EXCLUSIVE",,,,,,,,,,,
B037-P001,B037,ch.soeur.fr,mono-brand,layer,zipped high-neck ribbed knit cardigan,ribbed knit,solid,3,2,flat packshot,yes,1,content/swipe/products/IMG_0466.png,soeur,guessed,not filed,,input needed,,input needed,,input needed,,input needed,0C0C11,0.981,3.4,2.6,290.2,0.101,True,black,black,,,,,,,,,medium,stable,cutout_flat,content/catalogue/assets/B037-P001.webp,good,,"zoomed full-screen gallery image, browser tab reads Jasper Ja",,,,,,,,,,,"URL bar, ch.soeur.fr"
B037-P002,B037,ch.soeur.fr,mono-brand,layer,oversized zipped cardigan english rib,ribbed knit,solid,3,2,on model,yes,1,content/swipe/products/IMG_0467.png,soeur,given,not filed,CARDIGAN OVERSIZED IN ENGLISH RIB,given,,input needed,CHF 495.00,given,,input needed,1C1D21,0.714,10.8,3.0,281.8,0.116,True,black,black,314049,0.17,blue,navy,556975,0.106,blue,steel blue,medium,stable,cutout_model,content/catalogue/assets/B037-P002.webp,good,navy,"style name JASPER, two colour swatches, complete-the-look Bermuda Joyce and Boots Livia",,,,,,,,,,,
B037-P003,B037,ch.soeur.fr,mono-brand,top,short-sleeved felted knit pullover,felted knit,solid,3,2,on model,yes,2,content/swipe/products/IMG_0468.png;content/swipe/products/IMG_0469.png,SOEUR,given,not filed,SHORT-SLEEVED PULLOVER IN FELTED KNIT,given,,input needed,CHF 260.00,given,,input needed,23242F,0.885,14.5,7.8,289.1,0.214,False,blue,navy,384249,0.094,blue,navy,,,,,medium,stable,cutout_model,content/catalogue/assets/B037-P003.webp,good,navy,style name LISE under title; colour swatch and size row visible,,,,,,,,,,,
B037-P004,B037,ch.soeur.fr,mono-brand,shoes,soft leather flat loafers,smooth leather,solid,2,3,flat packshot,yes,2,content/swipe/products/IMG_0470.png;content/swipe/products/IMG_0471.png,SOEUR,given,not filed,SOFT LEATHER LOAFERS,given,,input needed,CHF 345.00,given,,input needed,363637,0.96,22.6,0.7,290.3,0.014,True,grey,dark grey,,,,,,,,,high,stable,cutout_flat,content/catalogue/assets/B037-P004.webp,good,black,style name NINE; two colourway swatches; shoe size row,,,,,,,,,,,
B037-P005,B037,ch.soeur.fr,mono-brand,layer,long raglan double tweed coat,tweed wool,solid,4,3,on model,yes,1,content/swipe/products/IMG_0472.png,SOEUR,given,not filed,RAGLAN DOUBLE TWEED COAT,given,,input needed,CHF 785.00,given,,input needed,1F2024,0.975,12.3,2.9,281.7,0.109,True,black,black,,,,,,,,,medium,stable,cutout_flat,content/catalogue/assets/B037-P005.webp,good,navy,"style name BERLIN; sold out, CREATE AN ALERT; two swatches",,,,,,,,,,,
B037-P006,B037,ch.soeur.fr,mono-brand,layer,long navy wool raglan coat,brushed wool,solid,4,3,flat packshot,yes,1,content/swipe/products/IMG_0473.png,soeur,guessed,not filed,,input needed,,input needed,,input needed,,input needed,141418,1.0,6.5,2.8,290.2,0.101,True,black,black,,,,,,,,,high,stable,cutout_flat,content/catalogue/assets/B037-P006.webp,good,,"zoomed image overlay, no page text; neck label too small to read",,,,,,,,,,,"URL bar, ch.soeur.fr"
B037-P006-V2,B037,ch.soeur.fr,mono-brand,layer,long navy wool raglan coat,brushed wool,solid,4,3,flat packshot,yes,1,content/swipe/products/IMG_0474.png,soeur,given,not filed,,input needed,,input needed,,input needed,,input needed,746551,0.429,43.7,13.8,79.0,0.264,False,brown,tobacco,5C5040,0.279,green,olive,8B7A60,0.246,brown,tan,high,stable,cutout_flat,content/catalogue/assets/B037-P006-V2.webp,good,,split out of B037-P006 by colour; slot and garment type are the parent's and may describe the parent's garment — worth a look,,,,,,,,,,,
B037-P007,B037,ch.soeur.fr,mono-brand,layer,oversized collarless double-faced wool coat,brushed wool,solid,4,3,on model,yes,2,content/swipe/products/IMG_0475.png;content/swipe/products/IMG_0476.png,SOEUR,given,not filed,OVERSIZED COLLARLESS COAT IN DOUBLE-FACED WOOL,given,,input needed,CHF 730.00,given,,input needed,787976,0.403,50.7,1.8,122.9,0.028,True,grey,mid grey,60605D,0.356,warm neutral,taupe,2D2822,0.205,brown,espresso,medium,stable,cutout_model,content/catalogue/assets/B037-P007.webp,good,light grey,style name HARROW; two colourway swatches; belt shown in some images,,,,,,,,,,,
B037-P008,B037,ch.soeur.fr,mono-brand,accessory,double-faced wool buttoned cape,brushed wool,solid,3,3,flat packshot,yes,1,content/swipe/products/IMG_0477.png,SOEUR,given,not filed,DOUBLE-FACED WOOL BUTTONED CAPE,given,,input needed,CHF 225.00,given,,input needed,8E8E8A,0.541,58.9,2.3,109.9,0.034,True,warm neutral,stone,6E6E6A,0.327,warm neutral,stone,35302B,0.102,warm neutral,taupe,high,stable,cutout_flat,content/catalogue/assets/B037-P008.webp,good,light grey,style name LISETTE; one colour swatch; no size selector,,,,,,,,,,,
B037-P009,B037,ch.soeur.fr,mono-brand,accessory,buttoned wool cape wrap,brushed wool,marl,3,3,flat packshot,yes,1,content/swipe/products/IMG_0478.png,soeur,guessed,not filed,,input needed,,input needed,,input needed,,input needed,6D6A6C,0.39,45.1,1.7,335.8,0.02,True,grey,mid grey,565453,0.264,warm neutral,taupe,848284,0.188,grey,mid grey,high,stable,cutout_flat,content/catalogue/assets/B037-P009.webp,good,,zoomed image overlay; navy neck label present but not reliably legible,,,,,,,,,,,"URL bar, ch.soeur.fr"
B038-P001,B038,ch.soeur.fr,mono-brand,layer,oversized collarless double-faced wool coat,brushed wool,solid,4,3,on model,yes,2,content/swipe/products/IMG_0479.png;content/swipe/products/IMG_0480.png,SOEUR,given,not filed,OVERSIZED COLLARLESS COAT IN DOUBLE-FACED WOOL,given,,input needed,CHF 730.00,given,,input needed,70716E,0.568,47.5,1.8,122.9,0.03,True,grey,mid grey,282520,0.231,black,black,4E4D49,0.171,warm neutral,taupe,medium,stable,cutout_flat,content/catalogue/assets/B038-P001.webp,good,light grey,"same page as B037-P007, scrolled; shipping banner partly cut",,,,,,,,,,,
B038-P002,B038,ch.soeur.fr,mono-brand,top,high-collar crepe jersey long-sleeve top,crepe jersey,solid,1,2,on model,yes,1,content/swipe/products/IMG_0481.png,SOEUR,given,not filed,HIGH-COLLAR TOP IN CREPE JERSEY,given,,input needed,CHF 285.00,given,,input needed,E4D6B9,0.611,86.1,16.1,89.4,0.205,False,yellow,butter,CDBB95,0.266,warm neutral,oatmeal,9F8660,0.082,brown,tan,medium,stable,cutout_model,content/catalogue/assets/B038-P002.webp,good,pale yellow,style name LISIA; two colourway swatches; shown on three models,,,,,,,,,,,
B039-P001,B039,ch.soeur.fr,mono-brand,top,high-collar long-sleeve jersey top,crepe jersey,solid,1,2,flat packshot,yes,1,content/swipe/products/IMG_0482.png,soeur,guessed,not filed,,input needed,,input needed,,input needed,,input needed,D9D2B2,0.93,84.0,17.0,99.6,0.2,False,yellow,butter,C1B792,0.051,green,sage,,,,,high,stable,cutout_flat,content/catalogue/assets/B039-P001.webp,good,,"zoomed image overlay, no page text; tab title truncated",,,,,,,,,,,"URL bar, ch.soeur.fr"
B039-P002,B039,ch.soeur.fr,mono-brand,top,oversized V-collar lined knit pullover,brushed knit,marl,3,2,on model,yes,1,content/swipe/products/IMG_0483.png,SOEUR,given,not filed,OVERSIZED V-COLLAR PULLOVER WITH LINING,given,,input needed,CHF 320.00,given,,input needed,393B3A,0.864,24.6,1.1,163.4,0.042,True,grey,dark grey,181816,0.136,black,black,,,,,medium,stable,cutout_model,content/catalogue/assets/B039-P002.webp,good,anthracite grey,style name JULIE; two colourway swatches,,,,,,,,,,,
B039-P003,B039,ch.soeur.fr,mono-brand,shoes,soft leather lace-up derbies,smooth leather,solid,2,3,flat packshot,yes,1,content/swipe/products/IMG_0484.png,SOEUR,given,not filed,SOFT LEATHER DERBIES,given,,input needed,CHF 345.00,given,,input needed,1B1814,0.948,8.5,3.3,79.9,0.252,False,black,black,,,,,,,,,medium,stable,cutout_model,content/catalogue/assets/B039-P003.webp,good,warm brown,style name ORSO; four colourway swatches,,,,,,,,,,,
B039-P004,B039,studionicholson.com,mono-brand,multiple,"listing grid of coats, knits, trousers, tops",mixed,mixed,3,3,listing grid,no,2,content/swipe/products/IMG_0498.png;content/swipe/products/IMG_0499.png,studio nicholson,guessed,not filed,Campion Trench Coat in Mole; Loti Top in Black; Quarte Tailored Pant in Black; Mori Wool Coat in Darkest Navy; Loenne Knit in Camel,given,,input needed,£995.00; £450.00; £375.00; £825.00; £330.00,given,,input needed,0E1012,0.306,4.6,1.4,257.9,0.138,True,black,black,757A67,0.305,green,olive,494338,0.265,warm neutral,taupe,low,stable,tile,content/catalogue/assets/B039-P004.webp,good,,WOMEN'S WINTER '26 LOOKS heading; cookie banner; bottom row cropped; cut into 9 cells,,,hidden,,,,,,,,"URL bar, studionicholson.com"
B039-P005,B039,studionicholson.com,mono-brand,layer,long belted double-breasted wool coat,brushed wool,solid,4,3,on model,yes,1,content/swipe/products/IMG_0500.png,studio nicholson,guessed,not filed,,input needed,,input needed,£825,given,,input needed,0F1114,0.96,5.0,2.0,267.8,0.151,False,black,black,,,,,,,,,low,stable,cutout_model,content/catalogue/assets/B039-P005.webp,good,,"sticky SELECT A SIZE bar; tab title truncated to ""Mori Woo""",,,,,,,,,,,"URL bar, studionicholson.com"
B039-P006,B039,studionicholson.com,mono-brand,layer,long belted double-breasted wool coat,brushed wool,solid,4,3,flat packshot,yes,1,content/swipe/products/IMG_0501.png,studio nicholson,guessed,not filed,,input needed,,input needed,£825,given,,input needed,0E1111,0.962,4.8,1.1,199.4,0.179,False,black,black,,,,,,,,,low,stable,cutout_flat,content/catalogue/assets/B039-P006.webp,good,,neck label present but too small to read; sticky price bar,,,,,,,,,,,"URL bar, studionicholson.com"
B039-P007,B039,studionicholson.com,mono-brand,top,camel wool knit jumper,fine knit,solid,2,2,on model,yes,1,content/swipe/products/IMG_0502.png,STUDIO NICHOLSON,given,not filed,,input needed,,input needed,£330,given,,input needed,1C1C1D,0.767,10.3,0.7,290.4,0.022,True,black,black,492613,0.175,brown,espresso,,,,,low,stable,cutout_model,content/catalogue/assets/B039-P007.webp,good,,"sleeves pushed up; Autumn Winter '26 Collection banner; tab ""Loenne K""",,,,,,,,,,,
B040-P001,B040,studionicholson.com,mono-brand,top,camel crew-neck knit jumper,fine knit,solid,2,2,flat packshot,yes,1,content/swipe/products/IMG_0503.png,STUDIO NICHOLSON,given,not filed,,input needed,,input needed,£330,given,,input needed,5A2C0D,0.712,23.7,33.8,56.6,0.833,False,warm neutral,taupe,85481E,0.24,warm neutral,taupe,,,,,low,stable,cutout_flat,content/catalogue/assets/B040-P001.webp,good,,Klarna banner; same product as B039-P007 shown flat,,,,,,,,,,,
B040-P002,B040,studionicholson.com,mono-brand,layer,oversized brown wool overcoat,brushed wool melange,marl,4,3,on model,yes,1,content/swipe/products/IMG_0504.png,STUDIO NICHOLSON,guessed,not filed,,input needed,,input needed,£850,given,,input needed,4E4237,0.375,28.9,9.2,69.8,0.221,False,brown,chocolate,716155,0.31,brown,tobacco,261F19,0.262,brown,espresso,medium,stable,cutout_model,content/catalogue/assets/B040-P002.webp,good,,NEW IN label clipped at top; grey scarf styled over coat,,,,,,,,,,,
B040-P003,B040,studionicholson.com,mono-brand,layer,brown wool single-breasted overcoat,brushed wool melange,marl,4,3,detail,no,2,content/swipe/products/IMG_0505.png;content/swipe/products/IMG_0506.png,STUDIO NICHOLSON,given,not filed,,input needed,,input needed,£850,given,,input needed,44382E,0.372,24.5,8.9,67.0,0.24,False,brown,chocolate,6B5A4C,0.31,brown,tobacco,261E18,0.236,brown,espresso,medium,stable,cutout_model,content/catalogue/assets/B040-P003.webp,weak,,cropped waist-up crop of same coat; grey scarf styled over it,,,,,,,,,,,
B040-P004,B040,studionicholson.com,mono-brand,layer,short double-faced wool jacket,brushed wool,solid,3,3,on model,yes,2,content/swipe/products/IMG_0507.png;content/swipe/products/IMG_0508.png,STUDIO NICHOLSON,guessed,not filed,,input needed,,input needed,£695,given,,input needed,0E1012,0.905,4.6,1.4,257.9,0.138,True,black,black,E4DDD5,0.073,warm neutral,cream,,,,,low,stable,cutout_flat,content/catalogue/assets/B040-P004.webp,good,,NEW IN label clipped at top edge,,,,,,,,,,,
B040-P005,B040,studionicholson.com,mono-brand,layer,oversized wool shawl-collar jacket,brushed wool,solid,3,3,flat packshot,yes,1,content/swipe/products/IMG_0509.png,STUDIO NICHOLSON,given,not filed,,input needed,,input needed,£695,given,,input needed,111414,0.916,6.1,1.3,199.4,0.163,False,black,black,E3E5E5,0.066,white,white,,,,,high,stable,cutout_flat,content/catalogue/assets/B040-P005.webp,good,,neck label legible; size tab visible; same product as B040-P004,,,,,,,,,,,
B040-P006,B040,studionicholson.com,mono-brand,layer,oversized black tailored blazer,wool suiting,solid,3,4,on model,yes,1,content/swipe/products/IMG_0510.png,STUDIO NICHOLSON,given,not filed,,input needed,,input needed,£625,given,,input needed,0F1112,0.942,4.9,1.0,237.6,0.126,True,black,black,,,,,,,,,low,stable,cutout_model,content/catalogue/assets/B040-P006.webp,good,,"NEW IN; AW '26 banner; tab ""Sono Wo""; woven belt styled",,,,,,,,,,,
B041-P001,B041,studionicholson.com,mono-brand,layer,oversized single-breasted wool blazer,wool suiting,solid,3,4,flat packshot,yes,1,content/swipe/products/IMG_0511.png,STUDIO NICHOLSON,given,not filed,,input needed,,input needed,£625,given,,input needed,121313,0.992,5.8,0.4,199.4,0.057,True,black,black,,,,,,,,,medium,stable,cutout_flat,content/catalogue/assets/B041-P001.webp,good,,neck label legible; same product as B040-P006,,,,,,,,,,,
B041-P002,B041,studionicholson.com,mono-brand,dress,button-front midi dress with drawstring waist,matte slubbed woven,solid,2,3,on model,yes,1,content/swipe/products/IMG_0512.png,STUDIO NICHOLSON,guessed,not filed,,input needed,,input needed,£395,given,,input needed,151718,0.779,7.6,1.2,237.2,0.114,True,black,black,363638,0.14,grey,dark grey,,,,,medium,stable,cutout_model,content/catalogue/assets/B041-P002.webp,good,,NEW IN; lace hem below; may be shirt and skirt separates,,,,,,,,,,,
B041-P003,B041,studionicholson.com,mono-brand,bottom,drawstring skirt with scalloped lace hem,matte slubbed woven,solid,2,3,flat packshot,yes,1,content/swipe/products/IMG_0513.png,STUDIO NICHOLSON,guessed,not filed,,input needed,,input needed,£395,given,,input needed,222423,0.937,14.0,1.2,163.3,0.062,True,black,black,,,,,,,,,high,stable,cutout_flat,content/catalogue/assets/B041-P003.webp,good,,same price as B041-P002; lace trim stitched at hem,,,,,,,,,,,
B041-P004,B041,studionicholson.com,mono-brand,layer,brown marl wool button cardigan,brushed knit,marl,3,2,on model,yes,1,content/swipe/products/IMG_0514.png,STUDIO NICHOLSON,guessed,not filed,,input needed,,input needed,£525,given,,input needed,5E534C,0.367,36.2,6.6,60.8,0.124,True,warm neutral,taupe,857872,0.326,warm neutral,stone,332C28,0.159,black,off-black,low,stable,cutout_model,content/catalogue/assets/B041-P004.webp,good,,NEW IN; styled over pale yellow roll-neck and taupe trousers,,,,,,,,,,,
B041-P005,B041,studionicholson.com,mono-brand,layer,brown marl wool button cardigan,brushed knit,marl,3,2,flat packshot,yes,1,content/swipe/products/IMG_0515.png,STUDIO NICHOLSON,given,not filed,,input needed,,input needed,£525,given,,input needed,564E42,0.835,33.6,8.4,82.7,0.196,False,green,olive,70675C,0.16,warm neutral,taupe,,,,,high,stable,cutout_flat,content/catalogue/assets/B041-P005.webp,good,,neck label legible; confirms £525 belongs to cardigan in B041-P004,,,,,,,,,,,
B041-P006,B041,studionicholson.com,mono-brand,dress,brown button-through V-neck midi dress,crinkled linen-look,solid,2,3,on model,yes,1,content/swipe/products/IMG_0516.png,STUDIO NICHOLSON,guessed,not filed,,input needed,,input needed,£495,given,,input needed,3E2C2B,0.783,20.0,9.0,25.6,0.194,False,grey,dark grey,1F1715,0.199,brown,espresso,,,,,low,stable,cutout_model,content/catalogue/assets/B041-P006.webp,weak,,"tab title truncated to ""Yosha Dr""; worn over a roll-neck",,,,,,,,,,,
B041-P007,B041,studionicholson.com,mono-brand,dress,brown button-through V-neck midi dress,slubbed linen-look,solid,2,3,flat packshot,yes,1,content/swipe/products/IMG_0517.png,STUDIO NICHOLSON,given,not filed,,input needed,,input needed,£495,given,,input needed,32241E,1.0,15.7,8.6,49.6,0.279,False,brown,espresso,,,,,,,,,high,stable,cutout_flat,content/catalogue/assets/B041-P007.webp,weak,,neck label legible; same product as B041-P006,,,,,,,,,,,
B041-P008,B041,studionicholson.com,mono-brand,top,half-zip knitted sweater,fine knit,solid,3,2,on model,yes,1,content/swipe/products/IMG_0518.png,STUDIO NICHOLSON,guessed,not filed,,input needed,,input needed,£425,given,,input needed,472410,0.637,18.5,24.9,54.0,0.735,False,brown,espresso,221109,0.205,brown,espresso,9D7859,0.102,brown,tan,low,stable,cutout_model,content/catalogue/assets/B041-P008.webp,good,,Cream collar and grey trousers layered under; Apple Pay bar visible,,,,,,,,,,,
B041-P009,B041,studionicholson.com,mono-brand,top,half-zip knit polo sweater,plain knit,solid,3,2,on model,no,1,content/swipe/products/IMG_0519.png,STUDIO NICHOLSON,guessed,not filed,Women's Knit Polo,given,,input needed,£425,given,,input needed,1B120B,0.456,6.2,5.7,58.4,0.515,False,brown,espresso,54361B,0.399,brown,chocolate,B39D86,0.086,brown,tan,medium,stable,cutout_model,content/catalogue/assets/B041-P009.webp,good,,Name taken from breadcrumb; left arm runs off frame edge,,,,,,,,,,,
B042-P001,B042,studionicholson.com,mono-brand,top,half-zip knit sweater,fine knit,solid,3,2,flat packshot,yes,1,content/swipe/products/IMG_0520.png,studio nicholson,guessed,not filed,,input needed,,input needed,£425,given,,input needed,5B2C0D,0.733,23.9,34.3,56.1,0.833,False,warm neutral,taupe,84481D,0.267,yellow,ochre,,,,,low,stable,cutout_flat,content/catalogue/assets/B042-P001.webp,weak,,"Laid flat, ribbed collar hem and cuffs; no product title on screen",,,,,,,,,,,"URL bar, studionicholson.com"
B042-P002,B042,gabrielahearst.com,mono-brand,multiple,listing grid trench boot coat blouse,unclear,mixed,3,3,listing grid,no,1,content/swipe/products/IMG_0521.png,GABRIELA HEARST,given,not filed,,input needed,,input needed,,input needed,,input needed,BBAE9C,0.74,71.7,11.0,81.5,0.145,True,warm neutral,oatmeal,938B7A,0.247,brown,tan,,,,,medium,stable,tile,content/catalogue/assets/B042-P002.webp,good,,Several titles and euro prices printed; top and bottom rows cropped,,,,,,,,,,,
B042-P003,B042,gabrielahearst.com,mono-brand,layer,single-breasted corduroy blazer,corduroy,solid,3,3,ghost mannequin,yes,1,content/swipe/products/IMG_0522.png,GABRIELA HEARST,given,not filed,,input needed,,input needed,,input needed,,input needed,1A1511,0.955,7.2,3.6,64.0,0.296,False,black,black,,,,,,,,,high,stable,cutout_flat,content/catalogue/assets/B042-P003.webp,weak,,Neck label reads GABRIELA HEARST and MADE IN ITALY,,,,,,,,,,,
B042-P004,B042,gabrielahearst.com,mono-brand,layer,corduroy blazer worn with trousers,corduroy,solid,3,3,on model,yes,1,content/swipe/products/IMG_0523.png,GABRIELA HEARST,given,not filed,Leiva Blazer in Chocolate Cashmere Corduroy,given,,input needed,€4.600,given,,input needed,14100D,0.932,5.0,2.2,62.6,0.266,False,black,black,382F30,0.057,grey,dark grey,,,,,low,stable,cutout_model,content/catalogue/assets/B042-P004.webp,good,,Runway image; size row 34-44; fibre and colour named only inside title,,,,,,,,,,,
B042-P005,B042,bode.com,mono-brand,multiple,listing grid fringed jacket and shirt,unclear,mixed,3,2,listing grid,no,1,content/swipe/products/IMG_0524.png,BODE,given,not filed,,input needed,,input needed,,input needed,,input needed,B98251,0.398,58.9,38.2,65.6,0.527,False,yellow,ochre,262322,0.266,black,black,E0E2E3,0.24,cool neutral,pale grey,low,stable,tile,content/catalogue/assets/B042-P005.webp,good,,Fall 2026 Men's New Arrivals; newsletter overlay covers lower row,,,,,,,,,,,
B042-P006,B042,toteme.com,mono-brand,multiple,listing grid jacket trousers knit bag,unclear,mixed,3,2,listing grid,no,1,content/swipe/products/IMG_0525.png,BODE,given,not filed,,input needed,,input needed,,input needed,,input needed,B18B6A,0.294,60.7,25.2,66.8,0.344,False,brown,tan,201712,0.279,brown,espresso,375063,0.214,blue,denim blue,low,stable,tile,content/catalogue/assets/B042-P006.webp,good,,Fall 2026 Women's New Arrivals; top and bottom rows cropped,,,,,,,,,,,
B042-P007,B042,bode.com,mono-brand,multiple,listing grid sweater tote coat tee,unclear,mixed,3,2,listing grid,no,2,content/swipe/products/IMG_0526.png;content/swipe/products/IMG_0527.png,BODE,given,not filed,,input needed,,input needed,,input needed,,input needed,A56F4D,0.349,51.7,32.7,57.5,0.453,False,warm neutral,stone,3D5C6E,0.301,blue,denim blue,3D2922,0.218,brown,espresso,low,stable,tile,content/catalogue/assets/B042-P007.webp,good,,Four titles with euro prices; top row cropped; footer starting,,,,,,,,,,,
B042-P008,B042,bode.com,mono-brand,top,lace fringed sleeveless top,lace with long fringe,solid,1,3,flat packshot,yes,1,content/swipe/products/IMG_0528.png,BODE,given,not filed,Jules Top,given,,input needed,"€720,00 EUR",given,,input needed,E7454E,0.853,53.8,70.0,26.9,0.773,False,red,brick,AF292F,0.113,red,brick,,,,,medium,stable,cutout_model,content/catalogue/assets/B042-P008.webp,good,,Hung on hanger on wood wall; carousel dots show five images,,,,,,,,,,,
B042-P009,B042,toteme.com,mono-brand,top,sleeveless open-weave halter top,open crochet net,solid,1,3,on model,yes,2,content/swipe/products/IMG_0529.png;content/swipe/products/IMG_0530.png,diotīma,given,not filed,Title Top,given,100% Nylon,given,$795.00 USD,given,,input needed,191615,0.465,7.5,1.7,43.7,0.101,True,black,black,C9B39E,0.297,warm neutral,oatmeal,342925,0.199,brown,espresso,medium,stable,cutout_model,content/catalogue/assets/B042-P009.webp,good,Black,Size and Color selectors visible; page also prints Made in India,,,,,,,,,,,
B042-P010,B042,toteme.com,mono-brand,dress,halter maxi knit dress,matte jersey with beaded piping,solid,2,4,flat packshot,yes,1,content/swipe/products/IMG_0531.png,diotīma,given,not filed,Mane Dress,given,83% Viscose 17% Polyester,given,"$1,895.00 USD",given,,input needed,21140A,0.51,7.6,9.0,55.3,0.641,False,brown,espresso,0A0708,0.256,black,black,BA9D87,0.161,brown,tan,low,stable,cutout_flat,content/catalogue/assets/B042-P010.webp,weak,Black,Detail crop above the packshot; page also prints Made in China,,,,,,,,,,,
B042-P011,B042,toteme.com,mono-brand,dress,halter maxi knit dress,matte jersey with beaded piping,solid,2,4,on model,yes,1,content/swipe/products/IMG_0532.png,diotīma,given,not filed,Mane Dress,given,83% Viscose 17% Polyester,given,"$1,895.00 USD",given,,input needed,141418,0.939,6.5,2.8,290.2,0.101,True,black,black,,,,,,,,,medium,stable,cutout_model,content/catalogue/assets/B042-P011.webp,good,Black,"Two on-model shots, front and three-quarter",,,,,,,,,,,
B042-P012,B042,toteme.com,mono-brand,multiple,listing grid fur coat dress knit skirt,unclear,mixed,3,3,listing grid,no,1,content/swipe/products/IMG_0534.png,toteme,guessed,not filed,,input needed,,input needed,,input needed,,input needed,151515,0.867,6.8,0.0,158.2,0.0,True,black,black,343434,0.051,grey,dark grey,,,,,medium,stable,tile,content/catalogue/assets/B042-P012.webp,good,,iOS Low Data Mode banner hides URL bar; monogram badge bottom right,,,,,,,,,,,"URL bar, toteme.com"
B042-P013,B042,toteme.com,mono-brand,layer,oversized fur jacket over tank dress,long-pile fur,solid,4,3,on model,yes,1,content/swipe/products/IMG_0535.png,toteme,guessed,not filed,,input needed,,input needed,,input needed,,input needed,0B0B0C,0.913,3.0,0.4,290.2,0.018,True,black,black,3F3C3C,0.057,grey,dark grey,,,,,low,stable,cutout_model,content/catalogue/assets/B042-P013.webp,good,,"Styled full look: jacket, dress, clutch, gloves, boots, necklace",,,,,,,,,,,"URL bar, toteme.com"
B042-P014,B042,toteme.com,mono-brand,dress,sleeveless racer-neck maxi dress,fine rib jersey,solid,2,3,flat packshot,yes,2,content/swipe/products/IMG_0536.png;content/swipe/products/IMG_0537.png,toteme,guessed,not filed,,input needed,,input needed,,input needed,,input needed,1C1C1C,0.987,10.3,0.0,158.2,0.0,True,black,black,,,,,,,,,high,stable,cutout_flat,content/catalogue/assets/B042-P014.webp,good,,Small woven logo tab and zip at back neck; no page text,,,,,,,,,,,"URL bar, toteme.com"
B042-P015,B042,toteme.com,mono-brand,layer,wool blazer with draped scarf collar,brushed wool melange,marl,3,3,on model,yes,1,content/swipe/products/IMG_0538.png,toteme,guessed,not filed,,input needed,,input needed,,input needed,,input needed,1A1311,0.432,6.6,3.7,38.5,0.228,False,black,black,372C26,0.318,brown,espresso,51443D,0.243,brown,chocolate,medium,stable,cutout_model,content/catalogue/assets/B042-P015.webp,weak,,"Full look with matching wide trousers, black top, chain necklace",,,,,,,,,,,"URL bar, toteme.com"
B042-P016,B042,toteme.com,mono-brand,layer,scarf-collar brushed wool jacket,brushed wool melange,marl,3,3,detail,no,1,content/swipe/products/IMG_0539.png,toteme,guessed,not filed,,input needed,,input needed,,input needed,,input needed,281E1A,0.397,12.3,6.1,48.3,0.245,False,brown,espresso,0C0807,0.318,black,black,473933,0.273,brown,chocolate,medium,stable,cutout_model,content/catalogue/assets/B042-P016.webp,weak,,Close crop on collar and chest; garment runs off every edge,,,,,,,,,,,"URL bar, toteme.com"
B042-P017,B042,toteme.com,mono-brand,layer,shearling-trimmed cotton parka,cotton twill with curly shearling,solid,4,2,on model,yes,1,content/swipe/products/IMG_0540.png,toteme,guessed,not filed,,input needed,,input needed,,input needed,,input needed,39392A,0.481,23.5,9.9,108.0,0.293,False,green,olive,181A1D,0.237,black,black,71725D,0.171,green,moss,medium,stable,cutout_model,content/catalogue/assets/B042-P017.webp,good,,"Styled with jeans, black tote and black boots",,,,,,,,,,,"URL bar, toteme.com"
B042-P018,B042,toteme.com,mono-brand,layer,double-breasted shearling-lined parka,cotton twill with curly shearling,solid,4,2,flat packshot,yes,1,content/swipe/products/IMG_0541.png,toteme,guessed,not filed,,input needed,,input needed,,input needed,,input needed,5F5C40,0.401,38.7,17.0,102.7,0.363,False,green,olive,747051,0.35,green,olive,442111,0.173,brown,espresso,medium,stable,cutout_model,content/catalogue/assets/B042-P018.webp,good,,Monogram label at inside neck; no page text visible,,,,,,,,,,,"URL bar, toteme.com"
B042-P019,B042,toteme.com,mono-brand,multiple,listing grid parka trousers dress coat,unclear,mixed,3,3,listing grid,no,2,content/swipe/products/IMG_0542.png;content/swipe/products/IMG_0543.png,toteme,guessed,not filed,,input needed,,input needed,,input needed,,input needed,232426,0.528,14.2,1.5,271.9,0.066,True,black,black,737065,0.319,warm neutral,stone,53321C,0.077,brown,chocolate,medium,stable,tile,content/catalogue/assets/B042-P019.webp,good,,"Titles and euro prices printed, plus 2 colors markers; rows cropped",,,,,,,,,,,"URL bar, toteme.com"
B042-P020,B042,toteme.com,mono-brand,layer,cropped boxy check wool jacket,tonal houndstooth wool,check,3,3,flat packshot,yes,1,content/swipe/products/IMG_0544.png,toteme,guessed,not filed,,input needed,,input needed,,input needed,,input needed,161616,0.69,7.2,0.0,158.2,0.0,True,black,black,E6E6E6,0.298,white,white,,,,,high,stable,cutout_flat,content/catalogue/assets/B042-P020.webp,good,,Sleeves laid straight down; hanging chain at neck,,,,,,,,,,,"URL bar, toteme.com"
B042-P021,B042,toteme.com,mono-brand,dress,sleeveless drop-waist dress,jersey bodice with textured check skirt,mixed,2,3,on model,yes,1,content/swipe/products/IMG_0545.png,toteme,guessed,not filed,,input needed,,input needed,,input needed,,input needed,0E0D0F,0.831,3.8,1.1,308.6,0.03,True,black,black,35261D,0.147,brown,espresso,,,,,low,stable,cutout_model,content/catalogue/assets/B042-P021.webp,good,,"Side view; may be a separate top and skirt, not one dress",,,,,,,,,,,"URL bar, toteme.com"
B042-P022,B042,toteme.com,mono-brand,bottom,a-line mini skirt,tonal woven check wool,check,3,3,flat packshot,yes,1,content/swipe/products/IMG_0546.png,toteme,guessed,not filed,,input needed,,input needed,,input needed,,input needed,1C1C1C,1.0,10.3,0.0,158.2,0.0,True,black,black,,,,,,,,,high,stable,cutout_flat,content/catalogue/assets/B042-P022.webp,good,,"Laid flat, back zip at side seam; no page text visible",,,,,,,,,,,"URL bar, toteme.com"
B042-P023,B042,toteme.com,mono-brand,bottom,a-line mini skirt,tonal woven check wool,check,3,3,detail,no,1,content/swipe/products/IMG_0547.png,toteme,guessed,not filed,,input needed,,input needed,,input needed,,input needed,0A0A0B,0.953,2.8,0.4,290.2,0.017,True,black,black,,,,,,,,,low,stable,cutout_model,content/catalogue/assets/B042-P023.webp,good,,Waist-to-hem crop on model; sides and hem run off frame,,,,,,,,,,,"URL bar, toteme.com"
B042-P024,B042,toteme.com,mono-brand,top,oversized roll-neck knit jumper,chunky knit,solid,3,2,on model,yes,1,content/swipe/products/IMG_0548.png,toteme,guessed,not filed,,input needed,,input needed,,input needed,,input needed,DED2C1,0.44,84.7,10.0,82.5,0.18,False,warm neutral,cream,1D1C1B,0.22,black,black,B8A997,0.189,brown,tan,medium,stable,cutout_model,content/catalogue/assets/B042-P024.webp,good,,Cream colourway styled with black leather-look trousers and mules,,,,,,,,,,,"URL bar, toteme.com"
B042-P025,B042,toteme.com,mono-brand,top,oversized roll-neck knit jumper,chunky knit,solid,3,2,flat packshot,yes,1,content/swipe/products/IMG_0549.png,toteme,guessed,not filed,,input needed,,input needed,,input needed,,input needed,E5DFD0,0.819,88.9,8.1,93.6,0.096,True,warm neutral,cream,C3BAA9,0.146,warm neutral,oatmeal,,,,,high,stable,cutout_flat,content/catalogue/assets/B042-P025.webp,good,,"Cream colourway laid flat; ribbed neck, cuffs and hem",,,,,,,,,,,"URL bar, toteme.com"
B042-P026,B042,toteme.com,mono-brand,top,oversized roll-neck knit jumper,chunky marl knit,marl,3,2,on model,yes,1,content/swipe/products/IMG_0550.png,toteme,guessed,not filed,,input needed,,input needed,,input needed,,input needed,7E8F9F,0.365,58.6,10.8,256.6,0.25,False,blue,steel blue,14202E,0.244,blue,navy,44586B,0.231,blue,denim blue,medium,stable,cutout_model,content/catalogue/assets/B042-P026.webp,good,,Pale blue colourway styled with jeans and dark red mules,,,,,,,,,,,"URL bar, toteme.com"
B042-P027,B042,toteme.com,mono-brand,top,oversized roll-neck knit jumper,chunky marl knit,marl,3,2,flat packshot,yes,1,content/swipe/products/IMG_0551.png,toteme,guessed,not filed,,input needed,,input needed,,input needed,,input needed,ABBCCD,0.876,75.5,10.8,257.7,0.278,False,blue,sky,7D8D9C,0.097,blue,steel blue,,,,,high,stable,cutout_flat,content/catalogue/assets/B042-P027.webp,good,,Pale blue colourway laid flat; same shape as cream packshot,,,,,,,,,,,"URL bar, toteme.com"
B042-P028,B042,toteme.com,mono-brand,top,chunky knit turtleneck sweater,chunky knit,solid,3,2,on model,yes,1,content/swipe/products/IMG_0552.png,toteme,guessed,not filed,,input needed,,input needed,,input needed,,input needed,C5BAA4,0.381,75.9,12.6,89.0,0.161,False,warm neutral,oatmeal,92846E,0.286,brown,tan,6B5F4E,0.185,brown,tobacco,medium,stable,cutout_model,content/catalogue/assets/B042-P028.webp,good,,full-look shot; small monogram logo badge bottom right,,,,,,,,,,,"URL bar, toteme.com"
B042-P029,B042,toteme.com,mono-brand,top,chunky knit turtleneck sweater,chunky knit,solid,3,2,flat packshot,yes,1,content/swipe/products/IMG_0553.png,toteme,guessed,not filed,,input needed,,input needed,,input needed,,input needed,BCAD92,0.838,71.3,15.9,86.3,0.213,False,brown,tan,A5957A,0.116,brown,tan,,,,,high,stable,cutout_flat,content/catalogue/assets/B042-P029.webp,good,,"same sweater as previous frame, laid flat",,,,,,,,,,,"URL bar, toteme.com"
B042-P030,B042,toteme.com,mono-brand,dress,strapless cocoon-hem maxi dress,smooth crepe,solid,3,4,on model,yes,2,content/swipe/products/IMG_0554.png;content/swipe/products/IMG_0555.png,TOTEME,given,not filed,,input needed,,input needed,,input needed,,input needed,0D0C0D,0.943,3.4,0.6,324.4,0.026,True,black,black,,,,,,,,,low,stable,cutout_model,content/catalogue/assets/B042-P030.webp,good,,TOTEME wordmark in site header; long chain necklace styled,,,,,,,,,,,
B042-P031,B042,toteme.com,mono-brand,dress,strapless cocoon-hem midi dress,smooth crepe,solid,3,4,ghost mannequin,yes,1,content/swipe/products/IMG_0556.png,toteme,guessed,not filed,,input needed,,input needed,,input needed,,input needed,222222,1.0,13.2,0.0,158.2,0.0,True,black,black,,,,,,,,,high,stable,cutout_flat,content/catalogue/assets/B042-P031.webp,good,,"browser tab truncated to ""Strapless""",,,,,,,,,,,"URL bar, toteme.com"
B042-P032,B042,toteme.com,mono-brand,dress,strapless cocoon-hem maxi dress,smooth crepe,solid,3,4,on model,yes,1,content/swipe/products/IMG_0557.png,toteme,guessed,not filed,,input needed,,input needed,,input needed,,input needed,DACDB8,0.39,82.9,12.1,85.0,0.152,False,warm neutral,cream,EFEBDE,0.367,white,off-white,BBAA96,0.229,brown,tan,high,stable,cutout_model,content/catalogue/assets/B042-P032.webp,good,,cream colourway of previous dress; model head cropped at top,,,,,,,,,,,"URL bar, toteme.com"
B042-P032-V2,B042,toteme.com,mono-brand,dress,strapless cocoon-hem maxi dress,smooth crepe,solid,3,4,on model,yes,1,content/swipe/products/IMG_0558.png,toteme,given,not filed,,input needed,,input needed,,input needed,,input needed,34373A,0.561,22.9,2.4,256.6,0.106,True,grey,dark grey,BEB9AE,0.327,warm neutral,oatmeal,848587,0.112,grey,mid grey,high,stable,cutout_model,content/catalogue/assets/B042-P032-V2.webp,good,,split out of B042-P032 by colour; slot and garment type are the parent's and may describe the parent's garment — worth a look,,,,,,,,,,,
B042-P033,B042,toteme.com,mono-brand,bottom,high-waist wide-leg tailored trousers,flannel,solid,3,3,on model,yes,1,content/swipe/products/IMG_0559.png,toteme,guessed,not filed,,input needed,,input needed,,input needed,,input needed,0A0A0A,0.95,2.7,0.0,158.2,0.0,True,black,black,,,,,,,,,low,stable,cutout_model,content/catalogue/assets/B042-P033.webp,good,,"browser tab truncated to ""High-wai""; styled with blazer and top",,,,,,,,,,,"URL bar, toteme.com"
B042-P034,B042,toteme.com,mono-brand,layer,single-breasted leather blazer,smooth leather,solid,3,3,on model,yes,1,content/swipe/products/IMG_0560.png,toteme,guessed,not filed,,input needed,,input needed,,input needed,,input needed,171615,0.454,7.3,0.9,74.4,0.074,True,black,black,13263D,0.3,blue,navy,475768,0.141,blue,denim blue,medium,stable,cutout_model,content/catalogue/assets/B042-P034.webp,good,,styled over ribbed blouse with jeans and bag,,,,,,,,,,,"URL bar, toteme.com"
B042-P035,B042,toteme.com,mono-brand,layer,short single-breasted leather blazer,smooth leather,solid,3,3,flat packshot,yes,1,content/swipe/products/IMG_0561.png,toteme,guessed,not filed,,input needed,,input needed,,input needed,,input needed,1D1D1D,0.711,10.8,0.0,158.2,0.0,True,black,black,474646,0.187,grey,dark grey,656564,0.103,grey,mid grey,high,stable,cutout_flat,content/catalogue/assets/B042-P035.webp,good,,-,,,,,,,,,,,"URL bar, toteme.com"
B042-P036,B042,toteme.com,mono-brand,multiple,"trousers, coat, leather blazer, blouse","leather, flannel, wool, ribbed knit",mixed,3,3,listing grid,no,2,content/swipe/products/IMG_0562.png;content/swipe/products/IMG_0563.png,toteme,guessed,not filed,High-waist flannel trousers; Hoodie coat grey melange; Short leather blazer black; Ribbed bow blouse ecru,given,,input needed,450 €; 1 060 €; 2 190 €; 360 €,given,,input needed,E6E6E5,0.862,91.3,0.5,110.1,0.005,True,white,white,57595C,0.114,grey,dark grey,,,,,medium,stable,tile,content/catalogue/assets/B042-P036.webp,good,,"colour counts ""4 colors"" and ""2 colors"" printed; tab truncated ""Ready-to""",,,,,,,,,,,"URL bar, toteme.com"
B042-P037,B042,toteme.com,mono-brand,layer,brushed wool overshirt jacket,brushed wool,solid,3,3,on model,yes,4,content/swipe/products/IMG_0564.png;content/swipe/products/IMG_0566.png;content/swipe/products/IMG_0568.png;content/swipe/products/IMG_0569.png,toteme,guessed,not filed,,input needed,,input needed,,input needed,,input needed,121213,0.812,5.5,0.6,290.2,0.022,True,black,black,343130,0.134,warm neutral,taupe,,,,,medium,stable,cutout_model,content/catalogue/assets/B042-P037.webp,good,,worn cape-style over matching button-front knit skirt,,,,,,,,,,,"URL bar, toteme.com"
B042-P037-V2,B042,toteme.com,mono-brand,layer,brushed wool overshirt jacket,brushed wool,solid,3,3,on model,yes,1,content/swipe/products/IMG_0567.png,toteme,given,not filed,,input needed,,input needed,,input needed,,input needed,747577,0.447,49.2,1.2,271.4,0.026,True,grey,mid grey,5C5D5E,0.229,grey,mid grey,8A8B8E,0.225,grey,mid grey,high,stable,cutout_model,content/catalogue/assets/B042-P037-V2.webp,good,,split out of B042-P037 by colour; slot and garment type are the parent's and may describe the parent's garment — worth a look,,,,,,,,,,,
B042-P038,B042,toteme.com,mono-brand,bottom,wide-leg elasticated trousers,smooth crepe,solid,2,3,on model,yes,1,content/swipe/products/IMG_0570.png,toteme,guessed,not filed,,input needed,,input needed,,input needed,,input needed,CCC6BA,0.782,80.1,6.7,90.0,0.083,True,warm neutral,cream,141314,0.153,black,black,A09484,0.065,brown,tan,medium,stable,cutout_model,content/catalogue/assets/B042-P038.webp,good,,styled with long black scarf and fine knit top,,,,,,,,,,,"URL bar, toteme.com"
B042-P039,B042,toteme.com,mono-brand,bottom,wide-leg elasticated lounge trousers,smooth crepe,solid,2,3,flat packshot,yes,1,content/swipe/products/IMG_0571.png,toteme,guessed,not filed,,input needed,,input needed,,input needed,,input needed,E5E2D7,0.998,89.8,5.8,98.8,0.065,True,warm neutral,cream,,,,,,,,,medium,stable,cutout_flat,content/catalogue/assets/B042-P039.webp,weak,,"browser tab truncated to ""Lounge t""",,,,,,,,,,,"URL bar, toteme.com"
B042-P040,B042,toteme.com,mono-brand,bottom,wide-leg curved-seam trousers,smooth crepe,solid,2,3,on model,yes,1,content/swipe/products/IMG_0572.png,toteme,guessed,not filed,,input needed,,input needed,,input needed,,input needed,8D7762,0.363,51.5,15.6,70.5,0.25,False,brown,tobacco,766452,0.326,brown,tobacco,C1AF99,0.255,brown,tan,medium,stable,cutout_model,content/catalogue/assets/B042-P040.webp,good,,styled with black crew-neck knit and flats,,,,,,,,,,,"URL bar, toteme.com"
B042-P041,B042,toteme.com,mono-brand,bottom,wide-leg lounge trousers,smooth crepe,solid,2,3,detail,no,1,content/swipe/products/IMG_0573.png,toteme,guessed,not filed,Lounge trousers rock,given,,input needed,390 €,given,,input needed,8D7761,0.506,51.5,16.1,71.7,0.26,False,brown,tobacco,C3B19B,0.236,brown,tan,705D4B,0.166,brown,tobacco,medium,stable,cutout_model,content/catalogue/assets/B042-P041.webp,good,,"three-swatch colour row; title ends ""rock""; description says ""cady""",,,,,,,,,,,"URL bar, toteme.com"
B042-P042,B042,toteme.com,mono-brand,layer,marled chunky knit cocoon cardigan,marled chunky knit,marl,4,2,on model,yes,1,content/swipe/products/IMG_0574.png,toteme,guessed,not filed,,input needed,,input needed,,input needed,,input needed,0D0D0E,0.876,3.7,0.5,290.2,0.019,True,black,black,373635,0.118,warm neutral,taupe,,,,,low,stable,cutout_model,content/catalogue/assets/B042-P042.webp,good,,styled with black wide-leg trousers and leather bag,,,,,,,,,,,"URL bar, toteme.com"
B043-P001,B043,toteme.com,mono-brand,layer,double-breasted shawl-collar knit jacket,marled chunky knit,marl,4,3,flat packshot,yes,1,content/swipe/products/IMG_0575.png,toteme,guessed,not filed,,input needed,,input needed,,input needed,,input needed,272727,0.829,15.6,0.0,158.2,0.0,True,black,black,4D4D4D,0.171,grey,dark grey,,,,,high,stable,cutout_flat,content/catalogue/assets/B043-P001.webp,good,,woven monogram label visible at back neck,,,,,,,,,,,
B043-P002,B043,toteme.com,mono-brand,layer,double-breasted shawl-collar ribbed cardigan,ribbed knit,marl,3,3,on model,yes,1,content/swipe/products/IMG_0576.png,toteme,guessed,not filed,,input needed,,input needed,,input needed,,input needed,DFDBD7,0.335,87.6,2.5,75.0,0.081,True,warm neutral,cream,716D69,0.314,warm neutral,stone,9A9793,0.211,warm neutral,oatmeal,medium,stable,cutout_model,content/catalogue/assets/B043-P002.webp,good,,styled with white jeans and black leather bag,,,,,,,,,,,
B043-P003,B043,toteme.com,mono-brand,layer,shawl-collar ribbed cardigan,ribbed knit,marl,3,3,detail,no,2,content/swipe/products/IMG_0577.png;content/swipe/products/IMG_0578.png,toteme,guessed,not filed,,input needed,,input needed,,input needed,,input needed,85807D,0.389,53.9,2.6,60.3,0.037,True,warm neutral,stone,645F5C,0.348,warm neutral,taupe,B4AEAB,0.155,warm neutral,oatmeal,medium,stable,cutout_model,content/catalogue/assets/B043-P003.webp,good,,close crop; hem and sleeve ends run off frame,,,,,,,,,,,
B043-P004,B043,toteme.com,mono-brand,layer,double-breasted shawl-collar ribbed cardigan,ribbed knit,solid,3,3,flat packshot,yes,2,content/swipe/products/IMG_0579.png;content/swipe/products/IMG_0583.png,toteme,guessed,not filed,,input needed,,input needed,,input needed,,input needed,CDC9B7,0.508,80.8,9.6,100.3,0.117,True,warm neutral,cream,A09274,0.492,brown,tan,,,,,high,stable,cutout_flat,content/catalogue/assets/B043-P004.webp,good,,"monogram label at neck; ""Add to cart"" button below image",,,,,,,,,,,
B043-P004-V2,B043,toteme.com,mono-brand,layer,double-breasted shawl-collar ribbed cardigan,ribbed knit,solid,3,3,flat packshot,yes,1,content/swipe/products/IMG_0581.png,toteme,given,not filed,,input needed,,input needed,,input needed,,input needed,2D2B2C,0.799,17.8,1.2,343.9,0.027,True,black,black,514F50,0.195,grey,dark grey,,,,,high,stable,cutout_flat,content/catalogue/assets/B043-P004-V2.webp,good,,split out of B043-P004 by colour; slot and garment type are the parent's and may describe the parent's garment — worth a look,,,,,,,,,,,
B043-P004-V3,B043,toteme.com,mono-brand,layer,double-breasted shawl-collar ribbed cardigan,ribbed knit,solid,3,3,flat packshot,yes,1,content/swipe/products/IMG_0582.png,toteme,given,not filed,,input needed,,input needed,,input needed,,input needed,786A5B,0.346,45.7,10.9,74.4,0.195,False,brown,tobacco,948473,0.299,brown,tan,594D41,0.274,brown,chocolate,high,stable,cutout_flat,content/catalogue/assets/B043-P004-V3.webp,good,,split out of B043-P004 by colour; slot and garment type are the parent's and may describe the parent's garment — worth a look,,,,,,,,,,,
B043-P005,B043,toteme.com,mono-brand,bag,snake-print flap shoulder bag,snake-embossed leather,print,1,3,on model,yes,1,content/swipe/products/IMG_0584.png,toteme,guessed,not filed,,input needed,,input needed,,input needed,,input needed,0A0A0A,0.946,2.7,0.0,158.2,0.0,True,black,black,,,,,,,,,low,stable,cutout_model,content/catalogue/assets/B043-P005.webp,good,,"browser tab truncated to ""T-lock py""; ""Add to cart"" visible",,,,,,,,,,,
B043-P006,B043,toteme.com,mono-brand,bag,snake-print flap clutch bag,snake-embossed leather,print,1,3,on model,no,1,content/swipe/products/IMG_0585.png,toteme,guessed,not filed,,input needed,,input needed,,input needed,,input needed,0F0E10,0.916,4.1,1.1,308.6,0.029,True,black,black,,,,,,,,,low,stable,cutout_model,content/catalogue/assets/B043-P006.webp,good,,carried as clutch; hand covers part of the flap,,,,,,,,,,,
B043-P007,B043,toteme.com,mono-brand,multiple,shoulder bags and flap clutches,embossed and smooth leather,mixed,1,3,listing grid,yes,2,content/swipe/products/IMG_0586.png;content/swipe/products/IMG_0587.png,toteme,guessed,not filed,T-lock ostrich-embossed shoulder bordeaux; T-lock leather shoulder black; T-lock python-embossed clutch black/ecru; Mini t-lock python-embossed clutch black/ecru,given,,input needed,1 300 €; 1 100 €; 1 150 €; 890 €,given,,input needed,BBB6A6,0.389,74.0,8.8,96.7,0.116,True,warm neutral,oatmeal,928D82,0.264,warm neutral,stone,23201E,0.188,black,black,medium,stable,tile,content/catalogue/assets/B043-P007.webp,weak,,"""2 colors"" printed under second item; cut into 8 cells",,,hidden,,,,,,,,
B044-P001,B044,toteme.com,mono-brand,multiple,grained leather and patent shoulder bags,"grained leather, patent leather",mixed,1,3,listing grid,yes,1,content/swipe/products/IMG_0588.png,toteme,guessed,not filed,T-lock grained-leather shoulder cashew; T-lock grained-leather shoulder black; Clip palmellato-patent shoulder off-white; Clip palmellato-patent shoulder black,given,,input needed,1 100 €; 1 100 €; 1 090 €; 1 090 €,given,,input needed,111110,0.746,5.0,0.6,110.2,0.071,True,black,black,BDBDBD,0.134,grey,light grey,535351,0.12,warm neutral,taupe,low,stable,tile,content/catalogue/assets/B044-P001.webp,good,,"""5 colors"" and ""3 colors"" counts printed; bottom counts clipped",,,,,,,,,,,"URL bar, toteme.com"
B044-P002,B044,toteme.com,mono-brand,multiple,"ankle, knee-high and over-the-knee leather boots",smooth leather,solid,2,3,listing grid,yes,2,content/swipe/products/IMG_0589.png;content/swipe/products/IMG_0590.png,toteme,guessed,not filed,Deconstructed stretch nappa boots black; Contour nappa boots black; Nappa over-the-knee boots black; Nappa over-the-knee boots bark,given,,input needed,1 090 €; 690 €; 1 200 €; 1 200 €,given,,input needed,2E2E2E,0.961,18.9,0.0,158.2,0.0,True,black,black,,,,,,,,,medium,stable,tile,content/catalogue/assets/B044-P002.webp,good,,"""Back in Stock"" badge on one tile; bottom prices clipped; cut into 4 cells",,,hidden,,,,,,,,"URL bar, toteme.com"
B044-P003,B044,toteme.com,mono-brand,multiple,kitten-heel pumps and flat ballerinas,"suede, pony hair",mixed,1,3,listing grid,yes,1,content/swipe/products/IMG_0591.png,toteme,guessed,not filed,Sharp suede kitten pumps black; Sharp pony hair kitten pumps tiger; Slip jersey ballerinas black; Slip pony hair ballerinas tiger,given,,input needed,600 €; 670 €; 440 €; 670 €,given,,input needed,B48E65,0.397,61.6,28.7,71.9,0.404,False,brown,tan,201C19,0.363,black,black,6A5744,0.139,brown,tobacco,medium,stable,tile,content/catalogue/assets/B044-P003.webp,weak,,"tiger-stripe animal print on two styles; ""2 colors"" counts printed; cut into 4 cells",,,hidden,,,,,,,,"URL bar, toteme.com"
B044-P004,B044,toteme.com,mono-brand,multiple,"ballerinas, loafers and heeled ankle boots","pony hair, smooth leather",mixed,2,3,listing grid,no,2,content/swipe/products/IMG_0592.png;content/swipe/products/IMG_0593.png,toteme,guessed,not filed,Slip pony hair ballerinas zebra; Soft nappa loafers black; Soft nappa ankle boots chai; Soft nappa ankle boots bark,given,,input needed,670 €; 550 €; 720 €; 720 €,given,,input needed,B8A78F,0.972,69.3,14.8,81.2,0.2,False,brown,tan,,,,,,,,,medium,stable,tile,content/catalogue/assets/B044-P004.webp,good,,"next grid row starts at bottom edge; ""2 colors"" and ""3 colors"" printed; cut into 4 cells",,,hidden,,,,,,,,"URL bar, toteme.com"
B044-P005,B044,toteme.com,mono-brand,multiple,"croco-embossed, suede and leather mid-heel boots","croco-embossed leather, suede, smooth leather",mixed,2,3,listing grid,no,3,content/swipe/products/IMG_0594.png;content/swipe/products/IMG_0595.png;content/swipe/products/IMG_0596.png,TOTEME,given,not filed,Croco-embossed mid-heel boots dark brown; Croco-embossed mid-heel boots black; Suede mid-heel boots black; Leather mid-heel boots black,given,,input needed,690 €; 690 €; 690 €; 680 €,given,,input needed,2E2E2F,0.383,19.0,0.7,290.3,0.016,True,black,black,161615,0.29,black,black,616265,0.226,grey,mid grey,medium,stable,tile,content/catalogue/assets/B044-P005.webp,usable,,"top-row boot shafts cropped; ""Garderob"" label strip below grid; cut into 8 cells",,,hidden,,,,,,,,
B044-P006,B044,therow.com,mono-brand,multiple,"cardigan, sunglasses, t-shirt and knit top","brushed knit, acetate, fine jersey",mixed,2,2,listing grid,no,1,content/swipe/products/IMG_0597.png,THE ROW,given,not filed,Cardigan Pranavi; Lunettes de Soleil B,given,,input needed,"€3.350,00; €630,00",given,,input needed,CECCCC,0.421,82.2,0.7,19.5,0.028,True,cool neutral,pale grey,1D1D1B,0.304,black,black,55473B,0.142,brown,chocolate,medium,stable,tile,content/catalogue/assets/B044-P006.webp,good,,French-language page; colour swatch rows; bottom-row products unlabelled,,,,,,,,,,,
B044-P007,B044,therow.com,mono-brand,multiple,"cardigan, sunglasses, t-shirt and knit top","brushed knit, acetate, fine jersey",mixed,2,2,listing grid,no,1,content/swipe/products/IMG_0598.png,THE ROW,given,not filed,Cardigan Pranavi; Lunettes de Soleil B,given,,input needed,"€3.350,00; €630,00",given,,input needed,C6C6C6,0.416,79.9,0.0,158.2,0.0,True,cool neutral,pale grey,1B1B1B,0.348,black,black,A5A5A5,0.17,grey,light grey,medium,stable,tile,content/catalogue/assets/B044-P007.webp,good,,"same grid as previous, sunglasses shown as packshot not on model",,,,,,,,,,,
B044-P008,B044,therow.com,mono-brand,bottom,wide-leg corduroy trousers,corduroy,solid,3,2,flat packshot,no,1,content/swipe/products/IMG_0599.png,THE ROW,given,not filed,,input needed,,input needed,,input needed,,input needed,0C1517,0.975,6.1,3.8,221.6,0.459,False,black,black,,,,,,,,,medium,stable,cutout_model,content/catalogue/assets/B044-P008.webp,good,,hem runs off bottom edge; URL bar reads therow.com,,,,,,,,,,,
B044-P009,B044,therow.com,mono-brand,multiple,"related-products grid: knits, loafers, trousers",mixed,mixed,2,2,listing grid,no,1,content/swipe/products/IMG_0600.png,THE ROW,given,not filed,,input needed,,input needed,,input needed,,input needed,59575A,0.433,37.3,2.0,314.8,0.019,True,grey,dark grey,343536,0.36,grey,dark grey,827A75,0.117,warm neutral,stone,medium,stable,tile,content/catalogue/assets/B044-P009.webp,weak,,"Style With and Articles similaires grids; prices EUR1.140,00 to EUR1.350,00 shown",,,,,,,,,,,
B044-P010,B044,therow.com,mono-brand,bottom,straight-leg corduroy trousers,corduroy,solid,3,2,flat packshot,no,1,content/swipe/products/IMG_0601.png,THE ROW,given,not filed,Pantalon Adler,given,,input needed,"€1.460,00",given,,input needed,867968,0.873,51.5,11.3,79.5,0.192,False,brown,tobacco,9C9080,0.127,brown,tan,,,,,high,stable,cutout_flat,content/catalogue/assets/B044-P010.webp,good,Taupe Délavé,"three colour swatches; ""Coming Soon""; only lower legs in frame",,,,,,,,,,,
B044-P010-V2,B044,therow.com,mono-brand,bottom,straight-leg corduroy trousers,corduroy,solid,3,2,flat packshot,no,1,content/swipe/products/IMG_0602.png,THE ROW,given,not filed,Pantalon Adler,given,,input needed,"€1.460,00",given,,input needed,5D6166,0.482,41.0,3.4,262.3,0.095,True,grey,mid grey,343839,0.471,grey,dark grey,,,,,high,stable,cutout_flat,content/catalogue/assets/B044-P010-V2.webp,good,,split out of B044-P010 by colour; slot and garment type are the parent's and may describe the parent's garment — worth a look,,,,,,,,,,,
B044-P011,B044,therow.com,mono-brand,multiple,"listing grid: bag, knit polo, shirt, trousers",mixed,mixed,2,2,listing grid,no,1,content/swipe/products/IMG_0603.png,THE ROW,given,not filed,,input needed,,input needed,,input needed,,input needed,424347,0.968,28.5,2.6,281.1,0.063,True,grey,dark grey,,,,,,,,,medium,stable,tile,content/catalogue/assets/B044-P011.webp,good,,"French page; Sac Porté Épaule Jean €4.230,00; Haut Pauli €1.790,00; Épuisé labels",,,,,,,,,,,
B044-P012,B044,therow.com,mono-brand,multiple,"listing grid: shirt, wide-leg trousers, knit",mixed,mixed,2,3,listing grid,no,1,content/swipe/products/IMG_0604.png,THE ROW,given,not filed,,input needed,,input needed,,input needed,,input needed,D2D6E7,0.996,85.8,9.0,282.0,0.408,False,blue,sky,,,,,,,,,medium,stable,tile,content/catalogue/assets/B044-P012.webp,good,,"Chemise Gavina €1.140,00; Pantalon Daniela €1.790,00; Épuisé labels",,,,,,,,,,,
B044-P013,B044,therow.com,mono-brand,multiple,"listing grid: leather tote, ribbed knit, trousers",mixed,mixed,2,2,listing grid,no,1,content/swipe/products/IMG_0605.png,THE ROW,given,not filed,,input needed,,input needed,,input needed,,input needed,343639,0.987,22.5,2.2,266.4,0.084,True,grey,dark grey,,,,,,,,,medium,stable,tile,content/catalogue/assets/B044-P013.webp,good,,"Marlo 12 Sac en Cuir €5.310,00; Pull Phef €1.680,00; swatch rows",,,,,,,,,,,
B044-P014,B044,therow.com,mono-brand,multiple,"listing grid: t-shirt, five-pocket jeans, coat",mixed,mixed,2,2,listing grid,no,2,content/swipe/products/IMG_0606.png;content/swipe/products/IMG_0607.png,THE ROW,given,not filed,,input needed,,input needed,,input needed,,input needed,DBD2C5,0.934,84.6,7.6,83.3,0.129,True,warm neutral,cream,,,,,,,,,low,stable,tile,content/catalogue/assets/B044-P014.webp,good,,"T-shirt Dera €640,00; Jean Riaco €1.000,00; Épuisé labels on tiles",,,,,,,,,,,
B044-P015,B044,therow.com,mono-brand,multiple,"listing grid: ankle boots, coat, knit, lookbook",mixed,mixed,2,3,listing grid,no,1,content/swipe/products/IMG_0608.png,THE ROW,given,not filed,,input needed,,input needed,,input needed,,input needed,C4C3C1,0.527,78.8,1.1,90.9,0.014,True,warm neutral,cream,959597,0.274,grey,mid grey,524F5A,0.1,grey,dark grey,medium,stable,tile,content/catalogue/assets/B044-P015.webp,good,,"Bottes Cindy €1.950,00; Pantalon Fadry €2.270,00; one on-model lookbook tile",,,,,,,,,,,
B044-P016,B044,therow.com,mono-brand,multiple,"listing grid: sunglasses, sandals, coat, cardigan",mixed,mixed,2,2,listing grid,no,1,content/swipe/products/IMG_0609.png,THE ROW,given,not filed,,input needed,,input needed,,input needed,,input needed,525960,0.603,37.5,5.1,257.2,0.164,False,grey,dark grey,2C2529,0.142,black,off-black,731B24,0.138,red,oxblood,medium,stable,tile,content/catalogue/assets/B044-P016.webp,weak,,"Lunettes de Soleil C €570,00; Sandales Link €1.040,00; swatch rows visible",,,,,,,,,,,
B044-P017,B044,therow.com,mono-brand,multiple,"listing grid: cardigan, wide-leg trousers, sandals",mixed,mixed,2,2,listing grid,no,1,content/swipe/products/IMG_0610.png,THE ROW,given,not filed,,input needed,,input needed,,input needed,,input needed,352D2A,0.982,19.2,4.5,47.3,0.114,True,warm neutral,taupe,,,,,,,,,medium,stable,tile,content/catalogue/assets/B044-P017.webp,good,,"Cardigan Pranavi €3.350,00; Pantalon Gala €1.350,00; Épuisé and Pré-Commander labels",,,,,,,,,,,
B044-P018,B044,therow.com,mono-brand,bottom,wide-leg elasticated-waist trousers,smooth matte woven,solid,2,3,flat packshot,yes,1,content/swipe/products/IMG_0611.png,THE ROW,given,not filed,,input needed,,input needed,,input needed,,input needed,1B1D20,1.0,10.7,2.4,267.0,0.132,True,black,black,,,,,,,,,medium,stable,cutout_flat,content/catalogue/assets/B044-P018.webp,good,,"packshot only; no product name, colour or price on screen",,,,,,,,,,,
B044-P019,B044,therow.com,mono-brand,bottom,wide-leg tailored trousers,smooth matte woven,solid,2,3,on model,no,1,content/swipe/products/IMG_0612.png,THE ROW,given,not filed,,input needed,,input needed,,input needed,,input needed,101211,0.949,5.3,1.0,163.1,0.112,True,black,black,2E302E,0.051,grey,dark grey,,,,,low,stable,cutout_model,content/catalogue/assets/B044-P019.webp,good,,model head cropped; product name and price cut off at bottom edge,,,,,,,,,,,
B044-P020,B044,tibi.com,mono-brand,multiple,"listing grid: t-shirt, blazers, cardigan, trousers",mixed,mixed,2,3,listing grid,no,2,content/swipe/products/IMG_0613.png;content/swipe/products/IMG_0614.png,Tibi,given,not filed,,input needed,,input needed,,input needed,,input needed,C1B6AF,0.459,74.8,5.6,61.6,0.096,True,warm neutral,oatmeal,98806B,0.296,brown,tan,C8AD84,0.138,brown,tan,medium,stable,tile,content/catalogue/assets/B044-P020.webp,good,,Tibi Creative Lab Motel T-Shirt $145; Tropical Wool Dennis Cutout Blazer $795; cut into 13 cells,,,hidden,,,,,,,,
B045-P001,B045,tibi.com,mono-brand,multiple,"listing grid: shirts, t-shirts, tops, trousers",mixed,solid,2,2,listing grid,no,4,content/swipe/products/IMG_0615.png;content/swipe/products/IMG_0616.png;content/swipe/products/IMG_0617.png;content/swipe/products/IMG_0618.png,Tibi,given,not filed,,input needed,,input needed,,input needed,,input needed,4B1E17,0.513,17.9,25.6,36.0,0.549,False,brown,espresso,D3D0CC,0.287,warm neutral,cream,BC8C64,0.115,yellow,ochre,low,stable,tile,content/catalogue/assets/B045-P001.webp,good,,prices $175 to $495; colour swatch rows under tiles; cookie banner; cut into 24 cells,,,hidden,,,,,,,,
B045-P002,B045,tibi.com,mono-brand,top,v-neck raglan sweatshirt,brushed jersey,solid,2,1,on model,yes,1,content/swipe/products/IMG_0619.png,Tibi,given,not filed,,input needed,,input needed,,input needed,,input needed,D32638,0.513,46.3,73.7,28.1,0.896,False,red,brick,B10E25,0.35,red,brick,770611,0.107,orange,rust,medium,stable,cutout_model,content/catalogue/assets/B045-P002.webp,good,,zoom icon; white base layer at neck; model head cropped,,,,,,,,,,,
B045-P003,B045,tibi.com,mono-brand,top,v-neck raglan sweatshirt,brushed jersey,solid,2,1,on model,yes,1,content/swipe/products/IMG_0620.png,Tibi,given,not filed,,input needed,,input needed,,input needed,,input needed,C71E30,0.559,43.2,72.4,29.1,0.919,False,red,brick,820715,0.215,orange,rust,222123,0.201,black,black,medium,stable,cutout_model,content/catalogue/assets/B045-P003.webp,good,,worn over denim shirt collar; model head cropped; cookie banner overlay,,,,,,,,,,,
B045-P004,B045,tibi.com,mono-brand,accessory,"book, not a garment",printed paper,solid,1,1,flat packshot,yes,1,content/swipe/products/IMG_0621.png,Tibi,given,not filed,"The Creative Pragmatist, 2nd Ed.",given,,input needed,$85,given,,input needed,217B44,0.588,45.5,45.4,150.0,0.882,False,green,emerald,D0D3D5,0.215,cool neutral,pale grey,73B689,0.169,green,sage,high,stable,cutout_flat,content/catalogue/assets/B045-P004.webp,good,Navy/Green Multi,book by Amy Smilovic; size OS; wishlist popup overlays page,,,,,,,,,,,
B046-P001,B046,proenzaschouler.com,mono-brand,multiple,"listing grid: boots, printed skirt, clutch, top",mixed,mixed,2,3,listing grid,no,2,content/swipe/products/IMG_0622.png;content/swipe/products/IMG_0623.png,Proenza Schouler,given,not filed,,input needed,,input needed,,input needed,,input needed,9A2E32,0.506,36.1,50.7,27.5,0.741,False,red,brick,3A8BA8,0.228,blue,steel blue,59454E,0.208,purple,plum,medium,stable,tile,content/catalogue/assets/B046-P001.webp,good,,"Anais Skirt CHF 1,055.00; Hex Clutch CHF 1,255.00; Runway and Pre-Order labels",,,,,,,,,,,
B046-P002,B046,proenzaschouler.com,mono-brand,multiple,"listing grid: jacket, skirts, bag, dress",mixed,mixed,3,3,listing grid,no,1,content/swipe/products/IMG_0624.png,Proenza Schouler,given,not filed,,input needed,,input needed,,input needed,,input needed,426D8C,0.988,44.2,22.3,255.4,0.652,False,blue,denim blue,,,,,,,,,medium,stable,tile,content/catalogue/assets/B046-P002.webp,good,,"Gaelle Jacket CHF 1,255.00; Gaelle Skirt CHF 1,055.00; Runway labels",,,,,,,,,,,
B046-P003,B046,proenzaschouler.com,mono-brand,layer,double-breasted cropped wool jacket,felted wool melton,solid,4,3,on model,no,1,content/swipe/products/IMG_0625.png,Proenza Schouler,given,not filed,,input needed,,input needed,,input needed,,input needed,ECDDCA,0.425,88.8,11.4,79.7,0.356,False,warm neutral,cream,CEB89F,0.365,warm neutral,oatmeal,1E1B1D,0.181,black,black,medium,stable,cutout_model,content/catalogue/assets/B046-P003.webp,good,,sleeves run off frame edges; navy roll-neck beneath; no product text visible,,,,,,,,,,,
B046-P004,B046,proenzaschouler.com,mono-brand,multiple,"listing grid: sandals, printed dress, campaign image",mixed,mixed,2,3,listing grid,no,1,content/swipe/products/IMG_0626.png,Proenza Schouler,given,not filed,,input needed,,input needed,,input needed,,input needed,171311,0.555,6.2,2.2,52.3,0.186,False,black,black,36383E,0.296,grey,dark grey,11657F,0.108,blue,denim blue,medium,stable,tile,content/catalogue/assets/B046-P004.webp,good,,"Tee 85 Thong Sandals CHF 995.00; Anais Dress CHF 1,405.00; Runway labels",,,,,,,,,,,
B046-P005,B046,proenzaschouler.com,mono-brand,multiple,"listing grid: clutch, sandal, dresses, knit",mixed,mixed,2,4,listing grid,no,1,content/swipe/products/IMG_0627.png,Proenza Schouler,given,not filed,,input needed,,input needed,,input needed,,input needed,282829,0.975,16.1,0.7,290.4,0.017,True,black,black,,,,,,,,,medium,stable,tile,content/catalogue/assets/B046-P005.webp,good,,"Tee 85 Thong Sandal CHF 995.00; Elodine Dress in Tropical Wool CHF 1,555.00",,,,,,,,,,,
B046-P006,B046,proenzaschouler.com,mono-brand,multiple,bags listing grid: structured leather totes,smooth leather,solid,2,3,listing grid,no,1,content/swipe/products/IMG_0628.png,Proenza Schouler,given,not filed,,input needed,,input needed,,input needed,,input needed,7D5534,0.91,39.8,28.7,63.7,0.523,False,yellow,ochre,947359,0.062,brown,tobacco,,,,,low,stable,tile,content/catalogue/assets/B046-P006.webp,good,,"""Bags"" category page; Hex Tote in Smooth Calf CHF 1,455.00 in two colourways",,,,,,,,,,,
B046-P007,B046,proenzaschouler.com,mono-brand,multiple,listing grid: clutches and zip pouches,smooth leather,solid,1,4,listing grid,no,2,content/swipe/products/IMG_0629.png;content/swipe/products/IMG_0630.png,Proenza Schouler,given,not filed,,input needed,,input needed,,input needed,,input needed,F1DEC2,1.0,89.3,16.2,82.5,0.485,False,yellow,butter,,,,,,,,,medium,stable,tile,content/catalogue/assets/B046-P007.webp,weak,,"Zip Pouch in Eel CHF 755.00; Hex Clutch CHF 1,255.00; chat bubble covers text; cut into 7 cells",,,hidden,,,,,,,,
B046-P008,B046,proenzaschouler.com,mono-brand,multiple,bags listing grid: leather and suede totes,smooth leather and suede-look,solid,2,3,listing grid,no,1,content/swipe/products/IMG_0631.png,Proenza Schouler,given,not filed,,input needed,,input needed,,input needed,,input needed,C7C5C6,0.632,79.7,0.9,343.7,0.024,True,cool neutral,pale grey,A48B76,0.228,brown,tan,744312,0.092,warm neutral,taupe,medium,stable,tile,content/catalogue/assets/B046-P008.webp,good,,"Large Ruched Tote CHF 1,455.00 and CHF 1,195.00; one on-model tile; Waitlist",,,,,,,,,,,
B046-P009,B046,proenzaschouler.com,mono-brand,multiple,bags listing grid: ruched suede and leather totes,suede-look and smooth leather,solid,2,3,listing grid,no,1,content/swipe/products/IMG_0632.png,Proenza Schouler,given,not filed,,input needed,,input needed,,input needed,,input needed,321217,0.438,10.4,17.4,14.3,0.542,False,red,oxblood,483D3F,0.309,grey,dark grey,F5F5F5,0.172,white,white,medium,stable,tile,content/catalogue/assets/B046-P009.webp,weak,,"Large Ruched Tote CHF 1,455.00; Small Ruched Tote CHF 1,195.00; Waitlist label; cut into 4 cells",,,hidden,,,,,,,,
B046-P010,B046,proenzaschouler.com,mono-brand,multiple,bags listing grid: crinkled leather carryall totes,glossy crinkled leather,solid,2,3,listing grid,no,1,content/swipe/products/IMG_0633.png,Proenza Schouler,given,not filed,,input needed,,input needed,,input needed,,input needed,2F3134,0.511,20.2,2.2,266.5,0.091,True,grey,dark grey,6C6F71,0.198,grey,mid grey,D5C3B4,0.159,warm neutral,cream,low,stable,tile,content/catalogue/assets/B046-P010.webp,good,,"Days Carryall in Paper Calf CHF 1,695.00; three colourways; one on-model tile; cut into 4 cells",,,hidden,,,,,,,,
B046-P011,B046,khaite.com,mono-brand,multiple,"listing grid: knit sweater, jeans, t-shirts",mixed,mixed,2,2,listing grid,no,1,content/swipe/products/IMG_0634.png,KHAITE,given,not filed,,input needed,,input needed,,input needed,,input needed,C3946A,0.704,64.8,31.5,66.9,0.409,False,yellow,gold,AB7C53,0.233,yellow,ochre,,,,,medium,stable,tile,content/catalogue/assets/B046-P011.webp,good,,"CAIN SWEATER CHF 2,050; KARO JEAN CHF 695; Ready-to-Wear page; swatch rows; cut into 4 cells",,,hidden,,,,,,,,
B047-P001,B047,khaite.com,mono-brand,multiple,"listing grid: t-shirts, ribbed cardigan, printed skirt",mixed,mixed,2,2,listing grid,no,2,content/swipe/products/IMG_0635.png;content/swipe/products/IMG_0636.png,KHAITE,given,not filed,,input needed,,input needed,,input needed,,input needed,C19269,0.559,64.1,31.2,66.3,0.406,False,yellow,gold,A3734B,0.374,yellow,ochre,,,,,medium,stable,tile,content/catalogue/assets/B047-P001.webp,good,,"EMMYLOU T-SHIRT CHF 275; EITA CARDIGAN CHF 3,800; WINTON SKIRT CHF 1,950",,,,,,,,,,,
B047-P002,B047,khaite.com,mono-brand,top,structured cocoon-sleeve open-front top,fine organza-like woven,solid,1,3,on model,yes,1,content/swipe/products/IMG_0637.png,KHAITE,given,not filed,Briar Top,given,,input needed,,input needed,,input needed,AE8643,0.529,58.5,42.0,79.5,0.645,False,yellow,ochre,825B29,0.372,yellow,ochre,412611,0.056,brown,espresso,medium,stable,cutout_model,content/catalogue/assets/B047-P002.webp,good,,"product title taken from browser tab; head cropped, skirt continues off frame",,,,,,,,,,,
B047-P003,B047,khaite.com,mono-brand,top,structured cocoon-sleeve open-front top,fine organza-like woven,solid,1,3,on model,yes,1,content/swipe/products/IMG_0638.png,KHAITE,given,not filed,Briar Top,given,,input needed,"CHF 1,900",given,,input needed,AD8644,0.5,58.4,41.3,79.8,0.636,False,yellow,ochre,825A28,0.345,yellow,ochre,DDBB9E,0.08,warm neutral,cream,medium,stable,cutout_model,content/catalogue/assets/B047-P003.webp,good,Bronze,two colour swatches and size row visible below product,,,,,,,,,,,
B047-P004,B047,khaite.com,mono-brand,multiple,ribbed cardigans and structured jackets,ribbed knit and smooth leather,mixed,3,3,listing grid,no,1,content/swipe/products/IMG_0639.png,KHAITE,given,not filed,IXIN JACKET; CONFORTI JEAN; MARJORIE CARDIGAN; MARJORIE CARDIGAN,given,,input needed,"CHF 2,700; CHF 575; CHF 2,200; CHF 2,200",given,,input needed,0F101A,0.98,4.9,6.8,287.2,0.282,False,blue,navy,,,,,,,,,low,stable,tile,content/catalogue/assets/B047-P004.webp,good,,Ready-to-Wear listing; swatch rows; bottom row cropped; cut into 5 cells,,,hidden,,,,,,,,
B048-P001,B048,khaite.com,mono-brand,layer,cropped double-breasted wool jacket,melton wool,solid,4,3,on model,yes,2,content/swipe/products/IMG_0640.png;content/swipe/products/IMG_0641.png,KHAITE,given,not filed,,input needed,,input needed,,input needed,,input needed,1B1D20,0.536,10.7,2.4,267.0,0.132,True,black,black,EDDDCA,0.242,warm neutral,cream,CDB79E,0.167,warm neutral,oatmeal,medium,stable,cutout_model,content/catalogue/assets/B048-P001.webp,good,,"browser tab truncated to ""Meko Jac""; printed skirt shown beneath",,,,,,,,,,,
B048-P002,B048,khaite.com,mono-brand,bottom,high-rise straight-leg jeans,denim,solid,2,1,flat packshot,no,1,content/swipe/products/IMG_0642.png,KHAITE,given,not filed,,input needed,,input needed,,input needed,,input needed,738696,0.33,55.0,11.3,253.8,0.285,False,blue,steel blue,ADB6BD,0.263,grey,light grey,8D9DAB,0.217,blue,steel blue,medium,stable,cutout_model,content/catalogue/assets/B048-P002.webp,good,,"browser tab truncated to ""Danielle""; hems run off bottom edge",,,,,,,,,,,
B048-P003,B048,khaite.com,mono-brand,bottom,high-rise straight-leg jeans,denim,solid,2,1,on model,yes,1,content/swipe/products/IMG_0643.png,KHAITE,given,not filed,,input needed,,input needed,,input needed,,input needed,9AABB1,0.43,68.9,6.9,227.5,0.178,False,blue,steel blue,57676E,0.256,blue,steel blue,788A92,0.25,blue,steel blue,medium,stable,cutout_model,content/catalogue/assets/B048-P003.webp,good,,styled with cream knit top and black loafers,,,,,,,,,,,
B048-P004,B048,khaite.com,mono-brand,bottom,high-rise straight-leg jeans,denim,solid,2,1,flat packshot,no,1,content/swipe/products/IMG_0644.png,KHAITE,given,not filed,,input needed,,input needed,,input needed,,input needed,203A58,0.873,23.8,21.0,271.3,0.717,False,blue,navy,405F85,0.127,blue,denim blue,,,,,medium,stable,cutout_model,content/catalogue/assets/B048-P004.webp,good,,"browser tab truncated to ""Danielle""; hems run off bottom edge",,,,,,,,,,,
B049-P001,B049,khaite.com,mono-brand,bottom,high-rise straight-leg jeans,denim,solid,2,1,flat packshot,yes,3,content/swipe/products/IMG_0645.png;content/swipe/products/IMG_0646.png;content/swipe/products/IMG_0647.png,KHAITE,given,not filed,,input needed,,input needed,,input needed,,input needed,202230,0.897,13.6,10.0,288.2,0.293,False,blue,navy,3D495C,0.103,blue,denim blue,,,,,medium,stable,cutout_flat,content/catalogue/assets/B049-P001.webp,good,,dark wash; tiny waistband label not legible,,,,,,,,,,,
B049-P002,B049,khaite.com,mono-brand,multiple,suede bucket tote handbags,suede,solid,1,3,listing grid,no,1,content/swipe/products/IMG_0648.png,KHAITE,given,not filed,SMALL LOTUS TOTE; SMALL LOTUS TOTE,given,,input needed,"CHF 2,450; CHF 2,550",given,,input needed,1D1D1E,0.835,10.8,0.7,290.4,0.022,True,black,black,AAAFB6,0.083,grey,light grey,364862,0.082,blue,denim blue,medium,stable,tile,content/catalogue/assets/B049-P002.webp,good,,"Handbags listing; swatch rows show ""+ 7""; third image cropped",,,,,,,,,,,
B049-P003,B049,khaite.com,mono-brand,multiple,"suede shoulder bags, hobo and bucket tote",suede,solid,1,3,listing grid,no,4,content/swipe/products/IMG_0649.png;content/swipe/products/IMG_0650.png;content/swipe/products/IMG_0651.png;content/swipe/products/IMG_0652.png,KHAITE,given,not filed,DONNA SHOULDER BAG; MINI OLIVIA HOBO; DONNA SHOULDER BAG; MINI LOTUS TOTE,given,,input needed,"CHF 2,300; CHF 1,350; CHF 2,300; CHF 2,050",given,,input needed,3B3028,0.483,20.8,7.8,63.5,0.232,False,brown,espresso,66574B,0.287,brown,tobacco,F8F8F7,0.163,white,white,medium,stable,tile,content/catalogue/assets/B049-P003.webp,good,,"Handbags listing; swatch rows ""+ 1"" and ""+ 2""; cut into 17 cells",,,hidden,,,,,,,,
B050-P001,B050,khaite.com,mono-brand,multiple,oversized acetate sunglasses,glossy acetate,mixed,1,3,listing grid,no,5,content/swipe/products/IMG_0653.png;content/swipe/products/IMG_0654.png;content/swipe/products/IMG_0655.png;content/swipe/products/IMG_0656.png;content/swipe/products/IMG_0657.png,KHAITE,given,not filed,KHAITE X OLIVER PEOPLES 1975C; KHAITE X OLIVER PEOPLES 1975C; KHAITE X OLIVER PEOPLES 1965C; KHAITE X OLIVER PEOPLES 1965C,given,,input needed,CHF 499; CHF 499; CHF 499; CHF 499,given,,input needed,3C383A,0.513,24.0,2.3,344.1,0.044,True,grey,dark grey,8E8E90,0.389,grey,mid grey,A17C5F,0.065,brown,tan,low,stable,tile,content/catalogue/assets/B050-P001.webp,weak,,Accessories listing; top row cropped; lens swatch rows visible; cut into 16 cells,,,hidden,,,,,,,,
B050-P002,B050,ullajohnson.com,mono-brand,bottom,long leather skirt with crochet lace panels,smooth leather with crochet lace,mixed,2,3,on model,yes,1,content/swipe/products/IMG_0658.png,KHAITE,guessed,not filed,,input needed,,input needed,,input needed,,input needed,AE6F41,0.423,52.7,41.0,60.1,0.581,False,yellow,ochre,96592C,0.412,yellow,ochre,53200B,0.123,orange,rust,low,stable,cutout_model,content/catalogue/assets/B050-P002.webp,good,,full look; lace-trim knit camisole worn above skirt,,,,,,,,,,,
B050-P003,B050,ullajohnson.com,mono-brand,bottom,long leather skirt with crochet lace panels,smooth leather with crochet lace,mixed,2,3,flat packshot,yes,1,content/swipe/products/IMG_0659.png,KHAITE,guessed,not filed,,input needed,,input needed,,input needed,,input needed,A77C5A,0.359,55.5,27.9,63.8,0.397,False,brown,tan,53250C,0.324,brown,espresso,EADAC9,0.162,warm neutral,cream,low,stable,cutout_model,content/catalogue/assets/B050-P003.webp,weak,,-,,,,,,,,,,,
B050-P004,B050,ullajohnson.com,mono-brand,top,lace-trimmed fine-knit camisole,fine knit with lace trim,solid,1,2,on model,no,1,content/swipe/products/IMG_0660.png,KHAITE,guessed,not filed,Elena Lace Cami,given,Embroidered Merino Wool Cami Vest,given,CHF 319,given,,input needed,DBA67D,0.534,72.1,32.2,63.5,0.45,False,yellow,gold,C58155,0.276,warm neutral,stone,AE6A3F,0.155,warm neutral,stone,low,stable,cutout_model,content/catalogue/assets/B050-P004.webp,weak,Almond,hem tucked into leather trousers; image carousel dots visible,,,,,,,,,,,
B050-P005,B050,ullajohnson.com,mono-brand,top,lace-trimmed fine-knit camisole,fine knit with lace trim,solid,1,2,detail,no,1,content/swipe/products/IMG_0661.png,KHAITE,guessed,not filed,,input needed,,input needed,,input needed,,input needed,DEA880,0.687,73.0,32.0,62.4,0.482,False,yellow,gold,C67D53,0.264,warm neutral,stone,,,,,low,stable,cutout_model,content/catalogue/assets/B050-P005.webp,weak,,"browser tab truncated to ""Elena Lac""; close crop of neckline",,,,,,,,,,,
B050-P006,B050,ullajohnson.com,mono-brand,top,lace-trimmed fine-knit camisole,fine knit with lace trim,solid,1,2,flat packshot,yes,1,content/swipe/products/IMG_0662.png,KHAITE,guessed,not filed,,input needed,,input needed,,input needed,,input needed,CCA587,0.848,70.5,23.3,64.3,0.291,False,brown,tan,E1C8B3,0.152,warm neutral,cream,,,,,medium,stable,cutout_model,content/catalogue/assets/B050-P006.webp,good,,carousel dots below image,,,,,,,,,,,
B050-P007,B050,ullajohnson.com,mono-brand,bottom,midi skirt with sheer lace hem,fine knit with floral lace,mixed,1,3,on model,yes,1,content/swipe/products/IMG_0663.png,KHAITE,guessed,not filed,,input needed,,input needed,,input needed,,input needed,E2AB7E,0.859,74.1,34.2,64.8,0.518,False,yellow,gold,B87748,0.075,yellow,ochre,823719,0.066,orange,rust,low,stable,cutout_model,content/catalogue/assets/B050-P007.webp,good,,"browser tab truncated to ""Josina La""; grey balloon-sleeve knit above",,,,,,,,,,,
B050-P008,B050,ullajohnson.com,mono-brand,bottom,midi skirt with sheer lace hem,fine knit with floral lace,mixed,1,3,on model,no,1,content/swipe/products/IMG_0664.png,KHAITE,guessed,not filed,,input needed,,input needed,,input needed,,input needed,EBBD95,0.836,79.7,28.7,67.2,0.587,False,warm neutral,cream,C38C61,0.105,yellow,gold,873719,0.059,orange,rust,medium,stable,cutout_model,content/catalogue/assets/B050-P008.webp,good,,waistband above crop; grey balloon-sleeve knit above,,,,,,,,,,,
B051-P001,B051,ullajohnson.com,mono-brand,bottom,midi skirt with sheer lace hem,fine knit with floral lace,mixed,1,3,on model,yes,1,content/swipe/products/IMG_0665.png,ulla johnson,guessed,not filed,,input needed,,input needed,,input needed,,input needed,ECB98D,0.721,78.7,32.0,66.6,0.62,False,yellow,gold,D1986A,0.214,yellow,gold,89391B,0.065,orange,rust,medium,stable,cutout_model,content/catalogue/assets/B051-P001.webp,good,,enlarged lightbox view with next/prev arrows,,,,,,,,,,,"URL bar, ullajohnson.com"
B051-P002,B051,ullajohnson.com,mono-brand,bottom,midi skirt with sheer lace hem,fine knit with floral lace,mixed,1,3,on model,yes,2,content/swipe/products/IMG_0666.png;content/swipe/products/IMG_0667.png,ulla johnson,guessed,not filed,,input needed,,input needed,,input needed,,input needed,DAA478,0.844,71.4,33.8,64.6,0.441,False,yellow,gold,BB7F51,0.099,yellow,ochre,7C3B1E,0.058,orange,rust,low,stable,cutout_model,content/catalogue/assets/B051-P002.webp,good,,lightbox full-look view; grey turtleneck and fringed pumps,,,,,,,,,,,"URL bar, ullajohnson.com"
B051-P003,B051,ullajohnson.com,mono-brand,bottom,midi skirt with sheer lace hem,fine knit with floral lace,mixed,1,3,on model,no,1,content/swipe/products/IMG_0668.png,ulla johnson,guessed,not filed,Josina Lace Midi Skirt,given,Embroidered Merino Wool Midi Skirt,given,CHF 979,given,,input needed,F0C097,0.834,81.0,29.6,66.7,0.67,False,warm neutral,cream,863517,0.085,orange,rust,BC8356,0.08,yellow,ochre,medium,stable,cutout_model,content/catalogue/assets/B051-P003.webp,good,Almond,waistband above crop; two colour swatches below,,,,,,,,,,,"URL bar, ullajohnson.com"
B051-P004,B051,ullajohnson.com,mono-brand,top,balloon-sleeve ribbed turtleneck jumper,ribbed knit,solid,3,2,on model,yes,1,content/swipe/products/IMG_0669.png,ulla johnson,guessed,not filed,Camille Knit Pullover,given,Grey Merino Wool Turtleneck Sweater,given,CHF 615,given,,input needed,351B11,0.489,13.1,16.8,46.2,0.608,False,brown,espresso,52270D,0.277,brown,espresso,AA6046,0.184,orange,rust,low,stable,cutout_model,content/catalogue/assets/B051-P004.webp,weak,Pebble,olive leather skirt below; carousel dots visible,,,,,,,,,,,"URL bar, ullajohnson.com"
B052-P001,B052,ullajohnson.com,mono-brand,top,balloon-sleeve ribbed turtleneck jumper,ribbed knit,solid,3,2,on model,yes,1,content/swipe/products/IMG_0670.png,ULLA JOHNSON,guessed,not filed,,input needed,,input needed,,input needed,,input needed,654619,0.428,32.3,32.5,74.9,0.75,False,warm neutral,taupe,8D6B45,0.261,yellow,ochre,44230C,0.193,brown,espresso,low,stable,cutout_model,content/catalogue/assets/B052-P001.webp,good,,lightbox full-look view; olive leather midi skirt below,,,,,,,,,,,
B052-P002,B052,ullajohnson.com,mono-brand,top,balloon-sleeve ribbed turtleneck jumper,ribbed knit,solid,3,2,flat packshot,yes,1,content/swipe/products/IMG_0671.png,ULLA JOHNSON,guessed,not filed,,input needed,,input needed,,input needed,,input needed,3E2925,0.692,19.0,11.3,35.5,0.227,False,brown,espresso,C5B6B2,0.164,warm neutral,oatmeal,EAE8E7,0.106,white,white,low,stable,cutout_flat,content/catalogue/assets/B052-P002.webp,weak,,lightbox packshot with next/prev arrows,,,,,,,,,,,
B052-P003,B052,ullajohnson.com,mono-brand,bottom,high-rise wide-leg seamed jean,washed denim,solid,2,2,flat packshot,yes,1,content/swipe/products/IMG_0672.png,ULLA JOHNSON,guessed,not filed,,input needed,,input needed,,input needed,,input needed,A07450,0.584,52.4,29.6,64.2,0.441,False,brown,tan,805531,0.359,yellow,ochre,5C2E11,0.057,warm neutral,taupe,low,stable,cutout_model,content/catalogue/assets/B052-P003.webp,weak,,tan colourway; no page text visible below image,,,,,,,,,,,
B052-P004,B052,ullajohnson.com,mono-brand,bottom,high-rise wide-leg seamed jean,washed denim,solid,2,2,on model,yes,1,content/swipe/products/IMG_0673.png,ULLA JOHNSON,guessed,not filed,The Bianca Wide Leg Seamed Jean,given,,input needed,CHF 515,given,,input needed,783D17,0.748,32.7,40.6,55.9,0.768,False,warm neutral,taupe,53260B,0.162,brown,espresso,BF8151,0.09,yellow,ochre,low,stable,cutout_model,content/catalogue/assets/B052-P004.webp,weak,Umber,"subtitle ""High Rise Flare Jean""; three colour swatches below",,,,,,,,,,,
B052-P005,B052,ullajohnson.com,mono-brand,bottom,high-rise wide-leg seamed jean,washed denim,solid,2,2,flat packshot,yes,1,content/swipe/products/IMG_0674.png,ULLA JOHNSON,guessed,not filed,,input needed,,input needed,,input needed,,input needed,2A5678,0.871,35.0,24.1,261.0,0.77,False,blue,denim blue,5F7F97,0.129,blue,steel blue,,,,,medium,stable,cutout_flat,content/catalogue/assets/B052-P005.webp,good,,"lightbox view; browser tab truncated to ""The Bian""",,,,,,,,,,,
B052-P006,B052,ullajohnson.com,mono-brand,bottom,high-rise wide-leg seamed jean,black washed denim,solid,2,2,on model,yes,1,content/swipe/products/IMG_0675.png,ULLA JOHNSON,guessed,not filed,,input needed,,input needed,,input needed,,input needed,120E0C,0.977,4.2,1.8,51.7,0.216,False,black,black,,,,,,,,,low,stable,cutout_model,content/catalogue/assets/B052-P006.webp,weak,,sheer lace sleeveless top and leopard-print pumps styled with it,,,,,,,,,,,
B052-P007,B052,ullajohnson.com,mono-brand,multiple,"dresses, jackets, blouses and knitwear","mixed - silk, cloque, brushed knit, satin",mixed,2,3,listing grid,no,1,content/swipe/products/IMG_0676.png,ULLA JOHNSON,given,not filed,Tessa Long Sleeve Silk Dress; Katerina Strapless Cloque Dress; Cosette Cashmere Fur Pullover; Lune Long Sleeve Silk Mini Dress; Laure Sleeveless Midi Dress; Cosima Strapless Satin Dress; Roux Cloque Jacket; Elise Short Sleeve Silk Blouse,given,,input needed,"CHF 879; CHF 979; CHF 1,600; CHF 839; CHF 585; CHF 1,300; CHF 879; CHF 485",given,,input needed,E8D1BE,0.488,85.2,13.3,68.0,0.406,False,warm neutral,cream,292627,0.296,black,black,5A5F62,0.184,grey,mid grey,medium,stable,tile,content/catalogue/assets/B052-P007.webp,good,Eclipse; Beryl; Powder; Eclipse; Noir; Orchid; Beryl; Eclipse,New Arrivals (508 items); bottom row partly cropped,,,,,,,,,,,
B053-P001,B053,ullajohnson.com,mono-brand,shoes,pointed-toe lizard-embossed leather mule,embossed leather,solid,2,3,flat packshot,yes,1,content/swipe/products/IMG_0677.png,ulla johnson,guessed,not filed,Carlyle Mule,given,,input needed,CHF 585,given,,input needed,FAFAFA,0.997,98.3,0.0,158.2,0.0,True,white,white,,,,,,,,,medium,stable,tile,content/catalogue/assets/B053-P001.webp,weak,Bisque,colour swatch row of three colourways below title,,,,,,,,,,,"URL bar, ullajohnson.com"
B053-P001-V2,B053,ullajohnson.com,mono-brand,shoes,pointed-toe lizard-embossed leather mule,embossed leather,solid,2,3,flat packshot,yes,1,content/swipe/products/IMG_0678.png,ulla johnson,given,not filed,Carlyle Mule,given,,input needed,CHF 585,given,,input needed,9BB2BC,0.736,71.2,9.6,233.4,0.236,False,blue,sky,3B2D2C,0.12,grey,dark grey,7B6E71,0.105,grey,mid grey,high,stable,tile,content/catalogue/assets/B053-P001-V2.webp,weak,,split out of B053-P001 by colour; slot and garment type are the parent's and may describe the parent's garment — worth a look,,,,,,,,,,,
B053-P001-V3,B053,ullajohnson.com,mono-brand,shoes,pointed-toe lizard-embossed leather mule,embossed leather,solid,2,3,flat packshot,yes,1,content/swipe/products/IMG_0679.png,ulla johnson,given,not filed,Carlyle Mule,given,,input needed,CHF 585,given,,input needed,252320,0.447,13.8,2.4,84.1,0.115,True,black,black,494543,0.262,warm neutral,taupe,B2A394,0.165,warm neutral,oatmeal,high,stable,tile,content/catalogue/assets/B053-P001-V3.webp,weak,,split out of B053-P001 by colour; slot and garment type are the parent's and may describe the parent's garment — worth a look,,,,,,,,,,,
B053-P002,B053,rachelcomey.com,mono-brand,multiple,"listing grid of tops, vest, knit jacket and skirt",brushed knit,solid,3,2,listing grid,no,2,content/swipe/products/IMG_0680.png;content/swipe/products/IMG_0681.png,RACHEL COMEY,given,not filed,Mata Top / Otto Vest / Liesel Jacket / Ludwig Skirt,given,,input needed,CHF 479 / CHF 449 / CHF 605 / CHF 505,given,,input needed,1A3676,0.537,24.2,42.2,289.6,0.862,False,blue,navy,575556,0.201,grey,dark grey,C9C6C8,0.188,cool neutral,pale grey,medium,stable,tile,content/catalogue/assets/B053-P002.webp,good,,"listing grid, cookie banner over lower rows",,,,,,,,,,,
B053-P003,B053,rachelcomey.com,mono-brand,top,long-sleeve collared button-front blouse,silky crepe,solid,1,3,on model,yes,2,content/swipe/products/IMG_0682.png;content/swipe/products/IMG_0683.png,rachel comey,guessed,not filed,,input needed,,input needed,,input needed,,input needed,CFC9BF,0.383,81.2,5.7,86.7,0.069,True,warm neutral,cream,28221C,0.349,brown,espresso,502237,0.215,red,oxblood,high,stable,cutout_model,content/catalogue/assets/B053-P003.webp,good,,"full-look image, lightbox view; trousers are check",,,,,,,,,,,"URL bar, rachelcomey.com"
B053-P003-V2,B053,jilsander.com,mono-brand,top,long-sleeve collared button-front blouse,silky crepe,solid,1,3,on model,yes,1,content/swipe/products/IMG_0684.png,rachel comey,given,not filed,,input needed,,input needed,,input needed,,input needed,222326,0.949,13.7,2.2,278.2,0.085,True,black,black,4A4B4F,0.051,grey,dark grey,,,,,high,stable,cutout_model,content/catalogue/assets/B053-P003-V2.webp,good,,split out of B053-P003 by colour; slot and garment type are the parent's and may describe the parent's garment — worth a look,,,,,,,,,,,
B053-P004,B053,jilsander.com,mono-brand,bag,curved leather shoulder bag,smooth leather,solid,2,3,flat packshot,yes,1,content/swipe/products/IMG_0685.png,JIL SANDER,given,not filed,Kante Shoulder,given,,input needed,1850CHF,given,,input needed,262627,0.926,15.2,0.7,290.4,0.018,True,black,black,545455,0.074,grey,dark grey,,,,,high,stable,cutout_flat,content/catalogue/assets/B053-P004.webp,good,black,RUNWAY label; three colour swatches; browser tabs visible,,,,,,,,,,,
B053-P005,B053,jilsander.com,mono-brand,bag,curved leather shoulder bag,smooth leather,solid,2,3,on model,yes,1,content/swipe/products/IMG_0686.png,JIL SANDER,given,not filed,,input needed,,input needed,1850CHF,given,,input needed,161314,0.399,6.2,1.5,354.6,0.059,True,black,black,27233D,0.351,purple,aubergine,4F4A60,0.234,purple,plum,medium,stable,cutout_model,content/catalogue/assets/B053-P005.webp,good,black,price partly cropped at top of scrolled page,,,,,,,,,,,
B053-P006,B053,jilsander.com,mono-brand,layer,oversized long stand-collar wool coat,melton wool,solid,4,3,on model,yes,1,content/swipe/products/IMG_0687.png,JIL SANDER,given,not filed,Double Wool Coat,given,,input needed,5280CHF,given,,input needed,2A292D,0.643,16.8,2.8,300.4,0.044,True,black,black,47474B,0.305,grey,dark grey,,,,,medium,stable,cutout_model,content/catalogue/assets/B053-P006.webp,good,fog,RUNWAY label; one colour swatch; browser tabs visible,,,,,,,,,,,
B054-P001,B054,jilsander.com,mono-brand,layer,oversized long stand-collar wool coat,melton wool,solid,4,3,on model,no,1,content/swipe/products/IMG_0688.png,JIL SANDER,given,not filed,,input needed,,input needed,,input needed,,input needed,2D2B2D,0.401,17.8,1.7,324.6,0.031,True,black,black,171314,0.304,black,black,4B4A4E,0.191,grey,dark grey,medium,stable,cutout_model,content/catalogue/assets/B054-P001.webp,good,fog,"back view, hem cropped; price cropped at top",,,,,,,,,,,
B054-P002,B054,jilsander.com,mono-brand,layer,oversized long stand-collar wool coat,melton wool,solid,4,3,flat packshot,yes,1,content/swipe/products/IMG_0689.png,JIL SANDER,given,not filed,,input needed,,input needed,,input needed,,input needed,5B5A61,0.969,38.6,4.3,296.3,0.05,True,grey,mid grey,,,,,,,,,medium,stable,cutout_flat,content/catalogue/assets/B054-P002.webp,good,fog,packshot front view; price cropped at top of page,,,,,,,,,,,
B054-P003,B054,jilsander.com,mono-brand,bag,rectangular suede shoulder bag,suede-look,solid,2,3,flat packshot,yes,1,content/swipe/products/IMG_0690.png,JIL SANDER,given,not filed,Linea Shoulder,given,,input needed,1800CHF,given,,input needed,1C1410,0.619,7.1,4.8,49.3,0.339,False,brown,espresso,423026,0.206,brown,espresso,906A49,0.088,yellow,ochre,high,stable,cutout_flat,content/catalogue/assets/B054-P003.webp,weak,walnut,one colour swatch shown,,,,,,,,,,,
B054-P004,B054,jilsander.com,mono-brand,top,ribbed cap-sleeve fitted knit top,ribbed knit,solid,2,3,on model,yes,1,content/swipe/products/IMG_0691.png,JIL SANDER,given,not filed,Wool Knit Top,given,,input needed,1010CHF,given,,input needed,181717,0.584,7.8,0.5,19.4,0.018,True,black,black,393635,0.284,warm neutral,taupe,D4B090,0.069,warm neutral,oatmeal,medium,stable,cutout_model,content/catalogue/assets/B054-P004.webp,good,dark grey,one colour swatch; browser tabs visible,,,,,,,,,,,
B054-P005,B054,jilsander.com,mono-brand,top,ribbed cap-sleeve waist-cutout knit top,ribbed knit,solid,2,3,flat packshot,yes,2,content/swipe/products/IMG_0692.png;content/swipe/products/IMG_0693.png,JIL SANDER,given,not filed,,input needed,,input needed,,input needed,,input needed,424449,1.0,28.8,3.3,275.8,0.091,True,grey,dark grey,,,,,,,,,high,stable,cutout_flat,content/catalogue/assets/B054-P005.webp,good,dark grey,JIL SANDER neck label visible; price cropped off top,,,,,,,,,,,
B054-P005-V2,B054,ch.loropiana.com,mono-brand,top,ribbed cap-sleeve waist-cutout knit top,ribbed knit,solid,2,3,flat packshot,yes,1,content/swipe/products/IMG_0694.png,JIL SANDER,given,not filed,,input needed,,input needed,,input needed,,input needed,1A1817,0.452,8.4,1.3,55.0,0.082,True,black,black,433730,0.327,brown,chocolate,7B786C,0.161,warm neutral,stone,high,stable,cutout_flat,content/catalogue/assets/B054-P005-V2.webp,good,,split out of B054-P005 by colour; slot and garment type are the parent's and may describe the parent's garment — worth a look,,,,,,,,,,,
B054-P005-V3,B054,ch.loropiana.com,mono-brand,top,ribbed cap-sleeve waist-cutout knit top,ribbed knit,solid,2,3,flat packshot,yes,1,content/swipe/products/IMG_0695.png,JIL SANDER,given,not filed,,input needed,,input needed,,input needed,,input needed,775F43,0.542,42.0,20.5,74.1,0.392,False,brown,tobacco,28221B,0.234,brown,espresso,3E586F,0.18,blue,denim blue,high,stable,cutout_flat,content/catalogue/assets/B054-P005-V3.webp,good,,split out of B054-P005 by colour; slot and garment type are the parent's and may describe the parent's garment — worth a look,,,,,,,,,,,
B054-P006,B054,ch.loropiana.com,mono-brand,layer,"collared wool twill coat, collar detail",wool twill,solid,3,3,detail,no,1,content/swipe/products/IMG_0696.png,Loro Piana,given,not filed,,input needed,,input needed,,input needed,,input needed,19160D,0.309,7.3,5.5,93.8,0.503,False,brown,espresso,3B3422,0.258,green,olive,DFBEA4,0.221,warm neutral,cream,medium,stable,cutout_model,content/catalogue/assets/B054-P006.webp,good,,close-up of collar and button over dark green roll-neck,,,,,,,,,,,
B054-P007,B054,ch.loropiana.com,mono-brand,layer,belted raglan wool trench coat,wool twill,solid,4,3,flat packshot,yes,1,content/swipe/products/IMG_0697.png,Loro Piana,given,not filed,,input needed,,input needed,,input needed,,input needed,715A3E,0.714,39.9,20.4,74.9,0.408,False,brown,tobacco,554128,0.168,brown,chocolate,382613,0.118,brown,espresso,medium,stable,cutout_model,content/catalogue/assets/B054-P007.webp,good,,Loro Piana lining label visible at neck; Add to Cart bar,,,,,,,,,,,
B055-P001,B055,ch.loropiana.com,mono-brand,shoes,knee-high flat suede riding boots,suede-look,solid,3,2,flat packshot,yes,1,content/swipe/products/IMG_0698.png,Loro Piana,given,not filed,,input needed,,input needed,,input needed,,input needed,4C2B22,0.857,21.5,18.8,41.1,0.383,False,brown,espresso,190C09,0.11,brown,espresso,,,,,high,stable,cutout_flat,content/catalogue/assets/B055-P001.webp,good,,"tab title partly reads ""Kilda Boo""; Add to Cart bar",,,,,,,,,,,
B055-P002,B055,sezane.com,mono-brand,top,oversized V-neck merino jumper,compact knit,solid,3,2,on model,no,1,content/swipe/products/IMG_0699.png,SÉZANE,given,not filed,PULL THÉO,given,Pull en laine mérinos à manches longues,given,185 CHF,given,,input needed,2D211A,0.468,13.9,8.3,57.0,0.332,False,brown,espresso,9A826E,0.232,brown,tan,735C49,0.204,brown,tobacco,low,stable,cutout_model,content/catalogue/assets/B055-P002.webp,weak,TAUPE GREIGE,cropped on-model shot; RWS and 100% naturel badges,,,,,,,,,,,
B055-P003,B055,sezane.com,mono-brand,accessory,fringed wool twill bandana scarf,fine twill,print,1,2,on model,yes,3,content/swipe/products/IMG_0700.png;content/swipe/products/IMG_0702.png;content/swipe/products/IMG_0703.png,SÉZANE,given,not filed,FOULARD MARYSE,given,Grand carré en twill de laine,given,55 CHF,given,,input needed,101515,0.481,6.3,2.1,199.4,0.26,False,black,black,3E403E,0.407,grey,dark grey,1F4560,0.078,blue,navy,high,stable,cutout_model,content/catalogue/assets/B055-P003.webp,good,BANDANA ÉCRU MARINE,translate-page prompt overlays URL bar; thumbnail row,,,,,,,,,,,
B055-P003-V2,B055,sezane.com,mono-brand,accessory,fringed wool twill bandana scarf,fine twill,print,1,2,on model,yes,1,content/swipe/products/IMG_0701.png,SÉZANE,given,not filed,FOULARD MARYSE,given,Grand carré en twill de laine,given,55 CHF,given,,input needed,AB824F,0.294,57.3,34.9,74.0,0.528,False,yellow,ochre,D0CDBE,0.275,warm neutral,cream,2C1F17,0.253,brown,espresso,high,stable,cutout_model,content/catalogue/assets/B055-P003-V2.webp,good,,split out of B055-P003 by colour; slot and garment type are the parent's and may describe the parent's garment — worth a look,,,,,,,,,,,
B055-P003-V3,B055,sezane.com,mono-brand,accessory,fringed wool twill bandana scarf,fine twill,print,1,2,on model,yes,1,content/swipe/products/IMG_0704.png,SÉZANE,given,not filed,FOULARD MARYSE,given,Grand carré en twill de laine,given,55 CHF,given,,input needed,CEC8BE,0.466,80.8,5.7,86.7,0.07,True,warm neutral,cream,B0A091,0.335,warm neutral,oatmeal,897665,0.129,brown,tobacco,high,stable,cutout_model,content/catalogue/assets/B055-P003-V3.webp,good,,split out of B055-P003 by colour; slot and garment type are the parent's and may describe the parent's garment — worth a look,,,,,,,,,,,
B055-P004,B055,sezane.com,mono-brand,top,oversized long-sleeve denim shirt,denim,solid,2,2,on model,yes,1,content/swipe/products/IMG_0705.png,SÉZANE,given,not filed,CHEMISE MAX,given,,input needed,110 CHF,given,,input needed,658197,0.374,52.6,15.7,253.5,0.412,False,blue,steel blue,12253F,0.304,blue,navy,150E10,0.286,black,black,high,stable,cutout_model,content/catalogue/assets/B055-P004.webp,good,BLEU MOYEN,OEKO-TEX badge; size row 32-48; thumbnail row,,,,,,,,,,,
B055-P004-V2,B055,sezane.com,mono-brand,top,oversized long-sleeve denim shirt,denim,solid,2,2,on model,yes,1,content/swipe/products/IMG_0706.png,SÉZANE,given,not filed,CHEMISE MAX,given,,input needed,110 CHF,given,,input needed,B3B2B5,0.449,72.7,1.7,303.1,0.034,True,grey,light grey,8B8F9A,0.268,grey,mid grey,5F6573,0.182,blue,denim blue,high,stable,cutout_model,content/catalogue/assets/B055-P004-V2.webp,good,,split out of B055-P004 by colour; slot and garment type are the parent's and may describe the parent's garment — worth a look,,,,,,,,,,,
B055-P004-V3,B055,cos.com,mono-brand,top,oversized long-sleeve denim shirt,denim,solid,2,2,on model,yes,1,content/swipe/products/IMG_0707.png,SÉZANE,given,not filed,CHEMISE MAX,given,,input needed,110 CHF,given,,input needed,1F2120,0.638,12.5,1.2,163.3,0.066,True,black,black,463B47,0.338,purple,plum,,,,,high,stable,cutout_model,content/catalogue/assets/B055-P004-V3.webp,good,,split out of B055-P004 by colour; slot and garment type are the parent's and may describe the parent's garment — worth a look,,,,,,,,,,,
B055-P005,B055,cos.com,mono-brand,top,roll-neck knitted jumper,fine knit,solid,3,2,on model,yes,1,content/swipe/products/IMG_0708.png,COS,given,not filed,,input needed,,input needed,,input needed,,input needed,241C25,0.889,11.5,7.6,322.3,0.165,False,black,off-black,384253,0.071,blue,navy,,,,,medium,stable,cutout_model,content/catalogue/assets/B055-P005.webp,good,Dark purple,"three colourway packshots below: Dark purple, Black, Grey mélange",,,,,,,,,,,
B055-P006,B055,cos.com,mono-brand,top,crew-neck chunky knit jumper,chunky knit,solid,3,2,on model,yes,1,content/swipe/products/IMG_0709.png,COS,given,not filed,,input needed,,input needed,,input needed,,input needed,121312,0.754,5.8,0.8,144.4,0.052,True,black,black,2C2522,0.184,black,off-black,,,,,low,stable,cutout_flat,content/catalogue/assets/B055-P006.webp,good,Black,"NEW tag; colourways Black, Cobalt blue, Cream shown below",,,,,,,,,,,
B055-P007,B055,cos.com,mono-brand,layer,boiled wool-blend bomber jacket,boiled wool,solid,3,2,on model,yes,1,content/swipe/products/IMG_0710.png,COS,given,not filed,BOILED WOOL-BLEND BOMBER JACKET,given,BOILED WOOL-BLEND,given,180 CHF,given,,input needed,13171E,0.964,7.6,5.5,272.6,0.309,False,blue,navy,,,,,,,,,medium,stable,cutout_model,content/catalogue/assets/B055-P007.webp,good,Charcoal mélange,NEW tag; worn with matching flared mini skirt,,,,,,,,,,,
B055-P008,B055,cos.com,mono-brand,layer,belted double-faced long coat,double-faced wool,solid,4,3,on model,yes,1,content/swipe/products/IMG_0711.png,COS,given,not filed,Belted double-faced wool-blend long coat,given,wool-blend,given,400 CHF,given,,input needed,38312F,0.798,21.0,3.6,41.7,0.077,True,warm neutral,taupe,171518,0.202,black,black,,,,,medium,stable,cutout_model,content/catalogue/assets/B055-P008.webp,good,,single-column listing view; RUNWAY tile below,,,,,,,,,,,
B055-P009,B055,cos.com,mono-brand,layer,belted double-faced long coat,double-faced wool,solid,4,3,on model,yes,1,content/swipe/products/IMG_0712.png,COS,given,not filed,Belted double-faced wool-blend long coat,given,wool-blend,given,400 CHF,given,,input needed,4F463F,0.924,30.4,6.1,66.3,0.138,True,warm neutral,taupe,26211C,0.062,brown,espresso,,,,,medium,stable,cutout_model,content/catalogue/assets/B055-P009.webp,good,,"side view, belt hanging loose; single-column listing view",,,,,,,,,,,
B055-P010,B055,cos.com,mono-brand,layer,tailored double-breasted floor-length coat,wool melton,solid,4,4,on model,yes,1,content/swipe/products/IMG_0713.png,COS,given,not filed,TAILORED WOOL-BLEND DOUBLE-BREASTED COAT,given,WOOL-BLEND,given,430 CHF,given,,input needed,151716,0.977,7.5,1.2,163.1,0.097,True,black,black,,,,,,,,,medium,stable,cutout_model,content/catalogue/assets/B055-P010.webp,good,Black,RUNWAY-NEW tags; +1 colour indicator,,,,,,,,,,,
B055-P011,B055,cos.com,mono-brand,layer,tailored double-breasted floor-length coat,wool melton,solid,4,4,on model,yes,1,content/swipe/products/IMG_0714.png,COS,given,not filed,TAILORED WOOL-BLEND DOUBLE-BREASTED COAT,given,WOOL-BLEND,given,430 CHF,given,,input needed,242424,0.882,14.2,0.0,158.2,0.0,True,black,black,4F4F4F,0.074,grey,dark grey,,,,,medium,stable,cutout_model,content/catalogue/assets/B055-P011.webp,good,Black,black-and-white campaign image; RUNWAY-NEW tags,,,,,,,,,,,
B055-P012,B055,cos.com,mono-brand,layer,tailored double-breasted floor-length coat,wool melton,solid,4,4,on model,no,2,content/swipe/products/IMG_0715.png;content/swipe/products/IMG_0716.png,COS,given,not filed,TAILORED WOOL-BLEND DOUBLE-BREASTED COAT,given,WOOL-BLEND,given,430 CHF,given,,input needed,11181F,0.94,7.9,6.0,260.9,0.413,False,blue,navy,,,,,,,,,medium,stable,cutout_model,content/catalogue/assets/B055-P012.webp,good,Black,"four models in coats, hems cropped; RUNWAY-NEW tags",,,,,,,,,,,
B055-P013,B055,cos.com,mono-brand,top,funnel-neck chunky knit jumper,chunky knit,solid,3,2,on model,yes,1,content/swipe/products/IMG_0717.png,COS,given,not filed,,input needed,,input needed,,input needed,,input needed,3B3085,0.915,26.0,54.9,302.6,0.595,False,purple,plum,,,,,,,,,medium,stable,cutout_flat,content/catalogue/assets/B055-P013.webp,good,Purple,"NEW tag; colourways Purple, Navy, Light-grey mélange below",,,,,,,,,,,
B055-P014,B055,cos.com,mono-brand,layer,double-breasted tailored blazer,wool flannel,solid,3,4,on model,yes,2,content/swipe/products/IMG_0718.png;content/swipe/products/IMG_0719.png,COS,given,not filed,Wool-blend double-breasted blazer,given,Wool-blend,given,250 CHF,given,,input needed,464B40,0.909,31.1,7.3,126.9,0.153,False,grey,dark grey,1C201C,0.088,black,black,,,,,medium,stable,cutout_model,content/catalogue/assets/B055-P014.webp,good,,matching trousers and spotted silk scarf; listing view,,,,,,,,,,,
B056-P001,B056,cos.com,mono-brand,bottom,flared tailored wool trousers,wool flannel,solid,3,3,on model,yes,1,content/swipe/products/IMG_0720.png,COS,given,not filed,WOOL-BLEND FLARED TROUSERS,given,WOOL-BLEND,given,180 CHF,given,,input needed,252634,1.0,15.6,9.9,290.3,0.25,False,blue,navy,,,,,,,,,medium,stable,cutout_model,content/catalogue/assets/B056-P001.webp,good,Navy,NEW tag; styled with matching blazer and zip-neck knit,,,,,,,,,,,
B056-P002,B056,cos.com,mono-brand,layer,double-breasted peplum blazer,smooth suiting,solid,3,4,on model,yes,1,content/swipe/products/IMG_0721.png,COS,given,not filed,DOUBLE-BREASTED PEPLUM BLAZER,given,,input needed,250 CHF,given,,input needed,222324,0.861,13.6,0.9,255.9,0.05,True,black,black,373B49,0.099,blue,navy,,,,,medium,stable,cutout_model,content/catalogue/assets/B056-P002.webp,good,Black,NEW tag; worn over dark denim,,,,,,,,,,,
B056-P003,B056,cos.com,mono-brand,layer,double-breasted peplum blazer,smooth woven suiting,solid,2,4,on model,yes,1,content/swipe/products/IMG_0722.png,COS,given,not filed,DOUBLE-BREASTED PEPLUM BLAZER,given,,input needed,250 CHF,given,,input needed,202020,0.951,12.3,0.0,158.2,0.0,True,black,black,,,,,,,,,medium,stable,cutout_model,content/catalogue/assets/B056-P003.webp,good,Black,black-and-white campaign image; NEW flag; matching trousers and loafers,,,,,,,,,,,
B056-P004,B056,cos.com,mono-brand,bag,leather shoulder bag,smooth leather,solid,2,3,flat packshot,yes,4,content/swipe/products/IMG_0723.png;content/swipe/products/IMG_0724.png;content/swipe/products/IMG_0725.png;content/swipe/products/IMG_0726.png,COS,given,not filed,Pavilion shoulder bag - leather,given,leather,given,290 CHF,given,,input needed,111111,0.379,5.1,0.0,158.2,0.0,True,black,black,2E2E2E,0.284,black,black,646464,0.194,grey,mid grey,medium,stable,cutout_flat,content/catalogue/assets/B056-P004.webp,good,,single tile on a listing page; fibre word only in title,,,,,,,,,,,
B056-P005,B056,cos.com,mono-brand,multiple,leather and nylon bags listing,nylon and leather,solid,2,3,listing grid,no,1,content/swipe/products/IMG_0727.png,COS,given,not filed,Swing crossbody bag - leather; Parquet clutch bag - eel-effect leather; Archive tote bag - nylon; Archive shoulder bag - nylon,given,leather; eel-effect leather; nylon,given,165 CHF; 165 CHF; 85 CHF; 55 CHF,given,,input needed,312E38,0.561,19.6,7.0,302.7,0.089,True,grey,dark grey,303030,0.298,grey,dark grey,55535D,0.073,grey,dark grey,medium,stable,tile,content/catalogue/assets/B056-P005.webp,good,,"listing grid, top and bottom rows cropped; colour swatch dots shown",,,,,,,,,,,
B056-P006,B056,cos.com,mono-brand,multiple,leather and suede bags listing,smooth leather and suede,solid,2,3,listing grid,no,1,content/swipe/products/IMG_0728.png,COS,given,not filed,Montmartre bowling bag - leather; Townhouse shopper bag - leather; Plinth crossbody bag - leather; Knoll shoulder bag - suede,given,leather; suede,given,210 CHF; 210 CHF; 180 CHF; 290 CHF,given,,input needed,211814,0.631,9.2,5.8,49.8,0.313,False,brown,espresso,392E2A,0.299,warm neutral,taupe,,,,,medium,stable,tile,content/catalogue/assets/B056-P006.webp,good,,"listing grid, rows cropped; swatch dots with ""+2"" more colours",,,,,,,,,,,
B057-P001,B057,cos.com,mono-brand,top,fine ribbed roll-neck long-sleeve top,fine ribbed knit,solid,2,2,on model,yes,1,content/swipe/products/IMG_0729.png,COS,given,not filed,,input needed,,input needed,,input needed,,input needed,C32543,0.935,43.3,65.8,21.0,0.885,False,red,brick,,,,,,,,,high,stable,cutout_flat,content/catalogue/assets/B057-P001.webp,good,Red,"swatch row Red, Orange, Dark green, Purple; NEW flag; styled with leather skirt",,,,,,,,,,,
B057-P001-V2,B057,cos.com,mono-brand,top,fine ribbed roll-neck long-sleeve top,fine ribbed knit,solid,2,2,on model,yes,1,content/swipe/products/IMG_0730.png,COS,given,not filed,,input needed,,input needed,,input needed,,input needed,1A1A19,0.37,9.2,0.7,109.9,0.051,True,black,black,6D6157,0.34,warm neutral,taupe,322923,0.226,brown,espresso,high,stable,cutout_flat,content/catalogue/assets/B057-P001-V2.webp,good,,split out of B057-P001 by colour; slot and garment type are the parent's and may describe the parent's garment — worth a look,,,,,,,,,,,
B057-P002,B057,cos.com,mono-brand,top,classic cotton-poplin shirt,poplin,solid,1,3,flat packshot,yes,1,content/swipe/products/IMG_0731.png,COS,given,not filed,CLASSIC COTTON-POPLIN SHIRT,given,COTTON-POPLIN,given,85 CHF,given,,input needed,F2EDF0,0.963,94.2,2.4,338.8,0.218,False,white,white,,,,,,,,,medium,stable,cutout_flat,content/catalogue/assets/B057-P002.webp,good,White,collar detail shot alongside; NEW flag; fibre word only in title,,,,,,,,,,,
B057-P003,B057,cos.com,mono-brand,top,funnel-neck oversized shirt,fine twill,solid,2,3,on model,yes,2,content/swipe/products/IMG_0732.png;content/swipe/products/IMG_0735.png,COS,given,not filed,FUNNEL-NECK LYOCELL-COTTON SHIRT,given,LYOCELL-COTTON,given,145 CHF,given,,input needed,1F2120,0.557,12.5,1.2,163.3,0.066,True,black,black,B5AFB5,0.358,grey,light grey,867A7B,0.068,grey,mid grey,high,stable,cutout_flat,content/catalogue/assets/B057-P003.webp,good,Mauve,NEW flag; second cropped detail frame; fibre words only in title,,,,,,,,,,,
B057-P003-V2,B057,cos.com,mono-brand,top,funnel-neck oversized shirt,fine twill,solid,2,3,on model,yes,2,content/swipe/products/IMG_0733.png;content/swipe/products/IMG_0734.png,COS,given,not filed,FUNNEL-NECK LYOCELL-COTTON SHIRT,given,LYOCELL-COTTON,given,145 CHF,given,,input needed,E9E8E8,0.791,92.1,0.4,19.4,0.033,True,white,white,3A241D,0.112,brown,espresso,9C9997,0.097,warm neutral,oatmeal,medium,stable,cutout_flat,content/catalogue/assets/B057-P003-V2.webp,good,,split out of B057-P003 by colour; slot and garment type are the parent's and may describe the parent's garment — worth a look,,,,,,,,,,,
B057-P004,B057,cos.com,mono-brand,multiple,knit polo shirt and striped long-sleeve tee,fine knit and jersey,mixed,2,2,listing grid,no,1,content/swipe/products/IMG_0736.png,COS,given,not filed,Seamless merino wool shirt; Brushed-cotton long-sleeved t-shirt,given,merino wool; Brushed-cotton,given,130 CHF; 55 CHF,given,,input needed,1D1E1C,0.522,11.1,1.5,128.9,0.074,True,black,black,BAB8BA,0.304,grey,light grey,858483,0.153,warm neutral,stone,medium,stable,tile,content/catalogue/assets/B057-P004.webp,good,,"TOPS listing page; further cropped rows below; swatch dots ""+3""",,,,,,,,,,,
B057-P005,B057,cos.com,mono-brand,top,fine-knit crew-neck jumper,fine knit,marl,2,2,on model,yes,2,content/swipe/products/IMG_0737.png;content/swipe/products/IMG_0738.png,COS,given,not filed,,input needed,,input needed,,input needed,,input needed,534A45,0.926,32.2,5.2,57.3,0.101,True,warm neutral,taupe,262321,0.074,black,black,,,,,medium,stable,cutout_flat,content/catalogue/assets/B057-P005.webp,weak,Brown mélange,runway video still with play button; RUNWAY-NEW flag; four swatches,,,,,,,,,,,
B057-P006,B057,cos.com,mono-brand,top,cashmere crew neck jumper,fine knit,solid,3,2,flat packshot,no,2,content/swipe/products/IMG_0739.png;content/swipe/products/IMG_0740.png,UNIQLO,given,not filed,100% Cashmere Crew Neck Jumper,given,100% Cashmere,given,"89,90 €",given,,input needed,D1D6D3,0.453,85.2,2.4,158.5,0.034,True,cool neutral,pale grey,383F52,0.248,blue,navy,A68A70,0.154,brown,tan,medium,stable,cutout_flat,content/catalogue/assets/B057-P006.webp,good,10 PINK,"folded multi-colour flat lay, jumpers cropped; 25-swatch colour grid",,,,,,,,,,,
B058-P001,B058,uniqlo.com,mono-brand,layer,cashmere crew neck cardigan,fine knit,solid,2,2,flat packshot,yes,1,content/swipe/products/IMG_0741.png,UNIQLO,given,not filed,100% Cashmere Crew Neck Cardigan,given,100% Cashmere,given,149 €,given,,input needed,2B2C39,0.949,18.4,9.0,289.7,0.214,False,blue,navy,,,,,,,,,high,stable,cutout_flat,content/catalogue/assets/B058-P001.webp,good,34 BROWN,COMPTOIR DES COTONNIERS badge overlaid; colour label BROWN but garment navy,,,,,,,,,,,
B058-P001-V2,B058,uniqlo.com,mono-brand,layer,cashmere crew neck cardigan,fine knit,solid,2,2,flat packshot,yes,1,content/swipe/products/IMG_0742.png,UNIQLO,given,not filed,100% Cashmere Crew Neck Cardigan,given,100% Cashmere,given,149 €,given,,input needed,A55988,0.404,48.2,39.4,341.7,0.472,False,purple,mauve,181B27,0.302,blue,navy,7D3860,0.213,purple,plum,high,stable,cutout_flat,content/catalogue/assets/B058-P001-V2.webp,good,,split out of B058-P001 by colour; slot and garment type are the parent's and may describe the parent's garment — worth a look,,,,,,,,,,,
B058-P002,B058,uniqlo.com,mono-brand,top,cashmere v-neck jumper,fine knit,solid,3,2,flat packshot,yes,1,content/swipe/products/IMG_0743.png,UNIQLO,given,not filed,100% Cashmere V Neck Jumper,given,100% Cashmere,given,"89,90 €",given,,input needed,BFAF9F,0.91,72.4,10.7,73.4,0.134,True,warm neutral,oatmeal,8D7D6E,0.07,brown,tan,,,,,high,stable,cutout_flat,content/catalogue/assets/B058-P002.webp,good,73 PURPLE,colour label PURPLE but garment shown beige; ten swatches,,,,,,,,,,,
B058-P003,B058,uniqlo.com,mono-brand,top,cashmere turtleneck jumper,fine knit,solid,3,2,on model,yes,1,content/swipe/products/IMG_0744.png,UNIQLO,given,not filed,100% Cashmere Turtleneck Jumper,given,100% Cashmere,given,"99,90 €",given,,input needed,261F21,0.819,12.6,3.8,358.4,0.111,True,black,black,413535,0.153,grey,dark grey,,,,,medium,stable,cutout_model,content/catalogue/assets/B058-P003.webp,good,01 OFF WHITE,colour label OFF WHITE but jumper shown beige; second model brown,,,,,,,,,,,
B058-P004,B058,uniqlo.com,mono-brand,top,cashmere turtleneck jumper,fine knit,solid,3,2,flat packshot,yes,1,content/swipe/products/IMG_0745.png,UNIQLO,given,not filed,100% Cashmere Turtleneck Jumper,given,100% Cashmere,given,"99,90 €",given,,input needed,934033,0.595,38.0,42.2,36.3,0.543,False,orange,rust,511D16,0.238,orange,rust,D78C89,0.145,red,red,low,stable,cutout_flat,content/catalogue/assets/B058-P004.webp,weak,01 OFF WHITE,colour label OFF WHITE but garment beige; cropped hand detail above,,,,,,,,,,,
B058-P005,B058,uniqlo.com,mono-brand,layer,cashmere crew neck short cardigan,fine knit,solid,2,2,flat packshot,yes,1,content/swipe/products/IMG_0746.png,UNIQLO,given,not filed,100% Cashmere Crew Neck Short Cardigan,given,100% cashmere,given,"69,90 €",given,,input needed,BBBBB9,0.92,75.8,1.1,110.1,0.013,True,grey,light grey,8C8B8A,0.06,warm neutral,stone,,,,,high,stable,cutout_flat,content/catalogue/assets/B058-P005.webp,good,12 PINK,"colour label PINK but garment grey; out of stock, NOTIFY ME",,,,,,,,,,,
B058-P006,B058,uniqlo.com,mono-brand,top,cashmere high neck button jumper,fine knit,solid,3,2,on model,yes,2,content/swipe/products/IMG_0747.png;content/swipe/products/IMG_0748.png,UNIQLO,given,not filed,100% Cashmere High Neck Button Jumper,given,100% Cashmere,given,149 €,given,,input needed,AF032E,0.634,36.7,67.0,24.4,0.992,False,red,brick,7A041D,0.202,red,oxblood,575D73,0.083,blue,denim blue,medium,stable,cutout_model,content/catalogue/assets/B058-P006.webp,good,15 RED,COMPTOIR DES COTONNIERS badge overlaid; New flag; three swatches,,,,,,,,,,,
B058-P007,B058,uniqlo.com,mono-brand,top,soufflé yarn crew neck jumper,brushed soft knit,solid,3,2,flat packshot,no,1,content/swipe/products/IMG_0749.png,UNIQLO,given,not filed,Soufflé Yarn Crew Neck Jumper,given,,input needed,"39,90 €",given,,input needed,C9DCEB,0.547,86.8,10.1,250.6,0.47,False,blue,sky,FAE3DE,0.378,pink,blush,8598AB,0.075,blue,steel blue,low,stable,cutout_flat,content/catalogue/assets/B058-P007.webp,good,38 DARK BROWN,"multi-colour flat lay, jumpers overlapping and cropped; ten swatches",,,,,,,,,,,
B058-P007-V2,B058,uniqlo.com,mono-brand,top,soufflé yarn crew neck jumper,brushed soft knit,solid,3,2,flat packshot,no,1,content/swipe/products/IMG_0750.png,UNIQLO,given,not filed,Soufflé Yarn Crew Neck Jumper,given,,input needed,"39,90 €",given,,input needed,658CAB,0.393,56.5,21.3,255.6,0.514,False,blue,steel blue,8AAAC4,0.23,blue,steel blue,AAC5DD,0.223,blue,sky,high,stable,cutout_flat,content/catalogue/assets/B058-P007-V2.webp,good,,split out of B058-P007 by colour; slot and garment type are the parent's and may describe the parent's garment — worth a look,,,,,,,,,,,
B059-P001,B059,uniqlo.com,mono-brand,layer,merino crew neck cardigan,fine knit,marl,2,2,on model,yes,1,content/swipe/products/IMG_0751.png,UNIQLO,given,not filed,100% Merino Crew Neck Cardigan,given,100% Merino,given,"39,90 €",given,,input needed,3E302D,0.396,21.3,7.2,36.8,0.134,True,warm neutral,taupe,90918F,0.275,grey,mid grey,717371,0.169,grey,mid grey,medium,stable,cutout_model,content/catalogue/assets/B059-P001.webp,good,32 BEIGE,colour label BEIGE but cardigan grey; knit and button detail below,,,,,,,,,,,
B059-P002,B059,uniqlo.com,mono-brand,layer,merino crew neck cardigan,fine knit,marl,2,2,flat packshot,yes,1,content/swipe/products/IMG_0752.png,UNIQLO,given,not filed,100% Merino Crew Neck Cardigan,given,100% merino wool,given,"39,90 €",given,,input needed,94989A,0.899,62.6,1.9,236.0,0.05,True,grey,light grey,606565,0.077,grey,mid grey,,,,,high,stable,cutout_flat,content/catalogue/assets/B059-P002.webp,good,32 BEIGE,colour label BEIGE but cardigan grey; ten swatches; machine-washable note,,,,,,,,,,,
B059-P003,B059,uniqlo.com,mono-brand,top,merino crew neck jumper,fine knit,solid,2,2,on model,yes,1,content/swipe/products/IMG_0753.png,UNIQLO,given,not filed,100% Merino Crew Neck Jumper,given,,input needed,"39,90 €",given,,input needed,3E5C4C,0.438,36.4,16.0,159.1,0.435,False,green,forest,BDB09E,0.256,warm neutral,oatmeal,18221B,0.253,black,off-black,medium,stable,cutout_model,content/catalogue/assets/B059-P003.webp,good,55 GREEN,second model in brown colourway below; eleven swatches; replaced by variants of B059-P005,,,hidden,,,,,,,,
B059-P004,B059,uniqlo.com,mono-brand,top,merino crew neck jumper,fine knit,solid,2,2,flat packshot,no,1,content/swipe/products/IMG_0754.png,UNIQLO,given,not filed,100% Merino Crew Neck Jumper,given,,input needed,"39,90 €",given,,input needed,352C26,0.771,18.8,6.2,61.5,0.197,False,brown,espresso,EFE6D3,0.115,white,off-white,4D6356,0.088,green,forest,high,stable,cutout_flat,content/catalogue/assets/B059-P004.webp,good,55 GREEN,"overlapping multi-colour flat lay, all but brown cropped; knit detail below; replaced by variants of B059-P005",,,hidden,,,,,,,,
B059-P005,B059,uniqlo.com,mono-brand,top,merino crew neck jumper,fine knit,solid,2,2,flat packshot,yes,1,content/swipe/products/IMG_0755.png,UNIQLO,given,not filed,100% Merino Crew Neck Jumper,given,100% Merino wool,given,"39,90 €",given,,input needed,524336,0.812,29.6,11.1,67.8,0.259,False,brown,chocolate,33251D,0.121,brown,espresso,1A110D,0.068,brown,espresso,low,stable,cutout_flat,content/catalogue/assets/B059-P005.webp,weak,55 GREEN,colour label GREEN but garment shown brown; 19.5 micron claim,,,,,,,,,,,
B059-P006,B059,uniqlo.com,mono-brand,top,merino ribbed turtleneck jumper,ribbed knit,solid,2,2,on model,yes,1,content/swipe/products/IMG_0756.png,UNIQLO,given,not filed,100% Merino Ribbed Turtleneck Jumper,given,,input needed,"39,90 €",given,,input needed,7C262B,0.648,29.0,41.5,25.4,0.714,False,orange,rust,3D475D,0.172,blue,denim blue,241B1D,0.154,black,off-black,high,stable,cutout_model,content/catalogue/assets/B059-P006.webp,good,15 RED,twelve swatches; second brighter red colourway on model below,,,,,,,,,,,
B059-P006-V2,B059,uniqlo.com,mono-brand,top,merino ribbed turtleneck jumper,ribbed knit,solid,2,2,on model,yes,1,content/swipe/products/IMG_0757.png,UNIQLO,given,not filed,100% Merino Ribbed Turtleneck Jumper,given,,input needed,"39,90 €",given,,input needed,130B0D,1.0,3.7,3.0,2.2,0.177,False,black,black,,,,,,,,,medium,stable,cutout_model,content/catalogue/assets/B059-P006-V2.webp,good,,split out of B059-P006 by colour; slot and garment type are the parent's and may describe the parent's garment — worth a look,,,,,,,,,,,
B059-P007,B059,uniqlo.com,mono-brand,top,merino ribbed turtleneck jumper,ribbed knit,solid,2,2,flat packshot,yes,1,content/swipe/products/IMG_0758.png,UNIQLO,given,not filed,100% Merino Ribbed Turtleneck Jumper,given,"100% smooth, 19.5-micron extra-fine Merino wool.",given,"39,90 €",given,,input needed,C42B23,0.967,43.6,72.6,36.1,0.849,False,orange,rust,,,,,,,,,high,stable,cutout_flat,content/catalogue/assets/B059-P007.webp,good,15 RED,knit close-up and machine-washable note below packshot,,,,,,,,,,,
B059-P008,B059,uniqlo.com,mono-brand,top,merino-blend ribbed polo jumper,ribbed knit,solid,2,2,on model,yes,1,content/swipe/products/IMG_0759.png,UNIQLO,given,not filed,3D Knit Seamless Merino Blend Ribbed Polo Jumper,given,Merino Blend,given,"39,90 €",given,,input needed,B83426,0.484,42.4,65.1,37.0,0.768,False,orange,rust,211E26,0.314,black,off-black,812016,0.184,orange,rust,high,stable,cutout_model,content/catalogue/assets/B059-P008.webp,good,14 RED,3D KNIT logo on image; second dark grey colourway on model below,,,,,,,,,,,
B059-P008-V2,B059,uniqlo.com,mono-brand,top,merino-blend ribbed polo jumper,ribbed knit,solid,2,2,on model,yes,1,content/swipe/products/IMG_0760.png,UNIQLO,given,not filed,3D Knit Seamless Merino Blend Ribbed Polo Jumper,given,Merino Blend,given,"39,90 €",given,,input needed,7C5C40,0.418,41.7,23.1,66.3,0.417,False,brown,tobacco,98281E,0.333,orange,rust,341D14,0.243,brown,espresso,high,stable,cutout_model,content/catalogue/assets/B059-P008-V2.webp,good,,split out of B059-P008 by colour; slot and garment type are the parent's and may describe the parent's garment — worth a look,,,,,,,,,,,
B060-P001,B060,uniqlo.com,mono-brand,top,merino-blend ribbed polo jumper,ribbed knit,solid,2,2,flat packshot,yes,1,content/swipe/products/IMG_0761.png,UNIQLO,given,not filed,3D Knit Seamless Merino Blend Ribbed Polo Jumper,given,Smooth Merino-blend fabric.,given,"39,90 €",given,,input needed,2B2D31,0.91,18.4,2.9,272.5,0.111,True,black,black,4E5057,0.089,grey,dark grey,,,,,high,stable,cutout_flat,content/catalogue/assets/B060-P001.webp,good,14 RED,colour label RED but garment shown tan; 3D KNIT logo on image,,,,,,,,,,,
B060-P002,B060,uniqlo.com,mono-brand,layer,merino polo neck cardigan,fine knit,solid,3,3,on model,yes,1,content/swipe/products/IMG_0762.png,UNIQLO,given,not filed,Merino Polo Neck Cardigan,given,,input needed,99 €,given,,input needed,851202,0.366,27.9,60.8,40.9,0.977,False,orange,rust,0F0F0F,0.352,black,black,91362D,0.142,orange,rust,low,stable,cutout_model,content/catalogue/assets/B060-P002.webp,good,38 DARK BROWN,COMPTOIR DES COTONNIERS badge overlaid; contrast navy ribbed hem and cuffs,,,,,,,,,,,
B060-P002-V2,B060,uniqlo.com,mono-brand,layer,merino polo neck cardigan,fine knit,solid,3,3,on model,yes,1,content/swipe/products/IMG_0763.png,UNIQLO,given,not filed,Merino Polo Neck Cardigan,given,,input needed,99 €,given,,input needed,452F37,0.879,22.2,11.6,354.7,0.25,False,red,oxblood,2C2B37,0.114,blue,navy,,,,,high,stable,cutout_model,content/catalogue/assets/B060-P002-V2.webp,good,,split out of B060-P002 by colour; slot and garment type are the parent's and may describe the parent's garment — worth a look,,,,,,,,,,,
B060-P003,B060,uniqlo.com,mono-brand,layer,hooded utility parka,cotton twill,solid,3,1,on model,yes,1,content/swipe/products/IMG_0764.png,UNIQLO,given,not filed,Utility Cotton Blend Parka,given,,input needed,"59,90 €",given,,input needed,5F3A44,0.82,29.1,17.9,2.4,0.333,False,red,burgundy,1F1313,0.175,red,oxblood,,,,,medium,stable,cutout_model,content/catalogue/assets/B060-P003.webp,good,09 BLACK,Best seller badge; colour label BLACK but parka shown burgundy,,,,,,,,,,,
B060-P004,B060,uniqlo.com,mono-brand,layer,hooded utility parka,cotton twill,solid,3,1,flat packshot,yes,1,content/swipe/products/IMG_0765.png,UNIQLO,given,not filed,Utility Cotton Blend Parka,given,Cotton blend outer fabric,given,"59,90 €",given,,input needed,212233,0.295,13.9,12.1,291.6,0.31,False,blue,navy,5D6077,0.263,blue,denim blue,2B3561,0.242,blue,navy,high,stable,cutout_flat,content/catalogue/assets/B060-P004.webp,good,09 BLACK,colour label BLACK but parka burgundy; striped shirt in cropped detail above,,,,,,,,,,,
B060-P005,B060,uniqlo.com,mono-brand,layer,hooded utility parka,cotton twill,solid,3,2,on model,yes,1,content/swipe/products/IMG_0766.png,UNIQLO,given,not filed,Utility Cotton Blend Parka,given,,input needed,"59,90 €",given,,input needed,6D7064,0.42,46.7,7.2,119.3,0.122,True,grey,mid grey,3B3C39,0.349,grey,dark grey,1B1B1A,0.211,black,black,medium,stable,cutout_model,content/catalogue/assets/B060-P005.webp,good,57 OLIVE,colour swatch row of four; burgundy colourway shown in second image,,,,,,,,,,,
B060-P006,B060,uniqlo.com,mono-brand,layer,fleece-lined stand collar blouson,smooth nylon,solid,3,2,on model,yes,1,content/swipe/products/IMG_0767.png,UNIQLO,given,not filed,Fleece Lined Stand Blouson,given,,input needed,"59,90 €",given,,input needed,1B4B4A,0.539,28.8,16.8,194.7,0.795,False,blue,petrol,211F22,0.241,black,black,AAA9A7,0.157,warm neutral,oatmeal,medium,stable,cutout_model,content/catalogue/assets/B060-P006.webp,good,55 GREEN,"unisex, designed on women's sizing; three colour swatches",,,,,,,,,,,
B061-P001,B061,uniqlo.com,mono-brand,layer,fleece-lined stand collar blouson,smooth nylon,solid,3,2,flat packshot,yes,1,content/swipe/products/IMG_0768.png,UNIQLO,given,not filed,Fleece Lined Stand Blouson,given,,input needed,"59,90 €",given,,input needed,22273A,0.674,16.0,13.4,285.2,0.399,False,blue,navy,403E3E,0.188,grey,dark grey,101119,0.12,blue,navy,high,stable,cutout_flat,content/catalogue/assets/B061-P001.webp,good,55 GREEN,three colourways stacked; navy and beige partly overlapped,,,,,,,,,,,
B061-P001-V2,B061,uniqlo.com,mono-brand,layer,fleece-lined stand collar blouson,smooth nylon,solid,3,2,flat packshot,yes,1,content/swipe/products/IMG_0769.png,UNIQLO,given,not filed,Fleece Lined Stand Blouson,given,,input needed,"59,90 €",given,,input needed,295953,0.822,34.5,18.0,184.9,0.707,False,green,forest,1C2429,0.098,black,off-black,243A35,0.08,green,forest,high,stable,cutout_flat,content/catalogue/assets/B061-P001-V2.webp,good,,split out of B061-P001 by colour; slot and garment type are the parent's and may describe the parent's garment — worth a look,,,,,,,,,,,
B061-P002,B061,uniqlo.com,mono-brand,layer,quilted hooded down parka,smooth nylon,solid,4,2,on model,yes,1,content/swipe/products/IMG_0770.png,UNIQLO,given,not filed,Seamless Down Parka,given,,input needed,"149,90 €",given,,input needed,687578,0.532,48.3,5.3,218.4,0.185,False,grey,mid grey,201D1E,0.4,black,black,,,,,high,stable,cutout_model,content/catalogue/assets/B061-P002.webp,good,62 BLUE,cream colourway shown in second image; four colour swatches,,,,,,,,,,,
B061-P002-V2,B061,uniqlo.com,mono-brand,layer,quilted hooded down parka,smooth nylon,solid,4,2,on model,yes,1,content/swipe/products/IMG_0771.png,UNIQLO,given,not filed,Seamless Down Parka,given,,input needed,"149,90 €",given,,input needed,3D241A,0.385,17.1,15.7,47.7,0.451,False,brown,espresso,B0A08F,0.31,brown,tan,EDDFCC,0.158,warm neutral,cream,low,stable,cutout_model,content/catalogue/assets/B061-P002-V2.webp,good,,split out of B061-P002 by colour; slot and garment type are the parent's and may describe the parent's garment — worth a look,,,,,,,,,,,
B061-P003,B061,uniqlo.com,mono-brand,layer,quilted hooded down parka,smooth nylon,solid,4,2,flat packshot,no,1,content/swipe/products/IMG_0772.png,UNIQLO,given,not filed,Seamless Down Parka,given,,input needed,"149,90 €",given,,input needed,43443C,0.5,28.5,5.2,114.3,0.128,True,grey,dark grey,161515,0.343,black,black,B1B0AA,0.12,warm neutral,oatmeal,high,stable,cutout_flat,content/catalogue/assets/B061-P003.webp,good,36 BROWN,"four colourways on a rail, each partly overlapped",,,,,,,,,,,
B061-P003-V2,B061,uniqlo.com,mono-brand,layer,quilted hooded down parka,smooth nylon,solid,4,2,flat packshot,no,1,content/swipe/products/IMG_0773.png,UNIQLO,given,not filed,Seamless Down Parka,given,,input needed,"149,90 €",given,,input needed,B7A19E,0.29,68.0,8.8,30.9,0.159,False,pink,dusty rose,141317,0.29,black,black,7D625E,0.234,warm neutral,taupe,low,stable,cutout_flat,content/catalogue/assets/B061-P003-V2.webp,good,,split out of B061-P003 by colour; slot and garment type are the parent's and may describe the parent's garment — worth a look,,,,,,,,,,,
B061-P004,B061,uniqlo.com,mono-brand,layer,windproof stand collar blouson,smooth nylon,solid,2,2,flat packshot,no,1,content/swipe/products/IMG_0774.png,UNIQLO,given,not filed,Windproof Stand Collar Blouson,given,,input needed,"59,90 €",given,,input needed,264740,0.364,27.5,14.1,178.3,0.601,False,green,forest,182322,0.345,black,off-black,3D7064,0.237,green,emerald,high,stable,cutout_flat,content/catalogue/assets/B061-P004.webp,good,32 BEIGE,four colourways overlapping; beige selected one partly hidden,,,,,,,,,,,
B061-P004-V2,B061,uniqlo.com,mono-brand,layer,windproof stand collar blouson,smooth nylon,solid,2,2,flat packshot,no,1,content/swipe/products/IMG_0775.png,UNIQLO,given,not filed,Windproof Stand Collar Blouson,given,,input needed,"59,90 €",given,,input needed,BBA891,0.456,69.9,14.8,77.5,0.194,False,brown,tan,917D66,0.211,brown,tan,5D4633,0.208,brown,chocolate,low,stable,cutout_flat,content/catalogue/assets/B061-P004-V2.webp,good,,split out of B061-P004 by colour; slot and garment type are the parent's and may describe the parent's garment — worth a look,,,,,,,,,,,
B061-P005,B061,uniqlo.com,mono-brand,top,long-sleeve fitted t-shirt,fine jersey,solid,1,1,flat packshot,no,1,content/swipe/products/IMG_0776.png,UNIQLO,given,not filed,Mini T-Shirt (Long Sleeve),given,,input needed,"19,90 €",given,,input needed,131E35,0.807,11.4,17.0,282.1,0.646,False,blue,navy,C0BFBF,0.136,grey,light grey,68686B,0.057,grey,mid grey,high,stable,cutout_model,content/catalogue/assets/B061-P005.webp,good,32 BEIGE,"seven colourways overlapping; ""New Colour"" label on page",,,,,,,,,,,
B061-P005-V2,B061,uniqlo.com,mono-brand,top,long-sleeve fitted t-shirt,fine jersey,solid,1,1,flat packshot,no,1,content/swipe/products/IMG_0777.png,UNIQLO,given,not filed,Mini T-Shirt (Long Sleeve),given,,input needed,"19,90 €",given,,input needed,294032,0.374,24.9,13.8,155.5,0.451,False,green,forest,19211B,0.334,black,off-black,436653,0.223,green,forest,high,stable,cutout_model,content/catalogue/assets/B061-P005-V2.webp,good,,split out of B061-P005 by colour; slot and garment type are the parent's and may describe the parent's garment — worth a look,,,,,,,,,,,
B062-P001,B062,uniqlo.com,mono-brand,top,ribbed henley long sleeve t-shirt,ribbed knit,solid,2,1,on model,no,1,content/swipe/products/IMG_0778.png,UNIQLO,given,not filed,Ribbed Henley Neck Long Sleeve T-Shirt,given,,input needed,"19,90 €",given,,input needed,BCD7F3,0.565,84.9,17.0,259.8,0.722,False,blue,sky,1E1715,0.191,brown,espresso,476081,0.152,blue,denim blue,high,stable,cutout_flat,content/catalogue/assets/B062-P001.webp,good,61 BLUE,hem tucked into jeans in both shots; eight colour swatches,,,,,,,,,,,
B062-P001-V2,B062,uniqlo.com,mono-brand,top,ribbed henley long sleeve t-shirt,ribbed knit,solid,2,1,on model,no,1,content/swipe/products/IMG_0779.png,UNIQLO,given,not filed,Ribbed Henley Neck Long Sleeve T-Shirt,given,,input needed,"19,90 €",given,,input needed,E4E0D9,0.442,89.3,3.9,88.0,0.089,True,warm neutral,cream,B8D4F1,0.342,blue,sky,3E4249,0.149,grey,dark grey,high,stable,cutout_flat,content/catalogue/assets/B062-P001-V2.webp,good,,split out of B062-P001 by colour; slot and garment type are the parent's and may describe the parent's garment — worth a look,,,,,,,,,,,
B062-P002,B062,uniqlo.com,mono-brand,top,hooded henley long sleeve t-shirt,ribbed knit,marl,2,1,on model,yes,1,content/swipe/products/IMG_0780.png,UNIQLO,given,not filed,Hoodie T-Shirt (Long Sleeve),given,,input needed,"19,90 €",given,,input needed,BBBDB8,0.538,76.3,2.8,125.4,0.03,True,grey,light grey,2A2727,0.264,black,black,82827C,0.156,warm neutral,stone,medium,stable,cutout_model,content/catalogue/assets/B062-P002.webp,good,03 GREY,six colour swatches visible,,,,,,,,,,,
B062-P003,B062,uniqlo.com,mono-brand,top,hooded henley long sleeve t-shirt,ribbed knit,marl,2,1,flat packshot,yes,1,content/swipe/products/IMG_0781.png,UNIQLO,given,not filed,Hoodie T-Shirt (Long Sleeve),given,,input needed,"19,90 €",given,,input needed,BCC5C4,0.435,78.8,3.3,189.9,0.072,True,cool neutral,pale grey,2A2626,0.251,black,black,25314D,0.198,blue,navy,high,stable,cutout_flat,content/catalogue/assets/B062-P003.webp,good,03 GREY,six colourways flat-laid; ribbed hem detail crop below,,,,,,,,,,,
B062-P004,B062,uniqlo.com,mono-brand,top,hooded henley long sleeve t-shirt,ribbed knit,marl,2,1,flat packshot,yes,1,content/swipe/products/IMG_0782.png,UNIQLO,given,not filed,Hoodie T-Shirt (Long Sleeve),given,,input needed,"19,90 €",given,,input needed,0C0F0E,0.984,4.1,1.1,172.6,0.186,False,black,black,,,,,,,,,medium,stable,cutout_flat,content/catalogue/assets/B062-P004.webp,good,03 GREY,"page shows Product ID: 488298 and ""Soft ribbed fabric with a fluid drape.""",,,,,,,,,,,
B062-P005,B062,uniqlo.com,mono-brand,top,long-sleeve ribbed t-shirt,ribbed knit,solid,2,1,on model,no,1,content/swipe/products/IMG_0783.png,UNIQLO,given,not filed,Soft Ribbed T-Shirt (Long Sleeve),given,,input needed,"19,90 €",given,,input needed,CB463D,0.601,48.8,62.4,33.3,0.693,False,orange,rust,75634C,0.222,brown,tobacco,2F1E1A,0.104,brown,espresso,high,stable,cutout_model,content/catalogue/assets/B062-P005.webp,good,27 ORANGE,hem tucked into trousers; cream colourway in second image,,,,,,,,,,,
B062-P005-V2,B062,uniqlo.com,mono-brand,top,long-sleeve ribbed t-shirt,ribbed knit,solid,2,1,on model,no,1,content/swipe/products/IMG_0784.png,UNIQLO,given,not filed,Soft Ribbed T-Shirt (Long Sleeve),given,,input needed,"19,90 €",given,,input needed,E7E0D3,0.453,89.4,7.2,88.7,0.16,False,warm neutral,cream,E24C42,0.266,orange,terracotta,3B6978,0.157,blue,steel blue,high,stable,cutout_model,content/catalogue/assets/B062-P005-V2.webp,good,,split out of B062-P005 by colour; slot and garment type are the parent's and may describe the parent's garment — worth a look,,,,,,,,,,,
B062-P006,B062,uniqlo.com,mono-brand,top,long-sleeve ribbed t-shirt,ribbed knit,solid,2,1,flat packshot,yes,1,content/swipe/products/IMG_0785.png,UNIQLO,given,not filed,Soft Ribbed T-Shirt (Long Sleeve),given,,input needed,"19,90 €",given,,input needed,E7DBC8,0.827,87.9,10.9,84.9,0.246,False,warm neutral,cream,BEAD95,0.109,brown,tan,A08C6E,0.064,brown,tan,high,stable,cutout_flat,content/catalogue/assets/B062-P006.webp,good,27 ORANGE,cream garment shown though ORANGE selected; composition accordion collapsed,,,,,,,,,,,
B062-P007,B062,uniqlo.com,mono-brand,base,fine-knit turtleneck long sleeve top,fine knit jersey,solid,2,2,on model,no,1,content/swipe/products/IMG_0786.png,UNIQLO,given,not filed,HEATTECH Extra Warm Cashmere Blend Turtleneck T-Shirt (Long Sleeve),given,,input needed,"24,90 €",given,,input needed,78521D,0.409,38.1,37.6,73.7,0.769,False,yellow,ochre,EFD5CA,0.346,warm neutral,cream,181210,0.179,black,black,low,stable,cutout_model,content/catalogue/assets/B062-P007.webp,good,10 PINK,UNIQLO :C logo on image; fibre appears only inside product title,,,,,,,,,,,
B062-P008,B062,uniqlo.com,mono-brand,base,fine-knit turtleneck long sleeve top,fine knit jersey,solid,2,2,detail,no,2,content/swipe/products/IMG_0787.png;content/swipe/products/IMG_0788.png,UNIQLO,given,not filed,HEATTECH Extra Warm Cashmere Blend Turtleneck T-Shirt (Long Sleeve),given,,input needed,"24,90 €",given,,input needed,100908,0.726,2.9,2.3,29.6,0.248,False,black,black,3C302E,0.213,warm neutral,taupe,504847,0.061,grey,dark grey,low,stable,cutout_model,content/catalogue/assets/B062-P008.webp,weak,10 PINK,cropped row of colourways plus close fabric detail; 14 colour swatches,,,,,,,,,,,
B062-P009,B062,uniqlo.com,mono-brand,top,short-sleeve cropped fitted t-shirt,fine jersey,solid,1,1,on model,yes,1,content/swipe/products/IMG_0789.png,UNIQLO,given,not filed,Mini T-Shirt,given,,input needed,"14,90 €",given,,input needed,632E36,0.536,26.4,25.6,14.0,0.497,False,red,oxblood,B89571,0.193,brown,tan,E5CDB6,0.139,warm neutral,cream,low,stable,cutout_model,content/catalogue/assets/B062-P009.webp,good,18 WINE,second brown colourway in lower image; some sizes crossed out; replaced by variants of B062-P011,,,hidden,,,,,,,,
B062-P010,B062,uniqlo.com,mono-brand,top,short-sleeve cropped fitted t-shirt,fine jersey,solid,1,1,flat packshot,yes,1,content/swipe/products/IMG_0790.png,UNIQLO,given,not filed,Mini T-Shirt,given,,input needed,"14,90 €",given,,input needed,442D30,0.691,21.3,11.4,11.9,0.253,False,red,oxblood,3A5791,0.166,blue,denim blue,A8A7A3,0.082,warm neutral,oatmeal,medium,stable,cutout_model,content/catalogue/assets/B062-P010.webp,good,18 WINE,nine colourways flat-laid; paused video still below; replaced by variants of B062-P011,,,hidden,,,,,,,,
B062-P011,B062,uniqlo.com,mono-brand,top,short-sleeve cropped fitted t-shirt,fine jersey,solid,1,1,flat packshot,yes,1,content/swipe/products/IMG_0791.png,UNIQLO,given,not filed,Mini T-Shirt,given,"Cotton blend fabric with a smooth, natural texture.",given,"14,90 €",given,,input needed,4E322F,0.963,24.0,14.2,30.1,0.263,False,brown,chocolate,,,,,,,,,low,stable,cutout_flat,content/catalogue/assets/B062-P011.webp,weak,18 WINE,brown garment shown though WINE selected; Product ID: 483455,,,,,,,,,,,
B062-P011-V2,B062,uniqlo.com,mono-brand,top,short-sleeve cropped fitted t-shirt,fine jersey,solid,1,1,flat packshot,yes,1,content/swipe/products/IMG_0792.png,UNIQLO,given,not filed,Mini T-Shirt,given,"Cotton blend fabric with a smooth, natural texture.",given,"14,90 €",given,,input needed,E5D6B9,0.595,86.1,16.2,88.1,0.239,False,yellow,butter,645547,0.176,brown,tobacco,B9A88B,0.173,brown,tan,high,stable,cutout_flat,content/catalogue/assets/B062-P011-V2.webp,weak,,split out of B062-P011 by colour; slot and garment type are the parent's and may describe the parent's garment — worth a look; replaced by variants of B062-P011,,,hidden,,,,,,,,
B062-P012,B062,uniqlo.com,mono-brand,top,short-sleeve crew neck t-shirt,fine jersey,solid,1,1,flat packshot,no,2,content/swipe/products/IMG_0793.png;content/swipe/products/IMG_0795.png,UNIQLO,given,not filed,Crew Neck T-Shirt,given,,input needed,"14,90 €",given,,input needed,B1B3B1,0.587,72.7,1.3,144.4,0.016,True,grey,light grey,554E53,0.29,grey,dark grey,AC2F52,0.115,red,burgundy,high,stable,cutout_flat,content/catalogue/assets/B062-P012.webp,weak,32 BEIGE,twelve colourways shown folded; UNIQLO U wordmark on lower image,,,,,,,,,,,
B062-P012-V2,B062,uniqlo.com,mono-brand,top,short-sleeve crew neck t-shirt,fine jersey,solid,1,1,flat packshot,no,1,content/swipe/products/IMG_0794.png,UNIQLO,given,not filed,Crew Neck T-Shirt,given,,input needed,"14,90 €",given,,input needed,B5A584,0.404,68.3,19.3,88.3,0.269,False,brown,tan,978362,0.365,brown,tan,7B6A4A,0.194,green,olive,high,stable,cutout_flat,content/catalogue/assets/B062-P012-V2.webp,weak,,split out of B062-P012 by colour; slot and garment type are the parent's and may describe the parent's garment — worth a look,,,,,,,,,,,
B062-P013,B062,uniqlo.com,mono-brand,top,half-zip sweatshirt pullover,brushed sweatshirt fleece,marl,3,1,flat packshot,yes,1,content/swipe/products/IMG_0796.png,UNIQLO,given,not filed,Sweat Half-Zip Pullover,given,Crisp yet supple cotton blend material. Smooth and comfortable polyester on the inside.,given,"34,90 €",given,,input needed,ECE8E1,0.943,92.1,3.9,88.0,0.134,True,white,white,B9B1A4,0.057,warm neutral,oatmeal,,,,,medium,stable,cutout_flat,content/catalogue/assets/B062-P013.webp,good,03 GREY,"Product ID: 491119; browser tab reads ""Hoodies,""",,,,,,,,,,,
B062-P014,B062,uniqlo.com,mono-brand,layer,full-zip stand collar active jacket,smooth technical jersey,solid,2,1,on model,yes,2,content/swipe/products/IMG_0797.png;content/swipe/products/IMG_0798.png,UNIQLO,given,not filed,Ultra Stretch Active Full-Zip Jacket,given,,input needed,"34,90 €",given,,input needed,4C545D,0.62,35.3,6.4,260.9,0.202,False,grey,dark grey,30343A,0.285,grey,dark grey,6B96C7,0.06,blue,steel blue,medium,stable,cutout_model,content/catalogue/assets/B062-P014.webp,good,68 BLUE,grey shown on model though BLUE selected; burgundy packshot below,,,,,,,,,,,
B062-P015,B062,uniqlo.com,mono-brand,top,crew neck sweatshirt,brushed fleece-back jersey,solid,3,1,on model,yes,1,content/swipe/products/IMG_0799.png,UNIQLO,given,not filed,Sweatshirt,given,,input needed,"34,90 €",given,,input needed,2E2F30,0.404,19.3,0.8,255.8,0.041,True,grey,dark grey,CCC7BD,0.259,warm neutral,cream,6788B4,0.255,grey,mid grey,medium,stable,cutout_flat,content/catalogue/assets/B062-P015.webp,good,08 DARK GREY,"nine colourways on a rail below; unisex, men's sizing; replaced by variants of B062-P016",,,hidden,,,,,,,,
B062-P016,B062,uniqlo.com,mono-brand,top,crew neck sweatshirt,brushed fleece-back jersey,marl,3,1,flat packshot,yes,1,content/swipe/products/IMG_0800.png,UNIQLO,given,not filed,Sweatshirt,given,,input needed,"34,90 €",given,,input needed,6888B5,0.827,56.0,27.2,271.4,0.511,False,grey,mid grey,57739C,0.132,blue,denim blue,,,,,high,stable,cutout_flat,content/catalogue/assets/B062-P016.webp,good,08 DARK GREY,blue garment shown though DARK GREY selected; Product ID: 486117,,,,,,,,,,,
B062-P017,B062,sezane.com,mono-brand,shoes,flat pointed ballerina pumps,suede-look,solid,1,3,on model,yes,1,content/swipe/products/IMG_3462.png,Sézane,given,not filed,BALLERINAS LOW ROSALIE,given,,input needed,,input needed,,input needed,7D5924,0.383,40.6,36.7,75.5,0.725,False,yellow,ochre,412D1C,0.273,brown,espresso,BD9B53,0.264,yellow,mustard,medium,stable,cutout_model,content/catalogue/assets/B062-P017.webp,good,,"German site nav (SCHUHE); price line cut off and overlaid, not legible",,,,,,,,,,,
B062-P018,B062,sezane.com,mono-brand,multiple,slingback flats listing grid,patent leather and smooth leather,solid,1,3,listing grid,no,1,content/swipe/products/IMG_3463.png,Sézane,given,not filed,BABYS LIVIE,given,,input needed,155 €,given,,input needed,9E9082,0.849,60.6,9.7,73.3,0.14,True,warm neutral,stone,1D1C19,0.133,black,black,,,,,low,stable,tile,content/catalogue/assets/B062-P018.webp,good,,"row above cut off: ""BALLERINAS LOW ..."" at 185 €; ""+ 1 farbe""",,,,,,,,,,,
B062-P019,B062,sezane.com,mono-brand,multiple,ankle boots listing grid,patent leather,solid,2,3,listing grid,no,1,content/swipe/products/IMG_3464.png,Sézane,given,not filed,STIEFELETTEN GARANCE,given,,input needed,205 €,given,,input needed,89704E,0.372,48.8,23.1,77.7,0.404,False,brown,tobacco,A69B90,0.354,warm neutral,oatmeal,1C170F,0.149,brown,espresso,medium,stable,tile,content/catalogue/assets/B062-P019.webp,good,,"row above reads BABYS LOW STEFANIA 165 €; ""+ 4 farben""",,,,,,,,,,,
B062-P020,B062,sezane.com,mono-brand,multiple,flat sandals listing grid,smooth leather and woven leather,mixed,1,3,listing grid,no,1,content/swipe/products/IMG_3465.png,Sézane,given,not filed,SANDALEN LOW JOSEPHA,given,,input needed,160 €,given,,input needed,C5B7A4,0.423,75.1,11.6,81.0,0.147,True,warm neutral,oatmeal,A2927C,0.368,brown,tan,351B18,0.119,brown,espresso,medium,stable,tile,content/catalogue/assets/B062-P020.webp,good,,"also SANDALEN LOW AUDREY 175 €, LOW IRIS 170 €, ENORA 215 €",,,,,,,,,,,
B062-P021,B062,jcrew.com,mono-brand,bottom,drawstring cotton poplin trousers,cotton poplin,solid,1,2,on model,yes,1,content/swipe/products/IMG_3468.png,J.CREW,given,not filed,Luna pant in cotton poplin,given,,input needed,CHF 156,given,,input needed,F8F7F7,0.912,97.3,0.4,19.4,0.1,True,white,white,,,,,,,,,low,stable,tile,content/catalogue/assets/B062-P021.webp,good,White,"NEW COLOR tag, 4.6 from 410 reviews, breadcrumb Home/Women/Pants",,,,,,,,,,,
B059-P005-dark-grey,B059,uniqlo.com,mono-brand,top,merino crew neck jumper,fine knit,solid,2,2,flat packshot,yes,0,,UNIQLO,given,not filed,100% Merino Crew Neck Jumper,given,100% Merino wool,given,"39,90 €",given,,input needed,2D2F31,0.211,19.4,1.5,246.6,0.08,True,grey,dark grey,,,,,,,,,medium,stable,cutout_flat,content/catalogue/variants/B059-P005-dark-grey.webp,good,,"recoloured from B059-P005 in CIELAB; colour simulated, not the brand's photo",,,,,,yes,B059-P005,,,,
B059-P005-forest,B059,uniqlo.com,mono-brand,top,merino crew neck jumper,fine knit,solid,2,2,flat packshot,yes,0,,UNIQLO,given,not filed,100% Merino Crew Neck Jumper,given,100% Merino wool,given,"39,90 €",given,,input needed,485F52,0.077,38.1,12.8,157.6,0.326,False,green,forest,,,,,,,,,medium,stable,cutout_flat,content/catalogue/variants/B059-P005-forest.webp,good,,"recoloured from B059-P005 in CIELAB; colour simulated, not the brand's photo",,,,,,yes,B059-P005,,,,
B059-P005-black,B059,uniqlo.com,mono-brand,top,merino crew neck jumper,fine knit,solid,2,2,flat packshot,yes,0,,UNIQLO,given,not filed,100% Merino Crew Neck Jumper,given,100% Merino wool,given,"39,90 €",given,,input needed,16110E,0.074,5.3,3.0,51.0,0.272,False,black,black,,,,,,,,,medium,stable,cutout_flat,content/catalogue/variants/B059-P005-black.webp,good,,"recoloured from B059-P005 in CIELAB; colour simulated, not the brand's photo",,,,,,yes,B059-P005,,,,
B062-P011-black,B062,uniqlo.com,mono-brand,top,short-sleeve cropped fitted t-shirt,fine jersey,solid,1,1,flat packshot,yes,0,,UNIQLO,given,not filed,Mini T-Shirt,given,"Cotton blend fabric with a smooth, natural texture.",given,"14,90 €",given,,input needed,1E1E1F,0.359,11.3,0.9,298.0,0.021,True,black,black,,,,,,,,,medium,stable,cutout_flat,content/catalogue/variants/B062-P011-black.webp,good,,"recoloured from B062-P011 in CIELAB; colour simulated, not the brand's photo",,,,,,yes,B062-P011,,,,
B062-P011-denim-blue,B062,uniqlo.com,mono-brand,top,short-sleeve cropped fitted t-shirt,fine jersey,solid,1,1,flat packshot,yes,0,,UNIQLO,given,not filed,Mini T-Shirt,given,"Cotton blend fabric with a smooth, natural texture.",given,"14,90 €",given,,input needed,3E5D9B,0.071,39.9,38.4,282.7,0.701,False,blue,denim blue,,,,,,,,,medium,stable,cutout_flat,content/catalogue/variants/B062-P011-denim-blue.webp,good,,"recoloured from B062-P011 in CIELAB; colour simulated, not the brand's photo",,,,,,yes,B062-P011,,,,
B062-P011-navy,B062,uniqlo.com,mono-brand,top,short-sleeve cropped fitted t-shirt,fine jersey,solid,1,1,flat packshot,yes,0,,UNIQLO,given,not filed,Mini T-Shirt,given,"Cotton blend fabric with a smooth, natural texture.",given,"14,90 €",given,,input needed,292F41,0.07,19.6,12.7,283.3,0.365,False,blue,navy,,,,,,,,,medium,stable,cutout_flat,content/catalogue/variants/B062-P011-navy.webp,good,,"recoloured from B062-P011 in CIELAB; colour simulated, not the brand's photo",,,,,,yes,B062-P011,,,,
B062-P016-dark-grey,B062,uniqlo.com,mono-brand,top,crew neck sweatshirt,brushed fleece-back jersey,marl,3,1,flat packshot,yes,0,,UNIQLO,given,not filed,Sweatshirt,given,,input needed,"34,90 €",given,,input needed,3D393B,0.485,24.6,1.8,355.2,0.044,True,grey,dark grey,,,,,,,,,medium,stable,cutout_flat,content/catalogue/variants/B062-P016-dark-grey.webp,good,,"recoloured from B062-P016 in CIELAB; colour simulated, not the brand's photo",,,,,,yes,B062-P016,,,,
B062-P016-black,B062,uniqlo.com,mono-brand,top,crew neck sweatshirt,brushed fleece-back jersey,marl,3,1,flat packshot,yes,0,,UNIQLO,given,not filed,Sweatshirt,given,,input needed,"34,90 €",given,,input needed,1A1718,0.114,8.1,1.8,346.9,0.06,True,black,black,,,,,,,,,medium,stable,cutout_flat,content/catalogue/variants/B062-P016-black.webp,good,,"recoloured from B062-P016 in CIELAB; colour simulated, not the brand's photo",,,,,,yes,B062-P016,,,,
B062-P016-cream,B062,uniqlo.com,mono-brand,top,crew neck sweatshirt,brushed fleece-back jersey,marl,3,1,flat packshot,yes,0,,UNIQLO,given,not filed,Sweatshirt,given,,input needed,"34,90 €",given,,input needed,D9D3CB,0.095,84.9,5.0,87.5,0.088,True,warm neutral,cream,,,,,,,,,medium,stable,cutout_flat,content/catalogue/variants/B062-P016-cream.webp,good,,"recoloured from B062-P016 in CIELAB; colour simulated, not the brand's photo",,,,,,yes,B062-P016,,,,
B062-P016-rust,B062,uniqlo.com,mono-brand,top,crew neck sweatshirt,brushed fleece-back jersey,marl,3,1,flat packshot,yes,0,,UNIQLO,given,not filed,Sweatshirt,given,,input needed,"34,90 €",given,,input needed,CF4630,0.043,49.4,67.9,38.5,0.7,False,orange,rust,,,,,,,,,medium,stable,cutout_flat,content/catalogue/variants/B062-P016-rust.webp,good,,"recoloured from B062-P016 in CIELAB; colour simulated, not the brand's photo",,,,,,yes,B062-P016,,,,
B062-P016-forest,B062,uniqlo.com,mono-brand,top,crew neck sweatshirt,brushed fleece-back jersey,marl,3,1,flat packshot,yes,0,,UNIQLO,given,not filed,Sweatshirt,given,,input needed,"34,90 €",given,,input needed,2E3C2F,0.039,23.6,10.6,144.8,0.292,False,green,forest,,,,,,,,,medium,stable,cutout_flat,content/catalogue/variants/B062-P016-forest.webp,good,,"recoloured from B062-P016 in CIELAB; colour simulated, not the brand's photo",,,,,,yes,B062-P016,,,,
B062-P016-navy,B062,uniqlo.com,mono-brand,top,crew neck sweatshirt,brushed fleece-back jersey,marl,3,1,flat packshot,yes,0,,UNIQLO,given,not filed,Sweatshirt,given,,input needed,"34,90 €",given,,input needed,262D3F,0.038,18.4,12.7,280.4,0.397,False,blue,navy,,,,,,,,,medium,stable,cutout_flat,content/catalogue/variants/B062-P016-navy.webp,good,,"recoloured from B062-P016 in CIELAB; colour simulated, not the brand's photo",,,,,,yes,B062-P016,,,,
B062-P016-oatmeal,B062,uniqlo.com,mono-brand,top,crew neck sweatshirt,brushed fleece-back jersey,marl,3,1,flat packshot,yes,0,,UNIQLO,given,not filed,Sweatshirt,given,,input needed,"34,90 €",given,,input needed,B0A89C,0.035,69.1,7.1,83.5,0.099,True,warm neutral,oatmeal,,,,,,,,,medium,stable,cutout_flat,content/catalogue/variants/B062-P016-oatmeal.webp,good,,"recoloured from B062-P016 in CIELAB; colour simulated, not the brand's photo",,,,,,yes,B062-P016,,,,
B006-P001-C0,B006,,unknown,,ribbed socks and lace-trim bralette,ribbed knit,mixed,2,1,cell of a listing grid,,1,content/swipe/products/IMG_0008.jpeg,,input needed,not filed,,input needed,,input needed,,input needed,,input needed,BF4273,0.934,47.3,54.1,359.4,0.714,False,pink,raspberry,,,,,,,,,medium,stable,cutout_flat,content/catalogue/review/B006-P001c0-cut.webp,good,,cell 1 of the listing grid B006-P001,,,,,,,,B006-P001,0,photo,
B006-P001-C1,B006,,unknown,,ribbed socks and lace-trim bralette,ribbed knit,mixed,2,1,cell of a listing grid,,1,content/swipe/products/IMG_0008.jpeg,,input needed,not filed,,input needed,,input needed,,input needed,,input needed,687DA2,0.443,52.1,22.3,274.5,0.415,False,blue,denim blue,EBEDF8,0.433,white,off-white,D1C2BF,0.123,warm neutral,cream,low,stable,cutout_flat,content/catalogue/review/B006-P001c1-cut.webp,good,,cell 2 of the listing grid B006-P001,,,,,,,,B006-P001,0,photo,
B006-P001-C2,B006,,unknown,,ribbed socks and lace-trim bralette,ribbed knit,mixed,2,1,cell of a listing grid,,1,content/swipe/products/IMG_0008.jpeg,,input needed,not filed,,input needed,,input needed,,input needed,,input needed,C64879,0.971,49.5,54.4,359.2,0.693,False,pink,raspberry,,,,,,,,,medium,stable,cutout_flat,content/catalogue/review/B006-P001c2-cut.webp,good,,cell 3 of the listing grid B006-P001,,,,,,,,B006-P001,0,photo,
B006-P001-C3,B006,,unknown,,i\ Callactian,ribbed knit,mixed,2,1,cell of a listing grid,,1,content/swipe/products/IMG_0008.jpeg,,input needed,not filed,i\ Callactian,given,,input needed,,input needed,,input needed,502B32,0.889,22.5,18.3,9.4,0.396,False,red,oxblood,5C484B,0.075,grey,dark grey,,,,,medium,stable,cutout_flat,content/catalogue/review/B006-P001c3-cut.webp,good,,cell 4 of the listing grid B006-P001,,,,,,,,B006-P001,0,photo,
B006-P001-C4,B006,,unknown,,ribbed socks and lace-trim bralette,ribbed knit,mixed,2,1,cell of a listing grid,,1,content/swipe/products/IMG_0008.jpeg,,input needed,not filed,,input needed,,input needed,,input needed,,input needed,695E50,1.0,40.6,9.8,78.7,0.198,False,brown,tobacco,,,,,,,,,medium,stable,cutout_flat,content/catalogue/review/B006-P001c4-cut.webp,good,,cell 5 of the listing grid B006-P001,,,,,,,,B006-P001,0,photo,
B006-P001-C5,B006,,unknown,,ribbed socks and lace-trim bralette,ribbed knit,mixed,2,1,cell of a listing grid,,1,content/swipe/products/IMG_0008.jpeg,,input needed,not filed,,input needed,,input needed,,input needed,,input needed,929CA2,0.976,63.8,4.9,241.9,0.125,True,grey,light grey,,,,,,,,,medium,stable,cutout_flat,content/catalogue/review/B006-P001c5-cut.webp,good,,cell 6 of the listing grid B006-P001,,,,,,,,B006-P001,0,photo,
B006-P001-C6,B006,,unknown,,ribbed socks and lace-trim bralette,ribbed knit,mixed,2,1,cell of a listing grid,,1,content/swipe/products/IMG_0008.jpeg,,input needed,not filed,,input needed,,input needed,,input needed,,input needed,51383A,0.799,26.4,11.9,15.5,0.23,False,red,oxblood,B59497,0.201,pink,dusty rose,,,,,low,stable,cutout_flat,content/catalogue/review/B006-P001c6-cut.webp,good,,cell 7 of the listing grid B006-P001,,,,,,,,B006-P001,0,photo,
B020-P002-C0,B020,barenavenezia.com,mono-brand,bottom,TROUSERS IDA MANTE INDACO,unclear,mixed,2,3,cell of a listing grid,,1,content/swipe/products/IMG_0242.png,BARENA VENEZIA,guessed,recommend,TROUSERS IDA MANTE INDACO,given,,input needed,,input needed,,input needed,D1D5DF,0.392,85.2,5.4,275.5,0.24,False,cool neutral,pale grey,687693,0.383,blue,denim blue,404248,0.169,grey,dark grey,medium,stable,cutout_flat,content/catalogue/review/B020-P002c0-cut.webp,good,,cell 1 of the listing grid B020-P002,,,,,,,,B020-P002,0,photo,listing grid caption
B020-P002-C1,B020,barenavenezia.com,mono-brand,,'S TOMMY OPTICA BRUNO,unclear,mixed,2,3,cell of a listing grid,,1,content/swipe/products/IMG_0242.png,BARENA VENEZIA,guessed,recommend,'S TOMMY OPTICA BRUNO,given,,input needed,,input needed,,input needed,312D2B,0.557,18.8,2.4,54.9,0.07,True,black,black,DC0536,0.328,red,brick,97152B,0.07,red,burgundy,medium,stable,cutout_flat,content/catalogue/review/B020-P002c1-cut.webp,good,,cell 2 of the listing grid B020-P002,,,,,,,,B020-P002,0,photo,listing grid caption
B020-P002-C2,B020,barenavenezia.com,mono-brand,,'S TOMMY FLAN NAVY,unclear,mixed,2,3,cell of a listing grid,,1,content/swipe/products/IMG_0242.png,BARENA VENEZIA,guessed,recommend,'S TOMMY FLAN NAVY,given,,input needed,,input needed,,input needed,333235,0.671,21.0,2.1,303.3,0.025,True,grey,dark grey,E1DCCE,0.275,warm neutral,cream,A4907C,0.054,brown,tan,medium,stable,cutout_flat,content/catalogue/review/B020-P002c2-cut.webp,good,,cell 3 of the listing grid B020-P002,,,,,,,,B020-P002,0,photo,listing grid caption
B020-P002-C3,B020,barenavenezia.com,mono-brand,,listing grid of womens trousers,unclear,mixed,2,3,cell of a listing grid,,1,content/swipe/products/IMG_0242.png,BARENA VENEZIA,guessed,recommend,,input needed,,input needed,,input needed,,input needed,202020,0.99,12.3,0.0,158.2,0.0,True,black,black,,,,,,,,,medium,stable,cutout_flat,content/catalogue/review/B020-P002c3-cut.webp,good,,cell 4 of the listing grid B020-P002,,,,,,,,B020-P002,0,photo,listing grid caption
B020-P002-C4,B020,barenavenezia.com,mono-brand,bottom,TROUSERS MARIANO FLAN CAMEL,unclear,mixed,2,3,cell of a listing grid,,1,content/swipe/products/IMG_0242.png,BARENA VENEZIA,guessed,recommend,TROUSERS MARIANO FLAN CAMEL,given,,input needed,,input needed,,input needed,292A2D,0.508,17.1,2.1,278.1,0.075,True,black,black,B69E81,0.284,brown,tan,937C61,0.159,brown,tan,medium,stable,cutout_flat,content/catalogue/review/B020-P002c4-cut.webp,good,,cell 5 of the listing grid B020-P002; looks like B020-P001,possible duplicate,,,,,,,B020-P002,0,photo,listing grid caption
B020-P002-C5,B020,barenavenezia.com,mono-brand,,} PESTRIN FULGOR NAV,unclear,mixed,2,3,cell of a listing grid,,1,content/swipe/products/IMG_0242.png,BARENA VENEZIA,guessed,recommend,} PESTRIN FULGOR NAV,given,,input needed,,input needed,,input needed,32333B,0.583,21.4,5.4,286.8,0.131,True,grey,dark grey,EDE9DF,0.372,white,off-white,,,,,medium,stable,cutout_flat,content/catalogue/review/B020-P002c5-cut.webp,good,,cell 6 of the listing grid B020-P002,,,,,,,,B020-P002,0,photo,listing grid caption
B020-P002-C0,B020,barenavenezia.com,mono-brand,,4IRT HELENA: €30,unclear,mixed,2,3,cell of a listing grid,,1,content/swipe/products/IMG_0243.png,BARENA VENEZIA,guessed,recommend,4IRT HELENA: €30,given,,input needed,EUR 30,given,,input needed,28292D,0.954,16.6,2.8,281.5,0.092,True,black,black,,,,,,,,,medium,stable,cutout_flat,content/catalogue/review/B020-P002-1c0-cut.webp,good,,cell 1 of the listing grid B020-P002,,,,,,,,B020-P002,1,photo,listing grid caption
B020-P002-C1,B020,barenavenezia.com,mono-brand,bag,YROSO BAGIO AZZURRO,unclear,mixed,2,3,cell of a listing grid,,1,content/swipe/products/IMG_0243.png,BARENA VENEZIA,guessed,recommend,YROSO BAGIO AZZURRO,given,,input needed,,input needed,,input needed,CBDBEB,0.554,86.7,9.9,257.3,0.475,False,blue,sky,303031,0.325,grey,dark grey,859ABD,0.079,blue,steel blue,medium,stable,cutout_flat,content/catalogue/review/B020-P002-1c1-cut.webp,good,,cell 2 of the listing grid B020-P002,,,,,,,,B020-P002,1,photo,listing grid caption
B020-P002-C2,B020,barenavenezia.com,mono-brand,,4IRT CRISTAL TENDON ECRU,unclear,mixed,2,3,cell of a listing grid,,1,content/swipe/products/IMG_0243.png,BARENA VENEZIA,guessed,recommend,4IRT CRISTAL TENDON ECRU,given,,input needed,EUR 2,given,,input needed,F4ECE0,0.972,93.7,6.8,84.4,0.361,False,white,off-white,,,,,,,,,low,stable,cutout_flat,content/catalogue/review/B020-P002-1c2-cut.webp,good,,cell 3 of the listing grid B020-P002,,,,,,,,B020-P002,1,photo,listing grid caption
B020-P002-C3,B020,barenavenezia.com,mono-brand,top,SHIRT CRISTAL TENDON NERO €290,unclear,mixed,2,3,cell of a listing grid,,1,content/swipe/products/IMG_0243.png,BARENA VENEZIA,guessed,recommend,SHIRT CRISTAL TENDON NERO €290,given,,input needed,EUR 290,given,,input needed,1F1F1D,0.985,11.7,1.4,109.7,0.079,True,black,black,,,,,,,,,medium,stable,cutout_flat,content/catalogue/review/B020-P002-1c3-cut.webp,good,,cell 4 of the listing grid B020-P002,,,,,,,,B020-P002,1,photo,listing grid caption
B020-P002-C4,B020,barenavenezia.com,mono-brand,bag,HIRT ALVINA BAGIO BIANCO »D €2.,unclear,mixed,2,3,cell of a listing grid,,1,content/swipe/products/IMG_0243.png,BARENA VENEZIA,guessed,recommend,HIRT ALVINA BAGIO BIANCO »D €2.,given,,input needed,EUR 2,given,,input needed,F0EFF3,0.862,94.6,2.1,300.0,0.225,False,white,white,C2C0C4,0.052,grey,light grey,,,,,low,stable,cutout_flat,content/catalogue/review/B020-P002-1c4-cut.webp,good,,cell 5 of the listing grid B020-P002,,,,,,,,B020-P002,1,photo,listing grid caption
B020-P002-C5,B020,barenavenezia.com,mono-brand,,listing grid of womens trousers,unclear,mixed,2,3,cell of a listing grid,,1,content/swipe/products/IMG_0243.png,BARENA VENEZIA,guessed,recommend,,input needed,,input needed,,input needed,,input needed,434448,0.81,28.9,2.6,281.1,0.062,True,grey,dark grey,29292B,0.118,black,black,D6B28E,0.072,warm neutral,oatmeal,medium,stable,cutout_flat,content/catalogue/review/B020-P002-1c5-cut.webp,good,,cell 6 of the listing grid B020-P002,,,,,,,,B020-P002,1,photo,listing grid caption
B021-P026-C0,B021,herno.com,mono-brand,,abp2sem),mixed,mixed,3,3,cell of a listing grid,,1,content/swipe/products/IMG_0287.png,HERNO,guessed,recommend,abp2sem),given,,input needed,,input needed,,input needed,BAA168,0.537,67.2,33.0,87.7,0.466,False,yellow,mustard,8D754F,0.234,brown,tobacco,614929,0.229,brown,chocolate,medium,stable,cutout_flat,content/catalogue/review/B021-P026c0-cut.webp,good,,cell 1 of the listing grid B021-P026,,,,,,,,B021-P026,0,photo,listing grid caption
B021-P026-C1,B021,herno.com,mono-brand,bottom,SEQUINNED MESH SKIRT,mixed,mixed,3,3,cell of a listing grid,,1,content/swipe/products/IMG_0287.png,HERNO,guessed,recommend,SEQUINNED MESH SKIRT,given,,input needed,CHF 395,given,,input needed,A68C5B,0.354,59.5,29.9,84.2,0.461,False,brown,tan,573F20,0.232,brown,chocolate,7F6845,0.231,brown,tobacco,medium,stable,cutout_flat,content/catalogue/review/B021-P026c1-cut.webp,good,,"cell 2 of the listing grid B021-P026; section ""Skirts & Dresses""",,,,,,,,B021-P026,0,photo,listing grid caption
B021-P026-C2,B021,herno.com,mono-brand,,"listing grid of parka, trousers, sequin top and skirt",mixed,mixed,3,3,cell of a listing grid,,1,content/swipe/products/IMG_0287.png,HERNO,guessed,recommend,,input needed,,input needed,,input needed,,input needed,342414,0.819,15.7,14.6,68.9,0.587,False,brown,espresso,1A1106,0.13,brown,espresso,,,,,medium,stable,cutout_flat,content/catalogue/review/B021-P026c2-cut.webp,good,,cell 3 of the listing grid B021-P026,,,,,,,,B021-P026,0,photo,listing grid caption
B021-P026-C3,B021,herno.com,mono-brand,,"listing grid of parka, trousers, sequin top and skirt",mixed,mixed,3,3,cell of a listing grid,,1,content/swipe/products/IMG_0287.png,HERNO,guessed,recommend,,input needed,,input needed,,input needed,,input needed,5F4729,0.921,32.0,22.7,74.2,0.526,False,brown,chocolate,221609,0.054,brown,espresso,,,,,medium,stable,cutout_flat,content/catalogue/review/B021-P026c3-cut.webp,good,,cell 4 of the listing grid B021-P026,,,,,,,,B021-P026,0,photo,listing grid caption
B022-P002-C0,B022,herno.com,mono-brand,layer,EP OCIO!IC IACYCT IKI CLICODA ARKIN AIYV,mixed,mixed,3,2,cell of a listing grid,,1,content/swipe/products/IMG_0290.png,HERNO,guessed,recommend,EP OCIO!IC IACYCT IKI CLICODA ARKIN AIYV,given,,input needed,,input needed,,input needed,E4D8CA,0.859,86.9,8.6,78.0,0.232,False,warm neutral,cream,C0B1A2,0.105,warm neutral,oatmeal,,,,,medium,stable,cutout_flat,content/catalogue/review/B022-P002c0-cut.webp,good,,"cell 1 of the listing grid B022-P002; section ""Parka & Jackets""",,,,,,,,B022-P002,0,photo,listing grid caption
B022-P002-C1,B022,herno.com,mono-brand,layer,LE ATHER.FFEFEECT IACKET,mixed,mixed,3,2,cell of a listing grid,,1,content/swipe/products/IMG_0290.png,HERNO,guessed,recommend,LE ATHER.FFEFEECT IACKET,given,,input needed,,input needed,,input needed,5A4447,0.455,31.3,10.2,10.5,0.179,False,red,burgundy,442F31,0.37,red,oxblood,1D1111,0.127,red,oxblood,medium,stable,cutout_flat,content/catalogue/review/B022-P002c1-cut.webp,good,,"cell 2 of the listing grid B022-P002; section ""Parka & Jackets""",,,,,,,,B022-P002,0,photo,listing grid caption
B022-P002-C2,B022,herno.com,mono-brand,bottom,PED STRETCH WOOL TRC,mixed,mixed,3,2,cell of a listing grid,,1,content/swipe/products/IMG_0290.png,HERNO,guessed,recommend,PED STRETCH WOOL TRC,given,,input needed,CHF 365,given,,input needed,312F32,0.945,19.7,2.3,314.9,0.032,True,grey,dark grey,,,,,,,,,medium,stable,cutout_flat,content/catalogue/review/B022-P002c2-cut.webp,good,,"cell 3 of the listing grid B022-P002; section ""Trousers""; label ""REGULAR FIT""",,,,,,,,B022-P002,0,photo,listing grid caption
B022-P002-C3,B022,herno.com,mono-brand,bottom,-EFFECT GABARDINE TRO!,mixed,mixed,3,2,cell of a listing grid,,1,content/swipe/products/IMG_0290.png,HERNO,guessed,recommend,-EFFECT GABARDINE TRO!,given,,input needed,CHF 265,given,,input needed,543C1E,0.971,27.3,23.4,73.3,0.603,False,brown,chocolate,,,,,,,,,medium,stable,cutout_flat,content/catalogue/review/B022-P002c3-cut.webp,good,,"cell 4 of the listing grid B022-P002; section ""Trousers""; label ""REGULAR FIT""",,,,,,,,B022-P002,0,photo,listing grid caption
B022-P003-C0,B022,herno.com,mono-brand,layer,2-LAYER SCUBA PEACOAT,mixed,mixed,3,3,cell of a listing grid,,1,content/swipe/products/IMG_0291.png,HERNO,guessed,recommend,2-LAYER SCUBA PEACOAT,given,,input needed,,input needed,,input needed,282725,0.977,15.7,1.5,90.4,0.065,True,black,black,,,,,,,,,medium,stable,cutout_flat,content/catalogue/review/B022-P003c0-cut.webp,good,,"cell 1 of the listing grid B022-P003; section ""Coats & Trench Coats""",,,,,,,,B022-P003,0,photo,listing grid caption
B022-P003-C1,B022,herno.com,mono-brand,top,COTTON POPLIN SHIRT WITH BOW,mixed,mixed,3,3,cell of a listing grid,,1,content/swipe/products/IMG_0291.png,HERNO,guessed,recommend,COTTON POPLIN SHIRT WITH BOW,given,,input needed,,input needed,,input needed,E8E6E6,0.987,91.4,0.7,19.5,0.061,True,white,white,,,,,,,,,medium,stable,cutout_flat,content/catalogue/review/B022-P003c1-cut.webp,good,,"cell 2 of the listing grid B022-P003; section ""Shirts""",,,,,,,,B022-P003,0,photo,listing grid caption
B022-P003-C2,B022,herno.com,mono-brand,,"listing grid of peacoat, shirt, turtleneck, shacket",mixed,mixed,3,3,cell of a listing grid,,1,content/swipe/products/IMG_0291.png,HERNO,guessed,recommend,,input needed,,input needed,,input needed,,input needed,DFD9CE,0.984,86.9,6.1,88.6,0.096,True,warm neutral,cream,,,,,,,,,medium,stable,cutout_flat,content/catalogue/review/B022-P003c2-cut.webp,good,,cell 3 of the listing grid B022-P003,,,,,,,,B022-P003,0,photo,listing grid caption
B022-P003-C3,B022,herno.com,mono-brand,,—AAIE LAPHET UlITELS CAVALRY TTIW) ePeee,mixed,mixed,3,3,cell of a listing grid,,1,content/swipe/products/IMG_0291.png,HERNO,guessed,recommend,—AAIE LAPHET UlITELS CAVALRY TTIW) ePeee,given,,input needed,,input needed,,input needed,4F1620,0.921,17.2,28.7,16.3,0.706,False,red,oxblood,,,,,,,,,medium,stable,cutout_flat,content/catalogue/review/B022-P003c3-cut.webp,good,,cell 4 of the listing grid B022-P003,,,,,,,,B022-P003,0,photo,listing grid caption
B022-P006-C0,B022,herno.com,mono-brand,layer,RESORT CARDIGAN IN INFINITY,mixed,mixed,3,2,cell of a listing grid,,1,content/swipe/products/IMG_0294.png,HERNO,guessed,recommend,RESORT CARDIGAN IN INFINITY,given,,input needed,,input needed,,input needed,D8C7BA,0.969,81.3,9.4,66.3,0.22,False,warm neutral,cream,,,,,,,,,low,stable,cutout_flat,content/catalogue/review/B022-P006c0-cut.webp,good,,"cell 1 of the listing grid B022-P006; section ""Sweaters & Cardigan""",,,,,,,,B022-P006,0,photo,listing grid caption
B022-P006-C1,B022,herno.com,mono-brand,,"listing grid of cardigan, polo, down jacket, poncho",mixed,mixed,3,2,cell of a listing grid,,1,content/swipe/products/IMG_0294.png,HERNO,guessed,recommend,,input needed,,input needed,,input needed,,input needed,DFD4D2,0.97,85.7,4.2,34.3,0.198,False,warm neutral,cream,,,,,,,,,medium,stable,cutout_flat,content/catalogue/review/B022-P006c1-cut.webp,good,,cell 2 of the listing grid B022-P006,,,,,,,,B022-P006,0,photo,listing grid caption
B022-P006-C2,B022,herno.com,mono-brand,layer,=SORT JACKET IN NYLON ULTRALIG,mixed,mixed,3,2,cell of a listing grid,,1,content/swipe/products/IMG_0294.png,HERNO,guessed,recommend,=SORT JACKET IN NYLON ULTRALIG,given,,input needed,,input needed,,input needed,EDDBCD,0.818,88.5,9.9,66.8,0.419,False,warm neutral,cream,C3AFA1,0.155,brown,tan,,,,,low,stable,cutout_flat,content/catalogue/review/B022-P006c2-cut.webp,good,,"cell 3 of the listing grid B022-P006; section ""Parka & Jackets""",,,,,,,,B022-P006,0,photo,listing grid caption
B022-P006-C3,B022,herno.com,mono-brand,,\SHMERE FABRIC AND NYLON ULTRALIG,mixed,mixed,3,2,cell of a listing grid,,1,content/swipe/products/IMG_0294.png,HERNO,guessed,recommend,\SHMERE FABRIC AND NYLON ULTRALIG,given,,input needed,,input needed,,input needed,C7B5A6,0.816,74.8,10.7,68.4,0.153,False,warm neutral,oatmeal,AA9481,0.137,brown,tan,,,,,medium,stable,cutout_flat,content/catalogue/review/B022-P006c3-cut.webp,good,,cell 4 of the listing grid B022-P006,,,,,,,,B022-P006,0,photo,listing grid caption
B022-P008-C0,B022,herno.com,mono-brand,,"listing grid of cardigan, knit jacket, poncho, trousers",mixed,mixed,3,3,cell of a listing grid,,1,content/swipe/products/IMG_0296.png,HERNO,guessed,recommend,,input needed,,input needed,,input needed,,input needed,A5B2D0,0.877,72.5,16.8,276.4,0.393,False,blue,steel blue,818EAF,0.075,blue,steel blue,,,,,medium,stable,cutout_flat,content/catalogue/review/B022-P008c0-cut.webp,good,,cell 1 of the listing grid B022-P008,,,,,,,,B022-P008,0,photo,listing grid caption
B022-P008-C1,B022,herno.com,mono-brand,layer,SORT IACKET IN CASHMERE AND SI!,mixed,mixed,3,3,cell of a listing grid,,1,content/swipe/products/IMG_0296.png,HERNO,guessed,recommend,SORT IACKET IN CASHMERE AND SI!,given,,input needed,,input needed,,input needed,B9AA9B,0.946,70.5,10.1,73.4,0.129,True,warm neutral,oatmeal,897560,0.054,brown,tobacco,,,,,medium,stable,cutout_flat,content/catalogue/review/B022-P008c1-cut.webp,good,,"cell 2 of the listing grid B022-P008; section ""Sweaters & Cardigan""",,,,,,,,B022-P008,0,photo,listing grid caption
B022-P008-C2,B022,herno.com,mono-brand,bottom,SORT TROUSERS IN SAT,mixed,mixed,3,3,cell of a listing grid,,1,content/swipe/products/IMG_0296.png,HERNO,guessed,recommend,SORT TROUSERS IN SAT,given,,input needed,CHF 295,given,,input needed,3E2D2A,0.653,20.3,8.8,34.3,0.173,False,brown,espresso,5C4C4B,0.155,grey,dark grey,746664,0.118,warm neutral,taupe,low,stable,cutout_flat,content/catalogue/review/B022-P008c2-cut.webp,good,,"cell 3 of the listing grid B022-P008; section ""Trousers""",,,,,,,,B022-P008,0,photo,listing grid caption
B022-P008-C3,B022,herno.com,mono-brand,,SORT PONCHO IN DOUBLE-LAYERED WO,mixed,mixed,3,3,cell of a listing grid,,1,content/swipe/products/IMG_0296.png,HERNO,guessed,recommend,SORT PONCHO IN DOUBLE-LAYERED WO,given,,input needed,,input needed,,input needed,8593A9,0.792,60.5,13.2,269.5,0.243,False,blue,steel blue,677183,0.118,blue,denim blue,4F5C72,0.09,blue,denim blue,medium,stable,cutout_flat,content/catalogue/review/B022-P008c3-cut.webp,good,,cell 4 of the listing grid B022-P008,,,,,,,,B022-P008,0,photo,listing grid caption
B022-P009-C0,B022,herno.com,mono-brand,layer,)RT BOMBER JACKET IN EXTRA-FINE S,mixed,mixed,3,2,cell of a listing grid,,1,content/swipe/products/IMG_0297.png,HERNO,guessed,recommend,)RT BOMBER JACKET IN EXTRA-FINE S,given,,input needed,CHF 675,given,,input needed,AEB9CD,0.872,74.9,11.4,271.4,0.294,False,blue,sky,727F9A,0.101,blue,denim blue,,,,,medium,stable,cutout_flat,content/catalogue/review/B022-P009c0-cut.webp,good,,cell 1 of the listing grid B022-P009,,,,,,,,B022-P009,0,photo,listing grid caption
B022-P009-C1,B022,herno.com,mono-brand,layer,T JACKET IN LIGHTWEIGHT MATT bh,mixed,mixed,3,2,cell of a listing grid,,1,content/swipe/products/IMG_0297.png,HERNO,guessed,recommend,T JACKET IN LIGHTWEIGHT MATT bh,given,,input needed,,input needed,,input needed,B3A393,0.854,67.9,10.9,73.2,0.143,True,warm neutral,oatmeal,94816E,0.112,brown,tan,,,,,medium,stable,cutout_flat,content/catalogue/review/B022-P009c1-cut.webp,good,,"cell 2 of the listing grid B022-P009; section ""Parka & Jackets""",,,,,,,,B022-P009,0,photo,listing grid caption
B022-P009-C2,B022,herno.com,mono-brand,,Pr ae,mixed,mixed,3,2,cell of a listing grid,,1,content/swipe/products/IMG_0297.png,HERNO,guessed,recommend,Pr ae,given,,input needed,,input needed,,input needed,4D332F,0.94,24.2,13.3,33.1,0.239,False,brown,chocolate,867775,0.06,warm neutral,stone,,,,,low,stable,cutout_flat,content/catalogue/review/B022-P009c2-cut.webp,good,,cell 3 of the listing grid B022-P009,,,,,,,,B022-P009,0,photo,listing grid caption
B022-P009-C3,B022,herno.com,mono-brand,,listing grid of three jackets and a gilet,mixed,mixed,3,2,cell of a listing grid,,1,content/swipe/products/IMG_0297.png,HERNO,guessed,recommend,,input needed,,input needed,,input needed,,input needed,BBC6D8,0.931,79.6,10.2,269.1,0.327,False,blue,sky,8A97AD,0.054,blue,steel blue,,,,,medium,stable,cutout_flat,content/catalogue/review/B022-P009c3-cut.webp,good,,cell 4 of the listing grid B022-P009,,,,,,,,B022-P009,0,photo,listing grid caption
B022-P010-C0,B022,herno.com,mono-brand,layer,RESORT COAT IN CASHMERE AND SILI,mixed,mixed,3,3,cell of a listing grid,,1,content/swipe/products/IMG_0298.png,HERNO,guessed,recommend,RESORT COAT IN CASHMERE AND SILI,given,,input needed,CHF 1.610,given,,input needed,E0DAD1,0.968,87.3,5.2,84.6,0.111,True,warm neutral,cream,,,,,,,,,medium,stable,cutout_flat,content/catalogue/review/B022-P010c0-cut.webp,good,,"cell 1 of the listing grid B022-P010; section ""Sweaters & Cardigan""",,,,,,,,B022-P010,0,photo,listing grid caption
B022-P010-C1,B022,herno.com,mono-brand,,"listing grid of knit coat, satin top, rib jacket, linen jacket",mixed,mixed,3,3,cell of a listing grid,,1,content/swipe/products/IMG_0298.png,HERNO,guessed,recommend,,input needed,,input needed,,input needed,,input needed,44332B,0.917,22.9,10.2,51.9,0.241,False,brown,chocolate,18100D,0.056,black,black,,,,,medium,stable,cutout_flat,content/catalogue/review/B022-P010c1-cut.webp,good,,cell 2 of the listing grid B022-P010,,,,,,,,B022-P010,0,photo,listing grid caption
B022-P010-C2,B022,herno.com,mono-brand,layer,Sweaters & Cardigan,mixed,mixed,3,3,cell of a listing grid,,1,content/swipe/products/IMG_0298.png,HERNO,guessed,recommend,Sweaters & Cardigan,given,,input needed,,input needed,,input needed,C4C1C6,0.968,78.4,2.9,312.6,0.065,True,cool neutral,pale grey,,,,,,,,,medium,stable,cutout_flat,content/catalogue/review/B022-P010c2-cut.webp,good,,cell 3 of the listing grid B022-P010,,,,,,,,B022-P010,0,photo,listing grid caption
B022-P010-C3,B022,herno.com,mono-brand,layer,RESORT IACKET IN FADE.EFFECT LINEN,mixed,mixed,3,3,cell of a listing grid,,1,content/swipe/products/IMG_0298.png,HERNO,guessed,recommend,RESORT IACKET IN FADE.EFFECT LINEN,given,,input needed,,input needed,,input needed,57291A,0.891,22.6,27.7,44.4,0.58,False,brown,chocolate,270C05,0.109,brown,espresso,,,,,low,stable,cutout_flat,content/catalogue/review/B022-P010c3-cut.webp,good,,"cell 4 of the listing grid B022-P010; section ""Blazers""",,,,,,,,B022-P010,0,photo,listing grid caption
B022-P011-C0,B022,herno.com,mono-brand,layer,MELANGE MINK-EFFECT JACKET,mixed,mixed,4,2,cell of a listing grid,,1,content/swipe/products/IMG_0299.png,HERNO,guessed,recommend,MELANGE MINK-EFFECT JACKET,given,,input needed,,input needed,,input needed,482E22,0.877,21.8,16.3,50.7,0.395,False,brown,espresso,2A170D,0.104,brown,espresso,,,,,medium,stable,cutout_flat,content/catalogue/review/B022-P011c0-cut.webp,good,,"cell 1 of the listing grid B022-P011; section ""Coats & Trench Coats""; looks like B021-P027",possible duplicate,,,,,,,B022-P011,0,photo,listing grid caption
B022-P011-C1,B022,herno.com,mono-brand,layer,LAXED JACKET IN 2-LAYER WINDSTOPP,mixed,mixed,4,2,cell of a listing grid,,1,content/swipe/products/IMG_0299.png,HERNO,guessed,recommend,LAXED JACKET IN 2-LAYER WINDSTOPP,given,,input needed,CHF 995,given,,input needed,1F1E24,0.963,11.6,4.4,297.7,0.094,True,black,off-black,,,,,,,,,medium,stable,cutout_flat,content/catalogue/review/B022-P011c1-cut.webp,good,,"cell 2 of the listing grid B022-P011; section ""Parka & Jackets""; label ""RELAXED FIT""",,,,,,,,B022-P011,0,photo,listing grid caption
B022-P011-C2,B022,herno.com,mono-brand,layer,APE JACKET IN ARENDELLE AND NEW,mixed,mixed,4,2,cell of a listing grid,,1,content/swipe/products/IMG_0299.png,HERNO,guessed,recommend,APE JACKET IN ARENDELLE AND NEW,given,,input needed,CHF 795,given,,input needed,151718,0.978,7.6,1.2,237.2,0.114,True,black,black,,,,,,,,,medium,stable,cutout_flat,content/catalogue/review/B022-P011c2-cut.webp,good,,cell 3 of the listing grid B022-P011,,,,,,,,B022-P011,0,photo,listing grid caption
B022-P011-C3,B022,herno.com,mono-brand,layer,PE IN NYLON ULTRALIGHT AND LA,mixed,mixed,4,2,cell of a listing grid,,1,content/swipe/products/IMG_0299.png,HERNO,guessed,recommend,PE IN NYLON ULTRALIGHT AND LA,given,,input needed,,input needed,,input needed,A78261,0.588,57.1,25.3,67.4,0.363,False,brown,tan,BE9F81,0.178,brown,tan,835F41,0.159,brown,tobacco,medium,stable,cutout_flat,content/catalogue/review/B022-P011c3-cut.webp,good,,"cell 4 of the listing grid B022-P011; section ""Coats & Trench Coats""",,,,,,,,B022-P011,0,photo,listing grid caption
B022-P013-C0,B022,de.maxmara.com,mono-brand,,<ollektionen Anlass,mixed,mixed,2,3,cell of a listing grid,,1,content/swipe/products/IMG_0301.png,MaxMara,guessed,recommend,<ollektionen Anlass,given,,input needed,,input needed,,input needed,060606,0.683,1.6,0.0,158.2,0.0,True,black,black,232323,0.148,black,black,3E3E3E,0.13,grey,dark grey,low,stable,cutout_flat,content/catalogue/review/B022-P013c0-cut.webp,good,,cell 1 of the listing grid B022-P013,,,,,,,,B022-P013,0,photo,listing grid caption
B022-P013-C1,B022,de.maxmara.com,mono-brand,,endung Farbe,mixed,mixed,2,3,cell of a listing grid,,1,content/swipe/products/IMG_0301.png,MaxMara,guessed,recommend,endung Farbe,given,,input needed,,input needed,,input needed,010101,0.986,0.3,0.0,158.2,0.0,True,black,black,,,,,,,,,low,stable,cutout_flat,content/catalogue/review/B022-P013c1-cut.webp,good,,cell 2 of the listing grid B022-P013,,,,,,,,B022-P013,0,photo,listing grid caption
B022-P013-C2,B022,de.maxmara.com,mono-brand,,rialien 4 GréBe VY,mixed,mixed,2,3,cell of a listing grid,,1,content/swipe/products/IMG_0301.png,MaxMara,guessed,recommend,rialien 4 GréBe VY,given,,input needed,,input needed,,input needed,010101,0.925,0.3,0.0,158.2,0.0,True,black,black,,,,,,,,,low,stable,cutout_flat,content/catalogue/review/B022-P013c2-cut.webp,good,,cell 3 of the listing grid B022-P013,,,,,,,,B022-P013,0,photo,listing grid caption
B022-P013-C3,B022,de.maxmara.com,mono-brand,,sgorie \,mixed,mixed,2,3,cell of a listing grid,,1,content/swipe/products/IMG_0301.png,MaxMara,guessed,recommend,sgorie \,given,,input needed,,input needed,,input needed,030303,0.85,0.8,0.0,158.2,0.0,True,black,black,7C7C7C,0.062,grey,mid grey,,,,,low,stable,cutout_flat,content/catalogue/review/B022-P013c3-cut.webp,good,,cell 4 of the listing grid B022-P013,,,,,,,,B022-P013,0,photo,listing grid caption
B022-P013-C4,B022,de.maxmara.com,mono-brand,,rdigan aus Wolljersey,mixed,mixed,2,3,cell of a listing grid,,1,content/swipe/products/IMG_0301.png,MaxMara,guessed,recommend,rdigan aus Wolljersey,given,,input needed,"EUR 5,00",given,,input needed,3B2C23,0.912,19.4,10.1,57.7,0.298,False,brown,espresso,675C59,0.068,warm neutral,taupe,,,,,low,stable,cutout_flat,content/catalogue/review/B022-P013c4-cut.webp,good,,cell 5 of the listing grid B022-P013,,,,,,,,B022-P013,0,photo,listing grid caption
B022-P013-C5,B022,de.maxmara.com,mono-brand,,: mit weitem Bein aus Filz\,mixed,mixed,2,3,cell of a listing grid,,1,content/swipe/products/IMG_0301.png,MaxMara,guessed,recommend,: mit weitem Bein aus Filz\,given,,input needed,"EUR 3,00",given,,input needed,615A54,0.975,38.7,4.8,69.7,0.094,True,warm neutral,taupe,,,,,,,,,medium,stable,cutout_flat,content/catalogue/review/B022-P013c5-cut.webp,good,,cell 6 of the listing grid B022-P013,,,,,,,,B022-P013,0,photo,listing grid caption
B022-P013-C6,B022,de.maxmara.com,mono-brand,,spiegelte Sonnenbrille,mixed,mixed,2,3,cell of a listing grid,,1,content/swipe/products/IMG_0301.png,MaxMara,guessed,recommend,spiegelte Sonnenbrille,given,,input needed,,input needed,,input needed,7E6550,0.284,44.7,17.1,66.5,0.294,False,brown,tobacco,C6AA91,0.262,brown,tan,564B44,0.227,warm neutral,taupe,low,stable,cutout_flat,content/catalogue/review/B022-P013c6-cut.webp,good,,cell 7 of the listing grid B022-P013,,,,,,,,B022-P013,0,photo,listing grid caption
B022-P013-C7,B022,de.maxmara.com,mono-brand,bag,ExtracroRe Schultertasche aus,mixed,mixed,2,3,cell of a listing grid,,1,content/swipe/products/IMG_0301.png,MaxMara,guessed,recommend,ExtracroRe Schultertasche aus,given,,input needed,,input needed,,input needed,3D322E,0.897,21.8,6.1,46.5,0.136,True,warm neutral,taupe,726661,0.095,warm neutral,taupe,,,,,medium,stable,cutout_flat,content/catalogue/review/B022-P013c7-cut.webp,good,,"cell 8 of the listing grid B022-P013; section ""ACCESSORI RUNWAY""; label ""NEUZUGANGE 9""",,,,,,,,B022-P013,0,photo,listing grid caption
B022-P013-C8,B022,de.maxmara.com,mono-brand,layer,ckerjacke aus Filzwolle,mixed,mixed,2,3,cell of a listing grid,,1,content/swipe/products/IMG_0301.png,MaxMara,guessed,recommend,ckerjacke aus Filzwolle,given,,input needed,"EUR 59,00",given,,input needed,635A53,0.732,38.9,5.8,66.7,0.111,True,warm neutral,taupe,4A423B,0.24,warm neutral,taupe,,,,,medium,stable,cutout_flat,content/catalogue/review/B022-P013c8-cut.webp,good,,cell 9 of the listing grid B022-P013,,,,,,,,B022-P013,0,photo,listing grid caption
B022-P013-C9,B022,de.maxmara.com,mono-brand,,"listing grid of cardigan, trousers, bag, sunglasses, jacket, skirt",mixed,mixed,2,3,cell of a listing grid,,1,content/swipe/products/IMG_0301.png,MaxMara,guessed,recommend,,input needed,,input needed,,input needed,,input needed,837267,0.424,49.3,9.8,61.0,0.147,True,warm neutral,stone,6C5A4D,0.258,brown,tobacco,998E88,0.181,warm neutral,stone,low,stable,cutout_flat,content/catalogue/review/B022-P013c9-cut.webp,good,,"cell 10 of the listing grid B022-P013; label ""NEUZUGANGE « RUNWAY""",,,,,,,,B022-P013,0,photo,listing grid caption
B022-P013-C10,B022,de.maxmara.com,mono-brand,,us Woll-Kaschmir-Ge',mixed,mixed,2,3,cell of a listing grid,,1,content/swipe/products/IMG_0301.png,MaxMara,guessed,recommend,us Woll-Kaschmir-Ge',given,,input needed,,input needed,,input needed,544642,0.925,31.0,7.0,41.6,0.104,True,warm neutral,taupe,6D615E,0.055,warm neutral,taupe,,,,,medium,stable,cutout_flat,content/catalogue/review/B022-P013c10-cut.webp,good,,cell 11 of the listing grid B022-P013,,,,,,,,B022-P013,0,photo,listing grid caption
B022-P013-C11,B022,de.maxmara.com,mono-brand,,id aus Wildleder,mixed,mixed,2,3,cell of a listing grid,,1,content/swipe/products/IMG_0301.png,MaxMara,guessed,recommend,id aus Wildleder,given,,input needed,EUR 30,given,,input needed,282626,0.891,15.4,1.0,19.6,0.025,True,black,black,,,,,,,,,medium,stable,cutout_flat,content/catalogue/review/B022-P013c11-cut.webp,good,,cell 12 of the listing grid B022-P013,,,,,,,,B022-P013,0,photo,listing grid caption
B022-P014-C0,B022,de.maxmara.com,mono-brand,shoes,nge Handschuhe aus Wildlede!,mixed,mixed,3,3,cell of a listing grid,,1,content/swipe/products/IMG_0302.png,MaxMara,guessed,recommend,nge Handschuhe aus Wildlede!,given,,input needed,"EUR 5,00",given,,input needed,1D1C19,0.935,10.3,2.3,96.1,0.147,True,black,black,,,,,,,,,medium,stable,cutout_flat,content/catalogue/review/B022-P014c0-cut.webp,good,,cell 1 of the listing grid B022-P014,,,,,,,,B022-P014,0,photo,listing grid caption
B022-P014-C1,B022,de.maxmara.com,mono-brand,,is Woll-Kaschmir-Ge,mixed,mixed,3,3,cell of a listing grid,,1,content/swipe/products/IMG_0302.png,MaxMara,guessed,recommend,is Woll-Kaschmir-Ge,given,,input needed,,input needed,,input needed,865F40,0.36,43.7,26.8,63.4,0.454,False,yellow,ochre,9A806B,0.232,brown,tan,C0B2A8,0.224,warm neutral,oatmeal,low,stable,cutout_flat,content/catalogue/review/B022-P014c1-cut.webp,good,,cell 2 of the listing grid B022-P014,,,,,,,,B022-P014,0,photo,listing grid caption
B022-P014-C2,B022,de.maxmara.com,mono-brand,top,ropped-Pullover aus Wolle und,mixed,mixed,3,3,cell of a listing grid,,1,content/swipe/products/IMG_0302.png,MaxMara,guessed,recommend,ropped-Pullover aus Wolle und,given,,input needed,,input needed,,input needed,70543C,0.437,38.0,20.3,66.0,0.39,False,brown,tobacco,8B6546,0.264,yellow,ochre,897565,0.238,brown,tobacco,low,stable,cutout_flat,content/catalogue/review/B022-P014c2-cut.webp,good,,cell 3 of the listing grid B022-P014,,,,,,,,B022-P014,0,photo,listing grid caption
B022-P014-C3,B022,de.maxmara.com,mono-brand,shoes,1ge Handschuhe aus Wildleder,mixed,mixed,3,3,cell of a listing grid,,1,content/swipe/products/IMG_0302.png,MaxMara,guessed,recommend,1ge Handschuhe aus Wildleder,given,,input needed,"EUR 5,00",given,,input needed,5E3C22,0.756,28.7,25.0,61.5,0.56,False,brown,chocolate,826F60,0.126,brown,tobacco,AC9C91,0.118,warm neutral,oatmeal,low,stable,cutout_flat,content/catalogue/review/B022-P014c3-cut.webp,good,,cell 4 of the listing grid B022-P014,,,,,,,,B022-P014,0,photo,listing grid caption
B022-P014-C4,B022,de.maxmara.com,mono-brand,layer,jer Mantel aus Kaschmir,mixed,mixed,3,3,cell of a listing grid,,1,content/swipe/products/IMG_0302.png,MaxMara,guessed,recommend,jer Mantel aus Kaschmir,given,,input needed,"EUR 39,00",given,,input needed,885D39,0.552,43.3,30.7,64.0,0.526,False,yellow,ochre,9C7A5F,0.209,brown,tan,EEE2E3,0.121,white,off-white,low,stable,cutout_flat,content/catalogue/review/B022-P014c4-cut.webp,good,,cell 5 of the listing grid B022-P014,,,,,,,,B022-P014,0,photo,listing grid caption
B022-P014-C5,B022,de.maxmara.com,mono-brand,dress,Kurzes Kleid aus Wolle und,mixed,mixed,3,3,cell of a listing grid,,1,content/swipe/products/IMG_0302.png,MaxMara,guessed,recommend,Kurzes Kleid aus Wolle und,given,,input needed,"EUR 1.775,00",given,,input needed,765439,0.788,38.7,23.8,63.5,0.441,False,brown,tobacco,88715C,0.132,brown,tobacco,583B24,0.08,brown,chocolate,low,stable,cutout_flat,content/catalogue/review/B022-P014c5-cut.webp,good,,"cell 6 of the listing grid B022-P014; label ""NEUZUGANGE - RUNWAY lap""",,,,,,,,B022-P014,0,photo,listing grid caption
B022-P014-C6,B022,de.maxmara.com,mono-brand,layer,ersize-Mantel aus Kaschmir,mixed,mixed,3,3,cell of a listing grid,,1,content/swipe/products/IMG_0302.png,MaxMara,guessed,recommend,ersize-Mantel aus Kaschmir,given,,input needed,"EUR 79,00",given,,input needed,8B5E3A,0.37,43.9,31.3,62.9,0.525,False,yellow,ochre,6C4F37,0.359,brown,tobacco,5A2D14,0.242,orange,rust,low,stable,cutout_flat,content/catalogue/review/B022-P014c6-cut.webp,good,,cell 7 of the listing grid B022-P014,,,,,,,,B022-P014,0,photo,listing grid caption
B022-P014-C7,B022,de.maxmara.com,mono-brand,,us Wolle und Kaschmir,mixed,mixed,3,3,cell of a listing grid,,1,content/swipe/products/IMG_0302.png,MaxMara,guessed,recommend,us Wolle und Kaschmir,given,,input needed,,input needed,,input needed,54301A,0.458,23.9,25.1,56.0,0.608,False,brown,chocolate,D3C7C0,0.209,warm neutral,cream,834C25,0.189,yellow,ochre,low,stable,cutout_flat,content/catalogue/review/B022-P014c7-cut.webp,good,,cell 8 of the listing grid B022-P014,,,,,,,,B022-P014,0,photo,listing grid caption
B022-P015-C0,B022,de.maxmara.com,mono-brand,,Kollektionen Anlass di,mixed,mixed,3,3,cell of a listing grid,,1,content/swipe/products/IMG_0303.png,MaxMara,guessed,recommend,Kollektionen Anlass di,given,,input needed,,input needed,,input needed,050505,0.831,1.4,0.0,158.2,0.0,True,black,black,2E2E2E,0.105,black,black,505050,0.063,grey,dark grey,low,stable,cutout_flat,content/catalogue/review/B022-P015c0-cut.webp,good,,cell 1 of the listing grid B022-P015,,,,,,,,B022-P015,0,photo,listing grid caption
B022-P015-C1,B022,de.maxmara.com,mono-brand,,wendung Farbe VY,mixed,mixed,3,3,cell of a listing grid,,1,content/swipe/products/IMG_0303.png,MaxMara,guessed,recommend,wendung Farbe VY,given,,input needed,,input needed,,input needed,020202,1.0,0.5,0.0,158.2,0.0,True,black,black,,,,,,,,,low,stable,cutout_flat,content/catalogue/review/B022-P015c1-cut.webp,good,,cell 2 of the listing grid B022-P015,,,,,,,,B022-P015,0,photo,listing grid caption
B022-P015-C2,B022,de.maxmara.com,mono-brand,,laterialien GroBe VY,mixed,mixed,3,3,cell of a listing grid,,1,content/swipe/products/IMG_0303.png,MaxMara,guessed,recommend,laterialien GroBe VY,given,,input needed,,input needed,,input needed,8C8C8C,0.439,58.3,0.0,158.2,0.0,True,grey,mid grey,0D0D0D,0.244,black,black,262626,0.171,black,black,medium,stable,cutout_flat,content/catalogue/review/B022-P015c2-cut.webp,good,,cell 3 of the listing grid B022-P015,,,,,,,,B022-P015,0,photo,listing grid caption
B022-P015-C3,B022,de.maxmara.com,mono-brand,,categorie \,mixed,mixed,3,3,cell of a listing grid,,1,content/swipe/products/IMG_0303.png,MaxMara,guessed,recommend,categorie \,given,,input needed,,input needed,,input needed,030303,0.838,0.8,0.0,158.2,0.0,True,black,black,B7B7B7,0.063,grey,light grey,757575,0.056,grey,mid grey,low,stable,cutout_flat,content/catalogue/review/B022-P015c3-cut.webp,good,,cell 4 of the listing grid B022-P015,,,,,,,,B022-P015,0,photo,listing grid caption
B022-P015-C4,B022,de.maxmara.com,mono-brand,,aus Wolle und Kaschmir,mixed,mixed,3,3,cell of a listing grid,,1,content/swipe/products/IMG_0303.png,MaxMara,guessed,recommend,aus Wolle und Kaschmir,given,,input needed,EUR 0,given,,input needed,775539,0.853,39.1,24.2,64.3,0.449,False,brown,tobacco,89705B,0.095,brown,tobacco,B9A798,0.052,warm neutral,oatmeal,low,stable,cutout_flat,content/catalogue/review/B022-P015c4-cut.webp,good,,cell 5 of the listing grid B022-P015,,,,,,,,B022-P015,0,photo,listing grid caption
B022-P015-C5,B022,de.maxmara.com,mono-brand,bag,ExtraqroBe Schultertasche aus,mixed,mixed,3,3,cell of a listing grid,,1,content/swipe/products/IMG_0303.png,MaxMara,guessed,recommend,ExtraqroBe Schultertasche aus,given,,input needed,,input needed,,input needed,89664B,0.338,46.1,23.2,63.3,0.377,False,brown,tobacco,432716,0.328,brown,espresso,6B4C32,0.294,brown,tobacco,low,stable,cutout_flat,content/catalogue/review/B022-P015c5-cut.webp,good,,"cell 6 of the listing grid B022-P015; section ""ACCESSORI RUNWAY""; label ""NEUZUGANGE 9""",,,,,,,,B022-P015,0,photo,listing grid caption
B022-P015-C6,B022,de.maxmara.com,mono-brand,layer,Kurzer Mantel aus Alpaka und Wolle,mixed,mixed,3,3,cell of a listing grid,,1,content/swipe/products/IMG_0303.png,MaxMara,guessed,recommend,Kurzer Mantel aus Alpaka und Wolle,given,,input needed,"EUR 2.299,00",given,,input needed,57241F,0.931,21.5,27.5,32.5,0.531,False,brown,espresso,,,,,,,,,low,stable,cutout_flat,content/catalogue/review/B022-P015c6-cut.webp,good,,"cell 7 of the listing grid B022-P015; label ""NEUZUGANGE - RUNWAY 9""",,,,,,,,B022-P015,0,photo,listing grid caption
B022-P015-C7,B022,de.maxmara.com,mono-brand,dress,zes Kleid aus Woll-Kaschmir-,mixed,mixed,3,3,cell of a listing grid,,1,content/swipe/products/IMG_0303.png,MaxMara,guessed,recommend,zes Kleid aus Woll-Kaschmir-,given,,input needed,"EUR 35,00",given,,input needed,591215,0.943,18.4,36.7,28.9,0.803,False,orange,rust,,,,,,,,,medium,stable,cutout_flat,content/catalogue/review/B022-P015c7-cut.webp,good,,cell 8 of the listing grid B022-P015,,,,,,,,B022-P015,0,photo,listing grid caption
B022-P015-C8,B022,de.maxmara.com,mono-brand,bottom,anger Rock aus Seidensatin,mixed,mixed,3,3,cell of a listing grid,,1,content/swipe/products/IMG_0303.png,MaxMara,guessed,recommend,anger Rock aus Seidensatin,given,,input needed,"EUR 025,00",given,,input needed,4F1D20,0.886,18.6,25.8,22.6,0.59,False,red,oxblood,280D0F,0.114,red,oxblood,,,,,low,stable,cutout_flat,content/catalogue/review/B022-P015c8-cut.webp,good,,"cell 9 of the listing grid B022-P015; label ""NEUZUGANGE - RUNWAY g""",,,,,,,,B022-P015,0,photo,listing grid caption
B022-P015-C9,B022,de.maxmara.com,mono-brand,shoes,ange Handschuhe aus Wildleder,mixed,mixed,3,3,cell of a listing grid,,1,content/swipe/products/IMG_0303.png,MaxMara,guessed,recommend,ange Handschuhe aus Wildleder,given,,input needed,"EUR 95,00",given,,input needed,62241A,0.968,23.5,34.4,37.3,0.601,False,orange,rust,,,,,,,,,low,stable,cutout_flat,content/catalogue/review/B022-P015c9-cut.webp,good,,cell 10 of the listing grid B022-P015,,,,,,,,B022-P015,0,photo,listing grid caption
B022-P015-C10,B022,de.maxmara.com,mono-brand,layer,Cardigan aus Wolle und Kaschmir,mixed,mixed,3,3,cell of a listing grid,,1,content/swipe/products/IMG_0303.png,MaxMara,guessed,recommend,Cardigan aus Wolle und Kaschmir,given,,input needed,"EUR 1.359,00",given,,input needed,561E1E,0.991,20.0,29.3,27.4,0.619,False,orange,rust,,,,,,,,,medium,stable,cutout_flat,content/catalogue/review/B022-P015c10-cut.webp,good,,"cell 11 of the listing grid B022-P015; label ""NEUZUGANGE - RUNWAY <""",,,,,,,,B022-P015,0,photo,listing grid caption
B022-P015-C11,B022,de.maxmara.com,mono-brand,top,anliegender Pullover aus Mc,mixed,mixed,3,3,cell of a listing grid,,1,content/swipe/products/IMG_0303.png,MaxMara,guessed,recommend,anliegender Pullover aus Mc,given,,input needed,,input needed,,input needed,651F20,0.98,23.2,35.7,27.9,0.691,False,orange,rust,,,,,,,,,low,stable,cutout_flat,content/catalogue/review/B022-P015c11-cut.webp,good,,cell 12 of the listing grid B022-P015,,,,,,,,B022-P015,0,photo,listing grid caption
B022-P016-C0,B022,de.maxmara.com,mono-brand,,is Wolle und Kaschmir,mixed,mixed,2,3,cell of a listing grid,,1,content/swipe/products/IMG_0304.png,MaxMara,guessed,recommend,is Wolle und Kaschmir,given,,input needed,,input needed,,input needed,561B1E,0.96,19.5,30.4,24.8,0.666,False,red,oxblood,,,,,,,,,medium,stable,cutout_flat,content/catalogue/review/B022-P016c0-cut.webp,good,,cell 1 of the listing grid B022-P016,,,,,,,,B022-P016,0,photo,listing grid caption
B022-P016-C1,B022,de.maxmara.com,mono-brand,bottom,ler Rock aus Wolle in Denim,mixed,mixed,2,3,cell of a listing grid,,1,content/swipe/products/IMG_0304.png,MaxMara,guessed,recommend,ler Rock aus Wolle in Denim,given,,input needed,,input needed,,input needed,542E24,0.996,23.6,21.4,40.7,0.398,False,brown,chocolate,,,,,,,,,low,stable,cutout_flat,content/catalogue/review/B022-P016c1-cut.webp,good,,cell 2 of the listing grid B022-P016,,,,,,,,B022-P016,0,photo,listing grid caption
B022-P016-C2,B022,de.maxmara.com,mono-brand,,argurtel mit Nieten,mixed,mixed,2,3,cell of a listing grid,,1,content/swipe/products/IMG_0304.png,MaxMara,guessed,recommend,argurtel mit Nieten,given,,input needed,,input needed,,input needed,4A1D18,0.583,17.5,25.1,33.5,0.541,False,brown,espresso,D3B49A,0.344,warm neutral,oatmeal,F2E3DE,0.053,white,off-white,medium,stable,cutout_flat,content/catalogue/review/B022-P016c2-cut.webp,good,,cell 3 of the listing grid B022-P016,,,,,,,,B022-P016,0,photo,listing grid caption
B022-P016-C3,B022,de.maxmara.com,mono-brand,,ver aus Wolle und Kaschm|,mixed,mixed,2,3,cell of a listing grid,,1,content/swipe/products/IMG_0304.png,MaxMara,guessed,recommend,ver aus Wolle und Kaschm|,given,,input needed,"EUR 5,00",given,,input needed,0D0D0C,0.981,3.6,0.5,110.2,0.081,True,black,black,,,,,,,,,low,stable,cutout_flat,content/catalogue/review/B022-P016c3-cut.webp,good,,cell 4 of the listing grid B022-P016,,,,,,,,B022-P016,0,photo,listing grid caption
B022-P016-C4,B022,de.maxmara.com,mono-brand,bag,ExtraaroBe Schultertasche aus,mixed,mixed,2,3,cell of a listing grid,,1,content/swipe/products/IMG_0304.png,MaxMara,guessed,recommend,ExtraaroBe Schultertasche aus,given,,input needed,,input needed,,input needed,313035,0.988,20.1,3.4,298.6,0.054,True,grey,dark grey,,,,,,,,,medium,stable,cutout_flat,content/catalogue/review/B022-P016c4-cut.webp,good,,"cell 5 of the listing grid B022-P016; section ""ACCESSORI RUNWAY""; label ""NEUZUGANGE 9""",,,,,,,,B022-P016,0,photo,listing grid caption
B022-P016-C5,B022,de.maxmara.com,mono-brand,,aus Spaitleder mit Niet,mixed,mixed,2,3,cell of a listing grid,,1,content/swipe/products/IMG_0304.png,MaxMara,guessed,recommend,aus Spaitleder mit Niet,given,,input needed,,input needed,,input needed,171512,0.959,6.9,2.1,83.1,0.206,False,black,black,,,,,,,,,medium,stable,cutout_flat,content/catalogue/review/B022-P016c5-cut.webp,good,,cell 6 of the listing grid B022-P016,,,,,,,,B022-P016,0,photo,listing grid caption
B022-P016-C6,B022,de.maxmara.com,mono-brand,,Bluse aus Wolliflanell,mixed,mixed,2,3,cell of a listing grid,,1,content/swipe/products/IMG_0304.png,MaxMara,guessed,recommend,Bluse aus Wolliflanell,given,,input needed,,input needed,,input needed,383636,0.675,22.8,0.9,19.6,0.019,True,grey,dark grey,211F1C,0.309,black,black,,,,,medium,stable,cutout_flat,content/catalogue/review/B022-P016c6-cut.webp,good,,"cell 7 of the listing grid B022-P016; label ""NEUZUGANGE - RUNWAY 9""",,,,,,,,B022-P016,0,photo,listing grid caption
B022-P016-C7,B022,de.maxmara.com,mono-brand,bottom,eg-Hose aus Wolliflane,mixed,mixed,2,3,cell of a listing grid,,1,content/swipe/products/IMG_0304.png,MaxMara,guessed,recommend,eg-Hose aus Wolliflane,given,,input needed,,input needed,,input needed,1F1F20,0.986,11.8,0.7,290.4,0.021,True,black,black,,,,,,,,,medium,stable,cutout_flat,content/catalogue/review/B022-P016c7-cut.webp,good,,cell 8 of the listing grid B022-P016,,,,,,,,B022-P016,0,photo,listing grid caption
B022-P017-C0,B022,de.maxmara.com,mono-brand,,Kollektionen \“# Anlass,mixed,mixed,2,2,cell of a listing grid,,1,content/swipe/products/IMG_0305.png,MaxMara,guessed,recommend,Kollektionen \“# Anlass,given,,input needed,,input needed,,input needed,040404,0.832,1.1,0.0,158.2,0.0,True,black,black,3A3A3A,0.064,grey,dark grey,A3A3A3,0.058,grey,light grey,low,stable,cutout_flat,content/catalogue/review/B022-P017c0-cut.webp,good,,cell 1 of the listing grid B022-P017,,,,,,,,B022-P017,0,photo,listing grid caption
B022-P017-C1,B022,de.maxmara.com,mono-brand,,yendung VY Farbe VY,mixed,mixed,2,2,cell of a listing grid,,1,content/swipe/products/IMG_0305.png,MaxMara,guessed,recommend,yendung VY Farbe VY,given,,input needed,,input needed,,input needed,020202,0.923,0.5,0.0,158.2,0.0,True,black,black,,,,,,,,,low,stable,cutout_flat,content/catalogue/review/B022-P017c1-cut.webp,good,,cell 2 of the listing grid B022-P017,,,,,,,,B022-P017,0,photo,listing grid caption
B022-P017-C2,B022,de.maxmara.com,mono-brand,,terialien GroBe VY,mixed,mixed,2,2,cell of a listing grid,,1,content/swipe/products/IMG_0305.png,MaxMara,guessed,recommend,terialien GroBe VY,given,,input needed,,input needed,,input needed,010101,0.93,0.3,0.0,158.2,0.0,True,black,black,,,,,,,,,low,stable,cutout_flat,content/catalogue/review/B022-P017c2-cut.webp,good,,cell 3 of the listing grid B022-P017,,,,,,,,B022-P017,0,photo,listing grid caption
B022-P017-C3,B022,de.maxmara.com,mono-brand,,ategorie \~,mixed,mixed,2,2,cell of a listing grid,,1,content/swipe/products/IMG_0305.png,MaxMara,guessed,recommend,ategorie \~,given,,input needed,,input needed,,input needed,030203,0.857,0.6,0.5,324.4,0.124,True,black,black,828282,0.053,grey,mid grey,,,,,low,stable,cutout_flat,content/catalogue/review/B022-P017c3-cut.webp,good,,cell 4 of the listing grid B022-P017,,,,,,,,B022-P017,0,photo,listing grid caption
B022-P017-C4,B022,de.maxmara.com,mono-brand,top,opped-Sweatshirt aus Woll-,mixed,mixed,2,2,cell of a listing grid,,1,content/swipe/products/IMG_0305.png,MaxMara,guessed,recommend,opped-Sweatshirt aus Woll-,given,,input needed,,input needed,,input needed,1E1D1D,0.975,10.9,0.5,19.6,0.015,True,black,black,,,,,,,,,medium,stable,cutout_flat,content/catalogue/review/B022-P017c4-cut.webp,good,,cell 5 of the listing grid B022-P017,,,,,,,,B022-P017,0,photo,listing grid caption
B022-P017-C5,B022,de.maxmara.com,mono-brand,bottom,ghose aus Wolle und,mixed,mixed,2,2,cell of a listing grid,,1,content/swipe/products/IMG_0305.png,MaxMara,guessed,recommend,ghose aus Wolle und,given,,input needed,,input needed,,input needed,17181A,0.966,8.2,1.6,272.2,0.087,True,black,black,,,,,,,,,medium,stable,cutout_flat,content/catalogue/review/B022-P017c5-cut.webp,good,,cell 6 of the listing grid B022-P017,,,,,,,,B022-P017,0,photo,listing grid caption
B022-P017-C6,B022,de.maxmara.com,mono-brand,,-dergirtel mit Nieten,mixed,mixed,2,2,cell of a listing grid,,1,content/swipe/products/IMG_0305.png,MaxMara,guessed,recommend,-dergirtel mit Nieten,given,,input needed,,input needed,,input needed,191818,0.525,8.4,0.5,19.6,0.017,True,black,black,D5BAA2,0.369,warm neutral,oatmeal,423D39,0.057,warm neutral,taupe,medium,stable,cutout_flat,content/catalogue/review/B022-P017c6-cut.webp,good,,cell 7 of the listing grid B022-P017,,,,,,,,B022-P017,0,photo,listing grid caption
B022-P017-C7,B022,de.maxmara.com,mono-brand,,riulane aus Wildleder,mixed,mixed,2,2,cell of a listing grid,,1,content/swipe/products/IMG_0305.png,MaxMara,guessed,recommend,riulane aus Wildleder,given,,input needed,,input needed,,input needed,191814,0.933,8.2,2.9,99.3,0.231,False,black,black,,,,,,,,,medium,stable,cutout_flat,content/catalogue/review/B022-P017c7-cut.webp,good,,cell 8 of the listing grid B022-P017,,,,,,,,B022-P017,0,photo,listing grid caption
B022-P017-C8,B022,de.maxmara.com,mono-brand,,IZUGANGE - RUNWAY,mixed,mixed,2,2,cell of a listing grid,,1,content/swipe/products/IMG_0305.png,MaxMara,guessed,recommend,IZUGANGE - RUNWAY,given,,input needed,"EUR 95,00",given,,input needed,562E18,0.823,23.7,27.1,53.6,0.641,False,brown,chocolate,56412F,0.134,brown,chocolate,,,,,low,stable,cutout_flat,content/catalogue/review/B022-P017c8-cut.webp,good,,cell 9 of the listing grid B022-P017,,,,,,,,B022-P017,0,photo,listing grid caption
B022-P017-C9,B022,de.maxmara.com,mono-brand,top,opped-Pullover aus Mohair-,mixed,mixed,2,2,cell of a listing grid,,1,content/swipe/products/IMG_0305.png,MaxMara,guessed,recommend,opped-Pullover aus Mohair-,given,,input needed,,input needed,,input needed,1A1B1C,0.958,9.7,0.9,256.1,0.06,True,black,black,,,,,,,,,medium,stable,cutout_flat,content/catalogue/review/B022-P017c9-cut.webp,good,,cell 10 of the listing grid B022-P017,,,,,,,,B022-P017,0,photo,listing grid caption
B022-P017-C10,B022,de.maxmara.com,mono-brand,bottom,irzer Rock aus Wildleder,mixed,mixed,2,2,cell of a listing grid,,1,content/swipe/products/IMG_0305.png,MaxMara,guessed,recommend,irzer Rock aus Wildleder,given,,input needed,"EUR 089,00",given,,input needed,855C3C,0.727,42.7,28.2,62.6,0.481,False,yellow,ochre,836B58,0.198,brown,tobacco,A1846E,0.075,brown,tan,low,stable,cutout_flat,content/catalogue/review/B022-P017c10-cut.webp,good,,cell 11 of the listing grid B022-P017,,,,,,,,B022-P017,0,photo,listing grid caption
B022-P017-C11,B022,de.maxmara.com,mono-brand,bag,leine Handtasche aus Spal’,mixed,mixed,2,2,cell of a listing grid,,1,content/swipe/products/IMG_0305.png,MaxMara,guessed,recommend,leine Handtasche aus Spal’,given,,input needed,,input needed,,input needed,836349,0.575,44.6,21.8,64.8,0.37,False,brown,tobacco,9A8472,0.189,brown,tan,51331E,0.146,brown,chocolate,low,stable,cutout_flat,content/catalogue/review/B022-P017c11-cut.webp,good,,cell 12 of the listing grid B022-P017,,,,,,,,B022-P017,0,photo,listing grid caption
B022-P018-C0,B022,de.maxmara.com,mono-brand,layer,‘urzer Mantel aus Kamelhaar und,mixed,mixed,3,3,cell of a listing grid,,1,content/swipe/products/IMG_0306.png,MaxMara,guessed,recommend,‘urzer Mantel aus Kamelhaar und,given,,input needed,"EUR 715,00",given,,input needed,4F2B18,0.416,21.8,24.3,52.9,0.609,False,brown,espresso,EBE4E7,0.253,white,white,7C604A,0.235,brown,tobacco,low,stable,cutout_flat,content/catalogue/review/B022-P018c0-cut.webp,good,,cell 1 of the listing grid B022-P018,,,,,,,,B022-P018,0,photo,listing grid caption
B022-P018-C1,B022,de.maxmara.com,mono-brand,top,‘ragenpullover aus Wollgew,mixed,mixed,3,3,cell of a listing grid,,1,content/swipe/products/IMG_0306.png,MaxMara,guessed,recommend,‘ragenpullover aus Wollgew,given,,input needed,,input needed,,input needed,C3BFBE,0.583,77.6,1.6,39.4,0.043,True,warm neutral,oatmeal,E9E4E2,0.197,white,white,9C8E86,0.137,warm neutral,stone,low,stable,cutout_flat,content/catalogue/review/B022-P018c1-cut.webp,good,,cell 2 of the listing grid B022-P018,,,,,,,,B022-P018,0,photo,listing grid caption
B022-P018-C2,B022,de.maxmara.com,mono-brand,,‘dergiirtel mit Nieten,mixed,mixed,3,3,cell of a listing grid,,1,content/swipe/products/IMG_0306.png,MaxMara,guessed,recommend,‘dergiirtel mit Nieten,given,,input needed,"EUR 35,00",given,,input needed,D1B49B,0.587,75.2,17.9,68.3,0.262,False,warm neutral,oatmeal,765D49,0.228,brown,tobacco,4D3726,0.098,brown,chocolate,low,stable,cutout_flat,content/catalogue/review/B022-P018c2-cut.webp,good,,cell 3 of the listing grid B022-P018,,,,,,,,B022-P018,0,photo,listing grid caption
B022-P018-C3,B022,de.maxmara.com,mono-brand,,"listing grid of coat, turtleneck, belt, bag, foulard, boots, dress",mixed,mixed,3,3,cell of a listing grid,,1,content/swipe/products/IMG_0306.png,MaxMara,guessed,recommend,,input needed,,input needed,,input needed,,input needed,745237,0.456,37.9,23.9,63.4,0.449,False,brown,tobacco,3F281C,0.323,brown,espresso,87766A,0.115,brown,tobacco,low,stable,cutout_flat,content/catalogue/review/B022-P018c3-cut.webp,good,,"cell 4 of the listing grid B022-P018; label ""NEUZUGANGE""",,,,,,,,B022-P018,0,photo,listing grid caption
B022-P018-C4,B022,de.maxmara.com,mono-brand,layer,Cardigan-Mantel aus Kamelhaar,mixed,mixed,3,3,cell of a listing grid,,1,content/swipe/products/IMG_0306.png,MaxMara,guessed,recommend,Cardigan-Mantel aus Kamelhaar,given,,input needed,,input needed,,input needed,DBBC9E,0.839,78.2,20.4,71.1,0.334,False,warm neutral,cream,C19F7C,0.104,brown,tan,CDC1B5,0.057,warm neutral,cream,medium,stable,cutout_flat,content/catalogue/review/B022-P018c4-cut.webp,good,,"cell 5 of the listing grid B022-P018; label ""NEUZUGANGE - RUNWAY 9""",,,,,,,,B022-P018,0,photo,listing grid caption
B022-P018-C5,B022,de.maxmara.com,mono-brand,,ard aus Wildleder,mixed,mixed,3,3,cell of a listing grid,,1,content/swipe/products/IMG_0306.png,MaxMara,guessed,recommend,ard aus Wildleder,given,,input needed,EUR 00,given,,input needed,644328,0.659,31.5,24.6,63.5,0.524,False,brown,chocolate,EAE5E6,0.174,white,white,3B261B,0.138,brown,espresso,low,stable,cutout_flat,content/catalogue/review/B022-P018c5-cut.webp,good,,cell 6 of the listing grid B022-P018,,,,,,,,B022-P018,0,photo,listing grid caption
B022-P018-C6,B022,de.maxmara.com,mono-brand,,aus Spaitleder mit Niet,mixed,mixed,3,3,cell of a listing grid,,1,content/swipe/products/IMG_0306.png,MaxMara,guessed,recommend,aus Spaitleder mit Niet,given,,input needed,,input needed,,input needed,51301A,0.868,23.5,23.8,58.0,0.601,False,brown,chocolate,6E533D,0.08,brown,tobacco,D2C4BA,0.052,warm neutral,cream,low,stable,cutout_flat,content/catalogue/review/B022-P018c6-cut.webp,good,,cell 7 of the listing grid B022-P018,,,,,,,,B022-P018,0,photo,listing grid caption
B022-P018-C7,B022,de.maxmara.com,mono-brand,dress,zes Kleid aus Woll-Kaschmir-,mixed,mixed,3,3,cell of a listing grid,,1,content/swipe/products/IMG_0306.png,MaxMara,guessed,recommend,zes Kleid aus Woll-Kaschmir-,given,,input needed,"EUR 35,00",given,,input needed,B5A493,0.963,68.4,11.6,73.1,0.151,False,brown,tan,,,,,,,,,medium,stable,cutout_flat,content/catalogue/review/B022-P018c7-cut.webp,good,,cell 8 of the listing grid B022-P018,,,,,,,,B022-P018,0,photo,listing grid caption
B022-P018-C8,B022,de.maxmara.com,mono-brand,,"listing grid of coat, turtleneck, belt, bag, foulard, boots, dress",mixed,mixed,3,3,cell of a listing grid,,1,content/swipe/products/IMG_0306.png,MaxMara,guessed,recommend,,input needed,,input needed,,input needed,,input needed,CBB4A2,0.961,74.8,13.3,66.3,0.202,False,warm neutral,oatmeal,,,,,,,,,low,stable,cutout_flat,content/catalogue/review/B022-P018c8-cut.webp,good,,cell 9 of the listing grid B022-P018,,,,,,,,B022-P018,0,photo,listing grid caption
B022-P019-C0,B022,de.maxmara.com,mono-brand,,lektionen 4 Ania,mixed,mixed,3,3,cell of a listing grid,,1,content/swipe/products/IMG_0307.png,MaxMara,guessed,recommend,lektionen 4 Ania,given,,input needed,,input needed,,input needed,B0AFB2,0.691,71.6,1.7,303.1,0.032,True,grey,light grey,FCFCFC,0.266,white,white,,,,,medium,stable,cutout_flat,content/catalogue/review/B022-P019c0-cut.webp,good,,cell 1 of the listing grid B022-P019,,,,,,,,B022-P019,0,photo,listing grid caption
B022-P019-C1,B022,de.maxmara.com,mono-brand,,dung VY Farbe \,mixed,mixed,3,3,cell of a listing grid,,1,content/swipe/products/IMG_0307.png,MaxMara,guessed,recommend,dung VY Farbe \,given,,input needed,,input needed,,input needed,242424,1.0,14.2,0.0,158.2,0.0,True,black,black,,,,,,,,,medium,stable,cutout_flat,content/catalogue/review/B022-P019c1-cut.webp,good,,cell 2 of the listing grid B022-P019,,,,,,,,B022-P019,0,photo,listing grid caption
B022-P019-C2,B022,de.maxmara.com,mono-brand,,alien GréBe »,mixed,mixed,3,3,cell of a listing grid,,1,content/swipe/products/IMG_0307.png,MaxMara,guessed,recommend,alien GréBe »,given,,input needed,,input needed,,input needed,030303,0.83,0.8,0.0,158.2,0.0,True,black,black,C3C3C3,0.059,cool neutral,pale grey,838383,0.058,grey,mid grey,low,stable,cutout_flat,content/catalogue/review/B022-P019c2-cut.webp,good,,cell 3 of the listing grid B022-P019,,,,,,,,B022-P019,0,photo,listing grid caption
B022-P019-C3,B022,de.maxmara.com,mono-brand,,jorie V,mixed,mixed,3,3,cell of a listing grid,,1,content/swipe/products/IMG_0307.png,MaxMara,guessed,recommend,jorie V,given,,input needed,,input needed,,input needed,2E3234,0.574,20.5,2.2,236.6,0.128,True,grey,dark grey,040404,0.229,black,black,8D8F90,0.134,grey,mid grey,medium,stable,cutout_flat,content/catalogue/review/B022-P019c3-cut.webp,good,,cell 4 of the listing grid B022-P019,,,,,,,,B022-P019,0,photo,listing grid caption
B022-P019-C4,B022,de.maxmara.com,mono-brand,,ardigan aus Wolle und Kaschmir,mixed,mixed,3,3,cell of a listing grid,,1,content/swipe/products/IMG_0307.png,MaxMara,guessed,recommend,ardigan aus Wolle und Kaschmir,given,,input needed,"EUR 359,00",given,,input needed,CCB5A4,0.94,75.2,12.9,64.8,0.209,False,warm neutral,oatmeal,A4958A,0.06,warm neutral,oatmeal,,,,,low,stable,cutout_flat,content/catalogue/review/B022-P019c4-cut.webp,good,,cell 5 of the listing grid B022-P019,,,,,,,,B022-P019,0,photo,listing grid caption
B022-P019-C5,B022,de.maxmara.com,mono-brand,,us Wolle und Kaschmir,mixed,mixed,3,3,cell of a listing grid,,1,content/swipe/products/IMG_0307.png,MaxMara,guessed,recommend,us Wolle und Kaschmir,given,,input needed,,input needed,,input needed,D2BFB1,0.769,78.5,10.5,65.1,0.208,False,warm neutral,cream,B3A193,0.231,warm neutral,oatmeal,,,,,low,stable,cutout_flat,content/catalogue/review/B022-P019c5-cut.webp,good,,cell 6 of the listing grid B022-P019,,,,,,,,B022-P019,0,photo,listing grid caption
B022-P019-C6,B022,de.maxmara.com,mono-brand,,us Wolle und Kaschm,mixed,mixed,3,3,cell of a listing grid,,1,content/swipe/products/IMG_0307.png,MaxMara,guessed,recommend,us Wolle und Kaschm,given,,input needed,,input needed,,input needed,BCA897,0.897,70.1,12.3,68.6,0.152,False,brown,tan,D0C9C5,0.103,warm neutral,cream,,,,,medium,stable,cutout_flat,content/catalogue/review/B022-P019c6-cut.webp,good,,cell 7 of the listing grid B022-P019,,,,,,,,B022-P019,0,photo,listing grid caption
B022-P019-C7,B022,de.maxmara.com,mono-brand,,rgurtel mit Nieten,mixed,mixed,3,3,cell of a listing grid,,1,content/swipe/products/IMG_0307.png,MaxMara,guessed,recommend,rgurtel mit Nieten,given,,input needed,EUR 0,given,,input needed,DEC0A4,0.92,79.6,19.2,70.4,0.355,False,warm neutral,cream,72604E,0.08,brown,tobacco,,,,,medium,stable,cutout_flat,content/catalogue/review/B022-P019c7-cut.webp,good,,cell 8 of the listing grid B022-P019,,,,,,,,B022-P019,0,photo,listing grid caption
B022-P019-C8,B022,de.maxmara.com,mono-brand,layer,amantel aus Alpaka und \,mixed,mixed,3,3,cell of a listing grid,,1,content/swipe/products/IMG_0307.png,MaxMara,guessed,recommend,amantel aus Alpaka und \,given,,input needed,EUR 00,given,,input needed,5D2321,0.946,22.4,30.3,29.3,0.59,False,orange,rust,,,,,,,,,medium,stable,cutout_flat,content/catalogue/review/B022-P019c8-cut.webp,good,,cell 9 of the listing grid B022-P019,,,,,,,,B022-P019,0,photo,listing grid caption
B022-P019-C9,B022,de.maxmara.com,mono-brand,top,ragenpullover aus Wollgev,mixed,mixed,3,3,cell of a listing grid,,1,content/swipe/products/IMG_0307.png,MaxMara,guessed,recommend,ragenpullover aus Wollgev,given,,input needed,,input needed,,input needed,522321,0.918,20.5,24.8,28.6,0.512,False,grey,dark grey,D9D0D2,0.056,cool neutral,pale grey,,,,,medium,stable,cutout_flat,content/catalogue/review/B022-P019c9-cut.webp,good,,cell 10 of the listing grid B022-P019,,,,,,,,B022-P019,0,photo,listing grid caption
B022-P019-C10,B022,de.maxmara.com,mono-brand,layer,pelreihiger Blazer aus Wolle,mixed,mixed,3,3,cell of a listing grid,,1,content/swipe/products/IMG_0307.png,MaxMara,guessed,recommend,pelreihiger Blazer aus Wolle,given,,input needed,,input needed,,input needed,562A2B,0.889,23.0,22.1,22.9,0.447,False,red,oxblood,C8BBBD,0.067,grey,light grey,,,,,low,stable,cutout_flat,content/catalogue/review/B022-P019c10-cut.webp,good,,cell 11 of the listing grid B022-P019,,,,,,,,B022-P019,0,photo,listing grid caption
B022-P019-C11,B022,de.maxmara.com,mono-brand,,it weitem Bein aus V,mixed,mixed,3,3,cell of a listing grid,,1,content/swipe/products/IMG_0307.png,MaxMara,guessed,recommend,it weitem Bein aus V,given,,input needed,,input needed,,input needed,4E292A,0.977,21.5,18.7,21.8,0.395,False,red,oxblood,,,,,,,,,medium,stable,cutout_flat,content/catalogue/review/B022-P019c11-cut.webp,good,,cell 12 of the listing grid B022-P019,,,,,,,,B022-P019,0,photo,listing grid caption
B022-P020-C0,B022,de.maxmara.com,mono-brand,top,atshirt aus Woll-Kaschmir-,mixed,mixed,3,3,cell of a listing grid,,1,content/swipe/products/IMG_0308.png,MaxMara,guessed,recommend,atshirt aus Woll-Kaschmir-,given,,input needed,,input needed,,input needed,B08F76,0.898,61.8,20.0,64.0,0.262,False,brown,tan,AD9C8F,0.08,warm neutral,oatmeal,,,,,low,stable,cutout_flat,content/catalogue/review/B022-P020c0-cut.webp,good,,cell 1 of the listing grid B022-P020,,,,,,,,B022-P020,0,photo,listing grid caption
B022-P020-C1,B022,de.maxmara.com,mono-brand,bottom,yhose aus Wolle und,mixed,mixed,3,3,cell of a listing grid,,1,content/swipe/products/IMG_0308.png,MaxMara,guessed,recommend,yhose aus Wolle und,given,,input needed,,input needed,,input needed,B5937A,0.79,63.4,20.2,63.3,0.257,False,brown,tan,B8A597,0.107,warm neutral,oatmeal,E3DDDA,0.102,warm neutral,cream,low,stable,cutout_flat,content/catalogue/review/B022-P020c1-cut.webp,good,,cell 2 of the listing grid B022-P020,,,,,,,,B022-P020,0,photo,listing grid caption
B022-P020-C2,B022,de.maxmara.com,mono-brand,,aus Woll-Kaschmir-Jerse,mixed,mixed,3,3,cell of a listing grid,,1,content/swipe/products/IMG_0308.png,MaxMara,guessed,recommend,aus Woll-Kaschmir-Jerse,given,,input needed,EUR 10,given,,input needed,635247,0.786,36.3,10.5,60.4,0.195,False,brown,tobacco,7E736C,0.122,warm neutral,stone,AAA09B,0.092,warm neutral,oatmeal,low,stable,cutout_flat,content/catalogue/review/B022-P020c2-cut.webp,good,,cell 3 of the listing grid B022-P020,,,,,,,,B022-P020,0,photo,listing grid caption
B022-P020-C3,B022,de.maxmara.com,mono-brand,shoes,ge Handschuhe aus Wildleds,mixed,mixed,3,3,cell of a listing grid,,1,content/swipe/products/IMG_0308.png,MaxMara,guessed,recommend,ge Handschuhe aus Wildleds,given,,input needed,,input needed,,input needed,5B4839,0.926,32.2,13.3,64.9,0.284,False,brown,chocolate,70655E,0.052,warm neutral,taupe,,,,,low,stable,cutout_flat,content/catalogue/review/B022-P020c3-cut.webp,good,,cell 4 of the listing grid B022-P020,,,,,,,,B022-P020,0,photo,listing grid caption
B022-P020-C4,B022,de.maxmara.com,mono-brand,layer,versize-Blazer aus doppeltem,mixed,mixed,3,3,cell of a listing grid,,1,content/swipe/products/IMG_0308.png,MaxMara,guessed,recommend,versize-Blazer aus doppeltem,given,,input needed,,input needed,,input needed,6A625D,0.558,42.1,4.6,60.9,0.077,True,warm neutral,taupe,564D48,0.328,warm neutral,taupe,352A26,0.109,brown,espresso,medium,stable,cutout_flat,content/catalogue/review/B022-P020c4-cut.webp,good,,cell 5 of the listing grid B022-P020,,,,,,,,B022-P020,0,photo,listing grid caption
B022-P020-C5,B022,de.maxmara.com,mono-brand,top,ragenpullover aus Wollgev,mixed,mixed,3,3,cell of a listing grid,,1,content/swipe/products/IMG_0308.png,MaxMara,guessed,recommend,ragenpullover aus Wollgev,given,,input needed,,input needed,,input needed,514341,0.921,29.8,6.6,31.5,0.106,True,warm neutral,taupe,,,,,,,,,medium,stable,cutout_flat,content/catalogue/review/B022-P020c5-cut.webp,good,,cell 6 of the listing grid B022-P020,,,,,,,,B022-P020,0,photo,listing grid caption
B022-P020-C6,B022,de.maxmara.com,mono-brand,bottom,zer Rock aus Filzwolle,mixed,mixed,3,3,cell of a listing grid,,1,content/swipe/products/IMG_0308.png,MaxMara,guessed,recommend,zer Rock aus Filzwolle,given,,input needed,,input needed,,input needed,615856,0.974,38.2,4.1,37.3,0.052,True,warm neutral,taupe,,,,,,,,,medium,stable,cutout_flat,content/catalogue/review/B022-P020c6-cut.webp,good,,cell 7 of the listing grid B022-P020,,,,,,,,B022-P020,0,photo,listing grid caption
B022-P020-C7,B022,de.maxmara.com,mono-brand,bag,ne Handtasche aus Spaltled,mixed,mixed,3,3,cell of a listing grid,,1,content/swipe/products/IMG_0308.png,MaxMara,guessed,recommend,ne Handtasche aus Spaltled,given,,input needed,,input needed,,input needed,63564C,0.867,37.5,8.5,65.6,0.165,False,brown,tobacco,332B24,0.096,brown,espresso,,,,,medium,stable,cutout_flat,content/catalogue/review/B022-P020c7-cut.webp,good,,cell 8 of the listing grid B022-P020,,,,,,,,B022-P020,0,photo,listing grid caption
B022-P020-C8,B022,de.maxmara.com,mono-brand,,"listing grid of sweatshirt, joggers, dress, gloves, blazer, skirt, bag",mixed,mixed,3,3,cell of a listing grid,,1,content/swipe/products/IMG_0308.png,MaxMara,guessed,recommend,,input needed,,input needed,,input needed,,input needed,5F5452,0.789,36.7,5.0,34.3,0.067,True,warm neutral,taupe,423733,0.208,warm neutral,taupe,,,,,medium,stable,cutout_flat,content/catalogue/review/B022-P020c8-cut.webp,good,,cell 9 of the listing grid B022-P020,,,,,,,,B022-P020,0,photo,listing grid caption
B022-P020-C9,B022,de.maxmara.com,mono-brand,,"listing grid of sweatshirt, joggers, dress, gloves, blazer, skirt, bag",mixed,mixed,3,3,cell of a listing grid,,1,content/swipe/products/IMG_0308.png,MaxMara,guessed,recommend,,input needed,,input needed,,input needed,,input needed,3F2E27,0.429,20.7,10.0,48.8,0.247,False,brown,espresso,564944,0.299,warm neutral,taupe,E1E2E5,0.233,cool neutral,pale grey,low,stable,cutout_flat,content/catalogue/review/B022-P020c9-cut.webp,good,,cell 10 of the listing grid B022-P020,,,,,,,,B022-P020,0,photo,listing grid caption
B022-P021-C0,B022,de.maxmara.com,mono-brand,layer,ersize-Mantel aus Kamelhaar u,mixed,mixed,3,3,cell of a listing grid,,1,content/swipe/products/IMG_0309.png,MaxMara,guessed,recommend,ersize-Mantel aus Kamelhaar u,given,,input needed,"EUR 355,00",given,,input needed,594E4C,0.807,34.2,5.1,34.3,0.072,True,warm neutral,taupe,3F3432,0.193,warm neutral,taupe,,,,,medium,stable,cutout_flat,content/catalogue/review/B022-P021c0-cut.webp,good,,cell 1 of the listing grid B022-P021,,,,,,,,B022-P021,0,photo,listing grid caption
B022-P021-C1,B022,de.maxmara.com,mono-brand,layer,rsize-Mantel aus Kamelhaar,mixed,mixed,3,3,cell of a listing grid,,1,content/swipe/products/IMG_0309.png,MaxMara,guessed,recommend,rsize-Mantel aus Kamelhaar,given,,input needed,"EUR 55,00",given,,input needed,524745,0.995,31.2,5.2,34.3,0.078,True,warm neutral,taupe,,,,,,,,,medium,stable,cutout_flat,content/catalogue/review/B022-P021c1-cut.webp,good,,cell 2 of the listing grid B022-P021,,,,,,,,B022-P021,0,photo,listing grid caption
B022-P021-C2,B022,de.maxmara.com,mono-brand,,aus Spaltleder mit Nieté,mixed,mixed,3,3,cell of a listing grid,,1,content/swipe/products/IMG_0309.png,MaxMara,guessed,recommend,aus Spaltleder mit Nieté,given,,input needed,,input needed,,input needed,32271E,0.946,16.6,8.6,66.0,0.322,False,brown,espresso,,,,,,,,,medium,stable,cutout_flat,content/catalogue/review/B022-P021c2-cut.webp,good,,cell 3 of the listing grid B022-P021,,,,,,,,B022-P021,0,photo,listing grid caption
B022-P021-C3,B022,de.maxmara.com,mono-brand,,spiegelte Sonnenbrille,mixed,mixed,3,3,cell of a listing grid,,1,content/swipe/products/IMG_0309.png,MaxMara,guessed,recommend,spiegelte Sonnenbrille,given,,input needed,"EUR 1,00",given,,input needed,4D423E,0.74,29.0,5.7,46.6,0.102,True,warm neutral,taupe,433027,0.187,brown,espresso,73655C,0.074,warm neutral,taupe,low,stable,cutout_flat,content/catalogue/review/B022-P021c3-cut.webp,good,,cell 4 of the listing grid B022-P021,,,,,,,,B022-P021,0,photo,listing grid caption
B022-P021-C4,B022,de.maxmara.com,mono-brand,top,over in Rippenstrick aus Woll,mixed,mixed,3,3,cell of a listing grid,,1,content/swipe/products/IMG_0309.png,MaxMara,guessed,recommend,over in Rippenstrick aus Woll,given,,input needed,,input needed,,input needed,584A45,0.723,32.7,7.2,46.1,0.114,True,warm neutral,taupe,392821,0.208,brown,espresso,968E8C,0.069,warm neutral,stone,low,stable,cutout_flat,content/catalogue/review/B022-P021c4-cut.webp,good,,cell 5 of the listing grid B022-P021,,,,,,,,B022-P021,0,photo,listing grid caption
B022-P021-C5,B022,de.maxmara.com,mono-brand,,lard aus Wildleder,mixed,mixed,3,3,cell of a listing grid,,1,content/swipe/products/IMG_0309.png,MaxMara,guessed,recommend,lard aus Wildleder,given,,input needed,EUR 00,given,,input needed,251C14,0.907,11.1,7.7,67.7,0.427,False,brown,espresso,EBEBEC,0.073,white,white,,,,,medium,stable,cutout_flat,content/catalogue/review/B022-P021c5-cut.webp,good,,cell 6 of the listing grid B022-P021,,,,,,,,B022-P021,0,photo,listing grid caption
B022-P021-C6,B022,de.maxmara.com,mono-brand,layer,\pia Jacke aus Wollbatavia,mixed,mixed,3,3,cell of a listing grid,,1,content/swipe/products/IMG_0309.png,MaxMara,guessed,recommend,\pia Jacke aus Wollbatavia,given,,input needed,EUR 0,given,,input needed,5F5045,0.768,35.2,9.8,63.9,0.195,False,brown,tobacco,3A2C23,0.158,brown,espresso,ADA5A2,0.074,warm neutral,oatmeal,low,stable,cutout_flat,content/catalogue/review/B022-P021c6-cut.webp,good,,cell 7 of the listing grid B022-P021,,,,,,,,B022-P021,0,photo,listing grid caption
B022-P021-C7,B022,de.maxmara.com,mono-brand,,IGANGE - RUNWAY,mixed,mixed,3,3,cell of a listing grid,,1,content/swipe/products/IMG_0309.png,MaxMara,guessed,recommend,IGANGE - RUNWAY,given,,input needed,,input needed,,input needed,564843,0.794,31.8,7.2,46.1,0.117,True,warm neutral,taupe,3B2F2A,0.161,brown,espresso,,,,,low,stable,cutout_flat,content/catalogue/review/B022-P021c7-cut.webp,good,,cell 8 of the listing grid B022-P021,,,,,,,,B022-P021,0,photo,listing grid caption
B022-P021-C8,B022,de.maxmara.com,mono-brand,dress,Kurzes Kleid aus Wollflanell,mixed,mixed,3,3,cell of a listing grid,,1,content/swipe/products/IMG_0309.png,MaxMara,guessed,recommend,Kurzes Kleid aus Wollflanell,given,,input needed,"EUR 1.255,00",given,,input needed,413634,0.99,23.7,5.4,34.4,0.097,True,warm neutral,taupe,,,,,,,,,medium,stable,cutout_flat,content/catalogue/review/B022-P021c8-cut.webp,good,,"cell 9 of the listing grid B022-P021; label ""NEUZUGANGE - RUNWAY 9""",,,,,,,,B022-P021,0,photo,listing grid caption
B022-P021-C9,B022,de.maxmara.com,mono-brand,,"listing grid of coat, jumper, boots, sunglasses, blazer, trousers, dress",mixed,mixed,3,3,cell of a listing grid,,1,content/swipe/products/IMG_0309.png,MaxMara,guessed,recommend,,input needed,,input needed,,input needed,,input needed,473E3C,0.992,27.0,4.4,37.3,0.07,True,warm neutral,taupe,,,,,,,,,medium,stable,cutout_flat,content/catalogue/review/B022-P021c9-cut.webp,good,,cell 10 of the listing grid B022-P021,,,,,,,,B022-P021,0,photo,listing grid caption
B022-P022-C0,B022,de.maxmara.com,mono-brand,,listing grid with lookbook shot plus cashmere knits and skirts,mixed,mixed,3,3,cell of a listing grid,,1,content/swipe/products/IMG_0310.png,MAX MARA,guessed,recommend,,input needed,,input needed,,input needed,,input needed,3C080A,0.691,10.2,27.7,25.3,0.824,False,brown,espresso,1B0303,0.178,red,oxblood,694321,0.117,warm neutral,taupe,medium,stable,cutout_flat,content/catalogue/review/B022-P022c0-cut.webp,good,,cell 1 of the listing grid B022-P022,,,,,,,,B022-P022,0,photo,listing grid caption
B022-P022-C1,B022,de.maxmara.com,mono-brand,,listing grid with lookbook shot plus cashmere knits and skirts,mixed,mixed,3,3,cell of a listing grid,,1,content/swipe/products/IMG_0310.png,MAX MARA,guessed,recommend,,input needed,,input needed,,input needed,,input needed,3A0609,0.841,9.4,27.5,23.6,0.855,False,red,oxblood,250505,0.1,red,oxblood,825B36,0.06,yellow,ochre,medium,stable,cutout_flat,content/catalogue/review/B022-P022c1-cut.webp,good,,cell 2 of the listing grid B022-P022,,,,,,,,B022-P022,0,photo,listing grid caption
B022-P022-C2,B022,de.maxmara.com,mono-brand,,ishmere yarn high-neck sweate,mixed,mixed,3,3,cell of a listing grid,,1,content/swipe/products/IMG_0310.png,MAX MARA,guessed,recommend,ishmere yarn high-neck sweate,given,,input needed,,input needed,,input needed,56211A,0.993,20.6,29.4,35.1,0.567,False,orange,rust,,,,,,,,,medium,stable,cutout_flat,content/catalogue/review/B022-P022c2-cut.webp,good,,cell 3 of the listing grid B022-P022,,,,,,,,B022-P022,0,photo,listing grid caption
B022-P022-C3,B022,de.maxmara.com,mono-brand,bottom,shmere yarn skirt,mixed,mixed,3,3,cell of a listing grid,,1,content/swipe/products/IMG_0310.png,MAX MARA,guessed,recommend,shmere yarn skirt,given,,input needed,,input needed,,input needed,501F17,0.989,19.0,27.9,36.7,0.574,False,brown,espresso,,,,,,,,,medium,stable,cutout_flat,content/catalogue/review/B022-P022c3-cut.webp,good,,cell 4 of the listing grid B022-P022,,,,,,,,B022-P022,0,photo,listing grid caption
B022-P022-C4,B022,de.maxmara.com,mono-brand,,listing grid with lookbook shot plus cashmere knits and skirts,mixed,mixed,3,3,cell of a listing grid,,1,content/swipe/products/IMG_0310.png,MAX MARA,guessed,recommend,,input needed,,input needed,,input needed,,input needed,300309,0.996,6.4,23.7,15.7,0.893,False,red,oxblood,,,,,,,,,medium,stable,cutout_flat,content/catalogue/review/B022-P022c4-cut.webp,good,,cell 5 of the listing grid B022-P022,,,,,,,,B022-P022,0,photo,listing grid caption
B022-P022-C5,B022,de.maxmara.com,mono-brand,,listing grid with lookbook shot plus cashmere knits and skirts,mixed,mixed,3,3,cell of a listing grid,,1,content/swipe/products/IMG_0310.png,MAX MARA,guessed,recommend,,input needed,,input needed,,input needed,,input needed,55381A,1.0,26.3,25.4,68.2,0.65,False,brown,chocolate,,,,,,,,,medium,stable,cutout_flat,content/catalogue/review/B022-P022c5-cut.webp,good,,cell 6 of the listing grid B022-P022,,,,,,,,B022-P022,0,photo,listing grid caption
B022-P022-C6,B022,de.maxmara.com,mono-brand,top,shmere yarn sweater,mixed,mixed,3,3,cell of a listing grid,,1,content/swipe/products/IMG_0310.png,MAX MARA,guessed,recommend,shmere yarn sweater,given,,input needed,,input needed,,input needed,53221C,0.944,20.3,26.9,34.0,0.53,False,brown,espresso,,,,,,,,,medium,stable,cutout_flat,content/catalogue/review/B022-P022c6-cut.webp,good,,cell 7 of the listing grid B022-P022,,,,,,,,B022-P022,0,photo,listing grid caption
B022-P022-C7,B022,de.maxmara.com,mono-brand,bottom,d cashmere foule skirt,mixed,mixed,3,3,cell of a listing grid,,1,content/swipe/products/IMG_0310.png,MAX MARA,guessed,recommend,d cashmere foule skirt,given,,input needed,"EUR 1,00",given,,input needed,5A251B,1.0,22.2,29.9,38.0,0.548,False,orange,rust,,,,,,,,,low,stable,cutout_flat,content/catalogue/review/B022-P022c7-cut.webp,good,,cell 8 of the listing grid B022-P022,,,,,,,,B022-P022,0,photo,listing grid caption
B022-P022-C8,B022,de.maxmara.com,mono-brand,,listing grid with lookbook shot plus cashmere knits and skirts,mixed,mixed,3,3,cell of a listing grid,,1,content/swipe/products/IMG_0310.png,MAX MARA,guessed,recommend,,input needed,,input needed,,input needed,,input needed,441E16,0.867,16.6,22.3,38.5,0.547,False,brown,espresso,27100A,0.12,brown,espresso,,,,,medium,stable,cutout_flat,content/catalogue/review/B022-P022c8-cut.webp,good,,cell 9 of the listing grid B022-P022,,,,,,,,B022-P022,0,photo,listing grid caption
B022-P022-C9,B022,de.maxmara.com,mono-brand,,listing grid with lookbook shot plus cashmere knits and skirts,mixed,mixed,3,3,cell of a listing grid,,1,content/swipe/products/IMG_0310.png,MAX MARA,guessed,recommend,,input needed,,input needed,,input needed,,input needed,602421,0.861,23.2,31.4,30.4,0.594,False,orange,rust,E0D5D5,0.12,cool neutral,pale grey,,,,,low,stable,cutout_flat,content/catalogue/review/B022-P022c9-cut.webp,good,,cell 10 of the listing grid B022-P022,,,,,,,,B022-P022,0,photo,listing grid caption
B022-P022-C10,B022,de.maxmara.com,mono-brand,,listing grid with lookbook shot plus cashmere knits and skirts,mixed,mixed,3,3,cell of a listing grid,,1,content/swipe/products/IMG_0310.png,MAX MARA,guessed,recommend,,input needed,,input needed,,input needed,,input needed,5E2619,1.0,23.1,32.3,40.4,0.606,False,orange,rust,,,,,,,,,low,stable,cutout_flat,content/catalogue/review/B022-P022c10-cut.webp,good,,cell 11 of the listing grid B022-P022,,,,,,,,B022-P022,0,photo,listing grid caption
B023-P001-C0,B023,de.maxmara.com,mono-brand,layer,imilla Icon Coat,mixed,mixed,3,3,cell of a listing grid,,1,content/swipe/products/IMG_0311.png,MAX MARA,guessed,recommend,imilla Icon Coat,given,,input needed,"EUR 99,00",given,,input needed,411C13,0.985,15.5,22.3,40.2,0.608,False,brown,espresso,,,,,,,,,medium,stable,cutout_flat,content/catalogue/review/B023-P001c0-cut.webp,good,,cell 1 of the listing grid B023-P001,,,,,,,,B023-P001,0,photo,listing grid caption
B023-P001-C1,B023,de.maxmara.com,mono-brand,top,hmere yarn polo-neck sweat,mixed,mixed,3,3,cell of a listing grid,,1,content/swipe/products/IMG_0311.png,MAX MARA,guessed,recommend,hmere yarn polo-neck sweat,given,,input needed,,input needed,,input needed,602320,0.598,23.0,32.0,30.6,0.608,False,orange,rust,E6E5E8,0.301,white,white,CCBEBE,0.101,cool neutral,pale grey,low,stable,cutout_flat,content/catalogue/review/B023-P001c1-cut.webp,good,,cell 2 of the listing grid B023-P001,,,,,,,,B023-P001,0,photo,listing grid caption
B023-P001-C2,B023,de.maxmara.com,mono-brand,bottom,shmere foule trouser:,mixed,mixed,3,3,cell of a listing grid,,1,content/swipe/products/IMG_0311.png,MAX MARA,guessed,recommend,shmere foule trouser:,given,,input needed,,input needed,,input needed,66231B,0.971,24.0,36.3,35.4,0.639,False,orange,rust,,,,,,,,,low,stable,cutout_flat,content/catalogue/review/B023-P001c2-cut.webp,good,,cell 3 of the listing grid B023-P001,,,,,,,,B023-P001,0,photo,listing grid caption
B023-P001-C3,B023,de.maxmara.com,mono-brand,top,shmere foule shirt,mixed,mixed,3,3,cell of a listing grid,,1,content/swipe/products/IMG_0311.png,MAX MARA,guessed,recommend,shmere foule shirt,given,,input needed,,input needed,,input needed,5F281A,1.0,23.8,31.9,41.4,0.598,False,orange,rust,,,,,,,,,low,stable,cutout_flat,content/catalogue/review/B023-P001c3-cut.webp,good,,cell 4 of the listing grid B023-P001,,,,,,,,B023-P001,0,photo,listing grid caption
B023-P001-C4,B023,de.maxmara.com,mono-brand,top,shmere yarn shirt-cut cardigé,mixed,mixed,3,3,cell of a listing grid,,1,content/swipe/products/IMG_0311.png,MAX MARA,guessed,recommend,shmere yarn shirt-cut cardigé,given,,input needed,"EUR 5,00",given,,input needed,B7ABA5,0.911,70.8,5.7,54.9,0.089,True,warm neutral,oatmeal,A0918A,0.089,warm neutral,stone,,,,,low,stable,cutout_flat,content/catalogue/review/B023-P001c4-cut.webp,good,,cell 5 of the listing grid B023-P001,,,,,,,,B023-P001,0,photo,listing grid caption
B023-P001-C5,B023,de.maxmara.com,mono-brand,bottom,shmere foule trouser,mixed,mixed,3,3,cell of a listing grid,,1,content/swipe/products/IMG_0311.png,MAX MARA,guessed,recommend,shmere foule trouser,given,,input needed,,input needed,,input needed,A59585,0.935,62.7,11.1,73.1,0.155,False,brown,tan,BDB7B2,0.065,warm neutral,oatmeal,,,,,medium,stable,cutout_flat,content/catalogue/review/B023-P001c5-cut.webp,good,,cell 6 of the listing grid B023-P001,,,,,,,,B023-P001,0,photo,listing grid caption
B023-P001-C6,B023,de.maxmara.com,mono-brand,,"listing grid of coat, sweaters, trousers, shirt, cardigan",mixed,mixed,3,3,cell of a listing grid,,1,content/swipe/products/IMG_0311.png,MAX MARA,guessed,recommend,,input needed,,input needed,,input needed,,input needed,3D1C07,0.868,14.6,23.8,53.1,0.865,False,brown,espresso,1C0502,0.132,brown,espresso,,,,,medium,stable,cutout_flat,content/catalogue/review/B023-P001c6-cut.webp,good,,cell 7 of the listing grid B023-P001,,,,,,,,B023-P001,0,photo,listing grid caption
B023-P001-C7,B023,de.maxmara.com,mono-brand,,"listing grid of coat, sweaters, trousers, shirt, cardigan",mixed,mixed,3,3,cell of a listing grid,,1,content/swipe/products/IMG_0311.png,MAX MARA,guessed,recommend,,input needed,,input needed,,input needed,,input needed,150403,0.448,2.3,5.7,23.4,0.64,False,black,off-black,381807,0.345,brown,espresso,250C03,0.207,brown,espresso,low,stable,cutout_flat,content/catalogue/review/B023-P001c7-cut.webp,good,,cell 8 of the listing grid B023-P001,,,,,,,,B023-P001,0,photo,listing grid caption
B023-P001-C8,B023,de.maxmara.com,mono-brand,,"listing grid of coat, sweaters, trousers, shirt, cardigan",mixed,mixed,3,3,cell of a listing grid,,1,content/swipe/products/IMG_0311.png,MAX MARA,guessed,recommend,,input needed,,input needed,,input needed,,input needed,B6A99E,0.82,70.0,7.9,69.3,0.098,True,warm neutral,oatmeal,8B8075,0.156,warm neutral,stone,,,,,medium,stable,cutout_flat,content/catalogue/review/B023-P001c8-cut.webp,good,,cell 9 of the listing grid B023-P001,,,,,,,,B023-P001,0,photo,listing grid caption
B023-P001-C9,B023,de.maxmara.com,mono-brand,,"listing grid of coat, sweaters, trousers, shirt, cardigan",mixed,mixed,3,3,cell of a listing grid,,1,content/swipe/products/IMG_0311.png,MAX MARA,guessed,recommend,,input needed,,input needed,,input needed,,input needed,B69D89,0.914,66.4,15.1,66.4,0.192,False,brown,tan,B9AFA6,0.086,warm neutral,oatmeal,,,,,medium,stable,cutout_flat,content/catalogue/review/B023-P001c9-cut.webp,good,,cell 10 of the listing grid B023-P001,,,,,,,,B023-P001,0,photo,listing grid caption
B023-P001-C10,B023,de.maxmara.com,mono-brand,,"listing grid of coat, sweaters, trousers, shirt, cardigan",mixed,mixed,3,3,cell of a listing grid,,1,content/swipe/products/IMG_0311.png,MAX MARA,guessed,recommend,,input needed,,input needed,,input needed,,input needed,FBF9F7,0.819,98.0,1.2,75.2,0.295,False,white,white,B7B4B0,0.08,warm neutral,oatmeal,737271,0.051,warm neutral,stone,low,stable,cutout_flat,content/catalogue/review/B023-P001c10-cut.webp,good,,cell 11 of the listing grid B023-P001,,,,,,,,B023-P001,0,photo,listing grid caption
B023-P001-C11,B023,de.maxmara.com,mono-brand,,"listing grid of coat, sweaters, trousers, shirt, cardigan",mixed,mixed,3,3,cell of a listing grid,,1,content/swipe/products/IMG_0311.png,MAX MARA,guessed,recommend,,input needed,,input needed,,input needed,,input needed,FCFBF8,0.876,98.6,1.6,97.0,0.24,False,white,white,C0BFBD,0.053,warm neutral,oatmeal,,,,,low,stable,cutout_flat,content/catalogue/review/B023-P001c11-cut.webp,good,,cell 12 of the listing grid B023-P001,,,,,,,,B023-P001,0,photo,listing grid caption
B023-P002-C0,B023,de.maxmara.com,mono-brand,,aban aus Wolle,mixed,mixed,3,3,cell of a listing grid,,1,content/swipe/products/IMG_0312.png,'S MAX MARA,guessed,not filed,aban aus Wolle,given,,input needed,,input needed,,input needed,401315,0.965,13.3,24.3,24.8,0.647,False,red,oxblood,,,,,,,,,medium,stable,cutout_flat,content/catalogue/review/B023-P002c0-cut.webp,good,,cell 1 of the listing grid B023-P002,,,,,,,,B023-P002,0,photo,listing grid caption
B023-P002-C1,B023,de.maxmara.com,mono-brand,,chgeschlossene Bluse aus Sa,mixed,mixed,3,3,cell of a listing grid,,1,content/swipe/products/IMG_0312.png,'S MAX MARA,guessed,not filed,chgeschlossene Bluse aus Sa,given,,input needed,,input needed,,input needed,572524,0.686,21.9,25.9,27.1,0.522,False,grey,dark grey,311313,0.28,red,oxblood,,,,,medium,stable,cutout_flat,content/catalogue/review/B023-P002c1-cut.webp,good,,cell 2 of the listing grid B023-P002,,,,,,,,B023-P002,0,photo,listing grid caption
B023-P002-C2,B023,de.maxmara.com,mono-brand,bottom,ar Fit Hose aus beschict,mixed,mixed,3,3,cell of a listing grid,,1,content/swipe/products/IMG_0312.png,'S MAX MARA,guessed,not filed,ar Fit Hose aus beschict,given,,input needed,,input needed,,input needed,4C2325,0.817,19.5,21.0,21.3,0.47,False,red,oxblood,7C5E62,0.121,grey,mid grey,D7D0D2,0.062,cool neutral,pale grey,medium,stable,cutout_flat,content/catalogue/review/B023-P002c2-cut.webp,good,,cell 3 of the listing grid B023-P002,,,,,,,,B023-P002,0,photo,listing grid caption
B023-P002-C3,B023,de.maxmara.com,mono-brand,layer,di-Mantel aus Alpaka und Wolle,mixed,mixed,3,3,cell of a listing grid,,1,content/swipe/products/IMG_0312.png,'S MAX MARA,guessed,not filed,di-Mantel aus Alpaka und Wolle,given,,input needed,"EUR 15,00",given,,input needed,400C11,0.952,11.9,27.5,23.3,0.776,False,red,oxblood,,,,,,,,,medium,stable,cutout_flat,content/catalogue/review/B023-P002c3-cut.webp,good,,cell 4 of the listing grid B023-P002,,,,,,,,B023-P002,0,photo,listing grid caption
B023-P002-C4,B023,de.maxmara.com,mono-brand,,"listing grid of caban, satin blouse, trousers, coats, cardigan",mixed,mixed,3,3,cell of a listing grid,,1,content/swipe/products/IMG_0312.png,'S MAX MARA,guessed,not filed,,input needed,,input needed,,input needed,,input needed,131013,0.732,5.0,2.2,324.4,0.071,True,black,black,2E2B30,0.268,black,black,,,,,low,stable,cutout_flat,content/catalogue/review/B023-P002c4-cut.webp,good,,cell 5 of the listing grid B023-P002,,,,,,,,B023-P002,0,photo,listing grid caption
B023-P002-C5,B023,de.maxmara.com,mono-brand,,"listing grid of caban, satin blouse, trousers, coats, cardigan",mixed,mixed,3,3,cell of a listing grid,,1,content/swipe/products/IMG_0312.png,'S MAX MARA,guessed,not filed,,input needed,,input needed,,input needed,,input needed,161315,0.923,6.2,1.9,336.2,0.065,True,black,black,,,,,,,,,medium,stable,cutout_flat,content/catalogue/review/B023-P002c5-cut.webp,good,,cell 6 of the listing grid B023-P002,,,,,,,,B023-P002,0,photo,listing grid caption
B023-P002-C6,B023,de.maxmara.com,mono-brand,layer,di-Mantel aus Alpaka und Wolle,mixed,mixed,3,3,cell of a listing grid,,1,content/swipe/products/IMG_0312.png,'S MAX MARA,guessed,not filed,di-Mantel aus Alpaka und Wolle,given,,input needed,"EUR 5,00",given,,input needed,0F0F12,0.884,4.4,1.7,290.2,0.063,True,black,black,2A2A30,0.103,black,off-black,,,,,low,stable,cutout_flat,content/catalogue/review/B023-P002c6-cut.webp,good,,cell 7 of the listing grid B023-P002,,,,,,,,B023-P002,0,photo,listing grid caption
B023-P002-C7,B023,de.maxmara.com,mono-brand,layer,inger Cardigan aus Wollgarn,mixed,mixed,3,3,cell of a listing grid,,1,content/swipe/products/IMG_0312.png,'S MAX MARA,guessed,not filed,inger Cardigan aus Wollgarn,given,,input needed,"EUR 9,00",given,,input needed,1A191E,0.873,9.1,3.8,298.9,0.084,True,black,black,,,,,,,,,medium,stable,cutout_flat,content/catalogue/review/B023-P002c7-cut.webp,good,,cell 8 of the listing grid B023-P002,,,,,,,,B023-P002,0,photo,listing grid caption
B023-P002-C8,B023,de.maxmara.com,mono-brand,,"listing grid of caban, satin blouse, trousers, coats, cardigan",mixed,mixed,3,3,cell of a listing grid,,1,content/swipe/products/IMG_0312.png,'S MAX MARA,guessed,not filed,,input needed,,input needed,,input needed,,input needed,242020,0.827,12.7,2.0,19.9,0.057,True,black,black,403A37,0.173,warm neutral,taupe,,,,,medium,stable,cutout_flat,content/catalogue/review/B023-P002c8-cut.webp,good,,cell 9 of the listing grid B023-P002,,,,,,,,B023-P002,0,photo,listing grid caption
B023-P002-C9,B023,de.maxmara.com,mono-brand,,"listing grid of caban, satin blouse, trousers, coats, cardigan",mixed,mixed,3,3,cell of a listing grid,,1,content/swipe/products/IMG_0312.png,'S MAX MARA,guessed,not filed,,input needed,,input needed,,input needed,,input needed,292629,0.949,15.6,2.6,324.8,0.051,True,black,black,,,,,,,,,medium,stable,cutout_flat,content/catalogue/review/B023-P002c9-cut.webp,good,,cell 10 of the listing grid B023-P002,,,,,,,,B023-P002,0,photo,listing grid caption
B023-P002-C10,B023,de.maxmara.com,mono-brand,,"listing grid of caban, satin blouse, trousers, coats, cardigan",mixed,mixed,3,3,cell of a listing grid,,1,content/swipe/products/IMG_0312.png,'S MAX MARA,guessed,not filed,,input needed,,input needed,,input needed,,input needed,1D1B1F,0.625,10.1,3.1,309.5,0.05,True,black,black,FAF9F7,0.276,white,white,524E4D,0.054,warm neutral,taupe,medium,stable,cutout_flat,content/catalogue/review/B023-P002c10-cut.webp,good,,cell 11 of the listing grid B023-P002,,,,,,,,B023-P002,0,photo,listing grid caption
B023-P002-C11,B023,de.maxmara.com,mono-brand,,"listing grid of caban, satin blouse, trousers, coats, cardigan",mixed,mixed,3,3,cell of a listing grid,,1,content/swipe/products/IMG_0312.png,'S MAX MARA,guessed,not filed,,input needed,,input needed,,input needed,,input needed,25262B,0.524,15.2,3.5,283.7,0.113,True,black,black,FAFAF8,0.323,white,white,4D4E53,0.107,grey,dark grey,medium,stable,cutout_flat,content/catalogue/review/B023-P002c11-cut.webp,good,,cell 12 of the listing grid B023-P002,,,,,,,,B023-P002,0,photo,listing grid caption
B023-P003-C0,B023,de.maxmara.com,mono-brand,,aban aus Wolle,mixed,mixed,3,3,cell of a listing grid,,1,content/swipe/products/IMG_0313.png,'S MAX MARA,guessed,not filed,aban aus Wolle,given,,input needed,,input needed,,input needed,411316,0.971,13.5,24.6,23.5,0.656,False,red,oxblood,,,,,,,,,medium,stable,cutout_flat,content/catalogue/review/B023-P003c0-cut.webp,good,,cell 1 of the listing grid B023-P003,,,,,,,,B023-P003,0,photo,listing grid caption
B023-P003-C1,B023,de.maxmara.com,mono-brand,,chgeschlossene Bluse aus Sa,mixed,mixed,3,3,cell of a listing grid,,1,content/swipe/products/IMG_0313.png,'S MAX MARA,guessed,not filed,chgeschlossene Bluse aus Sa,given,,input needed,,input needed,,input needed,572424,0.689,21.6,26.3,26.0,0.538,False,grey,dark grey,311212,0.272,red,oxblood,,,,,medium,stable,cutout_flat,content/catalogue/review/B023-P003c1-cut.webp,good,,cell 2 of the listing grid B023-P003,,,,,,,,B023-P003,0,photo,listing grid caption
B023-P003-C2,B023,de.maxmara.com,mono-brand,bottom,ar Fit Hose aus beschict,mixed,mixed,3,3,cell of a listing grid,,1,content/swipe/products/IMG_0313.png,'S MAX MARA,guessed,not filed,ar Fit Hose aus beschict,given,,input needed,,input needed,,input needed,4B2224,0.823,19.1,21.1,21.4,0.478,False,red,oxblood,7C5F62,0.119,grey,mid grey,DBD5D7,0.058,cool neutral,pale grey,medium,stable,cutout_flat,content/catalogue/review/B023-P003c2-cut.webp,good,,cell 3 of the listing grid B023-P003,,,,,,,,B023-P003,0,photo,listing grid caption
B023-P003-C3,B023,de.maxmara.com,mono-brand,layer,idi-Mantel aus Alpaka und Wolle,mixed,mixed,3,3,cell of a listing grid,,1,content/swipe/products/IMG_0313.png,'S MAX MARA,guessed,not filed,idi-Mantel aus Alpaka und Wolle,given,,input needed,"EUR 15,00",given,,input needed,400C11,0.954,11.9,27.5,23.3,0.776,False,red,oxblood,,,,,,,,,medium,stable,cutout_flat,content/catalogue/review/B023-P003c3-cut.webp,good,,cell 4 of the listing grid B023-P003,,,,,,,,B023-P003,0,photo,listing grid caption
B023-P003-C4,B023,de.maxmara.com,mono-brand,,"listing grid of caban, satin blouse, trousers, coats, cardigan",mixed,mixed,3,3,cell of a listing grid,,1,content/swipe/products/IMG_0313.png,'S MAX MARA,guessed,not filed,,input needed,,input needed,,input needed,,input needed,151215,0.708,5.8,2.4,324.4,0.07,True,black,black,2C292F,0.292,black,off-black,,,,,low,stable,cutout_flat,content/catalogue/review/B023-P003c4-cut.webp,good,,cell 5 of the listing grid B023-P003,,,,,,,,B023-P003,0,photo,listing grid caption
B023-P003-C5,B023,de.maxmara.com,mono-brand,,"listing grid of caban, satin blouse, trousers, coats, cardigan",mixed,mixed,3,3,cell of a listing grid,,1,content/swipe/products/IMG_0313.png,'S MAX MARA,guessed,not filed,,input needed,,input needed,,input needed,,input needed,161416,0.925,6.6,1.7,324.4,0.047,True,black,black,,,,,,,,,medium,stable,cutout_flat,content/catalogue/review/B023-P003c5-cut.webp,good,,cell 6 of the listing grid B023-P003,,,,,,,,B023-P003,0,photo,listing grid caption
B023-P003-C6,B023,de.maxmara.com,mono-brand,layer,di-Mantel aus Alpaka und Wolle,mixed,mixed,3,3,cell of a listing grid,,1,content/swipe/products/IMG_0313.png,'S MAX MARA,guessed,not filed,di-Mantel aus Alpaka und Wolle,given,,input needed,"EUR 5,00",given,,input needed,0F0F11,0.873,4.4,1.1,290.2,0.041,True,black,black,27282E,0.113,black,off-black,,,,,low,stable,cutout_flat,content/catalogue/review/B023-P003c6-cut.webp,good,,cell 7 of the listing grid B023-P003,,,,,,,,B023-P003,0,photo,listing grid caption
B023-P003-C7,B023,de.maxmara.com,mono-brand,layer,nger Cardigan aus Wollgarn,mixed,mixed,3,3,cell of a listing grid,,1,content/swipe/products/IMG_0313.png,'S MAX MARA,guessed,not filed,nger Cardigan aus Wollgarn,given,,input needed,"EUR 9,00",given,,input needed,1A191E,0.878,9.1,3.8,298.9,0.084,True,black,black,,,,,,,,,medium,stable,cutout_flat,content/catalogue/review/B023-P003c7-cut.webp,good,,cell 8 of the listing grid B023-P003,,,,,,,,B023-P003,0,photo,listing grid caption
B023-P003-C8,B023,de.maxmara.com,mono-brand,,"listing grid of caban, satin blouse, trousers, coats, cardigan",mixed,mixed,3,3,cell of a listing grid,,1,content/swipe/products/IMG_0313.png,'S MAX MARA,guessed,not filed,,input needed,,input needed,,input needed,,input needed,29282A,0.789,16.3,1.5,309.2,0.019,True,black,black,0D0B0E,0.211,black,black,,,,,medium,stable,cutout_flat,content/catalogue/review/B023-P003c8-cut.webp,good,,cell 9 of the listing grid B023-P003,,,,,,,,B023-P003,0,photo,listing grid caption
B023-P003-C9,B023,de.maxmara.com,mono-brand,,"listing grid of caban, satin blouse, trousers, coats, cardigan",mixed,mixed,3,3,cell of a listing grid,,1,content/swipe/products/IMG_0313.png,'S MAX MARA,guessed,not filed,,input needed,,input needed,,input needed,,input needed,2D2B2D,0.907,17.8,1.7,324.6,0.031,True,black,black,DFBB9F,0.056,warm neutral,cream,,,,,medium,stable,cutout_flat,content/catalogue/review/B023-P003c9-cut.webp,good,,cell 10 of the listing grid B023-P003,,,,,,,,B023-P003,0,photo,listing grid caption
B023-P003-C10,B023,de.maxmara.com,mono-brand,,"listing grid of caban, satin blouse, trousers, coats, cardigan",mixed,mixed,3,3,cell of a listing grid,,1,content/swipe/products/IMG_0313.png,'S MAX MARA,guessed,not filed,,input needed,,input needed,,input needed,,input needed,1B1A1F,0.901,9.6,3.8,298.8,0.082,True,black,black,332628,0.051,red,oxblood,,,,,medium,stable,cutout_flat,content/catalogue/review/B023-P003c10-cut.webp,good,,cell 11 of the listing grid B023-P003,,,,,,,,B023-P003,0,photo,listing grid caption
B023-P003-C11,B023,de.maxmara.com,mono-brand,,"listing grid of caban, satin blouse, trousers, coats, cardigan",mixed,mixed,3,3,cell of a listing grid,,1,content/swipe/products/IMG_0313.png,'S MAX MARA,guessed,not filed,,input needed,,input needed,,input needed,,input needed,2F3035,0.884,19.9,3.4,283.4,0.096,True,grey,dark grey,5D5E63,0.072,grey,mid grey,,,,,medium,stable,cutout_flat,content/catalogue/review/B023-P003c11-cut.webp,good,,cell 12 of the listing grid B023-P003,,,,,,,,B023-P003,0,photo,listing grid caption
B023-P004-C0,B023,de.maxmara.com,mono-brand,,MAX « FASHION SHOW,"satin, jersey, chiffon, wool",mixed,2,4,cell of a listing grid,,1,content/swipe/products/IMG_0314.png,SPORTMAX,guessed,not filed,MAX « FASHION SHOW,given,,input needed,,input needed,,input needed,28272B,0.631,15.9,2.9,300.4,0.046,True,black,black,0E0D10,0.357,black,black,,,,,medium,stable,cutout_flat,content/catalogue/review/B023-P004c0-cut.webp,good,,cell 1 of the listing grid B023-P004,,,,,,,,B023-P004,0,photo,listing grid caption
B023-P004-C1,B023,de.maxmara.com,mono-brand,,is Cady mit Rickseit,"satin, jersey, chiffon, wool",mixed,2,4,cell of a listing grid,,1,content/swipe/products/IMG_0314.png,SPORTMAX,guessed,not filed,is Cady mit Rickseit,given,,input needed,,input needed,,input needed,231E1D,0.911,11.8,2.7,35.7,0.086,True,black,black,3B312D,0.077,warm neutral,taupe,,,,,medium,stable,cutout_flat,content/catalogue/review/B023-P004c1-cut.webp,good,,cell 2 of the listing grid B023-P004,,,,,,,,B023-P004,0,photo,listing grid caption
B023-P004-C2,B023,de.maxmara.com,mono-brand,dress,5 Kleid aus Viskosegew,"satin, jersey, chiffon, wool",mixed,2,4,cell of a listing grid,,1,content/swipe/products/IMG_0314.png,SPORTMAX,guessed,not filed,5 Kleid aus Viskosegew,given,,input needed,,input needed,,input needed,151518,0.886,6.9,2.2,290.2,0.076,True,black,black,38373C,0.064,grey,dark grey,616064,0.05,grey,mid grey,medium,stable,cutout_flat,content/catalogue/review/B023-P004c2-cut.webp,good,,cell 3 of the listing grid B023-P004,,,,,,,,B023-P004,0,photo,listing grid caption
B023-P004-C3,B023,de.maxmara.com,mono-brand,,"elloses, asymmetrisches Klei","satin, jersey, chiffon, wool",mixed,2,4,cell of a listing grid,,1,content/swipe/products/IMG_0314.png,SPORTMAX,guessed,not filed,"elloses, asymmetrisches Klei",given,,input needed,EUR 00,given,,input needed,121114,0.993,5.2,1.9,302.5,0.04,True,black,black,,,,,,,,,low,stable,cutout_flat,content/catalogue/review/B023-P004c3-cut.webp,good,,cell 4 of the listing grid B023-P004,,,,,,,,B023-P004,0,photo,listing grid caption
B023-P004-C4,B023,de.maxmara.com,mono-brand,,"grid of black dresses, trousers, knitwear","satin, jersey, chiffon, wool",mixed,2,4,cell of a listing grid,,1,content/swipe/products/IMG_0314.png,SPORTMAX,guessed,not filed,,input needed,,input needed,,input needed,,input needed,2E2D32,0.81,18.7,3.5,298.6,0.056,True,black,black,141317,0.178,black,black,,,,,medium,stable,cutout_flat,content/catalogue/review/B023-P004c4-cut.webp,good,,cell 5 of the listing grid B023-P004,,,,,,,,B023-P004,0,photo,listing grid caption
B023-P004-C5,B023,de.maxmara.com,mono-brand,,"grid of black dresses, trousers, knitwear","satin, jersey, chiffon, wool",mixed,2,4,cell of a listing grid,,1,content/swipe/products/IMG_0314.png,SPORTMAX,guessed,not filed,,input needed,,input needed,,input needed,,input needed,222124,0.947,13.0,2.2,303.4,0.033,True,black,black,,,,,,,,,medium,stable,cutout_flat,content/catalogue/review/B023-P004c5-cut.webp,good,,cell 6 of the listing grid B023-P004,,,,,,,,B023-P004,0,photo,listing grid caption
B023-P004-C6,B023,de.maxmara.com,mono-brand,,tte aus Metall mit Frans,"satin, jersey, chiffon, wool",mixed,2,4,cell of a listing grid,,1,content/swipe/products/IMG_0314.png,SPORTMAX,guessed,not filed,tte aus Metall mit Frans,given,,input needed,,input needed,,input needed,D5CEC7,0.701,83.1,4.5,74.6,0.096,True,warm neutral,cream,ABA59D,0.196,warm neutral,oatmeal,EBEBEC,0.104,white,white,medium,stable,cutout_flat,content/catalogue/review/B023-P004c6-cut.webp,good,,cell 7 of the listing grid B023-P004,,,,,,,,B023-P004,0,photo,listing grid caption
B023-P004-C7,B023,de.maxmara.com,mono-brand,bottom,JAX + FASHION SHC,"satin, jersey, chiffon, wool",mixed,2,4,cell of a listing grid,,1,content/swipe/products/IMG_0314.png,SPORTMAX,guessed,not filed,JAX + FASHION SHC,given,,input needed,,input needed,,input needed,222125,0.859,13.0,2.9,300.4,0.052,True,black,black,DBDCE0,0.111,cool neutral,pale grey,,,,,medium,stable,cutout_flat,content/catalogue/review/B023-P004c7-cut.webp,good,,"cell 8 of the listing grid B023-P004; section ""re-Hose aus doppe""",,,,,,,,B023-P004,0,photo,listing grid caption
B023-P004-C8,B023,de.maxmara.com,mono-brand,,"grid of black dresses, trousers, knitwear","satin, jersey, chiffon, wool",mixed,2,4,cell of a listing grid,,1,content/swipe/products/IMG_0314.png,SPORTMAX,guessed,not filed,,input needed,,input needed,,input needed,,input needed,2B262D,0.918,15.9,5.5,316.7,0.09,True,black,off-black,,,,,,,,,medium,stable,cutout_flat,content/catalogue/review/B023-P004c8-cut.webp,good,,cell 9 of the listing grid B023-P004,,,,,,,,B023-P004,0,photo,listing grid caption
B023-P004-C9,B023,de.maxmara.com,mono-brand,,"grid of black dresses, trousers, knitwear","satin, jersey, chiffon, wool",mixed,2,4,cell of a listing grid,,1,content/swipe/products/IMG_0314.png,SPORTMAX,guessed,not filed,,input needed,,input needed,,input needed,,input needed,141312,0.978,5.9,0.8,74.3,0.081,True,black,black,,,,,,,,,low,stable,cutout_flat,content/catalogue/review/B023-P004c9-cut.webp,good,,cell 10 of the listing grid B023-P004,,,,,,,,B023-P004,0,photo,listing grid caption
B023-P005-C0,B023,de.maxmara.com,mono-brand,,RTMAX « FASHION SHOW,"smooth leather, ribbed knit, wool",mixed,3,3,cell of a listing grid,,1,content/swipe/products/IMG_0315.png,SPORTMAX,guessed,not filed,RTMAX « FASHION SHOW,given,,input needed,,input needed,,input needed,2E2F34,0.729,19.5,3.4,283.5,0.097,True,grey,dark grey,595B62,0.201,grey,mid grey,797C82,0.07,grey,mid grey,medium,stable,cutout_flat,content/catalogue/review/B023-P005c0-cut.webp,good,,cell 1 of the listing grid B023-P005,,,,,,,,B023-P005,0,photo,listing grid caption
B023-P005-C1,B023,de.maxmara.com,mono-brand,bottom,t-Hose aus Leder u,"smooth leather, ribbed knit, wool",mixed,3,3,cell of a listing grid,,1,content/swipe/products/IMG_0315.png,SPORTMAX,guessed,not filed,t-Hose aus Leder u,given,,input needed,,input needed,,input needed,2B2A2C,0.791,17.2,1.5,309.2,0.018,True,black,black,4D4C4F,0.159,grey,dark grey,737275,0.05,grey,mid grey,medium,stable,cutout_flat,content/catalogue/review/B023-P005c1-cut.webp,good,,cell 2 of the listing grid B023-P005,,,,,,,,B023-P005,0,photo,listing grid caption
B023-P005-C2,B023,de.maxmara.com,mono-brand,layer,derjacke mit Wattierung,"smooth leather, ribbed knit, wool",mixed,3,3,cell of a listing grid,,1,content/swipe/products/IMG_0315.png,SPORTMAX,guessed,not filed,derjacke mit Wattierung,given,,input needed,,input needed,,input needed,343234,0.643,21.1,1.6,324.6,0.028,True,grey,dark grey,4F4C4F,0.223,grey,dark grey,727073,0.133,grey,mid grey,medium,stable,cutout_flat,content/catalogue/review/B023-P005c2-cut.webp,good,,cell 3 of the listing grid B023-P005,,,,,,,,B023-P005,0,photo,listing grid caption
B023-P005-C3,B023,de.maxmara.com,mono-brand,,IRTMAX - FASHION SHOW,"smooth leather, ribbed knit, wool",mixed,3,3,cell of a listing grid,,1,content/swipe/products/IMG_0315.png,SPORTMAX,guessed,not filed,IRTMAX - FASHION SHOW,given,,input needed,"EUR 5,00",given,,input needed,47312F,0.417,22.8,11.0,28.5,0.214,False,grey,dark grey,766665,0.265,grey,mid grey,5A4B4B,0.173,grey,dark grey,low,stable,cutout_flat,content/catalogue/review/B023-P005c3-cut.webp,good,,cell 4 of the listing grid B023-P005,,,,,,,,B023-P005,0,photo,listing grid caption
B023-P005-C4,B023,de.maxmara.com,mono-brand,,RTMAX « FASHION SHOW,"smooth leather, ribbed knit, wool",mixed,3,3,cell of a listing grid,,1,content/swipe/products/IMG_0315.png,SPORTMAX,guessed,not filed,RTMAX « FASHION SHOW,given,,input needed,EUR 00,given,,input needed,47312E,0.42,22.8,11.2,31.7,0.211,False,brown,chocolate,716160,0.233,grey,mid grey,887A77,0.196,warm neutral,stone,low,stable,cutout_flat,content/catalogue/review/B023-P005c4-cut.webp,good,,cell 5 of the listing grid B023-P005,,,,,,,,B023-P005,0,photo,listing grid caption
B023-P005-C5,B023,de.maxmara.com,mono-brand,top,anliegender Pullover aus,"smooth leather, ribbed knit, wool",mixed,3,3,cell of a listing grid,,1,content/swipe/products/IMG_0315.png,SPORTMAX,guessed,not filed,anliegender Pullover aus,given,,input needed,,input needed,,input needed,EBE4DB,0.948,90.9,5.3,81.0,0.205,False,white,off-white,C8C4C2,0.052,warm neutral,cream,,,,,medium,stable,cutout_flat,content/catalogue/review/B023-P005c5-cut.webp,good,,cell 6 of the listing grid B023-P005,,,,,,,,B023-P005,0,photo,listing grid caption
B023-P005-C6,B023,de.maxmara.com,mono-brand,bottom,|AX - FASHION SHO,"smooth leather, ribbed knit, wool",mixed,3,3,cell of a listing grid,,1,content/swipe/products/IMG_0315.png,SPORTMAX,guessed,not filed,|AX - FASHION SHO,given,,input needed,,input needed,,input needed,DCCCBE,0.91,83.0,9.5,70.1,0.23,False,warm neutral,cream,EAE9EC,0.09,white,white,,,,,medium,stable,cutout_flat,content/catalogue/review/B023-P005c6-cut.webp,good,,"cell 7 of the listing grid B023-P005; section ""re-Hose aus doppe""",,,,,,,,B023-P005,0,photo,listing grid caption
B023-P005-C7,B023,de.maxmara.com,mono-brand,layer,ser Mantel aus Wolle,"smooth leather, ribbed knit, wool",mixed,3,3,cell of a listing grid,,1,content/swipe/products/IMG_0315.png,SPORTMAX,guessed,not filed,ser Mantel aus Wolle,given,,input needed,,input needed,,input needed,EFE9D9,0.982,92.4,8.5,94.6,0.201,False,white,off-white,,,,,,,,,low,stable,cutout_flat,content/catalogue/review/B023-P005c7-cut.webp,good,,cell 8 of the listing grid B023-P005,,,,,,,,B023-P005,0,photo,listing grid caption
B023-P005-C8,B023,de.maxmara.com,mono-brand,,id mit metallischen F,"smooth leather, ribbed knit, wool",mixed,3,3,cell of a listing grid,,1,content/swipe/products/IMG_0315.png,SPORTMAX,guessed,not filed,id mit metallischen F,given,,input needed,,input needed,,input needed,E9E7E7,0.408,91.8,0.7,19.5,0.064,True,white,white,CCC8C0,0.295,warm neutral,cream,A9A398,0.218,warm neutral,oatmeal,medium,stable,cutout_flat,content/catalogue/review/B023-P005c8-cut.webp,good,,cell 9 of the listing grid B023-P005,,,,,,,,B023-P005,0,photo,listing grid caption
B023-P006-C0,B023,de.maxmara.com,mono-brand,layer,@ Jacke aus beschichteter,"coated cotton, satin, denim, nappa leather",mixed,2,3,cell of a listing grid,,1,content/swipe/products/IMG_0316.png,SPORTMAX,guessed,not filed,@ Jacke aus beschichteter,given,,input needed,,input needed,,input needed,452912,0.603,19.6,22.8,62.5,0.706,False,brown,espresso,594534,0.181,brown,chocolate,8B7C71,0.124,warm neutral,stone,medium,stable,cutout_flat,content/catalogue/review/B023-P006c0-cut.webp,good,,cell 1 of the listing grid B023-P006,,,,,,,,B023-P006,0,photo,listing grid caption
B023-P006-C1,B023,de.maxmara.com,mono-brand,,ck aus beschichtetem |,"coated cotton, satin, denim, nappa leather",mixed,2,3,cell of a listing grid,,1,content/swipe/products/IMG_0316.png,SPORTMAX,guessed,not filed,ck aus beschichtetem |,given,,input needed,,input needed,,input needed,392314,0.544,16.1,16.6,59.1,0.596,False,brown,espresso,948B85,0.164,warm neutral,stone,5D4E41,0.158,brown,tobacco,medium,stable,cutout_flat,content/catalogue/review/B023-P006c1-cut.webp,good,,cell 2 of the listing grid B023-P006,,,,,,,,B023-P006,0,photo,listing grid caption
B023-P006-C2,B023,de.maxmara.com,mono-brand,top,2s Top aus glanzendem,"coated cotton, satin, denim, nappa leather",mixed,2,3,cell of a listing grid,,1,content/swipe/products/IMG_0316.png,SPORTMAX,guessed,not filed,2s Top aus glanzendem,given,,input needed,,input needed,,input needed,483436,0.533,24.0,9.6,13.6,0.198,False,red,oxblood,7F6D6E,0.274,grey,mid grey,EAE9EB,0.139,white,white,medium,stable,cutout_flat,content/catalogue/review/B023-P006c2-cut.webp,good,,cell 3 of the listing grid B023-P006,,,,,,,,B023-P006,0,photo,listing grid caption
B023-P006-C3,B023,de.maxmara.com,mono-brand,bottom,ze-jJeans,"coated cotton, satin, denim, nappa leather",mixed,2,3,cell of a listing grid,,1,content/swipe/products/IMG_0316.png,SPORTMAX,guessed,not filed,ze-jJeans,given,,input needed,,input needed,,input needed,332922,0.95,17.5,7.1,62.4,0.246,False,brown,espresso,,,,,,,,,medium,stable,cutout_flat,content/catalogue/review/B023-P006c3-cut.webp,good,,cell 4 of the listing grid B023-P006,,,,,,,,B023-P006,0,photo,listing grid caption
B023-P006-C4,B023,de.maxmara.com,mono-brand,dress,Kleid aus Satin,"coated cotton, satin, denim, nappa leather",mixed,2,3,cell of a listing grid,,1,content/swipe/products/IMG_0316.png,SPORTMAX,guessed,not filed,Kleid aus Satin,given,,input needed,,input needed,,input needed,422E2A,0.782,21.1,10.5,36.0,0.198,False,brown,espresso,201310,0.203,brown,espresso,,,,,medium,stable,cutout_flat,content/catalogue/review/B023-P006c4-cut.webp,good,,cell 5 of the listing grid B023-P006,,,,,,,,B023-P006,0,photo,listing grid caption
B023-P006-C5,B023,de.maxmara.com,mono-brand,bag,‘Bag aus Nappaleder m,"coated cotton, satin, denim, nappa leather",mixed,2,3,cell of a listing grid,,1,content/swipe/products/IMG_0316.png,SPORTMAX,guessed,not filed,‘Bag aus Nappaleder m,given,,input needed,EUR 0,given,,input needed,EBECEE,0.469,93.4,1.1,271.3,0.108,True,white,white,34322F,0.34,warm neutral,taupe,1A1917,0.107,black,black,low,stable,cutout_flat,content/catalogue/review/B023-P006c5-cut.webp,good,,cell 6 of the listing grid B023-P006,,,,,,,,B023-P006,0,photo,listing grid caption
B023-P006-C6,B023,de.maxmara.com,mono-brand,dress,es Kleid aus Viskos,"coated cotton, satin, denim, nappa leather",mixed,2,3,cell of a listing grid,,1,content/swipe/products/IMG_0316.png,SPORTMAX,guessed,not filed,es Kleid aus Viskos,given,,input needed,,input needed,,input needed,131313,0.981,5.9,0.0,158.2,0.0,True,black,black,,,,,,,,,medium,stable,cutout_flat,content/catalogue/review/B023-P006c6-cut.webp,good,,cell 7 of the listing grid B023-P006,,,,,,,,B023-P006,0,photo,listing grid caption
B023-P006-C7,B023,de.maxmara.com,mono-brand,dress,kleid aus Viskose mit,"coated cotton, satin, denim, nappa leather",mixed,2,3,cell of a listing grid,,1,content/swipe/products/IMG_0316.png,SPORTMAX,guessed,not filed,kleid aus Viskose mit,given,,input needed,EUR 00,given,,input needed,151412,0.98,6.4,1.3,90.0,0.14,True,black,black,,,,,,,,,medium,stable,cutout_flat,content/catalogue/review/B023-P006c7-cut.webp,good,,cell 8 of the listing grid B023-P006,,,,,,,,B023-P006,0,photo,listing grid caption
B023-P006-C8,B023,de.maxmara.com,mono-brand,,"grid of coated jackets, satin dresses, jeans","coated cotton, satin, denim, nappa leather",mixed,2,3,cell of a listing grid,,1,content/swipe/products/IMG_0316.png,SPORTMAX,guessed,not filed,,input needed,,input needed,,input needed,,input needed,443232,0.934,22.8,8.7,21.2,0.179,False,red,oxblood,,,,,,,,,medium,stable,cutout_flat,content/catalogue/review/B023-P006c8-cut.webp,good,,cell 9 of the listing grid B023-P006,,,,,,,,B023-P006,0,photo,listing grid caption
B023-P006-C9,B023,de.maxmara.com,mono-brand,,"grid of coated jackets, satin dresses, jeans","coated cotton, satin, denim, nappa leather",mixed,2,3,cell of a listing grid,,1,content/swipe/products/IMG_0316.png,SPORTMAX,guessed,not filed,,input needed,,input needed,,input needed,,input needed,E3CCAE,0.942,83.2,18.2,79.2,0.331,False,yellow,butter,D1C7BE,0.058,warm neutral,cream,,,,,medium,stable,cutout_flat,content/catalogue/review/B023-P006c9-cut.webp,good,,cell 10 of the listing grid B023-P006,,,,,,,,B023-P006,0,photo,listing grid caption
B023-P006-C10,B023,de.maxmara.com,mono-brand,,"grid of coated jackets, satin dresses, jeans","coated cotton, satin, denim, nappa leather",mixed,2,3,cell of a listing grid,,1,content/swipe/products/IMG_0316.png,SPORTMAX,guessed,not filed,,input needed,,input needed,,input needed,,input needed,141210,0.95,5.6,1.4,73.0,0.163,False,black,black,,,,,,,,,low,stable,cutout_flat,content/catalogue/review/B023-P006c10-cut.webp,good,,cell 11 of the listing grid B023-P006,,,,,,,,B023-P006,0,photo,listing grid caption
B023-P006-C11,B023,de.maxmara.com,mono-brand,,"grid of coated jackets, satin dresses, jeans","coated cotton, satin, denim, nappa leather",mixed,2,3,cell of a listing grid,,1,content/swipe/products/IMG_0316.png,SPORTMAX,guessed,not filed,,input needed,,input needed,,input needed,,input needed,14120F,0.971,5.6,1.9,82.9,0.224,False,black,black,,,,,,,,,low,stable,cutout_flat,content/catalogue/review/B023-P006c11-cut.webp,good,,cell 12 of the listing grid B023-P006,,,,,,,,B023-P006,0,photo,listing grid caption
B023-P016-C0,B023,closed.com,mono-brand,bottom,New Stroight Flannel Pants - Souki,"wool knit, flannel, poplin, denim",mixed,2,2,cell of a listing grid,,1,content/swipe/products/IMG_0330.png,CLOSED,guessed,recommend,New Stroight Flannel Pants - Souki,given,,input needed,CHF 280.00,given,,input needed,232429,0.456,14.3,3.6,283.7,0.118,True,black,black,A9BBD4,0.426,blue,sky,35241D,0.06,brown,espresso,medium,stable,cutout_flat,content/catalogue/review/B023-P016c0-cut.webp,good,,cell 1 of the listing grid B023-P016,,,,,,,,B023-P016,0,photo,listing grid caption
B023-P016-C1,B023,closed.com,mono-brand,,“HF240.00,"wool knit, flannel, poplin, denim",mixed,2,2,cell of a listing grid,,1,content/swipe/products/IMG_0330.png,CLOSED,guessed,recommend,“HF240.00,given,,input needed,,input needed,,input needed,797D80,0.976,52.2,2.3,247.9,0.065,True,grey,mid grey,,,,,,,,,medium,stable,cutout_flat,content/catalogue/review/B023-P016c1-cut.webp,good,,"cell 2 of the listing grid B023-P016; label ""New Wool-Blend V-Neck Knit""",,,,,,,,B023-P016,0,photo,listing grid caption
B023-P016-C2,B023,closed.com,mono-brand,top,New Organic Cotton Tunic Blouse,"wool knit, flannel, poplin, denim",mixed,2,2,cell of a listing grid,,1,content/swipe/products/IMG_0330.png,CLOSED,guessed,recommend,New Organic Cotton Tunic Blouse,given,,input needed,CHF 190.00,given,,input needed,C1C7D3,0.623,80.1,6.7,272.2,0.22,False,blue,sky,E2D8CE,0.262,warm neutral,cream,3A2317,0.066,brown,espresso,medium,stable,cutout_flat,content/catalogue/review/B023-P016c2-cut.webp,good,,cell 3 of the listing grid B023-P016,,,,,,,,B023-P016,0,photo,listing grid caption
B023-P016-C3,B023,closed.com,mono-brand,bottom,traight Jeans - Stover-X,"wool knit, flannel, poplin, denim",mixed,2,2,cell of a listing grid,,1,content/swipe/products/IMG_0330.png,CLOSED,guessed,recommend,traight Jeans - Stover-X,given,,input needed,,input needed,,input needed,3F434D,0.788,28.4,6.6,276.9,0.179,False,grey,dark grey,5B6168,0.212,grey,mid grey,,,,,medium,stable,cutout_flat,content/catalogue/review/B023-P016c3-cut.webp,good,,cell 4 of the listing grid B023-P016,,,,,,,,B023-P016,0,photo,listing grid caption
B024-P008-C0,B024,closed.com,mono-brand,bottom,fide Corduroy Pants - Gillan,"wool knit, corduroy, denim, jersey, nylon",mixed,2,2,cell of a listing grid,,1,content/swipe/products/IMG_0340.png,CLOSED,guessed,recommend,fide Corduroy Pants - Gillan,given,,input needed,,input needed,,input needed,BA9774,0.957,64.8,24.8,70.8,0.332,False,brown,tan,,,,,,,,,medium,stable,cutout_flat,content/catalogue/review/B024-P008c0-cut.webp,good,,cell 1 of the listing grid B024-P008,,,,,,,,B024-P008,0,photo,listing grid caption
B024-P008-C1,B024,closed.com,mono-brand,top,) Wool-Blend Roll-Neck Knit,"wool knit, corduroy, denim, jersey, nylon",mixed,2,2,cell of a listing grid,,1,content/swipe/products/IMG_0340.png,CLOSED,guessed,recommend,) Wool-Blend Roll-Neck Knit,given,,input needed,,input needed,,input needed,214097,0.938,30.0,55.3,292.8,0.877,False,blue,denim blue,,,,,,,,,medium,stable,cutout_flat,content/catalogue/review/B024-P008c1-cut.webp,good,,cell 2 of the listing grid B024-P008,,,,,,,,B024-P008,0,photo,listing grid caption
B024-P008-C2,B024,closed.com,mono-brand,bottom,eloxed Jeans - Stover-X,"wool knit, corduroy, denim, jersey, nylon",mixed,2,2,cell of a listing grid,,1,content/swipe/products/IMG_0340.png,CLOSED,guessed,recommend,eloxed Jeans - Stover-X,given,,input needed,,input needed,,input needed,51646C,0.54,41.1,8.6,233.2,0.321,False,blue,steel blue,2E4559,0.46,blue,denim blue,,,,,medium,stable,cutout_flat,content/catalogue/review/B024-P008c2-cut.webp,good,,cell 3 of the listing grid B024-P008,,,,,,,,B024-P008,0,photo,listing grid caption
B024-P008-C3,B024,closed.com,mono-brand,top,Yew Holf-Zip Track Jumper,"wool knit, corduroy, denim, jersey, nylon",mixed,2,2,cell of a listing grid,,1,content/swipe/products/IMG_0340.png,CLOSED,guessed,recommend,Yew Holf-Zip Track Jumper,given,,input needed,,input needed,,input needed,26282D,0.996,16.1,3.6,276.4,0.136,True,black,black,,,,,,,,,medium,stable,cutout_flat,content/catalogue/review/B024-P008c3-cut.webp,good,,cell 4 of the listing grid B024-P008,,,,,,,,B024-P008,0,photo,listing grid caption
B024-P008-C4,B024,closed.com,mono-brand,,roight Jeons - Milo,"wool knit, corduroy, denim, jersey, nylon",mixed,2,2,cell of a listing grid,,1,content/swipe/products/IMG_0340.png,CLOSED,guessed,recommend,roight Jeons - Milo,given,,input needed,,input needed,,input needed,436072,0.979,39.2,14.7,247.6,0.51,False,blue,denim blue,,,,,,,,,medium,stable,cutout_flat,content/catalogue/review/B024-P008c4-cut.webp,good,,cell 5 of the listing grid B024-P008,,,,,,,,B024-P008,0,photo,listing grid caption
B024-P009-C0,B024,closed.com,mono-brand,bottom,Flored Jersey Pants,"fine knit, jersey, denim, wool knit",mixed,2,2,cell of a listing grid,,1,content/swipe/products/IMG_0341.png,CLOSED,guessed,recommend,Flored Jersey Pants,given,,input needed,,input needed,,input needed,1E1D22,0.99,11.1,3.7,298.8,0.076,True,black,black,,,,,,,,,medium,stable,cutout_flat,content/catalogue/review/B024-P009c0-cut.webp,good,,cell 1 of the listing grid B024-P009,,,,,,,,B024-P009,0,photo,listing grid caption
B024-P009-C1,B024,closed.com,mono-brand,layer,Nw Wool-Cashmere-Blend Cardigan,"fine knit, jersey, denim, wool knit",mixed,2,2,cell of a listing grid,,1,content/swipe/products/IMG_0341.png,CLOSED,guessed,recommend,Nw Wool-Cashmere-Blend Cardigan,given,,input needed,GBP 260.00,given,,input needed,33201C,0.985,14.5,10.7,36.9,0.288,False,brown,espresso,,,,,,,,,medium,stable,cutout_flat,content/catalogue/review/B024-P009c1-cut.webp,good,,cell 2 of the listing grid B024-P009,,,,,,,,B024-P009,0,photo,listing grid caption
B024-P009-C2,B024,closed.com,mono-brand,,"grid of cardigan, jersey pants, bag, knits","fine knit, jersey, denim, wool knit",mixed,2,2,cell of a listing grid,,1,content/swipe/products/IMG_0341.png,CLOSED,guessed,recommend,,input needed,,input needed,,input needed,,input needed,646363,0.736,42.1,0.4,19.5,0.006,True,grey,mid grey,3A3637,0.175,grey,dark grey,B3B0B1,0.089,grey,light grey,medium,stable,cutout_flat,content/catalogue/review/B024-P009c2-cut.webp,good,,cell 3 of the listing grid B024-P009,,,,,,,,B024-P009,0,photo,listing grid caption
B024-P009-C3,B024,closed.com,mono-brand,,Sweetpents Gillon,"fine knit, jersey, denim, wool knit",mixed,2,2,cell of a listing grid,,1,content/swipe/products/IMG_0341.png,CLOSED,guessed,recommend,Sweetpents Gillon,given,,input needed,,input needed,,input needed,1F212E,0.993,13.1,9.4,287.6,0.283,False,blue,navy,,,,,,,,,medium,stable,cutout_flat,content/catalogue/review/B024-P009c3-cut.webp,good,,cell 4 of the listing grid B024-P009,,,,,,,,B024-P009,0,photo,listing grid caption
B024-P009-C4,B024,closed.com,mono-brand,bag,w Denim Bag With Logo,"fine knit, jersey, denim, wool knit",mixed,2,2,cell of a listing grid,,1,content/swipe/products/IMG_0341.png,CLOSED,guessed,recommend,w Denim Bag With Logo,given,,input needed,,input needed,,input needed,2F5781,0.97,36.0,27.8,269.7,0.749,False,blue,denim blue,,,,,,,,,medium,stable,cutout_flat,content/catalogue/review/B024-P009c4-cut.webp,good,,cell 5 of the listing grid B024-P009,,,,,,,,B024-P009,0,photo,listing grid caption
B024-P009-C5,B024,closed.com,mono-brand,top,Wool-Blend Roll-Neck Knit,"fine knit, jersey, denim, wool knit",mixed,2,2,cell of a listing grid,,1,content/swipe/products/IMG_0341.png,CLOSED,guessed,recommend,Wool-Blend Roll-Neck Knit,given,,input needed,,input needed,,input needed,777B7F,0.975,51.4,2.8,256.2,0.072,True,grey,mid grey,,,,,,,,,medium,stable,cutout_flat,content/catalogue/review/B024-P009c5-cut.webp,good,,cell 6 of the listing grid B024-P009,,,,,,,,B024-P009,0,photo,listing grid caption
B025-P004-C0,B025,boglioli.it,mono-brand,,htweight Merino Wool-Cashmere-Silk Raglan,"fine knit, oxford cotton",solid,2,2,cell of a listing grid,,1,content/swipe/products/IMG_0348.png,Merz b. Schwanen,guessed,recommend,htweight Merino Wool-Cashmere-Silk Raglan,given,,input needed,,input needed,,input needed,90857E,0.843,56.3,6.0,61.4,0.082,True,warm neutral,stone,EDEDEB,0.138,white,white,,,,,medium,stable,cutout_flat,content/catalogue/review/B025-P004c0-cut.webp,good,,cell 1 of the listing grid B025-P004,,,,,,,,B025-P004,0,photo,listing grid caption
B025-P004-C1,B025,boglioli.it,mono-brand,,yhtweight Merino Wool-Cashmere-Silk Raglan,"fine knit, oxford cotton",solid,2,2,cell of a listing grid,,1,content/swipe/products/IMG_0348.png,Merz b. Schwanen,guessed,recommend,yhtweight Merino Wool-Cashmere-Silk Raglan,given,,input needed,,input needed,,input needed,EDEDEB,0.83,93.7,1.0,110.1,0.011,True,white,white,D2CCC8,0.068,warm neutral,cream,4E1712,0.062,orange,rust,low,stable,cutout_flat,content/catalogue/review/B025-P004c1-cut.webp,good,,cell 2 of the listing grid B025-P004,,,,,,,,B025-P004,0,photo,listing grid caption
B025-P004-C2,B025,boglioli.it,mono-brand,,htweight Merino Wool-Cashmere-Silk Raglan,"fine knit, oxford cotton",solid,2,2,cell of a listing grid,,1,content/swipe/products/IMG_0348.png,Merz b. Schwanen,guessed,recommend,htweight Merino Wool-Cashmere-Silk Raglan,given,,input needed,,input needed,,input needed,031A28,0.926,8.2,12.6,255.7,0.915,False,blue,navy,,,,,,,,,medium,stable,cutout_flat,content/catalogue/review/B025-P004c2-cut.webp,good,,cell 3 of the listing grid B025-P004,,,,,,,,B025-P004,0,photo,listing grid caption
B025-P004-C3,B025,boglioli.it,mono-brand,,ghtweight Merino Wool-Cashmere-Silk Raglan,"fine knit, oxford cotton",solid,2,2,cell of a listing grid,,1,content/swipe/products/IMG_0348.png,Merz b. Schwanen,guessed,recommend,ghtweight Merino Wool-Cashmere-Silk Raglan,given,,input needed,,input needed,,input needed,3B3331,0.973,22.0,4.1,39.2,0.078,True,warm neutral,taupe,,,,,,,,,medium,stable,cutout_flat,content/catalogue/review/B025-P004c3-cut.webp,good,,cell 4 of the listing grid B025-P004,,,,,,,,B025-P004,0,photo,listing grid caption
B025-P004-C4,B025,boglioli.it,mono-brand,,htweight Merino Wool-Cashmere-Silk Raglan,"fine knit, oxford cotton",solid,2,2,cell of a listing grid,,1,content/swipe/products/IMG_0348.png,Merz b. Schwanen,guessed,recommend,htweight Merino Wool-Cashmere-Silk Raglan,given,,input needed,,input needed,,input needed,211615,0.832,8.6,6.1,27.5,0.209,False,brown,espresso,EAEAE8,0.149,white,white,,,,,medium,stable,cutout_flat,content/catalogue/review/B025-P004c4-cut.webp,good,,cell 5 of the listing grid B025-P004,,,,,,,,B025-P004,0,photo,listing grid caption
B025-P004-C5,B025,boglioli.it,mono-brand,,htweight Merino Wool-Cashmere-Silk Raglan,"fine knit, oxford cotton",solid,2,2,cell of a listing grid,,1,content/swipe/products/IMG_0348.png,Merz b. Schwanen,guessed,recommend,htweight Merino Wool-Cashmere-Silk Raglan,given,,input needed,,input needed,,input needed,0C0C0C,0.883,3.3,0.0,158.2,0.0,True,black,black,CBCBC9,0.091,cool neutral,pale grey,,,,,low,stable,cutout_flat,content/catalogue/review/B025-P004c5-cut.webp,good,,cell 6 of the listing grid B025-P004,,,,,,,,B025-P004,0,photo,listing grid caption
B025-P004-C6,B025,boglioli.it,mono-brand,,grid of raglan sweaters and oxford shirts,"fine knit, oxford cotton",solid,2,2,cell of a listing grid,,1,content/swipe/products/IMG_0348.png,Merz b. Schwanen,guessed,recommend,,input needed,,input needed,,input needed,,input needed,C6DBF6,0.915,86.7,15.6,264.7,0.764,False,blue,sky,90A4BF,0.067,blue,steel blue,,,,,medium,stable,cutout_flat,content/catalogue/review/B025-P004c6-cut.webp,good,,cell 7 of the listing grid B025-P004,,,,,,,,B025-P004,0,photo,listing grid caption
B025-P005-C0,B025,merzbschwanen.com,mono-brand,top,illiertes Oxford-Hemd,"oxford cotton, cotton twill, crinkled cotton",mixed,2,2,cell of a listing grid,,1,content/swipe/products/IMG_0349.png,Merz b. Schwanen,guessed,recommend,illiertes Oxford-Hemd,given,,input needed,,input needed,,input needed,F2F2F3,0.947,95.5,0.5,290.2,0.072,True,white,white,,,,,,,,,low,stable,cutout_flat,content/catalogue/review/B025-P005c0-cut.webp,good,,cell 1 of the listing grid B025-P005,,,,,,,,B025-P005,0,photo,listing grid caption
B025-P005-C1,B025,merzbschwanen.com,mono-brand,top,illiertes Oxford-Hemd,"oxford cotton, cotton twill, crinkled cotton",mixed,2,2,cell of a listing grid,,1,content/swipe/products/IMG_0349.png,Merz b. Schwanen,guessed,recommend,illiertes Oxford-Hemd,given,,input needed,,input needed,,input needed,C6DBF5,0.915,86.6,15.1,263.8,0.739,False,blue,sky,91A4BD,0.069,blue,steel blue,,,,,medium,stable,cutout_flat,content/catalogue/review/B025-P005c1-cut.webp,good,,cell 2 of the listing grid B025-P005,,,,,,,,B025-P005,0,photo,listing grid caption
B025-P005-C2,B025,merzbschwanen.com,mono-brand,top,sropped Oxford Hemd,"oxford cotton, cotton twill, crinkled cotton",mixed,2,2,cell of a listing grid,,1,content/swipe/products/IMG_0349.png,Merz b. Schwanen,guessed,recommend,sropped Oxford Hemd,given,,input needed,,input needed,,input needed,ECECEC,0.945,93.4,0.0,158.2,0.0,True,white,white,,,,,,,,,low,stable,cutout_flat,content/catalogue/review/B025-P005c2-cut.webp,good,,cell 3 of the listing grid B025-P005,,,,,,,,B025-P005,0,photo,listing grid caption
B025-P005-C3,B025,merzbschwanen.com,mono-brand,bottom,otton Twill Women's Chino Pants,"oxford cotton, cotton twill, crinkled cotton",mixed,2,2,cell of a listing grid,,1,content/swipe/products/IMG_0349.png,Merz b. Schwanen,guessed,recommend,otton Twill Women's Chino Pants,given,,input needed,,input needed,,input needed,C09973,0.751,65.9,27.2,69.8,0.356,False,brown,tan,A07D5A,0.221,brown,tan,,,,,medium,stable,cutout_flat,content/catalogue/review/B025-P005c3-cut.webp,good,,cell 4 of the listing grid B025-P005,,,,,,,,B025-P005,0,photo,listing grid caption
B025-P005-C4,B025,merzbschwanen.com,mono-brand,top,ropped Oxford Hemd,"oxford cotton, cotton twill, crinkled cotton",mixed,2,2,cell of a listing grid,,1,content/swipe/products/IMG_0349.png,Merz b. Schwanen,guessed,recommend,ropped Oxford Hemd,given,,input needed,,input needed,,input needed,D1D8E5,0.892,86.2,7.2,270.9,0.342,False,blue,sky,AEB4C3,0.079,blue,steel blue,,,,,medium,stable,cutout_flat,content/catalogue/review/B025-P005c4-cut.webp,good,,cell 5 of the listing grid B025-P005,,,,,,,,B025-P005,0,photo,listing grid caption
B025-P005-C5,B025,merzbschwanen.com,mono-brand,top,Sropped Oxford Hemd,"oxford cotton, cotton twill, crinkled cotton",mixed,2,2,cell of a listing grid,,1,content/swipe/products/IMG_0349.png,Merz b. Schwanen,guessed,recommend,Sropped Oxford Hemd,given,,input needed,,input needed,,input needed,CCDFF4,0.858,88.0,12.5,260.4,0.679,False,blue,sky,A4B6D1,0.116,blue,sky,,,,,medium,stable,cutout_flat,content/catalogue/review/B025-P005c5-cut.webp,good,,cell 6 of the listing grid B025-P005,,,,,,,,B025-P005,0,photo,listing grid caption
B025-P005-C6,B025,merzbschwanen.com,mono-brand,,"grid of oxford shirts, chino trousers, gilets","oxford cotton, cotton twill, crinkled cotton",mixed,2,2,cell of a listing grid,,1,content/swipe/products/IMG_0349.png,Merz b. Schwanen,guessed,recommend,,input needed,,input needed,,input needed,,input needed,1D1C20,0.919,10.5,3.0,300.5,0.058,True,black,black,EFEFEC,0.052,white,white,,,,,medium,stable,cutout_flat,content/catalogue/review/B025-P005c6-cut.webp,good,,cell 7 of the listing grid B025-P005,,,,,,,,B025-P005,0,photo,listing grid caption
B025-P005-C7,B025,merzbschwanen.com,mono-brand,,"grid of oxford shirts, chino trousers, gilets","oxford cotton, cotton twill, crinkled cotton",mixed,2,2,cell of a listing grid,,1,content/swipe/products/IMG_0349.png,Merz b. Schwanen,guessed,recommend,,input needed,,input needed,,input needed,,input needed,A78867,0.907,58.8,23.3,72.3,0.341,False,brown,tan,786046,0.07,brown,tobacco,,,,,medium,stable,cutout_flat,content/catalogue/review/B025-P005c7-cut.webp,good,,cell 8 of the listing grid B025-P005,,,,,,,,B025-P005,0,photo,listing grid caption
B025-P005-C8,B025,merzbschwanen.com,mono-brand,,"grid of oxford shirts, chino trousers, gilets","oxford cotton, cotton twill, crinkled cotton",mixed,2,2,cell of a listing grid,,1,content/swipe/products/IMG_0349.png,Merz b. Schwanen,guessed,recommend,,input needed,,input needed,,input needed,,input needed,352B2C,0.949,18.7,4.9,12.6,0.117,True,black,off-black,,,,,,,,,medium,stable,cutout_flat,content/catalogue/review/B025-P005c8-cut.webp,good,,cell 9 of the listing grid B025-P005,,,,,,,,B025-P005,0,photo,listing grid caption
B025-P006-C0,B025,merzbschwanen.com,mono-brand,top,red Knitted Merino Wool Women's Long Sle,"jersey, ribbed knit, merino knit",solid,1,1,cell of a listing grid,,1,content/swipe/products/IMG_0350.png,Merz b. Schwanen,guessed,recommend,red Knitted Merino Wool Women's Long Sle,given,,input needed,,input needed,,input needed,1D1C1E,0.865,10.4,1.6,309.3,0.024,True,black,black,EDECEA,0.121,white,white,,,,,medium,stable,cutout_flat,content/catalogue/review/B025-P006c0-cut.webp,good,,"cell 1 of the listing grid B025-P006; section ""Shirt""",,,,,,,,B025-P006,0,photo,listing grid caption
B025-P006-C1,B025,merzbschwanen.com,mono-brand,top,age Pima Cotton Women's T-Shirt,"jersey, ribbed knit, merino knit",solid,1,1,cell of a listing grid,,1,content/swipe/products/IMG_0350.png,Merz b. Schwanen,guessed,recommend,age Pima Cotton Women's T-Shirt,given,,input needed,,input needed,,input needed,EAE6E0,0.929,91.4,3.4,84.9,0.123,True,white,white,,,,,,,,,medium,stable,cutout_flat,content/catalogue/review/B025-P006c1-cut.webp,good,,cell 2 of the listing grid B025-P006,,,,,,,,B025-P006,0,photo,listing grid caption
B025-P006-C2,B025,merzbschwanen.com,mono-brand,top,e Pima Cotton Women's T-Shirt,"jersey, ribbed knit, merino knit",solid,1,1,cell of a listing grid,,1,content/swipe/products/IMG_0350.png,Merz b. Schwanen,guessed,recommend,e Pima Cotton Women's T-Shirt,given,,input needed,,input needed,,input needed,E0BBBD,0.352,79.1,14.1,16.3,0.448,False,pink,blush,B2A19F,0.293,grey,light grey,CFBDBA,0.213,pink,blush,low,stable,cutout_flat,content/catalogue/review/B025-P006c2-cut.webp,good,,cell 3 of the listing grid B025-P006,,,,,,,,B025-P006,0,photo,listing grid caption
B025-P006-C3,B025,merzbschwanen.com,mono-brand,top,lage Pima Cotton Women's T-Shirt,"jersey, ribbed knit, merino knit",solid,1,1,cell of a listing grid,,1,content/swipe/products/IMG_0350.png,Merz b. Schwanen,guessed,recommend,lage Pima Cotton Women's T-Shirt,given,,input needed,,input needed,,input needed,252225,0.984,13.7,2.6,324.8,0.055,True,black,black,,,,,,,,,medium,stable,cutout_flat,content/catalogue/review/B025-P006c3-cut.webp,good,,cell 4 of the listing grid B025-P006,,,,,,,,B025-P006,0,photo,listing grid caption
B025-P006-C4,B025,merzbschwanen.com,mono-brand,top,age Pima Cotton Women's T-Shirt,"jersey, ribbed knit, merino knit",solid,1,1,cell of a listing grid,,1,content/swipe/products/IMG_0350.png,Merz b. Schwanen,guessed,recommend,age Pima Cotton Women's T-Shirt,given,,input needed,,input needed,,input needed,252326,0.981,14.0,2.4,314.9,0.039,True,black,black,,,,,,,,,medium,stable,cutout_flat,content/catalogue/review/B025-P006c4-cut.webp,good,,cell 5 of the listing grid B025-P006,,,,,,,,B025-P006,0,photo,listing grid caption
B025-P006-C5,B025,merzbschwanen.com,mono-brand,top,Cotton-Cashmere Women's T-Shirt,"jersey, ribbed knit, merino knit",solid,1,1,cell of a listing grid,,1,content/swipe/products/IMG_0350.png,Merz b. Schwanen,guessed,recommend,Cotton-Cashmere Women's T-Shirt,given,,input needed,,input needed,,input needed,E9E8DD,0.941,91.8,5.7,106.1,0.061,True,white,off-white,,,,,,,,,medium,stable,cutout_flat,content/catalogue/review/B025-P006c5-cut.webp,good,,cell 6 of the listing grid B025-P006,,,,,,,,B025-P006,0,photo,listing grid caption
B025-P006-C6,B025,merzbschwanen.com,mono-brand,,nium Cotton-Cashmere Women's Longsleev:,"jersey, ribbed knit, merino knit",solid,1,1,cell of a listing grid,,1,content/swipe/products/IMG_0350.png,Merz b. Schwanen,guessed,recommend,nium Cotton-Cashmere Women's Longsleev:,given,,input needed,,input needed,,input needed,E9E8DC,0.888,91.8,6.2,106.3,0.066,True,white,off-white,C9C8C0,0.077,warm neutral,cream,,,,,medium,stable,cutout_flat,content/catalogue/review/B025-P006c6-cut.webp,good,,cell 7 of the listing grid B025-P006,,,,,,,,B025-P006,0,photo,listing grid caption
B025-P006-C7,B025,merzbschwanen.com,mono-brand,,"grid of t-shirts, longsleeves, polo knit","jersey, ribbed knit, merino knit",solid,1,1,cell of a listing grid,,1,content/swipe/products/IMG_0350.png,Merz b. Schwanen,guessed,recommend,,input needed,,input needed,,input needed,,input needed,1F1E23,0.986,11.6,3.7,298.8,0.075,True,black,black,,,,,,,,,medium,stable,cutout_flat,content/catalogue/review/B025-P006c7-cut.webp,good,,cell 8 of the listing grid B025-P006,,,,,,,,B025-P006,0,photo,listing grid caption
B025-P006-C8,B025,merzbschwanen.com,mono-brand,,"grid of t-shirts, longsleeves, polo knit","jersey, ribbed knit, merino knit",solid,1,1,cell of a listing grid,,1,content/swipe/products/IMG_0350.png,Merz b. Schwanen,guessed,recommend,,input needed,,input needed,,input needed,,input needed,1D1D21,0.901,10.9,2.9,291.1,0.085,True,black,black,EBECEA,0.086,white,white,,,,,medium,stable,cutout_flat,content/catalogue/review/B025-P006c8-cut.webp,good,,cell 9 of the listing grid B025-P006,,,,,,,,B025-P006,0,photo,listing grid caption
B025-P006-C9,B025,merzbschwanen.com,mono-brand,,"grid of t-shirts, longsleeves, polo knit","jersey, ribbed knit, merino knit",solid,1,1,cell of a listing grid,,1,content/swipe/products/IMG_0350.png,Merz b. Schwanen,guessed,recommend,,input needed,,input needed,,input needed,,input needed,7F7D85,0.529,52.8,4.7,300.3,0.055,True,grey,mid grey,999B9F,0.471,grey,light grey,,,,,medium,stable,cutout_flat,content/catalogue/review/B025-P006c9-cut.webp,good,,cell 10 of the listing grid B025-P006,,,,,,,,B025-P006,0,photo,listing grid caption
B025-P006-C0,B025,merzbschwanen.com,mono-brand,,mium Cotton-Cashmere Women’s Longsleeve,"jersey, ribbed knit, merino knit",solid,1,1,cell of a listing grid,,1,content/swipe/products/IMG_0351.png,Merz b. Schwanen,guessed,recommend,mium Cotton-Cashmere Women’s Longsleeve,given,,input needed,,input needed,,input needed,1D1C20,0.984,10.5,3.0,300.5,0.058,True,black,black,,,,,,,,,medium,stable,cutout_flat,content/catalogue/review/B025-P006-1c0-cut.webp,good,,cell 1 of the listing grid B025-P006,,,,,,,,B025-P006,1,photo,listing grid caption
B025-P006-C1,B025,merzbschwanen.com,mono-brand,top,nium Cotton-Cashmere Women's T-Shirt,"jersey, ribbed knit, merino knit",solid,1,1,cell of a listing grid,,1,content/swipe/products/IMG_0351.png,Merz b. Schwanen,guessed,recommend,nium Cotton-Cashmere Women's T-Shirt,given,,input needed,,input needed,,input needed,1F1F23,0.984,11.9,2.9,291.1,0.081,True,black,black,,,,,,,,,medium,stable,cutout_flat,content/catalogue/review/B025-P006-1c1-cut.webp,good,,cell 2 of the listing grid B025-P006,,,,,,,,B025-P006,1,photo,listing grid caption
B025-P006-C2,B025,merzbschwanen.com,mono-brand,,tton Women's Longsleeve,"jersey, ribbed knit, merino knit",solid,1,1,cell of a listing grid,,1,content/swipe/products/IMG_0351.png,Merz b. Schwanen,guessed,recommend,tton Women's Longsleeve,given,,input needed,,input needed,,input needed,DFE2E9,0.833,89.8,3.8,274.2,0.244,False,cool neutral,pale grey,A8AAAF,0.13,grey,light grey,,,,,medium,stable,cutout_flat,content/catalogue/review/B025-P006-1c2-cut.webp,good,,cell 3 of the listing grid B025-P006,,,,,,,,B025-P006,1,photo,listing grid caption
B025-P006-C3,B025,merzbschwanen.com,mono-brand,,lage Pima Cotton Women's Longsleeve,"jersey, ribbed knit, merino knit",solid,1,1,cell of a listing grid,,1,content/swipe/products/IMG_0351.png,Merz b. Schwanen,guessed,recommend,lage Pima Cotton Women's Longsleeve,given,,input needed,,input needed,,input needed,E7BCBF,0.931,80.0,16.4,15.2,0.55,False,pink,blush,B99799,0.063,pink,dusty rose,,,,,low,stable,cutout_flat,content/catalogue/review/B025-P006-1c3-cut.webp,good,,cell 4 of the listing grid B025-P006,,,,,,,,B025-P006,1,photo,listing grid caption
B025-P006-C4,B025,merzbschwanen.com,mono-brand,,tage Pima Cotton Women's Longsleeve,"jersey, ribbed knit, merino knit",solid,1,1,cell of a listing grid,,1,content/swipe/products/IMG_0351.png,Merz b. Schwanen,guessed,recommend,tage Pima Cotton Women's Longsleeve,given,,input needed,,input needed,,input needed,202026,0.996,12.5,4.3,291.5,0.117,True,black,off-black,,,,,,,,,medium,stable,cutout_flat,content/catalogue/review/B025-P006-1c4-cut.webp,good,,cell 5 of the listing grid B025-P006,,,,,,,,B025-P006,1,photo,listing grid caption
B025-P006-C5,B025,merzbschwanen.com,mono-brand,top,etro Fleece Sweatshirt With Open Edge On Hem,"jersey, ribbed knit, merino knit",solid,1,1,cell of a listing grid,,1,content/swipe/products/IMG_0351.png,Merz b. Schwanen,guessed,recommend,etro Fleece Sweatshirt With Open Edge On Hem,given,,input needed,,input needed,,input needed,D8D6D1,0.965,85.7,2.7,94.4,0.032,True,warm neutral,cream,,,,,,,,,medium,stable,cutout_flat,content/catalogue/review/B025-P006-1c5-cut.webp,good,,cell 6 of the listing grid B025-P006,,,,,,,,B025-P006,1,photo,listing grid caption
B025-P006-C6,B025,merzbschwanen.com,mono-brand,,"grid of t-shirts, longsleeves, polo knit","jersey, ribbed knit, merino knit",solid,1,1,cell of a listing grid,,1,content/swipe/products/IMG_0351.png,Merz b. Schwanen,guessed,recommend,,input needed,,input needed,,input needed,,input needed,BBB8BF,0.923,75.2,3.9,306.7,0.084,True,grey,light grey,87858B,0.066,grey,mid grey,,,,,medium,stable,cutout_flat,content/catalogue/review/B025-P006-1c6-cut.webp,good,,cell 7 of the listing grid B025-P006,,,,,,,,B025-P006,1,photo,listing grid caption
B025-P006-C7,B025,merzbschwanen.com,mono-brand,,"grid of t-shirts, longsleeves, polo knit","jersey, ribbed knit, merino knit",solid,1,1,cell of a listing grid,,1,content/swipe/products/IMG_0351.png,Merz b. Schwanen,guessed,recommend,,input needed,,input needed,,input needed,,input needed,292936,0.991,17.1,9.0,292.5,0.202,False,blue,navy,,,,,,,,,medium,stable,cutout_flat,content/catalogue/review/B025-P006-1c7-cut.webp,good,,cell 8 of the listing grid B025-P006,,,,,,,,B025-P006,1,photo,listing grid caption
B025-P006-C8,B025,merzbschwanen.com,mono-brand,,"grid of t-shirts, longsleeves, polo knit","jersey, ribbed knit, merino knit",solid,1,1,cell of a listing grid,,1,content/swipe/products/IMG_0351.png,Merz b. Schwanen,guessed,recommend,,input needed,,input needed,,input needed,,input needed,BDBCB0,0.682,76.0,6.4,106.2,0.081,True,warm neutral,oatmeal,E5E3D7,0.26,white,off-white,969382,0.059,warm neutral,stone,medium,stable,cutout_flat,content/catalogue/review/B025-P006-1c8-cut.webp,good,,cell 9 of the listing grid B025-P006,,,,,,,,B025-P006,1,photo,listing grid caption
B025-P007-C0,B025,merzbschwanen.com,mono-brand,top,etro Fleece Sweatshirt With Open Edge On Hem,brushed fleece and denim,mixed,2,1,cell of a listing grid,,1,content/swipe/products/IMG_0352.png,Merz b. Schwanen,guessed,recommend,etro Fleece Sweatshirt With Open Edge On Hem,given,,input needed,,input needed,,input needed,B5B2B8,0.681,73.0,3.5,309.2,0.065,True,grey,light grey,99979C,0.179,grey,light grey,EEEEEC,0.107,white,white,medium,stable,cutout_flat,content/catalogue/review/B025-P007c0-cut.webp,good,,cell 1 of the listing grid B025-P007,,,,,,,,B025-P007,0,photo,listing grid caption
B025-P007-C1,B025,merzbschwanen.com,mono-brand,top,Retro Fleece Sweatshirt With Open Edge On Hem,brushed fleece and denim,mixed,2,1,cell of a listing grid,,1,content/swipe/products/IMG_0352.png,Merz b. Schwanen,guessed,recommend,Retro Fleece Sweatshirt With Open Edge On Hem,given,,input needed,,input needed,,input needed,282835,0.997,16.6,9.1,292.5,0.205,False,blue,navy,,,,,,,,,medium,stable,cutout_flat,content/catalogue/review/B025-P007c1-cut.webp,good,,cell 2 of the listing grid B025-P007; looks like B025-P002,possible duplicate,,,,,,,B025-P007,0,photo,listing grid caption
B025-P007-C2,B025,merzbschwanen.com,mono-brand,,ropped Retro Fleece Women's Half-Zip Sweatshir,brushed fleece and denim,mixed,2,1,cell of a listing grid,,1,content/swipe/products/IMG_0352.png,Merz b. Schwanen,guessed,recommend,ropped Retro Fleece Women's Half-Zip Sweatshir,given,,input needed,,input needed,,input needed,E1E0D4,0.88,89.0,6.2,106.3,0.069,True,warm neutral,cream,C0BEB1,0.089,warm neutral,oatmeal,,,,,medium,stable,cutout_flat,content/catalogue/review/B025-P007c2-cut.webp,good,,cell 3 of the listing grid B025-P007,,,,,,,,B025-P007,0,photo,listing grid caption
B025-P007-C3,B025,merzbschwanen.com,mono-brand,,ropped Retro Fleece Women's Half-Zip Sweatshir,brushed fleece and denim,mixed,2,1,cell of a listing grid,,1,content/swipe/products/IMG_0352.png,Merz b. Schwanen,guessed,recommend,ropped Retro Fleece Women's Half-Zip Sweatshir,given,,input needed,,input needed,,input needed,BFBFBC,0.923,77.3,1.6,110.0,0.02,True,grey,light grey,8D8D8A,0.06,warm neutral,stone,,,,,medium,stable,cutout_flat,content/catalogue/review/B025-P007c3-cut.webp,good,,cell 4 of the listing grid B025-P007,,,,,,,,B025-P007,0,photo,listing grid caption
B025-P007-C4,B025,merzbschwanen.com,mono-brand,,ropped Retro Fleece Women's Half-Zip Sweatsh,brushed fleece and denim,mixed,2,1,cell of a listing grid,,1,content/swipe/products/IMG_0352.png,Merz b. Schwanen,guessed,recommend,ropped Retro Fleece Women's Half-Zip Sweatsh,given,,input needed,,input needed,,input needed,25262F,0.991,15.4,6.3,287.9,0.177,False,blue,navy,,,,,,,,,medium,stable,cutout_flat,content/catalogue/review/B025-P007c4-cut.webp,good,,cell 5 of the listing grid B025-P007,,,,,,,,B025-P007,0,photo,listing grid caption
B025-P007-C5,B025,merzbschwanen.com,mono-brand,,is Cotton Denim High Rise Wide Leg Chinc,brushed fleece and denim,mixed,2,1,cell of a listing grid,,1,content/swipe/products/IMG_0352.png,Merz b. Schwanen,guessed,recommend,is Cotton Denim High Rise Wide Leg Chinc,given,,input needed,,input needed,,input needed,2C465F,0.925,28.8,17.9,263.8,0.624,False,blue,denim blue,1B2D3F,0.075,blue,navy,,,,,medium,stable,cutout_flat,content/catalogue/review/B025-P007c5-cut.webp,good,,cell 6 of the listing grid B025-P007,possible duplicate,,,,,,,B025-P007,0,photo,listing grid caption
B025-P007-C6,B025,merzbschwanen.com,mono-brand,,"listing grid of sweatshirts, jeans and jackets",brushed fleece and denim,mixed,2,1,cell of a listing grid,,1,content/swipe/products/IMG_0352.png,Merz b. Schwanen,guessed,recommend,,input needed,,input needed,,input needed,,input needed,1D2D3F,0.984,17.9,13.5,267.3,0.582,False,blue,navy,,,,,,,,,medium,stable,cutout_flat,content/catalogue/review/B025-P007c6-cut.webp,good,,cell 7 of the listing grid B025-P007,,,,,,,,B025-P007,0,photo,listing grid caption
B025-P007-C7,B025,merzbschwanen.com,mono-brand,,"listing grid of sweatshirts, jeans and jackets",brushed fleece and denim,mixed,2,1,cell of a listing grid,,1,content/swipe/products/IMG_0352.png,Merz b. Schwanen,guessed,recommend,,input needed,,input needed,,input needed,,input needed,3A688F,0.901,42.4,26.4,262.4,0.72,False,blue,denim blue,1D3650,0.06,blue,navy,,,,,medium,stable,cutout_flat,content/catalogue/review/B025-P007c7-cut.webp,good,,cell 8 of the listing grid B025-P007,,,,,,,,B025-P007,0,photo,listing grid caption
B025-P007-C8,B025,merzbschwanen.com,mono-brand,,"listing grid of sweatshirts, jeans and jackets",brushed fleece and denim,mixed,2,1,cell of a listing grid,,1,content/swipe/products/IMG_0352.png,Merz b. Schwanen,guessed,recommend,,input needed,,input needed,,input needed,,input needed,7A6249,0.956,43.3,18.9,71.7,0.347,False,brown,tobacco,,,,,,,,,medium,stable,cutout_flat,content/catalogue/review/B025-P007c8-cut.webp,good,,cell 9 of the listing grid B025-P007,,,,,,,,B025-P007,0,photo,listing grid caption
B025-P007-C0,B025,merzbschwanen.com,mono-brand,,en Votton Faugue rants,brushed fleece and denim,mixed,2,1,cell of a listing grid,,1,content/swipe/products/IMG_0353.png,Merz b. Schwanen,guessed,recommend,en Votton Faugue rants,given,,input needed,,input needed,,input needed,504C3C,0.998,32.3,10.2,97.8,0.25,False,green,olive,,,,,,,,,medium,stable,cutout_flat,content/catalogue/review/B025-P007-1c0-cut.webp,good,,cell 1 of the listing grid B025-P007,,,,,,,,B025-P007,1,photo,listing grid caption
B025-P007-C1,B025,merzbschwanen.com,mono-brand,,en VOton Fatigue rants,brushed fleece and denim,mixed,2,1,cell of a listing grid,,1,content/swipe/products/IMG_0353.png,Merz b. Schwanen,guessed,recommend,en VOton Fatigue rants,given,,input needed,,input needed,,input needed,1F1C1F,0.995,10.7,2.7,324.8,0.063,True,black,black,,,,,,,,,medium,stable,cutout_flat,content/catalogue/review/B025-P007-1c1-cut.webp,good,,cell 2 of the listing grid B025-P007,,,,,,,,B025-P007,1,photo,listing grid caption
B025-P007-C2,B025,merzbschwanen.com,mono-brand,top,entic Jersey Cotton Women's T-Shirt,brushed fleece and denim,mixed,2,1,cell of a listing grid,,1,content/swipe/products/IMG_0353.png,Merz b. Schwanen,guessed,recommend,entic Jersey Cotton Women's T-Shirt,given,,input needed,,input needed,,input needed,EDEBEB,0.957,93.2,0.7,19.5,0.077,True,white,white,,,,,,,,,low,stable,cutout_flat,content/catalogue/review/B025-P007-1c2-cut.webp,good,,cell 3 of the listing grid B025-P007,,,,,,,,B025-P007,1,photo,listing grid caption
B025-P007-C3,B025,merzbschwanen.com,mono-brand,top,ntic Jersey Cotton Women's T-Shirt,brushed fleece and denim,mixed,2,1,cell of a listing grid,,1,content/swipe/products/IMG_0353.png,Merz b. Schwanen,guessed,recommend,ntic Jersey Cotton Women's T-Shirt,given,,input needed,,input needed,,input needed,1E1A19,0.978,9.7,2.2,39.3,0.095,True,black,black,,,,,,,,,medium,stable,cutout_flat,content/catalogue/review/B025-P007-1c3-cut.webp,good,,cell 4 of the listing grid B025-P007,,,,,,,,B025-P007,1,photo,listing grid caption
B025-P007-C4,B025,merzbschwanen.com,mono-brand,top,ithentic Jersey Cotton Women's T-Shirt,brushed fleece and denim,mixed,2,1,cell of a listing grid,,1,content/swipe/products/IMG_0353.png,Merz b. Schwanen,guessed,recommend,ithentic Jersey Cotton Women's T-Shirt,given,,input needed,,input needed,,input needed,16151A,0.982,7.1,3.7,297.9,0.094,True,black,black,,,,,,,,,medium,stable,cutout_flat,content/catalogue/review/B025-P007-1c4-cut.webp,good,,cell 5 of the listing grid B025-P007,,,,,,,,B025-P007,1,photo,listing grid caption
B025-P007-C5,B025,merzbschwanen.com,mono-brand,top,ge Pima Cotton Cropped Women's T-Shirt,brushed fleece and denim,mixed,2,1,cell of a listing grid,,1,content/swipe/products/IMG_0353.png,Merz b. Schwanen,guessed,recommend,ge Pima Cotton Cropped Women's T-Shirt,given,,input needed,,input needed,,input needed,EAE6E0,0.94,91.4,3.4,84.9,0.123,True,white,white,,,,,,,,,medium,stable,cutout_flat,content/catalogue/review/B025-P007-1c5-cut.webp,good,,cell 6 of the listing grid B025-P007,possible duplicate,,,,,,,B025-P007,1,photo,listing grid caption
B025-P007-C6,B025,merzbschwanen.com,mono-brand,,"listing grid of sweatshirts, jeans and jackets",brushed fleece and denim,mixed,2,1,cell of a listing grid,,1,content/swipe/products/IMG_0353.png,Merz b. Schwanen,guessed,recommend,,input needed,,input needed,,input needed,,input needed,201E20,0.992,11.6,1.8,324.7,0.04,True,black,black,,,,,,,,,medium,stable,cutout_flat,content/catalogue/review/B025-P007-1c6-cut.webp,good,,cell 7 of the listing grid B025-P007,,,,,,,,B025-P007,1,photo,listing grid caption
B025-P007-C7,B025,merzbschwanen.com,mono-brand,,"listing grid of sweatshirts, jeans and jackets",brushed fleece and denim,mixed,2,1,cell of a listing grid,,1,content/swipe/products/IMG_0353.png,Merz b. Schwanen,guessed,recommend,,input needed,,input needed,,input needed,,input needed,A3A3A3,1.0,67.0,0.0,158.2,0.0,True,grey,light grey,,,,,,,,,medium,stable,cutout_flat,content/catalogue/review/B025-P007-1c7-cut.webp,good,,cell 8 of the listing grid B025-P007,,,,,,,,B025-P007,1,photo,listing grid caption
B025-P007-C8,B025,merzbschwanen.com,mono-brand,,"listing grid of sweatshirts, jeans and jackets",brushed fleece and denim,mixed,2,1,cell of a listing grid,,1,content/swipe/products/IMG_0353.png,Merz b. Schwanen,guessed,recommend,,input needed,,input needed,,input needed,,input needed,1E1F31,0.987,12.5,13.0,292.2,0.341,False,blue,navy,,,,,,,,,medium,stable,cutout_flat,content/catalogue/review/B025-P007-1c8-cut.webp,good,,cell 9 of the listing grid B025-P007,,,,,,,,B025-P007,1,photo,listing grid caption
B025-P007-C0,B025,merzbschwanen.com,mono-brand,bottom,red Merino Wool Short Sleeve Women's T-S,brushed fleece and denim,mixed,2,1,cell of a listing grid,,1,content/swipe/products/IMG_0354.png,Merz b. Schwanen,guessed,recommend,red Merino Wool Short Sleeve Women's T-S,given,,input needed,,input needed,,input needed,21202E,0.984,12.9,10.1,295.5,0.227,False,purple,aubergine,,,,,,,,,medium,stable,cutout_flat,content/catalogue/review/B025-P007-2c0-cut.webp,good,,cell 1 of the listing grid B025-P007,,,,,,,,B025-P007,2,photo,listing grid caption
B025-P007-C1,B025,merzbschwanen.com,mono-brand,top,E02C Cropped Classic Cotton Jersey T-Shirt,brushed fleece and denim,mixed,2,1,cell of a listing grid,,1,content/swipe/products/IMG_0354.png,Merz b. Schwanen,guessed,recommend,E02C Cropped Classic Cotton Jersey T-Shirt,given,,input needed,,input needed,,input needed,E9E8E4,0.908,92.0,2.1,100.2,0.023,True,white,white,CBC9C5,0.074,warm neutral,cream,,,,,medium,stable,cutout_flat,content/catalogue/review/B025-P007-2c1-cut.webp,good,,cell 2 of the listing grid B025-P007,,,,,,,,B025-P007,2,photo,listing grid caption
B025-P007-C2,B025,merzbschwanen.com,mono-brand,top,E02C Cropped Classic Cotton Jersey T-Shirt,brushed fleece and denim,mixed,2,1,cell of a listing grid,,1,content/swipe/products/IMG_0354.png,Merz b. Schwanen,guessed,recommend,E02C Cropped Classic Cotton Jersey T-Shirt,given,,input needed,,input needed,,input needed,AA716D,0.94,53.5,24.8,27.5,0.272,False,grey,mid grey,,,,,,,,,medium,stable,cutout_flat,content/catalogue/review/B025-P007-2c2-cut.webp,good,,cell 3 of the listing grid B025-P007,,,,,,,,B025-P007,2,photo,listing grid caption
B025-P007-C3,B025,merzbschwanen.com,mono-brand,top,=02C Cropped Classic Cotton Jersey T-Shirt,brushed fleece and denim,mixed,2,1,cell of a listing grid,,1,content/swipe/products/IMG_0354.png,Merz b. Schwanen,guessed,recommend,=02C Cropped Classic Cotton Jersey T-Shirt,given,,input needed,,input needed,,input needed,3F1E1E,0.978,15.9,17.5,24.3,0.429,False,red,oxblood,,,,,,,,,medium,stable,cutout_flat,content/catalogue/review/B025-P007-2c3-cut.webp,good,,cell 4 of the listing grid B025-P007,,,,,,,,B025-P007,2,photo,listing grid caption
B025-P007-C4,B025,merzbschwanen.com,mono-brand,top,E02C Cropped Classic Cotton Jersey T-Shirt,brushed fleece and denim,mixed,2,1,cell of a listing grid,,1,content/swipe/products/IMG_0354.png,Merz b. Schwanen,guessed,recommend,E02C Cropped Classic Cotton Jersey T-Shirt,given,,input needed,,input needed,,input needed,161517,0.984,6.9,1.5,308.7,0.027,True,black,black,,,,,,,,,medium,stable,cutout_flat,content/catalogue/review/B025-P007-2c4-cut.webp,good,,cell 5 of the listing grid B025-P007,,,,,,,,B025-P007,2,photo,listing grid caption
B025-P007-C5,B025,merzbschwanen.com,mono-brand,top,xed Cotton Soft Fleece Sweatshirt,brushed fleece and denim,mixed,2,1,cell of a listing grid,,1,content/swipe/products/IMG_0354.png,Merz b. Schwanen,guessed,recommend,xed Cotton Soft Fleece Sweatshirt,given,,input needed,,input needed,,input needed,796C67,0.526,46.7,6.3,48.0,0.08,True,warm neutral,stone,5D504C,0.324,warm neutral,taupe,36251E,0.112,brown,espresso,low,stable,cutout_flat,content/catalogue/review/B025-P007-2c5-cut.webp,good,,cell 6 of the listing grid B025-P007,possible duplicate,,,,,,,B025-P007,2,photo,listing grid caption
B025-P007-C6,B025,merzbschwanen.com,mono-brand,,"listing grid of sweatshirts, jeans and jackets",brushed fleece and denim,mixed,2,1,cell of a listing grid,,1,content/swipe/products/IMG_0354.png,Merz b. Schwanen,guessed,recommend,,input needed,,input needed,,input needed,,input needed,18181A,0.953,8.3,1.5,290.7,0.049,True,black,black,,,,,,,,,medium,stable,cutout_flat,content/catalogue/review/B025-P007-2c6-cut.webp,good,,cell 7 of the listing grid B025-P007,,,,,,,,B025-P007,2,photo,listing grid caption
B025-P007-C7,B025,merzbschwanen.com,mono-brand,,"listing grid of sweatshirts, jeans and jackets",brushed fleece and denim,mixed,2,1,cell of a listing grid,,1,content/swipe/products/IMG_0354.png,Merz b. Schwanen,guessed,recommend,,input needed,,input needed,,input needed,,input needed,1E1E1E,0.962,11.3,0.0,158.2,0.0,True,black,black,,,,,,,,,medium,stable,cutout_flat,content/catalogue/review/B025-P007-2c7-cut.webp,good,,cell 8 of the listing grid B025-P007,,,,,,,,B025-P007,2,photo,listing grid caption
B025-P007-C8,B025,merzbschwanen.com,mono-brand,,"listing grid of sweatshirts, jeans and jackets",brushed fleece and denim,mixed,2,1,cell of a listing grid,,1,content/swipe/products/IMG_0354.png,Merz b. Schwanen,guessed,recommend,,input needed,,input needed,,input needed,,input needed,967C5A,0.961,53.6,22.9,77.2,0.372,False,brown,tan,,,,,,,,,medium,stable,cutout_flat,content/catalogue/review/B025-P007-2c8-cut.webp,good,,cell 9 of the listing grid B025-P007,,,,,,,,B025-P007,2,photo,listing grid caption
B026-P001-C0,B026,armedangels.com,multi-brand,,listing grid of jeans and t-shirts,denim and cotton jersey,solid,2,1,cell of a listing grid,,1,content/swipe/products/IMG_0358.png,,input needed,not filed,,input needed,,input needed,,input needed,,input needed,6D86A0,0.536,54.9,16.9,261.4,0.386,False,blue,denim blue,D7D9E6,0.342,blue,sky,9BA5B4,0.079,blue,steel blue,medium,stable,cutout_flat,content/catalogue/review/B026-P001-1c0-cut.webp,good,,cell 1 of the listing grid B026-P001,,,,,,,,B026-P001,1,photo,
B026-P001-C1,B026,armedangels.com,multi-brand,layer,TRICKJACKE,denim and cotton jersey,solid,2,1,cell of a listing grid,,1,content/swipe/products/IMG_0358.png,,input needed,not filed,TRICKJACKE,given,,input needed,,input needed,,input needed,D4C9BF,0.663,81.6,6.7,71.6,0.139,True,warm neutral,cream,2A4065,0.271,blue,navy,31231E,0.066,brown,espresso,medium,stable,cutout_flat,content/catalogue/review/B026-P001-1c1-cut.webp,good,,cell 2 of the listing grid B026-P001,,,,,,,,B026-P001,1,photo,
B026-P001-C2,B026,armedangels.com,multi-brand,,listing grid of jeans and t-shirts,denim and cotton jersey,solid,2,1,cell of a listing grid,,1,content/swipe/products/IMG_0358.png,,input needed,not filed,,input needed,,input needed,,input needed,,input needed,4C607F,0.449,40.3,19.8,272.7,0.463,False,blue,denim blue,344463,0.295,blue,denim blue,657895,0.248,blue,denim blue,medium,stable,cutout_flat,content/catalogue/review/B026-P001-1c2-cut.webp,good,,cell 3 of the listing grid B026-P001,,,,,,,,B026-P001,1,photo,
B026-P001-C3,B026,armedangels.com,multi-brand,,listing grid of jeans and t-shirts,denim and cotton jersey,solid,2,1,cell of a listing grid,,1,content/swipe/products/IMG_0358.png,,input needed,not filed,,input needed,,input needed,,input needed,,input needed,1B283C,0.409,15.9,14.6,274.7,0.576,False,blue,navy,40536E,0.299,blue,denim blue,808DA1,0.237,blue,denim blue,medium,stable,cutout_flat,content/catalogue/review/B026-P001-1c3-cut.webp,good,,cell 4 of the listing grid B026-P001,,,,,,,,B026-P001,1,photo,
B026-P001-C0,B026,armedangels.com,multi-brand,top,4AARLEN GESTREIFTES SWEATSHIRT,denim and cotton jersey,solid,2,1,cell of a listing grid,,1,content/swipe/products/IMG_0359.png,,input needed,not filed,4AARLEN GESTREIFTES SWEATSHIRT,given,,input needed,,input needed,,input needed,F0E4D5,0.495,91.2,8.9,79.8,0.372,False,white,off-white,CEB097,0.231,brown,tan,312219,0.138,brown,espresso,low,stable,cutout_flat,content/catalogue/review/B026-P001-2c0-cut.webp,good,,cell 1 of the listing grid B026-P001,,,,,,,,B026-P001,2,photo,
B026-P001-C1,B026,armedangels.com,multi-brand,top,RLEN GESTREIFTES SWEATSHIRT,denim and cotton jersey,solid,2,1,cell of a listing grid,,1,content/swipe/products/IMG_0359.png,,input needed,not filed,RLEN GESTREIFTES SWEATSHIRT,given,,input needed,,input needed,,input needed,EBDFD0,0.557,89.4,9.0,79.7,0.299,False,warm neutral,cream,9A8879,0.191,brown,tan,39291F,0.164,brown,espresso,low,stable,cutout_flat,content/catalogue/review/B026-P001-2c1-cut.webp,good,,cell 2 of the listing grid B026-P001,,,,,,,,B026-P001,2,photo,
B026-P001-C2,B026,armedangels.com,multi-brand,,listing grid of jeans and t-shirts,denim and cotton jersey,solid,2,1,cell of a listing grid,,1,content/swipe/products/IMG_0359.png,,input needed,not filed,,input needed,,input needed,,input needed,,input needed,2F5579,0.568,35.0,24.6,265.9,0.724,False,blue,denim blue,1D1B1D,0.342,black,black,61768B,0.059,blue,denim blue,medium,stable,cutout_flat,content/catalogue/review/B026-P001-2c2-cut.webp,good,,cell 3 of the listing grid B026-P001,,,,,,,,B026-P001,2,photo,
B026-P001-C3,B026,armedangels.com,multi-brand,,listing grid of jeans and t-shirts,denim and cotton jersey,solid,2,1,cell of a listing grid,,1,content/swipe/products/IMG_0359.png,,input needed,not filed,,input needed,,input needed,,input needed,,input needed,CAC6BE,0.625,80.0,4.5,90.4,0.055,True,warm neutral,cream,8F8B81,0.26,warm neutral,stone,33241A,0.099,brown,espresso,medium,stable,cutout_flat,content/catalogue/review/B026-P001-2c3-cut.webp,good,,cell 4 of the listing grid B026-P001,,,,,,,,B026-P001,2,photo,
B026-P001-C4,B026,armedangels.com,multi-brand,,listing grid of jeans and t-shirts,denim and cotton jersey,solid,2,1,cell of a listing grid,,1,content/swipe/products/IMG_0359.png,,input needed,not filed,,input needed,,input needed,,input needed,,input needed,211F21,0.977,12.0,1.8,324.7,0.039,True,black,black,,,,,,,,,medium,stable,cutout_flat,content/catalogue/review/B026-P001-2c4-cut.webp,good,,cell 5 of the listing grid B026-P001,,,,,,,,B026-P001,2,photo,
B030-P007-C0,B030,lemaire.fr,mono-brand,bottom,ON SILK POPLIN,"poplin, knit, melton",mixed,3,3,cell of a listing grid,,1,content/swipe/products/IMG_0413.png,MARGARET HOWELL,guessed,not filed,ON SILK POPLIN,given,,input needed,,input needed,,input needed,294B71,0.354,31.1,25.6,271.1,0.74,False,blue,denim blue,0D2747,0.319,blue,navy,6F7F97,0.227,blue,denim blue,medium,stable,cutout_flat,content/catalogue/review/B030-P007c0-cut.webp,good,,"cell 1 of the listing grid B030-P007; section ""ED FULL SKIRT""",,,,,,,,B030-P007,0,photo,listing grid caption
B030-P007-C1,B030,lemaire.fr,mono-brand,,VRE NER SGUVERNSET,"poplin, knit, melton",mixed,3,3,cell of a listing grid,,1,content/swipe/products/IMG_0413.png,MARGARET HOWELL,guessed,not filed,VRE NER SGUVERNSET,given,,input needed,,input needed,,input needed,576D8B,0.462,45.4,19.1,269.3,0.438,False,blue,denim blue,244266,0.356,blue,navy,0D213D,0.135,blue,navy,medium,stable,cutout_flat,content/catalogue/review/B030-P007c1-cut.webp,good,,cell 2 of the listing grid B030-P007,,,,,,,,B030-P007,0,photo,listing grid caption
B030-P007-C2,B030,lemaire.fr,mono-brand,dress,> BIB FRONT DRESS,"poplin, knit, melton",mixed,3,3,cell of a listing grid,,1,content/swipe/products/IMG_0413.png,MARGARET HOWELL,guessed,not filed,> BIB FRONT DRESS,given,,input needed,,input needed,,input needed,18385C,0.872,23.0,25.0,274.0,0.821,False,blue,navy,402E27,0.05,brown,espresso,,,,,medium,stable,cutout_flat,content/catalogue/review/B030-P007c2-cut.webp,good,,cell 3 of the listing grid B030-P007,,,,,,,,B030-P007,0,photo,listing grid caption
B030-P007-C3,B030,lemaire.fr,mono-brand,,COOKIES TO REMEMB!,"poplin, knit, melton",mixed,3,3,cell of a listing grid,,1,content/swipe/products/IMG_0413.png,MARGARET HOWELL,guessed,not filed,COOKIES TO REMEMB!,given,,input needed,,input needed,,input needed,1B1D28,0.921,11.0,8.1,286.4,0.274,False,blue,navy,,,,,,,,,medium,stable,cutout_flat,content/catalogue/review/B030-P007c3-cut.webp,good,,cell 4 of the listing grid B030-P007,,,,,,,,B030-P007,0,photo,listing grid caption
B030-P007-C4,B030,lemaire.fr,mono-brand,accessory,W RIBBED SCARF,"poplin, knit, melton",mixed,3,3,cell of a listing grid,,1,content/swipe/products/IMG_0413.png,MARGARET HOWELL,guessed,not filed,W RIBBED SCARF,given,,input needed,,input needed,,input needed,101318,0.966,5.8,3.7,270.9,0.239,False,black,black,,,,,,,,,low,stable,cutout_flat,content/catalogue/review/B030-P007c4-cut.webp,good,,cell 5 of the listing grid B030-P007; looks like B031-P001,possible duplicate,,,,,,,B030-P007,0,photo,listing grid caption
B030-P007-C5,B030,lemaire.fr,mono-brand,layer,FELTED WOOL MELTON,"poplin, knit, melton",mixed,3,3,cell of a listing grid,,1,content/swipe/products/IMG_0413.png,MARGARET HOWELL,guessed,not filed,FELTED WOOL MELTON,given,,input needed,"CHF 1,450.00",given,,input needed,17171C,0.958,7.9,3.8,291.5,0.121,True,black,black,,,,,,,,,medium,stable,cutout_flat,content/catalogue/review/B030-P007c5-cut.webp,good,,"cell 6 of the listing grid B030-P007; section ""REEFER COAT""",,,,,,,,B030-P007,0,photo,listing grid caption
B036-P004-C0,B036,apc.fr,mono-brand,,BE NOIRE EN MOLESKINE 310.00,mixed,mixed,2,2,cell of a listing grid,,1,content/swipe/products/IMG_0459.png,A.P.C.,guessed,not filed,BE NOIRE EN MOLESKINE 310.00,given,,input needed,,input needed,,input needed,161616,0.997,7.2,0.0,158.2,0.0,True,black,black,,,,,,,,,medium,stable,cutout_flat,content/catalogue/review/B036-P004c0-cut.webp,good,,cell 1 of the listing grid B036-P004,,,,,,,,B036-P004,0,photo,listing grid caption
B036-P004-C1,B036,apc.fr,mono-brand,,1 ANCIIC CAI CATARN BIN ANID,mixed,mixed,2,2,cell of a listing grid,,1,content/swipe/products/IMG_0459.png,A.P.C.,guessed,not filed,1 ANCIIC CAI CATARN BIN ANID,given,,input needed,,input needed,,input needed,191A1B,0.966,9.2,0.9,256.1,0.062,True,black,black,,,,,,,,,medium,stable,cutout_flat,content/catalogue/review/B036-P004c1-cut.webp,good,,cell 2 of the listing grid B036-P004,,,,,,,,B036-P004,0,photo,listing grid caption
B036-P004-C2,B036,apc.fr,mono-brand,,"black shirt dress, long skirt, denim jacket, knit cardigan",mixed,mixed,2,2,cell of a listing grid,,1,content/swipe/products/IMG_0459.png,A.P.C.,guessed,not filed,,input needed,,input needed,,input needed,,input needed,090E18,0.561,4.0,6.5,276.6,0.431,False,blue,navy,182135,0.367,blue,navy,,,,,low,stable,cutout_flat,content/catalogue/review/B036-P004c2-cut.webp,good,,cell 3 of the listing grid B036-P004,,,,,,,,B036-P004,0,photo,listing grid caption
B036-P004-C3,B036,apc.fr,mono-brand,,"black shirt dress, long skirt, denim jacket, knit cardigan",mixed,mixed,2,2,cell of a listing grid,,1,content/swipe/products/IMG_0459.png,A.P.C.,guessed,not filed,,input needed,,input needed,,input needed,,input needed,0D192F,0.919,8.9,16.7,281.4,0.712,False,blue,navy,,,,,,,,,medium,stable,cutout_flat,content/catalogue/review/B036-P004c3-cut.webp,good,,cell 4 of the listing grid B036-P004,,,,,,,,B036-P004,0,photo,listing grid caption
B039-P004-C0,B039,studionicholson.com,mono-brand,,nt a eee a ey WY Pe Pe,mixed,mixed,3,3,cell of a listing grid,,1,content/swipe/products/IMG_0498.png,studio nicholson,guessed,not filed,nt a eee a ey WY Pe Pe,given,,input needed,,input needed,,input needed,ACA08E,0.312,66.4,11.0,83.2,0.156,False,brown,tan,928673,0.295,brown,tan,635847,0.224,green,olive,medium,stable,cutout_flat,content/catalogue/review/B039-P004c0-cut.webp,good,,cell 1 of the listing grid B039-P004,,,,,,,,B039-P004,0,photo,listing grid caption
B039-P004-C1,B039,studionicholson.com,mono-brand,,"listing grid of coats, knits, trousers, tops",mixed,mixed,3,3,cell of a listing grid,,1,content/swipe/products/IMG_0498.png,studio nicholson,guessed,not filed,,input needed,,input needed,,input needed,,input needed,242527,0.987,14.7,1.5,271.9,0.065,True,black,black,,,,,,,,,medium,stable,cutout_flat,content/catalogue/review/B039-P004c1-cut.webp,good,,cell 2 of the listing grid B039-P004,,,,,,,,B039-P004,0,photo,listing grid caption
B039-P004-C2,B039,studionicholson.com,mono-brand,,"listing grid of coats, knits, trousers, tops",mixed,mixed,3,3,cell of a listing grid,,1,content/swipe/products/IMG_0498.png,studio nicholson,guessed,not filed,,input needed,,input needed,,input needed,,input needed,5B5649,0.297,36.7,8.3,93.1,0.187,False,green,olive,797F70,0.244,grey,mid grey,0D1113,0.235,black,black,medium,stable,cutout_flat,content/catalogue/review/B039-P004c2-cut.webp,good,,cell 3 of the listing grid B039-P004,,,,,,,,B039-P004,0,photo,listing grid caption
B039-P004-C3,B039,studionicholson.com,mono-brand,,VICU Pat Ht OlUN,mixed,mixed,3,3,cell of a listing grid,,1,content/swipe/products/IMG_0498.png,studio nicholson,guessed,not filed,VICU Pat Ht OlUN,given,,input needed,,input needed,,input needed,171818,0.782,8.1,0.5,199.3,0.05,True,black,black,4B2714,0.142,brown,espresso,3D3A38,0.06,warm neutral,taupe,medium,stable,cutout_flat,content/catalogue/review/B039-P004c3-cut.webp,good,,cell 4 of the listing grid B039-P004,,,,,,,,B039-P004,0,photo,listing grid caption
B039-P004-C4,B039,studionicholson.com,mono-brand,,WU TH WGINC OL INGVY,mixed,mixed,3,3,cell of a listing grid,,1,content/swipe/products/IMG_0498.png,studio nicholson,guessed,not filed,WU TH WGINC OL INGVY,given,,input needed,,input needed,,input needed,0F1215,0.947,5.3,2.2,258.9,0.2,False,black,black,,,,,,,,,low,stable,cutout_flat,content/catalogue/review/B039-P004c4-cut.webp,good,,cell 5 of the listing grid B039-P004,,,,,,,,B039-P004,0,photo,listing grid caption
B039-P004-C5,B039,studionicholson.com,mono-brand,,30.00,mixed,mixed,3,3,cell of a listing grid,,1,content/swipe/products/IMG_0498.png,studio nicholson,guessed,not filed,30.00,given,,input needed,,input needed,,input needed,19191A,0.615,8.8,0.7,290.4,0.024,True,black,black,542C15,0.185,brown,chocolate,39231A,0.157,brown,espresso,low,stable,cutout_flat,content/catalogue/review/B039-P004c5-cut.webp,good,,cell 6 of the listing grid B039-P004,,,,,,,,B039-P004,0,photo,listing grid caption
B039-P004-C6,B039,studionicholson.com,mono-brand,,2s and similar technologies to provid,mixed,mixed,3,3,cell of a listing grid,,1,content/swipe/products/IMG_0498.png,studio nicholson,guessed,not filed,2s and similar technologies to provid,given,,input needed,,input needed,,input needed,111214,0.419,5.4,1.3,272.2,0.085,True,black,black,1C3452,0.287,blue,navy,496587,0.238,blue,denim blue,low,stable,cutout_flat,content/catalogue/review/B039-P004c6-cut.webp,good,,cell 7 of the listing grid B039-P004,,,,,,,,B039-P004,0,photo,listing grid caption
B039-P004-C7,B039,studionicholson.com,mono-brand,,st experience on our,mixed,mixed,3,3,cell of a listing grid,,1,content/swipe/products/IMG_0498.png,studio nicholson,guessed,not filed,st experience on our,given,,input needed,,input needed,,input needed,101113,0.95,5.0,1.3,272.3,0.085,True,black,black,,,,,,,,,low,stable,cutout_flat,content/catalogue/review/B039-P004c7-cut.webp,good,,cell 8 of the listing grid B039-P004,,,,,,,,B039-P004,0,photo,listing grid caption
B039-P004-C8,B039,studionicholson.com,mono-brand,,"listing grid of coats, knits, trousers, tops",mixed,mixed,3,3,cell of a listing grid,,1,content/swipe/products/IMG_0498.png,studio nicholson,guessed,not filed,,input needed,,input needed,,input needed,,input needed,121315,0.831,5.9,1.4,272.2,0.086,True,black,black,C3AD96,0.1,brown,tan,423F3F,0.068,grey,dark grey,low,stable,cutout_flat,content/catalogue/review/B039-P004c8-cut.webp,good,,cell 9 of the listing grid B039-P004,,,,,,,,B039-P004,0,photo,listing grid caption
B043-P007-C0,B043,toteme.com,mono-brand,,shoulder bags and flap clutches,embossed and smooth leather,mixed,1,3,cell of a listing grid,,1,content/swipe/products/IMG_0586.png,toteme,guessed,not filed,,input needed,,input needed,,input needed,,input needed,3D3230,0.457,21.9,5.5,34.4,0.103,True,warm neutral,taupe,1E1211,0.253,red,oxblood,645C59,0.171,warm neutral,taupe,medium,stable,cutout_flat,content/catalogue/review/B043-P007c0-cut.webp,good,,cell 1 of the listing grid B043-P007,possible duplicate,,,,,,,B043-P007,0,photo,listing grid caption
B043-P007-C1,B043,toteme.com,mono-brand,,shoulder bags and flap clutches,embossed and smooth leather,mixed,1,3,cell of a listing grid,,1,content/swipe/products/IMG_0586.png,toteme,guessed,not filed,,input needed,,input needed,,input needed,,input needed,2D2D2D,0.724,18.5,0.0,158.2,0.0,True,black,black,525252,0.167,grey,dark grey,7C7A78,0.109,warm neutral,stone,medium,stable,cutout_flat,content/catalogue/review/B043-P007c1-cut.webp,good,,cell 2 of the listing grid B043-P007,possible duplicate,,,,,,,B043-P007,0,photo,listing grid caption
B043-P007-C2,B043,toteme.com,mono-brand,,shoulder bags and flap clutches,embossed and smooth leather,mixed,1,3,cell of a listing grid,,1,content/swipe/products/IMG_0586.png,toteme,guessed,not filed,,input needed,,input needed,,input needed,,input needed,CAC5B4,0.345,79.5,9.2,97.5,0.114,True,warm neutral,cream,9E988A,0.336,warm neutral,oatmeal,615C52,0.174,warm neutral,taupe,medium,stable,cutout_flat,content/catalogue/review/B043-P007c2-cut.webp,good,,cell 3 of the listing grid B043-P007,,,,,,,,B043-P007,0,photo,listing grid caption
B043-P007-C3,B043,toteme.com,mono-brand,,shoulder bags and flap clutches,embossed and smooth leather,mixed,1,3,cell of a listing grid,,1,content/swipe/products/IMG_0586.png,toteme,guessed,not filed,,input needed,,input needed,,input needed,,input needed,A5A090,0.335,65.9,9.0,96.5,0.131,True,warm neutral,oatmeal,D2CDBE,0.254,warm neutral,cream,26231E,0.229,black,black,medium,stable,cutout_flat,content/catalogue/review/B043-P007c3-cut.webp,good,,cell 4 of the listing grid B043-P007,,,,,,,,B043-P007,0,photo,listing grid caption
B043-P007-C0,B043,toteme.com,mono-brand,bag,Medium belted suede tote esoresso.,embossed and smooth leather,mixed,1,3,cell of a listing grid,,1,content/swipe/products/IMG_0587.png,toteme,guessed,not filed,Medium belted suede tote esoresso.,given,,input needed,,input needed,,input needed,16110F,0.945,5.5,2.5,46.0,0.212,False,black,black,403938,0.055,warm neutral,taupe,,,,,low,stable,cutout_flat,content/catalogue/review/B043-P007-1c0-cut.webp,good,,"cell 1 of the listing grid B043-P007; looks like B043-P005, B043-P006",possible duplicate,,,,,,,B043-P007,1,photo,listing grid caption
B043-P007-C1,B043,toteme.com,mono-brand,bag,Mediurn belted suede tote black,embossed and smooth leather,mixed,1,3,cell of a listing grid,,1,content/swipe/products/IMG_0587.png,toteme,guessed,not filed,Mediurn belted suede tote black,given,,input needed,,input needed,,input needed,151515,0.899,6.8,0.0,158.2,0.0,True,black,black,2F2F2F,0.09,grey,dark grey,,,,,medium,stable,cutout_flat,content/catalogue/review/B043-P007-1c1-cut.webp,good,,"cell 2 of the listing grid B043-P007; looks like B043-P005, B043-P006",possible duplicate,,,,,,,B043-P007,1,photo,listing grid caption
B043-P007-C2,B043,toteme.com,mono-brand,,shoulder bags and flap clutches,embossed and smooth leather,mixed,1,3,cell of a listing grid,,1,content/swipe/products/IMG_0587.png,toteme,guessed,not filed,,input needed,,input needed,,input needed,,input needed,C8B48A,0.946,74.0,24.1,88.0,0.315,False,warm neutral,oatmeal,,,,,,,,,medium,stable,cutout_flat,content/catalogue/review/B043-P007-1c2-cut.webp,good,,cell 3 of the listing grid B043-P007,,,,,,,,B043-P007,1,photo,listing grid caption
B043-P007-C3,B043,toteme.com,mono-brand,,shoulder bags and flap clutches,embossed and smooth leather,mixed,1,3,cell of a listing grid,,1,content/swipe/products/IMG_0587.png,toteme,guessed,not filed,,input needed,,input needed,,input needed,,input needed,C0AB82,0.686,70.8,24.0,86.5,0.324,False,brown,tan,E9E8E8,0.25,white,white,,,,,medium,stable,cutout_flat,content/catalogue/review/B043-P007-1c3-cut.webp,good,,cell 4 of the listing grid B043-P007,,,,,,,,B043-P007,1,photo,listing grid caption
B044-P002-C0,B044,toteme.com,mono-brand,,"ankle, knee-high and over-the-knee leather boots",smooth leather,solid,2,3,cell of a listing grid,,1,content/swipe/products/IMG_0590.png,toteme,guessed,not filed,,input needed,,input needed,,input needed,,input needed,242424,0.826,14.2,0.0,158.2,0.0,True,black,black,666565,0.14,grey,mid grey,,,,,medium,stable,cutout_flat,content/catalogue/review/B044-P002-1c0-cut.webp,good,,cell 1 of the listing grid B044-P002,,,,,,,,B044-P002,1,photo,listing grid caption
B044-P002-C1,B044,toteme.com,mono-brand,,"ankle, knee-high and over-the-knee leather boots",smooth leather,solid,2,3,cell of a listing grid,,1,content/swipe/products/IMG_0590.png,toteme,guessed,not filed,,input needed,,input needed,,input needed,,input needed,312826,0.826,17.0,4.7,37.3,0.11,True,black,off-black,6D6866,0.14,warm neutral,taupe,,,,,medium,stable,cutout_flat,content/catalogue/review/B044-P002-1c1-cut.webp,good,,cell 2 of the listing grid B044-P002,,,,,,,,B044-P002,1,photo,listing grid caption
B044-P002-C2,B044,toteme.com,mono-brand,,"ankle, knee-high and over-the-knee leather boots",smooth leather,solid,2,3,cell of a listing grid,,1,content/swipe/products/IMG_0590.png,toteme,guessed,not filed,,input needed,,input needed,,input needed,,input needed,291B13,0.982,11.3,9.9,55.4,0.475,False,brown,espresso,,,,,,,,,medium,stable,cutout_flat,content/catalogue/review/B044-P002-1c2-cut.webp,good,,cell 3 of the listing grid B044-P002,,,,,,,,B044-P002,1,photo,listing grid caption
B044-P002-C3,B044,toteme.com,mono-brand,,"ankle, knee-high and over-the-knee leather boots",smooth leather,solid,2,3,cell of a listing grid,,1,content/swipe/products/IMG_0590.png,toteme,guessed,not filed,,input needed,,input needed,,input needed,,input needed,111111,0.97,5.1,0.0,158.2,0.0,True,black,black,,,,,,,,,low,stable,cutout_flat,content/catalogue/review/B044-P002-1c3-cut.webp,good,,cell 4 of the listing grid B044-P002,,,,,,,,B044-P002,1,photo,listing grid caption
B044-P003-C0,B044,toteme.com,mono-brand,,kitten-heel pumps and flat ballerinas,"suede, pony hair",mixed,1,3,cell of a listing grid,,1,content/swipe/products/IMG_0591.png,toteme,guessed,not filed,,input needed,,input needed,,input needed,,input needed,151515,0.919,6.8,0.0,158.2,0.0,True,black,black,3F3F3E,0.063,grey,dark grey,,,,,medium,stable,cutout_flat,content/catalogue/review/B044-P003c0-cut.webp,good,,cell 1 of the listing grid B044-P003,,,,,,,,B044-P003,0,photo,listing grid caption
B044-P003-C1,B044,toteme.com,mono-brand,,kitten-heel pumps and flat ballerinas,"suede, pony hair",mixed,1,3,cell of a listing grid,,1,content/swipe/products/IMG_0591.png,toteme,guessed,not filed,,input needed,,input needed,,input needed,,input needed,B49069,0.369,62.2,27.2,72.3,0.38,False,brown,tan,1C1610,0.353,brown,espresso,8F7860,0.14,brown,tobacco,medium,stable,cutout_flat,content/catalogue/review/B044-P003c1-cut.webp,good,,cell 2 of the listing grid B044-P003,,,,,,,,B044-P003,0,photo,listing grid caption
B044-P003-C2,B044,toteme.com,mono-brand,,kitten-heel pumps and flat ballerinas,"suede, pony hair",mixed,1,3,cell of a listing grid,,1,content/swipe/products/IMG_0591.png,toteme,guessed,not filed,,input needed,,input needed,,input needed,,input needed,1E1E1E,0.952,11.3,0.0,158.2,0.0,True,black,black,,,,,,,,,medium,stable,cutout_flat,content/catalogue/review/B044-P003c2-cut.webp,good,,cell 3 of the listing grid B044-P003,,,,,,,,B044-P003,0,photo,listing grid caption
B044-P003-C3,B044,toteme.com,mono-brand,,kitten-heel pumps and flat ballerinas,"suede, pony hair",mixed,1,3,cell of a listing grid,,1,content/swipe/products/IMG_0591.png,toteme,guessed,not filed,,input needed,,input needed,,input needed,,input needed,211A15,0.378,9.9,5.3,62.8,0.316,False,brown,espresso,BD9C78,0.297,brown,tan,997857,0.212,brown,tan,medium,stable,cutout_flat,content/catalogue/review/B044-P003c3-cut.webp,good,,cell 4 of the listing grid B044-P003,,,,,,,,B044-P003,0,photo,listing grid caption
B044-P004-C0,B044,toteme.com,mono-brand,,"ballerinas, loafers and heeled ankle boots","pony hair, smooth leather",mixed,2,3,cell of a listing grid,,1,content/swipe/products/IMG_0592.png,toteme,guessed,not filed,,input needed,,input needed,,input needed,,input needed,1A1A19,0.537,9.2,0.7,109.9,0.051,True,black,black,D0CFC8,0.293,warm neutral,cream,393836,0.113,warm neutral,taupe,medium,stable,cutout_flat,content/catalogue/review/B044-P004c0-cut.webp,good,,cell 1 of the listing grid B044-P004,,,,,,,,B044-P004,0,photo,listing grid caption
B044-P004-C1,B044,toteme.com,mono-brand,,"ballerinas, loafers and heeled ankle boots","pony hair, smooth leather",mixed,2,3,cell of a listing grid,,1,content/swipe/products/IMG_0592.png,toteme,guessed,not filed,,input needed,,input needed,,input needed,,input needed,313130,0.84,20.3,0.7,110.0,0.022,True,grey,dark grey,565655,0.113,grey,dark grey,,,,,medium,stable,cutout_flat,content/catalogue/review/B044-P004c1-cut.webp,good,,cell 2 of the listing grid B044-P004,,,,,,,,B044-P004,0,photo,listing grid caption
B044-P004-C2,B044,toteme.com,mono-brand,,"ballerinas, loafers and heeled ankle boots","pony hair, smooth leather",mixed,2,3,cell of a listing grid,,1,content/swipe/products/IMG_0592.png,toteme,guessed,not filed,,input needed,,input needed,,input needed,,input needed,B1A18B,0.945,67.1,13.8,80.7,0.191,False,brown,tan,,,,,,,,,medium,stable,cutout_flat,content/catalogue/review/B044-P004c2-cut.webp,good,,cell 3 of the listing grid B044-P004,,,,,,,,B044-P004,0,photo,listing grid caption
B044-P004-C3,B044,toteme.com,mono-brand,,"ballerinas, loafers and heeled ankle boots","pony hair, smooth leather",mixed,2,3,cell of a listing grid,,1,content/swipe/products/IMG_0592.png,toteme,guessed,not filed,,input needed,,input needed,,input needed,,input needed,352C2B,0.813,18.9,4.5,29.1,0.096,True,black,off-black,5A544F,0.162,warm neutral,taupe,,,,,medium,stable,cutout_flat,content/catalogue/review/B044-P004c3-cut.webp,good,,cell 4 of the listing grid B044-P004,,,,,,,,B044-P004,0,photo,listing grid caption
B044-P005-C0,B044,toteme.com,mono-brand,shoes,"Croco-embossed mid-heel boots dark brown,","croco-embossed leather, suede, smooth leather",mixed,2,3,cell of a listing grid,,1,content/swipe/products/IMG_0595.png,TOTEME,guessed,not filed,"Croco-embossed mid-heel boots dark brown,",given,,input needed,,input needed,,input needed,201E1D,0.8,11.4,1.2,55.1,0.059,True,black,black,3B3837,0.156,warm neutral,taupe,,,,,medium,stable,cutout_flat,content/catalogue/review/B044-P005-1c0-cut.webp,good,,cell 1 of the listing grid B044-P005,,,,,,,,B044-P005,1,photo,listing grid caption
B044-P005-C1,B044,toteme.com,mono-brand,,"croco-embossed, suede and leather mid-heel boots","croco-embossed leather, suede, smooth leather",mixed,2,3,cell of a listing grid,,1,content/swipe/products/IMG_0595.png,TOTEME,guessed,not filed,,input needed,,input needed,,input needed,,input needed,2C2C2C,0.633,18.0,0.0,158.2,0.0,True,black,black,535353,0.15,grey,dark grey,151515,0.14,black,black,medium,stable,cutout_flat,content/catalogue/review/B044-P005-1c1-cut.webp,good,,cell 2 of the listing grid B044-P005,,,,,,,,B044-P005,1,photo,listing grid caption
B044-P005-C2,B044,toteme.com,mono-brand,shoes,Suede mid-heel boots black,"croco-embossed leather, suede, smooth leather",mixed,2,3,cell of a listing grid,,1,content/swipe/products/IMG_0595.png,TOTEME,guessed,not filed,Suede mid-heel boots black,given,,input needed,,input needed,,input needed,151515,0.975,6.8,0.0,158.2,0.0,True,black,black,,,,,,,,,medium,stable,cutout_flat,content/catalogue/review/B044-P005-1c2-cut.webp,good,,cell 3 of the listing grid B044-P005,,,,,,,,B044-P005,1,photo,listing grid caption
B044-P005-C3,B044,toteme.com,mono-brand,shoes,Leather mid-heel boots black,"croco-embossed leather, suede, smooth leather",mixed,2,3,cell of a listing grid,,1,content/swipe/products/IMG_0595.png,TOTEME,guessed,not filed,Leather mid-heel boots black,given,,input needed,,input needed,,input needed,202020,0.495,12.3,0.0,158.2,0.0,True,black,black,373737,0.25,grey,dark grey,5D5D5D,0.18,grey,mid grey,medium,stable,cutout_flat,content/catalogue/review/B044-P005-1c3-cut.webp,good,,cell 4 of the listing grid B044-P005,,,,,,,,B044-P005,1,photo,listing grid caption
B044-P005-C0,B044,toteme.com,mono-brand,,"croco-embossed, suede and leather mid-heel boots","croco-embossed leather, suede, smooth leather",mixed,2,3,cell of a listing grid,,1,content/swipe/products/IMG_0596.png,TOTEME,guessed,not filed,,input needed,,input needed,,input needed,,input needed,131313,0.854,5.9,0.0,158.2,0.0,True,black,black,2A2A2A,0.117,black,black,,,,,low,stable,cutout_flat,content/catalogue/review/B044-P005-2c0-cut.webp,good,,cell 1 of the listing grid B044-P005,,,,,,,,B044-P005,2,photo,listing grid caption
B044-P005-C1,B044,toteme.com,mono-brand,,"croco-embossed, suede and leather mid-heel boots","croco-embossed leather, suede, smooth leather",mixed,2,3,cell of a listing grid,,1,content/swipe/products/IMG_0596.png,TOTEME,guessed,not filed,,input needed,,input needed,,input needed,,input needed,0C0C0C,0.389,3.3,0.0,158.2,0.0,True,black,black,2F302F,0.343,grey,dark grey,575757,0.16,grey,dark grey,low,stable,cutout_flat,content/catalogue/review/B044-P005-2c1-cut.webp,good,,cell 2 of the listing grid B044-P005,,,,,,,,B044-P005,2,photo,listing grid caption
B044-P005-C2,B044,toteme.com,mono-brand,,"croco-embossed, suede and leather mid-heel boots","croco-embossed leather, suede, smooth leather",mixed,2,3,cell of a listing grid,,1,content/swipe/products/IMG_0596.png,TOTEME,guessed,not filed,,input needed,,input needed,,input needed,,input needed,0C0A0A,0.459,2.9,0.6,19.4,0.043,True,black,black,2E2C2B,0.295,black,black,555352,0.161,warm neutral,taupe,low,stable,cutout_flat,content/catalogue/review/B044-P005-2c2-cut.webp,good,,cell 3 of the listing grid B044-P005,,,,,,,,B044-P005,2,photo,listing grid caption
B044-P005-C3,B044,toteme.com,mono-brand,,"croco-embossed, suede and leather mid-heel boots","croco-embossed leather, suede, smooth leather",mixed,2,3,cell of a listing grid,,1,content/swipe/products/IMG_0596.png,TOTEME,guessed,not filed,,input needed,,input needed,,input needed,,input needed,0F0F0F,0.951,4.3,0.0,158.2,0.0,True,black,black,,,,,,,,,low,stable,cutout_flat,content/catalogue/review/B044-P005-2c3-cut.webp,good,,cell 4 of the listing grid B044-P005,,,,,,,,B044-P005,2,photo,listing grid caption
B044-P020-C0,B044,tibi.com,mono-brand,top,Tibi Creative Lab Mote! T-Shirt,mixed,mixed,2,3,cell of a listing grid,,1,content/swipe/products/IMG_0613.png,Tibi,guessed,not filed,Tibi Creative Lab Mote! T-Shirt,given,,input needed,USD 145,given,,input needed,181B24,0.725,9.8,6.7,280.8,0.283,False,blue,navy,41261C,0.126,brown,espresso,A27C53,0.092,brown,tan,low,stable,cutout_flat,content/catalogue/review/B044-P020c0-cut.webp,good,,cell 1 of the listing grid B044-P020,,,,,,,,B044-P020,0,photo,listing grid caption
B044-P020-C1,B044,tibi.com,mono-brand,,"listing grid: t-shirt, blazers, cardigan, trousers",mixed,mixed,2,3,cell of a listing grid,,1,content/swipe/products/IMG_0613.png,Tibi,guessed,not filed,,input needed,,input needed,,input needed,,input needed,CBB185,0.502,73.4,26.2,83.5,0.34,False,brown,tan,0C1925,0.409,blue,navy,453431,0.089,brown,chocolate,medium,stable,cutout_flat,content/catalogue/review/B044-P020c1-cut.webp,good,,cell 2 of the listing grid B044-P020,,,,,,,,B044-P020,0,photo,listing grid caption
B044-P020-C2,B044,tibi.com,mono-brand,layer,tropical Woo! Vennis Cutout blazer ogo,mixed,mixed,2,3,cell of a listing grid,,1,content/swipe/products/IMG_0613.png,Tibi,guessed,not filed,tropical Woo! Vennis Cutout blazer ogo,given,,input needed,,input needed,,input needed,384C61,0.708,31.5,14.8,263.5,0.489,False,blue,denim blue,212F3F,0.255,blue,navy,,,,,medium,stable,cutout_flat,content/catalogue/review/B044-P020c2-cut.webp,good,,cell 3 of the listing grid B044-P020,,,,,,,,B044-P020,0,photo,listing grid caption
B044-P020-C3,B044,tibi.com,mono-brand,,"We use cookies to personalize content and ads, provide sociz",mixed,mixed,2,3,cell of a listing grid,,1,content/swipe/products/IMG_0613.png,Tibi,guessed,not filed,"We use cookies to personalize content and ads, provide sociz",given,,input needed,,input needed,,input needed,2B3A4D,0.551,23.9,13.5,268.4,0.487,False,blue,navy,3F5268,0.24,blue,denim blue,18212E,0.178,blue,navy,medium,stable,cutout_flat,content/catalogue/review/B044-P020c3-cut.webp,good,,cell 4 of the listing grid B044-P020,,,,,,,,B044-P020,0,photo,listing grid caption
B044-P020-C4,B044,tibi.com,mono-brand,,"de social media features, analyze our traffic, and in doing so impr",mixed,mixed,2,3,cell of a listing grid,,1,content/swipe/products/IMG_0613.png,Tibi,guessed,not filed,"de social media features, analyze our traffic, and in doing so impr",given,,input needed,,input needed,,input needed,3D291C,0.354,18.6,14.3,58.7,0.446,False,brown,espresso,435871,0.309,blue,denim blue,28384B,0.292,blue,navy,medium,stable,cutout_flat,content/catalogue/review/B044-P020c4-cut.webp,good,,cell 5 of the listing grid B044-P020,,,,,,,,B044-P020,0,photo,listing grid caption
B044-P020-C5,B044,tibi.com,mono-brand,,) improve your user experience. T ! b |,mixed,mixed,2,3,cell of a listing grid,,1,content/swipe/products/IMG_0613.png,Tibi,guessed,not filed,) improve your user experience. T ! b |,given,,input needed,,input needed,,input needed,334458,0.348,28.2,14.1,266.3,0.475,False,blue,denim blue,49453D,0.289,warm neutral,taupe,67635B,0.206,warm neutral,taupe,medium,stable,cutout_flat,content/catalogue/review/B044-P020c5-cut.webp,good,,cell 6 of the listing grid B044-P020,,,,,,,,B044-P020,0,photo,listing grid caption
B044-P020-C0,B044,tibi.com,mono-brand,,Op ICat WOO Mantes PrOoUser Va,mixed,mixed,2,3,cell of a listing grid,,1,content/swipe/products/IMG_0614.png,Tibi,guessed,not filed,Op ICat WOO Mantes PrOoUser Va,given,,input needed,,input needed,,input needed,2A3A4C,0.535,23.8,13.1,265.5,0.497,False,blue,navy,3C4F66,0.252,blue,denim blue,18212E,0.178,blue,navy,medium,stable,cutout_flat,content/catalogue/review/B044-P020-1c0-cut.webp,good,,cell 1 of the listing grid B044-P020,,,,,,,,B044-P020,1,photo,listing grid caption
B044-P020-C1,B044,tibi.com,mono-brand,,‘spequowepuny,mixed,mixed,2,3,cell of a listing grid,,1,content/swipe/products/IMG_0614.png,Tibi,guessed,not filed,‘spequowepuny,given,,input needed,,input needed,,input needed,3E291C,0.359,18.8,14.7,57.4,0.45,False,brown,espresso,28384C,0.308,blue,navy,445972,0.305,blue,denim blue,medium,stable,cutout_flat,content/catalogue/review/B044-P020-1c1-cut.webp,good,,cell 2 of the listing grid B044-P020,,,,,,,,B044-P020,1,photo,listing grid caption
B044-P020-C2,B044,tibi.com,mono-brand,,POPC WYOOE VISTHS VULOUL Dlacer,mixed,mixed,2,3,cell of a listing grid,,1,content/swipe/products/IMG_0614.png,Tibi,guessed,not filed,POPC WYOOE VISTHS VULOUL Dlacer,given,,input needed,,input needed,,input needed,334559,0.358,28.6,14.2,265.0,0.486,False,blue,denim blue,48443D,0.278,warm neutral,taupe,65615A,0.208,warm neutral,taupe,medium,stable,cutout_flat,content/catalogue/review/B044-P020-1c2-cut.webp,good,,cell 3 of the listing grid B044-P020,,,,,,,,B044-P020,1,photo,listing grid caption
B044-P020-C3,B044,tibi.com,mono-brand,,"We use cookies to personalize content and ads, provide soci",mixed,mixed,2,3,cell of a listing grid,,1,content/swipe/products/IMG_0614.png,Tibi,guessed,not filed,"We use cookies to personalize content and ads, provide soci",given,,input needed,,input needed,,input needed,43545F,0.466,34.7,9.3,246.6,0.356,False,blue,denim blue,596C78,0.351,blue,steel blue,28333C,0.167,blue,navy,medium,stable,cutout_flat,content/catalogue/review/B044-P020-1c3-cut.webp,good,,cell 4 of the listing grid B044-P020,,,,,,,,B044-P020,1,photo,listing grid caption
B044-P020-C4,B044,tibi.com,mono-brand,,"de social media features, analyze our traffic, and in doing so impr",mixed,mixed,2,3,cell of a listing grid,,1,content/swipe/products/IMG_0614.png,Tibi,guessed,not filed,"de social media features, analyze our traffic, and in doing so impr",given,,input needed,,input needed,,input needed,273647,0.457,22.0,12.5,265.7,0.495,False,blue,navy,384C62,0.389,blue,denim blue,151D29,0.131,blue,navy,medium,stable,cutout_flat,content/catalogue/review/B044-P020-1c4-cut.webp,good,,cell 5 of the listing grid B044-P020,,,,,,,,B044-P020,1,photo,listing grid caption
B044-P020-C5,B044,tibi.com,mono-brand,bottom,7S0 Tropical Woo! Pleating Sunray Skirt $645,mixed,mixed,2,3,cell of a listing grid,,1,content/swipe/products/IMG_0614.png,Tibi,guessed,not filed,7S0 Tropical Woo! Pleating Sunray Skirt $645,given,,input needed,USD 645,given,,input needed,2C3A4F,0.359,24.1,14.6,272.4,0.484,False,blue,navy,131F31,0.327,blue,navy,4A5B75,0.198,blue,denim blue,medium,stable,cutout_flat,content/catalogue/review/B044-P020-1c5-cut.webp,good,,cell 6 of the listing grid B044-P020,,,,,,,,B044-P020,1,photo,listing grid caption
B044-P020-C6,B044,tibi.com,mono-brand,bottom,Tropical Wool Pleating Sunray Skirt,mixed,mixed,2,3,cell of a listing grid,,1,content/swipe/products/IMG_0614.png,Tibi,guessed,not filed,Tropical Wool Pleating Sunray Skirt,given,,input needed,,input needed,,input needed,303E54,0.384,25.9,15.1,273.1,0.47,False,blue,navy,142032,0.354,blue,navy,52637E,0.15,blue,denim blue,medium,stable,cutout_flat,content/catalogue/review/B044-P020-1c6-cut.webp,good,,cell 7 of the listing grid B044-P020,,,,,,,,B044-P020,1,photo,listing grid caption
B045-P001-C0,B045,tibi.com,mono-brand,top,New Shirting Charlie Men's Slim Shirt $275 T,mixed,solid,2,2,cell of a listing grid,,1,content/swipe/products/IMG_0615.png,Tibi,guessed,not filed,New Shirting Charlie Men's Slim Shirt $275 T,given,,input needed,USD 275,given,,input needed,192C40,0.508,17.4,15.0,267.3,0.661,False,blue,navy,2C4359,0.31,blue,navy,0E151E,0.165,blue,navy,medium,stable,cutout_flat,content/catalogue/review/B045-P001c0-cut.webp,good,,cell 1 of the listing grid B045-P001,,,,,,,,B045-P001,0,photo,listing grid caption
B045-P001-C1,B045,tibi.com,mono-brand,,Sjequewepuny,mixed,solid,2,2,cell of a listing grid,,1,content/swipe/products/IMG_0615.png,Tibi,guessed,not filed,Sjequewepuny,given,,input needed,,input needed,,input needed,203144,0.795,19.7,14.1,267.0,0.579,False,blue,navy,111720,0.178,blue,navy,,,,,medium,stable,cutout_flat,content/catalogue/review/B045-P001c1-cut.webp,good,,cell 2 of the listing grid B045-P001,,,,,,,,B045-P001,0,photo,listing grid caption
B045-P001-C2,B045,tibi.com,mono-brand,top,Perfect Linicex T-Shirt o175,mixed,solid,2,2,cell of a listing grid,,1,content/swipe/products/IMG_0615.png,Tibi,guessed,not filed,Perfect Linicex T-Shirt o175,given,,input needed,,input needed,,input needed,7D98A6,0.429,61.3,12.1,239.4,0.323,False,blue,steel blue,A2BACA,0.281,blue,sky,2C3A49,0.229,blue,navy,medium,stable,cutout_flat,content/catalogue/review/B045-P001c2-cut.webp,good,,cell 3 of the listing grid B045-P001,,,,,,,,B045-P001,0,photo,listing grid caption
B045-P001-C3,B045,tibi.com,mono-brand,,"We use cookies to personalize content and ads, provide soci",mixed,solid,2,2,cell of a listing grid,,1,content/swipe/products/IMG_0615.png,Tibi,guessed,not filed,"We use cookies to personalize content and ads, provide soci",given,,input needed,,input needed,,input needed,3C2D29,0.419,20.0,8.1,40.3,0.173,False,brown,espresso,465762,0.253,blue,denim blue,657D8D,0.24,blue,steel blue,medium,stable,cutout_flat,content/catalogue/review/B045-P001c3-cut.webp,good,,cell 4 of the listing grid B045-P001,,,,,,,,B045-P001,0,photo,listing grid caption
B045-P001-C4,B045,tibi.com,mono-brand,,"ide social media features, analyze our traffic, and in doing so impr",mixed,solid,2,2,cell of a listing grid,,1,content/swipe/products/IMG_0615.png,Tibi,guessed,not filed,"ide social media features, analyze our traffic, and in doing so impr",given,,input needed,,input needed,,input needed,56231B,0.58,21.1,28.5,36.2,0.536,False,orange,rust,31100A,0.214,brown,espresso,C09269,0.116,yellow,gold,low,stable,cutout_flat,content/catalogue/review/B045-P001c4-cut.webp,good,,cell 5 of the listing grid B045-P001,,,,,,,,B045-P001,0,photo,listing grid caption
B045-P001-C5,B045,tibi.com,mono-brand,,4 LIGNE Weight owealsSnirting Winsiow Fant vesn,mixed,solid,2,2,cell of a listing grid,,1,content/swipe/products/IMG_0615.png,Tibi,guessed,not filed,4 LIGNE Weight owealsSnirting Winsiow Fant vesn,given,,input needed,,input needed,,input needed,59261D,0.689,22.3,28.4,37.0,0.512,False,orange,rust,3B140F,0.2,brown,espresso,201917,0.074,brown,espresso,low,stable,cutout_flat,content/catalogue/review/B045-P001c5-cut.webp,good,,cell 6 of the listing grid B045-P001,,,,,,,,B045-P001,0,photo,listing grid caption
B045-P001-C0,B045,tibi.com,mono-brand,,mb week 08 Bic Ce et,mixed,solid,2,2,cell of a listing grid,,1,content/swipe/products/IMG_0616.png,Tibi,guessed,not filed,mb week 08 Bic Ce et,given,,input needed,,input needed,,input needed,55514A,0.527,34.6,4.7,87.1,0.109,True,warm neutral,taupe,403B33,0.226,warm neutral,taupe,6E685F,0.177,warm neutral,taupe,medium,stable,cutout_flat,content/catalogue/review/B045-P001-1c0-cut.webp,good,,cell 1 of the listing grid B045-P001,,,,,,,,B045-P001,1,photo,listing grid caption
B045-P001-C1,B045,tibi.com,mono-brand,,spas! -6ane oh gia a. a,mixed,solid,2,2,cell of a listing grid,,1,content/swipe/products/IMG_0616.png,Tibi,guessed,not filed,spas! -6ane oh gia a. a,given,,input needed,,input needed,,input needed,5C5A51,0.496,38.2,5.6,100.2,0.121,True,warm neutral,taupe,3C3832,0.184,warm neutral,taupe,3E5169,0.173,blue,denim blue,medium,stable,cutout_flat,content/catalogue/review/B045-P001-1c1-cut.webp,good,,cell 2 of the listing grid B045-P001,,,,,,,,B045-P001,1,photo,listing grid caption
B045-P001-C2,B045,tibi.com,mono-brand,,- pi Ba a vow,mixed,solid,2,2,cell of a listing grid,,1,content/swipe/products/IMG_0616.png,Tibi,guessed,not filed,- pi Ba a vow,given,,input needed,,input needed,,input needed,98B2C2,0.45,71.2,12.3,244.2,0.28,False,blue,steel blue,CDC5B3,0.27,warm neutral,cream,728A99,0.2,blue,steel blue,medium,stable,cutout_flat,content/catalogue/review/B045-P001-1c2-cut.webp,good,,cell 3 of the listing grid B045-P001,,,,,,,,B045-P001,1,photo,listing grid caption
B045-P001-C3,B045,tibi.com,mono-brand,,"We use cookies to personalize content and ads, provide soci",mixed,solid,2,2,cell of a listing grid,,1,content/swipe/products/IMG_0616.png,Tibi,guessed,not filed,"We use cookies to personalize content and ads, provide soci",given,,input needed,,input needed,,input needed,859FAC,0.529,64.0,11.5,238.0,0.299,False,blue,steel blue,A6BDCB,0.368,blue,sky,405663,0.081,blue,denim blue,medium,stable,cutout_flat,content/catalogue/review/B045-P001-1c3-cut.webp,good,,cell 4 of the listing grid B045-P001,,,,,,,,B045-P001,1,photo,listing grid caption
B045-P001-C4,B045,tibi.com,mono-brand,,"ide social media features, analyze our traffic, and in doing so impré",mixed,solid,2,2,cell of a listing grid,,1,content/swipe/products/IMG_0616.png,Tibi,guessed,not filed,"ide social media features, analyze our traffic, and in doing so impré",given,,input needed,,input needed,,input needed,463C30,0.423,26.0,9.3,76.6,0.254,False,brown,chocolate,1D1510,0.273,brown,espresso,D1CBC0,0.254,warm neutral,cream,medium,stable,cutout_flat,content/catalogue/review/B045-P001-1c4-cut.webp,good,,cell 5 of the listing grid B045-P001,,,,,,,,B045-P001,1,photo,listing grid caption
B045-P001-C5,B045,tibi.com,mono-brand,top,Light Weiaht Sweatshirting Crewneck SO75,mixed,solid,2,2,cell of a listing grid,,1,content/swipe/products/IMG_0616.png,Tibi,guessed,not filed,Light Weiaht Sweatshirting Crewneck SO75,given,,input needed,EUR 000,given,,input needed,607886,0.342,49.1,11.7,243.4,0.36,False,blue,steel blue,465B68,0.317,blue,denim blue,3B271B,0.254,brown,espresso,medium,stable,cutout_flat,content/catalogue/review/B045-P001-1c5-cut.webp,good,,"cell 6 of the listing grid B045-P001; section ""Sweatshirt""",,,,,,,,B045-P001,1,photo,listing grid caption
B045-P001-C0,B045,tibi.com,mono-brand,top,Perfect T-Shirt Vintage Sweatshirt $255 Pp,mixed,solid,2,2,cell of a listing grid,,1,content/swipe/products/IMG_0617.png,Tibi,guessed,not filed,Perfect T-Shirt Vintage Sweatshirt $255 Pp,given,,input needed,USD 255,given,,input needed,424940,0.405,30.1,6.6,137.6,0.128,True,grey,dark grey,252924,0.3,black,off-black,058DCB,0.272,blue,steel blue,medium,stable,cutout_flat,content/catalogue/review/B045-P001-2c0-cut.webp,good,,cell 1 of the listing grid B045-P001,,,,,,,,B045-P001,2,photo,listing grid caption
B045-P001-C1,B045,tibi.com,mono-brand,,"listing grid: shirts, t-shirts, tops, trousers",mixed,solid,2,2,cell of a listing grid,,1,content/swipe/products/IMG_0617.png,Tibi,guessed,not filed,,input needed,,input needed,,input needed,,input needed,3D443C,0.558,28.0,6.1,140.5,0.134,True,grey,dark grey,1F221D,0.224,black,black,96A6AF,0.191,blue,steel blue,medium,stable,cutout_flat,content/catalogue/review/B045-P001-2c1-cut.webp,good,,cell 2 of the listing grid B045-P001,,,,,,,,B045-P001,2,photo,listing grid caption
B045-P001-C2,B045,tibi.com,mono-brand,top,Perfect Unisex T-Shirt $175,mixed,solid,2,2,cell of a listing grid,,1,content/swipe/products/IMG_0617.png,Tibi,guessed,not filed,Perfect Unisex T-Shirt $175,given,,input needed,USD 175,given,,input needed,404539,0.441,28.5,8.0,125.4,0.182,False,green,olive,5A5944,0.313,green,olive,202119,0.174,black,off-black,medium,stable,cutout_flat,content/catalogue/review/B045-P001-2c2-cut.webp,good,,cell 3 of the listing grid B045-P001,,,,,,,,B045-P001,2,photo,listing grid caption
B045-P001-C3,B045,tibi.com,mono-brand,,"We use cookies to personalize content and ads, provide soci",mixed,solid,2,2,cell of a listing grid,,1,content/swipe/products/IMG_0617.png,Tibi,guessed,not filed,"We use cookies to personalize content and ads, provide soci",given,,input needed,,input needed,,input needed,CE2436,0.465,45.2,72.7,28.1,0.9,False,red,brick,595741,0.309,green,olive,8E0E1C,0.175,orange,rust,medium,stable,cutout_flat,content/catalogue/review/B045-P001-2c3-cut.webp,good,,cell 4 of the listing grid B045-P001,,,,,,,,B045-P001,2,photo,listing grid caption
B045-P001-C4,B045,tibi.com,mono-brand,,"ide social media features, analyze our traffic, and in doing so impré",mixed,solid,2,2,cell of a listing grid,,1,content/swipe/products/IMG_0617.png,Tibi,guessed,not filed,"ide social media features, analyze our traffic, and in doing so impré",given,,input needed,,input needed,,input needed,9C7D2F,0.35,54.0,45.6,85.8,0.762,False,yellow,ochre,9EA7C4,0.334,blue,steel blue,0D1014,0.242,black,black,medium,stable,cutout_flat,content/catalogue/review/B045-P001-2c4-cut.webp,good,,cell 5 of the listing grid B045-P001,,,,,,,,B045-P001,2,photo,listing grid caption
B045-P001-C5,B045,tibi.com,mono-brand,,) improve your user experience.,mixed,solid,2,2,cell of a listing grid,,1,content/swipe/products/IMG_0617.png,Tibi,guessed,not filed,) improve your user experience.,given,,input needed,,input needed,,input needed,0562A1,0.395,40.1,40.6,270.9,0.99,False,blue,denim blue,96721D,0.302,yellow,ochre,053668,0.259,blue,navy,medium,stable,cutout_flat,content/catalogue/review/B045-P001-2c5-cut.webp,good,,cell 6 of the listing grid B045-P001,,,,,,,,B045-P001,2,photo,listing grid caption
B045-P001-C0,B045,tibi.com,mono-brand,,PWS ENN WERE Pa,mixed,solid,2,2,cell of a listing grid,,1,content/swipe/products/IMG_0618.png,Tibi,guessed,not filed,PWS ENN WERE Pa,given,,input needed,,input needed,,input needed,A38452,0.429,57.0,31.8,80.4,0.5,False,yellow,ochre,76582D,0.249,yellow,ochre,9B7621,0.219,yellow,ochre,medium,stable,cutout_flat,content/catalogue/review/B045-P001-3c0-cut.webp,good,,cell 1 of the listing grid B045-P001,,,,,,,,B045-P001,3,photo,listing grid caption
B045-P001-C1,B045,tibi.com,mono-brand,dress,The Crinkle Slip Dress,mixed,solid,2,2,cell of a listing grid,,1,content/swipe/products/IMG_0618.png,Tibi,guessed,not filed,The Crinkle Slip Dress,given,,input needed,,input needed,,input needed,A37D28,0.692,54.7,49.8,82.9,0.817,False,yellow,ochre,644E35,0.126,brown,tobacco,E4BE9B,0.094,warm neutral,cream,medium,stable,cutout_flat,content/catalogue/review/B045-P001-3c1-cut.webp,good,,cell 2 of the listing grid B045-P001,,,,,,,,B045-P001,3,photo,listing grid caption
B045-P001-C2,B045,tibi.com,mono-brand,,Chkinlike Mearcoarized Waal VeNeck Chriinkoen Sc2Qqg,mixed,solid,2,2,cell of a listing grid,,1,content/swipe/products/IMG_0618.png,Tibi,guessed,not filed,Chkinlike Mearcoarized Waal VeNeck Chriinkoen Sc2Qqg,given,,input needed,,input needed,,input needed,075D98,0.616,38.1,38.5,270.4,0.985,False,blue,denim blue,9F7B24,0.305,yellow,ochre,,,,,medium,stable,cutout_flat,content/catalogue/review/B045-P001-3c2-cut.webp,good,,cell 3 of the listing grid B045-P001,,,,,,,,B045-P001,3,photo,listing grid caption
B045-P001-C3,B045,tibi.com,mono-brand,,"We use cookies to personalize content and ads, provide soci",mixed,solid,2,2,cell of a listing grid,,1,content/swipe/products/IMG_0618.png,Tibi,guessed,not filed,"We use cookies to personalize content and ads, provide soci",given,,input needed,,input needed,,input needed,A08552,0.404,56.9,31.4,83.7,0.501,False,yellow,ochre,344988,0.301,blue,denim blue,1B2751,0.166,blue,navy,medium,stable,cutout_flat,content/catalogue/review/B045-P001-3c3-cut.webp,good,,cell 4 of the listing grid B045-P001,,,,,,,,B045-P001,3,photo,listing grid caption
B045-P001-C4,B045,tibi.com,mono-brand,,"de social media features, analyze our traffic, and in doing so impr",mixed,solid,2,2,cell of a listing grid,,1,content/swipe/products/IMG_0618.png,Tibi,guessed,not filed,"de social media features, analyze our traffic, and in doing so impr",given,,input needed,,input needed,,input needed,0984C2,0.785,52.3,41.1,260.3,0.989,False,blue,denim blue,D1AA87,0.109,brown,tan,4B4340,0.059,warm neutral,taupe,medium,stable,cutout_flat,content/catalogue/review/B045-P001-3c4-cut.webp,good,,cell 5 of the listing grid B045-P001,,,,,,,,B045-P001,3,photo,listing grid caption
B045-P001-C5,B045,tibi.com,mono-brand,,) improve your user experience. T ! b 1,mixed,solid,2,2,cell of a listing grid,,1,content/swipe/products/IMG_0618.png,Tibi,guessed,not filed,) improve your user experience. T ! b 1,given,,input needed,,input needed,,input needed,0A8FCB,0.439,56.1,40.9,256.0,0.989,False,blue,steel blue,06649F,0.342,blue,denim blue,AE855F,0.11,brown,tan,medium,stable,cutout_flat,content/catalogue/review/B045-P001-3c5-cut.webp,good,,cell 6 of the listing grid B045-P001,,,,,,,,B045-P001,3,photo,listing grid caption
B046-P007-C0,B046,proenzaschouler.com,mono-brand,,listing grid: clutches and zip pouches,smooth leather,solid,1,4,cell of a listing grid,,1,content/swipe/products/IMG_0630.png,Proenza Schouler,guessed,not filed,,input needed,,input needed,,input needed,,input needed,222222,0.515,13.2,0.0,158.2,0.0,True,black,black,555555,0.212,grey,dark grey,ABABAB,0.136,grey,light grey,medium,stable,cutout_flat,content/catalogue/review/B046-P007-1c0-cut.webp,good,,cell 1 of the listing grid B046-P007,,,,,,,,B046-P007,1,photo,listing grid caption
B046-P007-C1,B046,proenzaschouler.com,mono-brand,,listing grid: clutches and zip pouches,smooth leather,solid,1,4,cell of a listing grid,,1,content/swipe/products/IMG_0630.png,Proenza Schouler,guessed,not filed,,input needed,,input needed,,input needed,,input needed,97999B,0.956,63.1,1.3,255.7,0.03,True,grey,light grey,,,,,,,,,medium,stable,cutout_flat,content/catalogue/review/B046-P007-1c1-cut.webp,good,,cell 2 of the listing grid B046-P007,,,,,,,,B046-P007,1,photo,listing grid caption
B046-P007-C2,B046,proenzaschouler.com,mono-brand,bag,Chelsea Tote in Soft Veg Calf,smooth leather,solid,1,4,cell of a listing grid,,1,content/swipe/products/IMG_0630.png,Proenza Schouler,guessed,not filed,Chelsea Tote in Soft Veg Calf,given,,input needed,,input needed,,input needed,772D04,0.723,28.9,49.3,51.7,0.956,False,orange,rust,8C471E,0.216,orange,rust,,,,,low,stable,cutout_flat,content/catalogue/review/B046-P007-1c2-cut.webp,good,,cell 3 of the listing grid B046-P007,,,,,,,,B046-P007,1,photo,listing grid caption
B046-P007-C3,B046,proenzaschouler.com,mono-brand,bag,t Chelsea Tote in Soft Suede,smooth leather,solid,1,4,cell of a listing grid,,1,content/swipe/products/IMG_0630.png,Proenza Schouler,guessed,not filed,t Chelsea Tote in Soft Suede,given,,input needed,,input needed,,input needed,86491D,0.942,37.7,42.7,58.4,0.756,False,yellow,ochre,,,,,,,,,low,stable,cutout_flat,content/catalogue/review/B046-P007-1c3-cut.webp,good,,cell 4 of the listing grid B046-P007,,,,,,,,B046-P007,1,photo,listing grid caption
B046-P007-C4,B046,proenzaschouler.com,mono-brand,,listing grid: clutches and zip pouches,smooth leather,solid,1,4,cell of a listing grid,,1,content/swipe/products/IMG_0630.png,Proenza Schouler,guessed,not filed,,input needed,,input needed,,input needed,,input needed,D2B297,0.35,74.7,19.6,67.4,0.286,False,warm neutral,oatmeal,9B6F48,0.268,yellow,ochre,513016,0.2,brown,chocolate,low,stable,cutout_flat,content/catalogue/review/B046-P007-1c4-cut.webp,good,,cell 5 of the listing grid B046-P007,,,,,,,,B046-P007,1,photo,listing grid caption
B046-P007-C5,B046,proenzaschouler.com,mono-brand,,listing grid: clutches and zip pouches,smooth leather,solid,1,4,cell of a listing grid,,1,content/swipe/products/IMG_0630.png,Proenza Schouler,guessed,not filed,,input needed,,input needed,,input needed,,input needed,43272E,0.734,19.4,14.3,3.9,0.339,False,red,oxblood,563F45,0.214,red,burgundy,826F74,0.052,grey,mid grey,medium,stable,cutout_flat,content/catalogue/review/B046-P007-1c5-cut.webp,good,,cell 6 of the listing grid B046-P007,,,,,,,,B046-P007,1,photo,listing grid caption
B046-P007-C6,B046,proenzaschouler.com,mono-brand,,listing grid: clutches and zip pouches,smooth leather,solid,1,4,cell of a listing grid,,1,content/swipe/products/IMG_0630.png,Proenza Schouler,guessed,not filed,,input needed,,input needed,,input needed,,input needed,44272F,0.735,19.6,14.9,2.2,0.351,False,red,oxblood,563F46,0.202,red,burgundy,837075,0.063,grey,mid grey,medium,stable,cutout_flat,content/catalogue/review/B046-P007-1c6-cut.webp,good,,cell 7 of the listing grid B046-P007,,,,,,,,B046-P007,1,photo,listing grid caption
B046-P009-C0,B046,proenzaschouler.com,mono-brand,bag,hed Tote in Suede and Braided Calf,suede-look and smooth leather,solid,2,3,cell of a listing grid,,1,content/swipe/products/IMG_0632.png,Proenza Schouler,guessed,not filed,hed Tote in Suede and Braided Calf,given,,input needed,,input needed,,input needed,7B4A1A,0.471,36.3,39.6,65.2,0.779,False,yellow,ochre,A77138,0.282,yellow,ochre,4E2A0F,0.145,brown,espresso,medium,stable,cutout_flat,content/catalogue/review/B046-P009c0-cut.webp,good,,cell 1 of the listing grid B046-P009,,,,,,,,B046-P009,0,photo,listing grid caption
B046-P009-C1,B046,proenzaschouler.com,mono-brand,bag,Ruched Tote in Soft Suede,suede-look and smooth leather,solid,2,3,cell of a listing grid,,1,content/swipe/products/IMG_0632.png,Proenza Schouler,guessed,not filed,Ruched Tote in Soft Suede,given,,input needed,,input needed,,input needed,390F17,0.709,11.1,22.3,14.4,0.676,False,red,oxblood,57222B,0.226,red,oxblood,66494F,0.066,red,burgundy,medium,stable,cutout_flat,content/catalogue/review/B046-P009c1-cut.webp,good,,cell 2 of the listing grid B046-P009,,,,,,,,B046-P009,0,photo,listing grid caption
B046-P009-C2,B046,proenzaschouler.com,mono-brand,bag,tuched Tote in Suede and Braided Calf,suede-look and smooth leather,solid,2,3,cell of a listing grid,,1,content/swipe/products/IMG_0632.png,Proenza Schouler,guessed,not filed,tuched Tote in Suede and Braided Calf,given,,input needed,,input needed,,input needed,4B4139,0.755,28.3,7.0,66.7,0.168,False,brown,chocolate,2C241F,0.131,brown,espresso,80756C,0.114,warm neutral,stone,medium,stable,cutout_flat,content/catalogue/review/B046-P009c2-cut.webp,good,,cell 3 of the listing grid B046-P009,,,,,,,,B046-P009,0,photo,listing grid caption
B046-P009-C3,B046,proenzaschouler.com,mono-brand,bag,d Tote,suede-look and smooth leather,solid,2,3,cell of a listing grid,,1,content/swipe/products/IMG_0632.png,Proenza Schouler,guessed,not filed,d Tote,given,,input needed,,input needed,,input needed,4F4648,0.408,30.7,4.2,2.6,0.076,True,grey,dark grey,392F30,0.325,grey,dark grey,1E1515,0.209,black,off-black,medium,stable,cutout_flat,content/catalogue/review/B046-P009c3-cut.webp,good,,cell 4 of the listing grid B046-P009,,,,,,,,B046-P009,0,photo,listing grid caption
B046-P010-C0,B046,proenzaschouler.com,mono-brand,,ys Carryall in Paper Calf,glossy crinkled leather,solid,2,3,cell of a listing grid,,1,content/swipe/products/IMG_0633.png,Proenza Schouler,guessed,not filed,ys Carryall in Paper Calf,given,,input needed,,input needed,,input needed,27282B,0.449,16.1,2.1,278.1,0.077,True,black,black,0E0F11,0.405,black,black,454749,0.104,grey,dark grey,medium,stable,cutout_flat,content/catalogue/review/B046-P010c0-cut.webp,good,,cell 1 of the listing grid B046-P010,,,,,,,,B046-P010,0,photo,listing grid caption
B046-P010-C1,B046,proenzaschouler.com,mono-brand,,Days Carryall in Paper Calf,glossy crinkled leather,solid,2,3,cell of a listing grid,,1,content/swipe/products/IMG_0633.png,Proenza Schouler,guessed,not filed,Days Carryall in Paper Calf,given,,input needed,"CHF 1,695.00",given,,input needed,743945,0.487,32.0,27.6,9.6,0.48,False,red,burgundy,591821,0.35,red,oxblood,905F6A,0.111,grey,mid grey,medium,stable,cutout_flat,content/catalogue/review/B046-P010c1-cut.webp,good,,cell 2 of the listing grid B046-P010,,,,,,,,B046-P010,0,photo,listing grid caption
B046-P010-C2,B046,proenzaschouler.com,mono-brand,,bags listing grid: crinkled leather carryall totes,glossy crinkled leather,solid,2,3,cell of a listing grid,,1,content/swipe/products/IMG_0633.png,Proenza Schouler,guessed,not filed,,input needed,,input needed,,input needed,,input needed,E0DCD5,0.426,87.9,3.9,88.0,0.074,True,warm neutral,cream,323337,0.341,grey,dark grey,6D6E70,0.121,grey,mid grey,medium,stable,cutout_flat,content/catalogue/review/B046-P010c2-cut.webp,good,,cell 3 of the listing grid B046-P010,,,,,,,,B046-P010,0,photo,listing grid caption
B046-P010-C3,B046,proenzaschouler.com,mono-brand,,bags listing grid: crinkled leather carryall totes,glossy crinkled leather,solid,2,3,cell of a listing grid,,1,content/swipe/products/IMG_0633.png,Proenza Schouler,guessed,not filed,,input needed,,input needed,,input needed,,input needed,1A2130,0.892,12.7,11.0,278.5,0.442,False,blue,navy,585C67,0.078,grey,mid grey,,,,,medium,stable,cutout_flat,content/catalogue/review/B046-P010c3-cut.webp,good,,cell 4 of the listing grid B046-P010,,,,,,,,B046-P010,0,photo,listing grid caption
B046-P011-C0,B046,khaite.com,mono-brand,top,SWEATER CHF |,mixed,mixed,2,2,cell of a listing grid,,1,content/swipe/products/IMG_0634.png,KHAITE,guessed,not filed,SWEATER CHF |,given,,input needed,,input needed,,input needed,C2936A,0.667,64.5,31.2,66.3,0.403,False,yellow,gold,AC7E55,0.255,yellow,ochre,,,,,medium,stable,cutout_flat,content/catalogue/review/B046-P011c0-cut.webp,good,,"cell 1 of the listing grid B046-P011; looks like B050-P004, B050-P005",possible duplicate,,,,,,,B046-P011,0,photo,listing grid caption
B046-P011-C1,B046,khaite.com,mono-brand,,"listing grid: knit sweater, jeans, t-shirts",mixed,mixed,2,2,cell of a listing grid,,1,content/swipe/products/IMG_0634.png,KHAITE,guessed,not filed,,input needed,,input needed,,input needed,,input needed,8BA4B4,0.353,66.0,12.2,245.5,0.292,False,blue,steel blue,ABB9BC,0.312,grey,light grey,6B899F,0.258,blue,steel blue,medium,stable,cutout_flat,content/catalogue/review/B046-P011c1-cut.webp,good,,cell 2 of the listing grid B046-P011,,,,,,,,B046-P011,0,photo,listing grid caption
B046-P011-C2,B046,khaite.com,mono-brand,,"listing grid: knit sweater, jeans, t-shirts",mixed,mixed,2,2,cell of a listing grid,,1,content/swipe/products/IMG_0634.png,KHAITE,guessed,not filed,,input needed,,input needed,,input needed,,input needed,4A281B,0.553,20.3,21.1,46.8,0.51,False,brown,espresso,2F1108,0.221,brown,espresso,1B0502,0.191,brown,espresso,low,stable,cutout_flat,content/catalogue/review/B046-P011c2-cut.webp,good,,cell 3 of the listing grid B046-P011,,,,,,,,B046-P011,0,photo,listing grid caption
B046-P011-C3,B046,khaite.com,mono-brand,,"listing grid: knit sweater, jeans, t-shirts",mixed,mixed,2,2,cell of a listing grid,,1,content/swipe/products/IMG_0634.png,KHAITE,guessed,not filed,,input needed,,input needed,,input needed,,input needed,4C2D21,0.534,22.0,18.7,47.1,0.423,False,brown,chocolate,2D1713,0.363,brown,espresso,705D50,0.072,brown,tobacco,low,stable,cutout_flat,content/catalogue/review/B046-P011c3-cut.webp,good,,cell 4 of the listing grid B046-P011,,,,,,,,B046-P011,0,photo,listing grid caption
B047-P004-C0,B047,khaite.com,mono-brand,layer,RIE CARDIGAN,ribbed knit and smooth leather,mixed,3,3,cell of a listing grid,,1,content/swipe/products/IMG_0639.png,KHAITE,guessed,not filed,RIE CARDIGAN,given,,input needed,,input needed,,input needed,1F110B,0.995,6.5,7.9,41.6,0.533,False,brown,espresso,,,,,,,,,medium,stable,cutout_flat,content/catalogue/review/B047-P004c0-cut.webp,good,,cell 1 of the listing grid B047-P004,,,,,,,,B047-P004,0,photo,listing grid caption
B047-P004-C1,B047,khaite.com,mono-brand,layer,RIE CARDIGAN,ribbed knit and smooth leather,mixed,3,3,cell of a listing grid,,1,content/swipe/products/IMG_0639.png,KHAITE,guessed,not filed,RIE CARDIGAN,given,,input needed,,input needed,,input needed,1F110B,0.995,6.5,7.9,41.6,0.533,False,brown,espresso,,,,,,,,,medium,stable,cutout_flat,content/catalogue/review/B047-P004c1-cut.webp,good,,cell 2 of the listing grid B047-P004,,,,,,,,B047-P004,0,photo,listing grid caption
B047-P004-C2,B047,khaite.com,mono-brand,layer,RIE CARDIGAN CHF,ribbed knit and smooth leather,mixed,3,3,cell of a listing grid,,1,content/swipe/products/IMG_0639.png,KHAITE,guessed,not filed,RIE CARDIGAN CHF,given,,input needed,,input needed,,input needed,0E0F19,0.995,4.6,6.6,287.1,0.277,False,blue,navy,,,,,,,,,low,stable,cutout_flat,content/catalogue/review/B047-P004c2-cut.webp,good,,cell 3 of the listing grid B047-P004,,,,,,,,B047-P004,0,photo,listing grid caption
B047-P004-C3,B047,khaite.com,mono-brand,,ribbed cardigans and structured jackets,ribbed knit and smooth leather,mixed,3,3,cell of a listing grid,,1,content/swipe/products/IMG_0639.png,KHAITE,guessed,not filed,,input needed,,input needed,,input needed,,input needed,2A2828,0.863,16.3,1.0,19.6,0.024,True,black,black,605E5C,0.11,warm neutral,taupe,,,,,medium,stable,cutout_flat,content/catalogue/review/B047-P004c3-cut.webp,good,,cell 4 of the listing grid B047-P004,,,,,,,,B047-P004,0,photo,listing grid caption
B047-P004-C4,B047,khaite.com,mono-brand,,ribbed cardigans and structured jackets,ribbed knit and smooth leather,mixed,3,3,cell of a listing grid,,1,content/swipe/products/IMG_0639.png,KHAITE,guessed,not filed,,input needed,,input needed,,input needed,,input needed,171619,0.808,7.5,2.3,302.9,0.044,True,black,black,9E7A41,0.109,yellow,ochre,755423,0.053,yellow,ochre,medium,stable,cutout_flat,content/catalogue/review/B047-P004c4-cut.webp,good,,cell 5 of the listing grid B047-P004,,,,,,,,B047-P004,0,photo,listing grid caption
B049-P003-C0,B049,khaite.com,mono-brand,bag,DONNA SHOULDER BAG,suede,solid,1,3,cell of a listing grid,,1,content/swipe/products/IMG_0649.png,KHAITE,guessed,not filed,DONNA SHOULDER BAG,given,,input needed,,input needed,,input needed,58769E,0.495,48.9,24.9,270.5,0.53,False,blue,denim blue,354A67,0.301,blue,denim blue,889FBF,0.159,blue,steel blue,medium,stable,cutout_flat,content/catalogue/review/B049-P003c0-cut.webp,good,,cell 1 of the listing grid B049-P003,,,,,,,,B049-P003,0,photo,listing grid caption
B049-P003-C1,B049,khaite.com,mono-brand,,"suede shoulder bags, hobo and bucket tote",suede,solid,1,3,cell of a listing grid,,1,content/swipe/products/IMG_0649.png,KHAITE,guessed,not filed,,input needed,,input needed,,input needed,,input needed,304561,0.317,28.8,19.0,271.5,0.575,False,blue,denim blue,566F90,0.297,blue,denim blue,889FBE,0.227,blue,steel blue,medium,stable,cutout_flat,content/catalogue/review/B049-P003c1-cut.webp,good,,cell 2 of the listing grid B049-P003,,,,,,,,B049-P003,0,photo,listing grid caption
B049-P003-C2,B049,khaite.com,mono-brand,bag,DONNA SHOULDER BAG CHF 2.3,suede,solid,1,3,cell of a listing grid,,1,content/swipe/products/IMG_0649.png,KHAITE,guessed,not filed,DONNA SHOULDER BAG CHF 2.3,given,,input needed,CHF 2.3,given,,input needed,2F211B,0.962,14.2,8.8,49.6,0.31,False,brown,espresso,,,,,,,,,medium,stable,cutout_flat,content/catalogue/review/B049-P003c2-cut.webp,good,,cell 3 of the listing grid B049-P003,,,,,,,,B049-P003,0,photo,listing grid caption
B049-P003-C3,B049,khaite.com,mono-brand,bag,0 MINI LOTUS TOTE,suede,solid,1,3,cell of a listing grid,,1,content/swipe/products/IMG_0649.png,KHAITE,guessed,not filed,0 MINI LOTUS TOTE,given,,input needed,,input needed,,input needed,453930,0.406,25.0,8.4,64.4,0.216,False,brown,chocolate,5C4F44,0.256,brown,tobacco,2C221B,0.235,brown,espresso,medium,stable,cutout_flat,content/catalogue/review/B049-P003c3-cut.webp,good,,cell 4 of the listing grid B049-P003,,,,,,,,B049-P003,0,photo,listing grid caption
B049-P003-C0,B049,khaite.com,mono-brand,,"suede shoulder bags, hobo and bucket tote",suede,solid,1,3,cell of a listing grid,,1,content/swipe/products/IMG_0650.png,KHAITE,guessed,not filed,,input needed,,input needed,,input needed,,input needed,A0750B,0.397,52.1,56.8,81.5,0.963,False,yellow,ochre,B68B17,0.368,yellow,mustard,845F0A,0.185,yellow,ochre,medium,stable,cutout_flat,content/catalogue/review/B049-P003-1c0-cut.webp,good,,cell 1 of the listing grid B049-P003,,,,,,,,B049-P003,1,photo,listing grid caption
B049-P003-C1,B049,khaite.com,mono-brand,bag,200 CATE BAG CHF,suede,solid,1,3,cell of a listing grid,,1,content/swipe/products/IMG_0650.png,KHAITE,guessed,not filed,200 CATE BAG CHF,given,,input needed,,input needed,,input needed,A67C09,0.45,54.6,59.2,83.0,0.973,False,yellow,ochre,7F5904,0.35,yellow,ochre,624106,0.171,warm neutral,taupe,medium,stable,cutout_flat,content/catalogue/review/B049-P003-1c1-cut.webp,good,,cell 2 of the listing grid B049-P003,,,,,,,,B049-P003,1,photo,listing grid caption
B049-P003-C2,B049,khaite.com,mono-brand,bag,"D0 «CATE BAG CHF 4,7:",suede,solid,1,3,cell of a listing grid,,1,content/swipe/products/IMG_0650.png,KHAITE,guessed,not filed,"D0 «CATE BAG CHF 4,7:",given,,input needed,"CHF 4,7",given,,input needed,A67C09,0.451,54.6,59.2,83.0,0.973,False,yellow,ochre,7F5904,0.359,yellow,ochre,604006,0.162,warm neutral,taupe,medium,stable,cutout_flat,content/catalogue/review/B049-P003-1c2-cut.webp,good,,cell 3 of the listing grid B049-P003,,,,,,,,B049-P003,1,photo,listing grid caption
B049-P003-C3,B049,khaite.com,mono-brand,,mA nna BARA,suede,solid,1,3,cell of a listing grid,,1,content/swipe/products/IMG_0650.png,KHAITE,guessed,not filed,mA nna BARA,given,,input needed,,input needed,,input needed,8E6B1F,0.393,47.5,45.8,82.0,0.834,False,yellow,ochre,BF9A3C,0.291,yellow,mustard,DEBB64,0.259,yellow,mustard,medium,stable,cutout_flat,content/catalogue/review/B049-P003-1c3-cut.webp,good,,cell 4 of the listing grid B049-P003,,,,,,,,B049-P003,1,photo,listing grid caption
B049-P003-C4,B049,khaite.com,mono-brand,bag,IN| LOTUS TOTE,suede,solid,1,3,cell of a listing grid,,1,content/swipe/products/IMG_0650.png,KHAITE,guessed,not filed,IN| LOTUS TOTE,given,,input needed,,input needed,,input needed,6E4A08,0.399,34.5,41.9,76.5,0.935,False,warm neutral,taupe,9B700D,0.357,yellow,ochre,CDA42B,0.193,yellow,mustard,medium,stable,cutout_flat,content/catalogue/review/B049-P003-1c4-cut.webp,good,,cell 5 of the listing grid B049-P003,,,,,,,,B049-P003,1,photo,listing grid caption
B049-P003-C0,B049,khaite.com,mono-brand,,"suede shoulder bags, hobo and bucket tote",suede,solid,1,3,cell of a listing grid,,1,content/swipe/products/IMG_0651.png,KHAITE,guessed,not filed,,input needed,,input needed,,input needed,,input needed,111113,0.881,5.1,1.2,290.2,0.044,True,black,black,424344,0.108,grey,dark grey,,,,,low,stable,cutout_flat,content/catalogue/review/B049-P003-2c0-cut.webp,good,,cell 1 of the listing grid B049-P003,,,,,,,,B049-P003,2,photo,listing grid caption
B049-P003-C1,B049,khaite.com,mono-brand,,"suede shoulder bags, hobo and bucket tote",suede,solid,1,3,cell of a listing grid,,1,content/swipe/products/IMG_0651.png,KHAITE,guessed,not filed,,input needed,,input needed,,input needed,,input needed,1A1619,0.506,7.8,3.1,333.0,0.091,True,black,black,373337,0.36,grey,dark grey,E2BF8C,0.07,yellow,gold,medium,stable,cutout_flat,content/catalogue/review/B049-P003-2c1-cut.webp,good,,cell 2 of the listing grid B049-P003,,,,,,,,B049-P003,2,photo,listing grid caption
B049-P003-C2,B049,khaite.com,mono-brand,,LAO,suede,solid,1,3,cell of a listing grid,,1,content/swipe/products/IMG_0651.png,KHAITE,guessed,not filed,LAO,given,,input needed,,input needed,,input needed,F1C9A9,0.8,83.6,23.4,65.8,0.656,False,warm neutral,cream,EBBC7E,0.137,yellow,gold,B8855B,0.063,yellow,ochre,low,stable,cutout_flat,content/catalogue/review/B049-P003-2c2-cut.webp,good,,cell 3 of the listing grid B049-P003,,,,,,,,B049-P003,2,photo,listing grid caption
B049-P003-C3,B049,khaite.com,mono-brand,,"suede shoulder bags, hobo and bucket tote",suede,solid,1,3,cell of a listing grid,,1,content/swipe/products/IMG_0651.png,KHAITE,guessed,not filed,,input needed,,input needed,,input needed,,input needed,927C3F,0.336,52.8,36.0,89.1,0.617,False,yellow,ochre,69531B,0.33,green,olive,C8AF7C,0.17,brown,tan,medium,stable,cutout_flat,content/catalogue/review/B049-P003-2c3-cut.webp,good,,cell 4 of the listing grid B049-P003,,,,,,,,B049-P003,2,photo,listing grid caption
B049-P003-C0,B049,khaite.com,mono-brand,,"suede shoulder bags, hobo and bucket tote",suede,solid,1,3,cell of a listing grid,,1,content/swipe/products/IMG_0652.png,KHAITE,guessed,not filed,,input needed,,input needed,,input needed,,input needed,141210,0.552,5.6,1.4,73.0,0.163,False,black,black,2C2927,0.318,black,black,D0AB70,0.071,yellow,gold,low,stable,cutout_flat,content/catalogue/review/B049-P003-3c0-cut.webp,good,,cell 1 of the listing grid B049-P003,,,,,,,,B049-P003,3,photo,listing grid caption
B049-P003-C1,B049,khaite.com,mono-brand,,"suede shoulder bags, hobo and bucket tote",suede,solid,1,3,cell of a listing grid,,1,content/swipe/products/IMG_0652.png,KHAITE,guessed,not filed,,input needed,,input needed,,input needed,,input needed,A69278,0.3,61.7,16.9,78.6,0.247,False,brown,tan,D8C5AD,0.243,yellow,butter,342A21,0.238,brown,espresso,medium,stable,cutout_flat,content/catalogue/review/B049-P003-3c1-cut.webp,good,,cell 2 of the listing grid B049-P003,,,,,,,,B049-P003,3,photo,listing grid caption
B049-P003-C2,B049,khaite.com,mono-brand,,"suede shoulder bags, hobo and bucket tote",suede,solid,1,3,cell of a listing grid,,1,content/swipe/products/IMG_0652.png,KHAITE,guessed,not filed,,input needed,,input needed,,input needed,,input needed,3C1B14,0.752,14.4,19.6,38.3,0.549,False,brown,espresso,E1C4AB,0.153,warm neutral,cream,DAB272,0.061,yellow,gold,medium,stable,cutout_flat,content/catalogue/review/B049-P003-3c2-cut.webp,good,,cell 3 of the listing grid B049-P003,,,,,,,,B049-P003,3,photo,listing grid caption
B049-P003-C3,B049,khaite.com,mono-brand,,"suede shoulder bags, hobo and bucket tote",suede,solid,1,3,cell of a listing grid,,1,content/swipe/products/IMG_0652.png,KHAITE,guessed,not filed,,input needed,,input needed,,input needed,,input needed,976927,0.469,48.0,44.5,74.3,0.771,False,yellow,ochre,6E4613,0.218,warm neutral,taupe,E9C8A7,0.173,warm neutral,cream,medium,stable,cutout_flat,content/catalogue/review/B049-P003-3c3-cut.webp,good,,cell 4 of the listing grid B049-P003,,,,,,,,B049-P003,3,photo,listing grid caption
B050-P001-C0,B050,khaite.com,mono-brand,,oversized acetate sunglasses,glossy acetate,mixed,1,3,cell of a listing grid,,1,content/swipe/products/IMG_0653.png,KHAITE,guessed,not filed,,input needed,,input needed,,input needed,,input needed,584444,0.432,30.9,9.2,21.0,0.156,False,grey,dark grey,9B5831,0.223,orange,rust,CB8239,0.186,yellow,ochre,low,stable,cutout_flat,content/catalogue/review/B050-P001c0-cut.webp,good,,cell 1 of the listing grid B050-P001,,,,,,,,B050-P001,0,photo,listing grid caption
B050-P001-C1,B050,khaite.com,mono-brand,,oversized acetate sunglasses,glossy acetate,mixed,1,3,cell of a listing grid,,1,content/swipe/products/IMG_0653.png,KHAITE,guessed,not filed,,input needed,,input needed,,input needed,,input needed,7E7F83,0.756,53.2,2.3,280.8,0.037,True,grey,mid grey,39393D,0.154,grey,dark grey,565658,0.069,grey,dark grey,medium,stable,cutout_flat,content/catalogue/review/B050-P001c1-cut.webp,good,,cell 2 of the listing grid B050-P001,,,,,,,,B050-P001,0,photo,listing grid caption
B050-P001-C2,B050,khaite.com,mono-brand,,oversized acetate sunglasses,glossy acetate,mixed,1,3,cell of a listing grid,,1,content/swipe/products/IMG_0653.png,KHAITE,guessed,not filed,,input needed,,input needed,,input needed,,input needed,997A61,0.491,53.6,20.1,65.4,0.298,False,brown,tan,4E3434,0.255,red,oxblood,411111,0.176,brown,espresso,low,stable,cutout_flat,content/catalogue/review/B050-P001c2-cut.webp,good,,cell 3 of the listing grid B050-P001,,,,,,,,B050-P001,0,photo,listing grid caption
B050-P001-C3,B050,khaite.com,mono-brand,,oversized acetate sunglasses,glossy acetate,mixed,1,3,cell of a listing grid,,1,content/swipe/products/IMG_0653.png,KHAITE,guessed,not filed,,input needed,,input needed,,input needed,,input needed,505053,0.639,34.1,1.9,290.5,0.03,True,grey,dark grey,070707,0.305,black,black,333334,0.056,grey,dark grey,medium,stable,cutout_flat,content/catalogue/review/B050-P001c3-cut.webp,good,,cell 4 of the listing grid B050-P001,,,,,,,,B050-P001,0,photo,listing grid caption
B050-P001-C0,B050,khaite.com,mono-brand,,oversized acetate sunglasses,glossy acetate,mixed,1,3,cell of a listing grid,,1,content/swipe/products/IMG_0654.png,KHAITE,guessed,not filed,,input needed,,input needed,,input needed,,input needed,574140,0.284,29.9,10.3,24.7,0.175,False,red,burgundy,491815,0.256,brown,espresso,C67B38,0.235,yellow,ochre,low,stable,cutout_flat,content/catalogue/review/B050-P001-1c0-cut.webp,good,,cell 1 of the listing grid B050-P001,,,,,,,,B050-P001,1,photo,listing grid caption
B050-P001-C1,B050,khaite.com,mono-brand,,oversized acetate sunglasses,glossy acetate,mixed,1,3,cell of a listing grid,,1,content/swipe/products/IMG_0654.png,KHAITE,guessed,not filed,,input needed,,input needed,,input needed,,input needed,7E7F83,0.648,53.2,2.3,280.8,0.037,True,grey,mid grey,363639,0.213,grey,dark grey,4D4E50,0.086,grey,dark grey,medium,stable,cutout_flat,content/catalogue/review/B050-P001-1c1-cut.webp,good,,cell 2 of the listing grid B050-P001,,,,,,,,B050-P001,1,photo,listing grid caption
B050-P001-C2,B050,khaite.com,mono-brand,,—__,glossy acetate,mixed,1,3,cell of a listing grid,,1,content/swipe/products/IMG_0654.png,KHAITE,guessed,not filed,—__,given,,input needed,,input needed,,input needed,997A61,0.493,53.6,20.1,65.4,0.298,False,brown,tan,4E3334,0.254,red,oxblood,411111,0.174,brown,espresso,low,stable,cutout_flat,content/catalogue/review/B050-P001-1c2-cut.webp,good,,cell 3 of the listing grid B050-P001,,,,,,,,B050-P001,1,photo,listing grid caption
B050-P001-C3,B050,khaite.com,mono-brand,,oversized acetate sunglasses,glossy acetate,mixed,1,3,cell of a listing grid,,1,content/swipe/products/IMG_0654.png,KHAITE,guessed,not filed,,input needed,,input needed,,input needed,,input needed,505053,0.64,34.1,1.9,290.5,0.03,True,grey,dark grey,070708,0.307,black,black,333334,0.053,grey,dark grey,medium,stable,cutout_flat,content/catalogue/review/B050-P001-1c3-cut.webp,good,,cell 4 of the listing grid B050-P001,,,,,,,,B050-P001,1,photo,listing grid caption
B050-P001-C0,B050,khaite.com,mono-brand,,oversized acetate sunglasses,glossy acetate,mixed,1,3,cell of a listing grid,,1,content/swipe/products/IMG_0656.png,KHAITE,guessed,not filed,,input needed,,input needed,,input needed,,input needed,3A3930,0.519,23.8,6.0,104.3,0.178,False,warm neutral,taupe,080705,0.471,black,black,,,,,medium,stable,cutout_flat,content/catalogue/review/B050-P001-3c0-cut.webp,good,,cell 1 of the listing grid B050-P001,,,,,,,,B050-P001,3,photo,listing grid caption
B050-P001-C1,B050,khaite.com,mono-brand,,oversized acetate sunglasses,glossy acetate,mixed,1,3,cell of a listing grid,,1,content/swipe/products/IMG_0656.png,KHAITE,guessed,not filed,,input needed,,input needed,,input needed,,input needed,5E5856,0.53,37.9,2.9,45.1,0.04,True,warm neutral,taupe,201616,0.174,black,off-black,491217,0.158,red,oxblood,medium,stable,cutout_flat,content/catalogue/review/B050-P001-3c1-cut.webp,good,,cell 2 of the listing grid B050-P001,,,,,,,,B050-P001,3,photo,listing grid caption
B050-P001-C2,B050,khaite.com,mono-brand,,oversized acetate sunglasses,glossy acetate,mixed,1,3,cell of a listing grid,,1,content/swipe/products/IMG_0656.png,KHAITE,guessed,not filed,,input needed,,input needed,,input needed,,input needed,B39A7E,0.726,65.1,18.8,74.7,0.258,False,brown,tan,5A3C23,0.118,brown,chocolate,2E1A0F,0.11,brown,espresso,medium,stable,cutout_flat,content/catalogue/review/B050-P001-3c2-cut.webp,good,,cell 3 of the listing grid B050-P001,,,,,,,,B050-P001,3,photo,listing grid caption
B050-P001-C3,B050,khaite.com,mono-brand,,oversized acetate sunglasses,glossy acetate,mixed,1,3,cell of a listing grid,,1,content/swipe/products/IMG_0656.png,KHAITE,guessed,not filed,,input needed,,input needed,,input needed,,input needed,120F10,0.378,4.6,1.3,354.7,0.06,True,black,black,A9A5A3,0.263,warm neutral,oatmeal,8A7E78,0.246,warm neutral,stone,low,stable,cutout_flat,content/catalogue/review/B050-P001-3c3-cut.webp,good,,cell 4 of the listing grid B050-P001,,,,,,,,B050-P001,3,photo,listing grid caption
B050-P001-C0,B050,khaite.com,mono-brand,,oversized acetate sunglasses,glossy acetate,mixed,1,3,cell of a listing grid,,1,content/swipe/products/IMG_0657.png,KHAITE,guessed,not filed,,input needed,,input needed,,input needed,,input needed,111010,0.793,4.8,0.4,19.4,0.017,True,black,black,3C3C3B,0.18,grey,dark grey,,,,,low,stable,cutout_flat,content/catalogue/review/B050-P001-4c0-cut.webp,good,,cell 1 of the listing grid B050-P001,,,,,,,,B050-P001,4,photo,listing grid caption
B050-P001-C1,B050,khaite.com,mono-brand,,oversized acetate sunglasses,glossy acetate,mixed,1,3,cell of a listing grid,,1,content/swipe/products/IMG_0657.png,KHAITE,guessed,not filed,,input needed,,input needed,,input needed,,input needed,A18F7D,0.287,60.5,12.6,72.7,0.181,False,brown,tan,6D5C4B,0.257,brown,tobacco,36291D,0.232,brown,espresso,medium,stable,cutout_flat,content/catalogue/review/B050-P001-4c1-cut.webp,good,,cell 2 of the listing grid B050-P001,,,,,,,,B050-P001,4,photo,listing grid caption
B050-P001-C2,B050,khaite.com,mono-brand,,oversized acetate sunglasses,glossy acetate,mixed,1,3,cell of a listing grid,,1,content/swipe/products/IMG_0657.png,KHAITE,guessed,not filed,,input needed,,input needed,,input needed,,input needed,77370D,0.515,31.1,44.6,55.4,0.868,False,warm neutral,taupe,985524,0.335,yellow,ochre,402E24,0.083,brown,espresso,low,stable,cutout_flat,content/catalogue/review/B050-P001-4c2-cut.webp,good,,cell 3 of the listing grid B050-P001,,,,,,,,B050-P001,4,photo,listing grid caption
B050-P001-C3,B050,khaite.com,mono-brand,,oversized acetate sunglasses,glossy acetate,mixed,1,3,cell of a listing grid,,1,content/swipe/products/IMG_0657.png,KHAITE,guessed,not filed,,input needed,,input needed,,input needed,,input needed,12110F,0.732,5.1,1.2,89.9,0.153,False,black,black,3F3E3D,0.21,warm neutral,taupe,737270,0.058,warm neutral,stone,low,stable,cutout_flat,content/catalogue/review/B050-P001-4c3-cut.webp,good,,cell 4 of the listing grid B050-P001,,,,,,,,B050-P001,4,photo,listing grid caption
