path,folder,type,what_it_shows,colour_words,brand_legible,composition,styled_how,open_note,hex1,share1,hex2,share2,hex3,share3,hex4,share4,hex5,share5,nearest_soft_autumn_anchor,anchor_delta_e,palette_confidence,confidence_reason,skin_share,subject_share,shortlist,suggested_name,width,height,bytes,format,opened
content/swipe/fashion shows ss27/IMG_0036.png,content/swipe/fashion shows ss27,visual,"Model in tan blouson, petrol blue draped top, long tiered olive-gold patterned skirt","Mustard-tan and olive gold against petrol blue, black ground, narrow warm range",,,"Cropped boxy jacket over floor-length fluid skirt; open front, long trailing ties, beaded necklace",Short stiff top half against a huge soft skirt makes proportion the whole story,44321F,0.283,181739,0.241,8A6738,0.183,5D5D7A,0.154,B4B4BD,0.139,chocolate,2.8,high,,0.002,0.566,yes,,1908,2746,11419649,PNG,opened_reduced
content/swipe/fashion shows ss27/IMG_0059.jpeg,content/swipe/fashion shows ss27,visual,Runway look: cream bra-style top with a dark column midi skirt,,,,,,A69878,0.303,342F29,0.253,CCBEA3,0.189,6F6753,0.161,694637,0.093,warm taupe,4.1,medium,background dominates frame,0.056,0.395,no,,1395,2570,684880,JPEG,contact_sheet
content/swipe/fashion shows ss27/IMG_0060.jpeg,content/swipe/fashion shows ss27,visual,Runway look: black structured peplum top over a dark skirt,,,,,,A59979,0.308,312D2A,0.206,C3B899,0.184,81775E,0.161,5D4D3F,0.141,warm taupe,4.9,medium,background dominates frame,0.097,0.338,no,,1459,2574,744883,JPEG,contact_sheet
content/swipe/fashion shows ss27/IMG_0061.jpeg,content/swipe/fashion shows ss27,visual,Black ruffled peplum top over sheer long black skirt with pale ruffled hem,"Near-black throughout with ivory hem and neckline flash, contrast only at edges",,,Tiered ruffle at waist echoed by hem ruffle; sheer skirt over visible body line,One pale edge on an all-black look draws the eye to movement,322D2B,0.331,A89B7B,0.201,85795F,0.191,604E3E,0.15,D3C5A9,0.127,warm charcoal,3.2,medium,background dominates frame,0.053,0.37,yes,,1686,2557,381734,JPEG,opened_reduced
content/swipe/fashion shows ss27/IMG_0070.jpeg,content/swipe/fashion shows ss27,format,"Substack note ""The Quo"" with three full-length runway images",,,,,,B8A996,0.296,93826D,0.226,37281E,0.176,604B3B,0.157,E3E2DE,0.145,warm taupe,6.4,high,,0.031,0.654,no,,1908,846,163489,JPEG,contact_sheet
content/swipe/fashion shows ss27/IMG_0075.jpeg,content/swipe/fashion shows ss27,format,Substack note with three full-length outfit photos,,,,,,989896,0.505,4C3F3C,0.243,CBD1DA,0.194,,,,,warm mid grey,8.7,medium,top cluster 51% — may still be a studio backdrop,0.012,0.688,no,,1908,934,245813,JPEG,contact_sheet
content/swipe/fashion shows ss27/IMG_0150.png,content/swipe/fashion shows ss27,visual,"Runway look: brown blouson jacket over a long dark skirt, petal-strewn runway",,,,,,7F6D69,0.29,181316,0.237,4C3A3A,0.169,B2B5BF,0.154,F5F8FA,0.149,warm mid grey,10.5,medium,skin band 10%,0.1,0.9,no,,1908,2746,4667917,PNG,contact_sheet
content/swipe/fashion shows ss27/IMG_0151.jpeg,content/swipe/fashion shows ss27,visual,Runway look: brown jacket over a camel midi skirt with flat sandals,,,,,,958983,0.314,E9EBEC,0.28,504446,0.16,1B161A,0.132,69432F,0.114,warm mid grey,4.7,medium,skin band 7%,0.073,0.927,no,,805,1676,248748,JPEG,contact_sheet
content/swipe/fashion shows ss27/IMG_0152.jpeg,content/swipe/fashion shows ss27,visual,"Runway look: black high-neck jacket over dark skirt and pale trousers, with bag",,,,,,766B66,0.314,171519,0.308,ACABB2,0.168,F2F4F6,0.106,493F40,0.103,warm mid grey,10.0,high,,0.04,0.96,no,,799,1676,223903,JPEG,contact_sheet
content/swipe/fashion shows ss27/IMG_0153.jpeg,content/swipe/fashion shows ss27,visual,"Sheer white lace-trimmed slip dress over underslip, pearls, white socks, clear heels","White on white on skin tones, pale pink petals underfoot, almost no contrast",,,"Layered sheer over opaque slip; lace at neckline, waist and hem; socks with transparent shoes",All-white works because three different degrees of transparency stack visibly,6B5D57,0.37,C2C2C6,0.258,F5F7F9,0.144,A1999B,0.127,1B1515,0.101,chocolate,13.7,medium,skin band 7%,0.073,0.927,yes,,694,1531,183314,JPEG,opened_reduced
content/swipe/fashion shows ss27/IMG_0166.png,content/swipe/fashion shows ss27,visual,"Black wrapped hooded top over grey tee, worn grey denim mini, olive tall boots","Black and washed grey with red belt flash and olive boots, cool with one hot accent",,,"Wrapped cropped top over very short skirt, long boots to the knee, slouchy black bag",Thin red belt at the waist anchors an otherwise grey outfit,7C7D7B,0.367,101010,0.25,A5AFB2,0.139,3D342E,0.129,EEF6F9,0.115,warm mid grey,6.4,high,,0.052,0.948,yes,,1908,2746,7055094,PNG,opened_reduced
content/swipe/fashion shows ss27/IMG_0802.png,content/swipe/fashion shows ss27,visual,Vogue runway page: red long-sleeve top and skirt against a painted cloud backdrop,,Vogue,,,,989AA8,0.263,CFC3BC,0.242,6E6B6E,0.191,B23938,0.177,2B292B,0.127,warm mid grey,15.0,high,,0.03,0.665,no,,1908,2746,3258981,PNG,contact_sheet
content/swipe/fashion shows ss27/IMG_0803.png,content/swipe/fashion shows ss27,visual,Runway look: white strapless column dress with dark boots,,,,,,342E2D,0.363,C1B4AA,0.302,E6E1E1,0.195,6B5F5E,0.136,,,warm charcoal,3.6,high,,0.054,0.545,no,,1908,2746,2522381,PNG,contact_sheet
content/swipe/fashion shows ss27/IMG_0804.png,content/swipe/fashion shows ss27,visual,"Green beaded camisole with draped ivory trousers and fringed sash, painterly backdrop","Deep emerald green against warm ivory, pastel blue-pink backdrop, wide lightness gap",,,"Narrow strappy top against draped, gathered lower half; fringe at hem adds length and movement",Small saturated top over a big pale bottom half puts all attention on the waist,7A7D86,0.293,434547,0.289,B9AEA7,0.228,E3DDD9,0.146,C29F7D,0.044,warm mid grey,11.2,high,,0.041,0.589,yes,,1908,2746,2974527,PNG,opened_reduced
content/swipe/fashion shows ss27/IMG_0805.png,content/swipe/fashion shows ss27,visual,Runway look: black tank with a dark green textured long skirt,,,,,,252625,0.337,8E8576,0.25,B6AD9F,0.158,4F4935,0.149,626363,0.106,warm charcoal,6.4,medium,background dominates frame,0.08,0.394,no,,1908,2746,2521299,PNG,contact_sheet
content/swipe/fashion shows ss27/IMG_0806.png,content/swipe/fashion shows ss27,visual,Runway look: black strapless full-length column dress,,,,,,DAD1C1,0.526,9C9384,0.207,212427,0.207,62544B,0.035,,,stone,1.8,medium,top cluster 53% — may still be a studio backdrop,0.032,0.587,no,,1908,2746,1911570,PNG,contact_sheet
content/swipe/fashion shows ss27/IMG_0807.png,content/swipe/fashion shows ss27,visual,Runway look: olive green strapless dress with a slit,,,,,,CEC6B7,0.4,6B6553,0.229,928B79,0.216,383531,0.135,,,stone,2.4,high,,0.044,0.595,no,,1908,2746,3077335,PNG,contact_sheet
content/swipe/fashion shows ss27/IMG_0808.png,content/swipe/fashion shows ss27,visual,Runway look: grey trench over a pale yellow textured long skirt,,,,,,C5BEAE,0.52,766F61,0.206,E1C789,0.166,393532,0.093,,,stone,4.6,medium,top cluster 52% — may still be a studio backdrop,0.023,0.613,no,,1908,2746,2771786,PNG,contact_sheet
content/swipe/fashion shows ss27/IMG_0809.png,content/swipe/fashion shows ss27,visual,Runway look: mauve-brown tank with a matching wrapped long skirt,,,,,,D0C7B9,0.328,71695D,0.231,A19687,0.191,342F2E,0.133,69413E,0.117,stone,1.9,medium,skin band 6%,0.061,0.585,no,,1908,2746,3205974,PNG,contact_sheet
content/swipe/fashion shows ss27/IMG_0810.png,content/swipe/fashion shows ss27,format,Vogue collection page: opening paragraph above a six-thumbnail look gallery grid,,Vogue,,,,736451,0.357,493D2C,0.311,171615,0.181,BFAF8F,0.094,BC4E42,0.057,warm mid grey,12.7,high,,0.03,0.689,no,,1908,2746,4346579,PNG,contact_sheet
content/swipe/fashion shows ss27/IMG_0811.png,content/swipe/fashion shows ss27,visual,"vogue.com runway gallery: black jacket over a yellow checked full skirt, arched hall","black against butter-yellow check, wide value gap",,,cropped structured jacket over a wide gathered skirt,"the check holds both colours, so the pair never has to be justified",796A57,0.359,4E402B,0.255,282727,0.187,876336,0.112,BAA47A,0.087,warm mid grey,10.4,high,,0.029,0.626,yes,,1908,2746,3880437,PNG,opened_reduced
content/swipe/fashion shows ss27/IMG_0812.png,content/swipe/fashion shows ss27,visual,Runway look: bright yellow jacket over a dark and cream skirt,,,,,,594B38,0.372,866F55,0.321,2B2824,0.185,C6B7A5,0.07,C4B24F,0.052,chocolate,7.5,high,,0.027,0.665,no,,1908,2746,3492317,PNG,contact_sheet
content/swipe/fashion shows ss27/IMG_0813.png,content/swipe/fashion shows ss27,visual,Runway look: black sleeveless top with a full black midi skirt,,,,,,72624C,0.364,493C27,0.282,9C8969,0.162,484B4D,0.114,865D38,0.078,warm mid grey,13.7,high,,0.016,0.493,no,,1908,2746,3274208,PNG,contact_sheet
content/swipe/fashion shows ss27/IMG_0814.png,content/swipe/fashion shows ss27,visual,"Runway look: tan jacket over a long dark skirt, arched colonnade backdrop",,,,,,796855,0.333,51422C,0.228,262525,0.17,A79074,0.157,9F6632,0.112,warm mid grey,11.2,high,,0.013,0.649,no,,1908,2746,3370377,PNG,contact_sheet
content/swipe/fashion shows ss27/IMG_0815.png,content/swipe/fashion shows ss27,visual,Runway look: brown jacket over a pale gold patterned long dress,,,,,,52432C,0.276,2C2622,0.235,806C50,0.205,BFA788,0.172,635D55,0.113,chocolate,6.2,high,,0.019,0.658,no,,1908,2746,3728968,PNG,contact_sheet
content/swipe/fashion shows ss27/IMG_0816.png,content/swipe/fashion shows ss27,format,Vogue collection page: text column above a six-thumbnail gallery of blue and white looks,,Vogue,,,,A3907B,0.425,1B1B19,0.25,58402D,0.181,D3D1C9,0.124,,,warm taupe,2.3,high,,0.026,0.614,no,,1908,2746,3277401,PNG,contact_sheet
content/swipe/fashion shows ss27/IMG_0817.png,content/swipe/fashion shows ss27,visual,Runway look: black turtleneck with a white wrapped midi skirt and bag,,,,,,B39F88,0.504,624630,0.176,2B2927,0.158,CDCECE,0.09,F8F2E5,0.072,warm taupe,3.4,medium,top cluster 50% — may still be a studio backdrop,0.032,0.597,no,,1908,2746,2269886,PNG,contact_sheet
content/swipe/fashion shows ss27/IMG_0818.png,content/swipe/fashion shows ss27,visual,Runway look: black jacket and cropped trousers with a blue strap detail,,,,,,AE9B85,0.343,262A2D,0.226,86715A,0.185,442E1C,0.169,F3EBDD,0.077,warm taupe,2.3,high,,0.029,0.587,no,,1908,2746,2438569,PNG,contact_sheet
content/swipe/fashion shows ss27/IMG_0819.png,content/swipe/fashion shows ss27,visual,Runway look: white sleeveless column dress,,,,,,AC9C88,0.354,86715A,0.194,472F1C,0.188,DADFDC,0.177,323332,0.087,warm taupe,2.9,high,,0.058,0.57,no,,1908,2746,2501114,PNG,contact_sheet
content/swipe/fashion shows ss27/IMG_0820.png,content/swipe/fashion shows ss27,visual,"Bright blue blazer over pale yellow shirt, white wide-leg trousers, thin belt","Vivid azure blue with soft butter yellow and white; one loud colour, two quiet",,,"Structured shoulder blazer open over soft shirt; trousers wide and long, belt marks the waist",A single strong colour on the jacket makes plain white trousers look deliberate,B1A08B,0.352,89755F,0.207,413124,0.198,E1E3DD,0.157,078CD2,0.086,warm taupe,3.7,high,,0.021,0.611,yes,,1908,2746,2431406,PNG,opened_reduced
content/swipe/fashion shows ss27/IMG_0821.png,content/swipe/fashion shows ss27,visual,Runway look: pale taupe layered top and trousers in a sunlit hall,,,,,,BBA994,0.416,937E66,0.259,553B26,0.152,322D28,0.108,F4F0E3,0.065,warm taupe,6.3,high,,0.041,0.594,no,,1908,2746,2550995,PNG,contact_sheet
content/swipe/fashion shows ss27/IMG_0822.png,content/swipe/fashion shows ss27,visual,Runway look: black sleeveless floor-length dress,,,,,,B29F89,0.328,2C2C2B,0.22,92765E,0.214,5B3B26,0.18,F3EDE0,0.058,warm taupe,3.4,high,,0.013,0.562,no,,1908,2746,2774656,PNG,contact_sheet
content/swipe/fashion shows ss27/IMG_0823.png,content/swipe/fashion shows ss27,visual,Runway look: long black coat with a blue scarf over a white skirt,,,,,,B4A28D,0.308,21262B,0.296,8E785F,0.172,4C321F,0.169,E1E1D7,0.055,warm taupe,4.3,high,,0.026,0.586,no,,1908,2746,2473747,PNG,contact_sheet
content/swipe/fashion shows ss27/IMG_0824.png,content/swipe/fashion shows ss27,visual,"Runway look: black sleeveless jumpsuit, minimal styling",,,,,,AC957C,0.258,D5C6B1,0.255,202120,0.191,492F1D,0.178,755B44,0.118,warm taupe,1.8,high,,0.007,0.586,no,,1908,2746,2131075,PNG,contact_sheet
content/swipe/fashion shows ss27/IMG_0825.png,content/swipe/fashion shows ss27,visual,"Pale ice-blue long coat over matching-tone blue denim shirt and shorts, cream accessories","Three steps of pale blue with cream, very close hues, tiny lightness gaps",,,"Long straight coat over short shorts, tailored over casual; small cream bag and flat shoes",Tonal dressing shown as steps of one colour rather than one flat shade,B7A691,0.305,917B64,0.212,C6D4D4,0.185,5A3D29,0.176,322D29,0.122,warm taupe,5.4,high,,0.023,0.602,yes,,1908,2746,2465912,PNG,opened_reduced
content/swipe/fashion shows ss27/IMG_0826.png,content/swipe/fashion shows ss27,visual,Runway look: white short-sleeve top with a long cream column skirt,,,,,,B5A48E,0.36,907B63,0.197,503520,0.172,DDD9CE,0.156,322E29,0.115,warm taupe,4.7,high,,0.032,0.597,no,,1908,2746,2459651,PNG,contact_sheet
content/swipe/fashion shows ss27/IMG_0827.png,content/swipe/fashion shows ss27,visual,"Runway look: pale yellow cardigan, mint trousers, black shoulder bag",,,,,,A99781,0.331,D4D0BE,0.251,432C19,0.167,836F58,0.16,343331,0.091,warm taupe,1.3,high,,0.023,0.606,no,,1908,2746,2372723,PNG,contact_sheet
content/swipe/fashion shows ss27/IMG_0828.png,content/swipe/fashion shows ss27,visual,Runway look: cream blazer over pale blue trousers with a dark bag,,,,,,A4927B,0.486,53483E,0.151,412917,0.149,E0E1DB,0.145,8BA9AE,0.07,warm taupe,1.2,medium,top cluster 49% — may still be a studio backdrop,0.022,0.607,no,,1908,2746,2582054,PNG,contact_sheet
content/swipe/fashion shows ss27/IMG_0829.png,content/swipe/fashion shows ss27,visual,Runway look: dark brown long coat with white socks and a small bag,,,,,,B19D87,0.403,302A29,0.277,6C625A,0.143,50331E,0.122,E9E4DB,0.055,warm taupe,3.0,high,,0.008,0.676,no,,1908,2746,2596220,PNG,contact_sheet
content/swipe/fashion shows ss27/IMG_0830.png,content/swipe/fashion shows ss27,visual,Runway look: white strapless top with a long white skirt,,,,,,BBAA96,0.326,A28567,0.218,343536,0.171,63432D,0.154,DFDFDA,0.131,warm taupe,6.6,high,,0.028,0.666,no,,1908,2746,2313922,PNG,contact_sheet
content/swipe/fashion shows ss27/IMG_0831.png,content/swipe/fashion shows ss27,visual,Runway look: black turtleneck with a pale pink wrapped skirt,,,,,,C5B49F,0.329,323030,0.252,A0886F,0.174,613F2A,0.162,E3CDD0,0.083,stone,7.8,high,,0.021,0.663,no,,1908,2746,2448498,PNG,contact_sheet
content/swipe/fashion shows ss27/IMG_0832.png,content/swipe/fashion shows ss27,visual,Runway look: black strapless mid-calf dress,,,,,,A38F75,0.265,CCBEAB,0.264,242525,0.248,583C26,0.172,5F6163,0.051,warm taupe,2.0,high,,0.06,0.635,no,,1908,2746,2677977,PNG,contact_sheet
content/swipe/fashion shows ss27/IMG_0833.png,content/swipe/fashion shows ss27,visual,Runway look: white slip-style dress with an asymmetric hem,,,,,,AC9C87,0.314,816F5C,0.222,DCDFDD,0.174,503623,0.158,29292A,0.132,warm taupe,2.7,high,,0.045,0.649,no,,1908,2746,2014551,PNG,contact_sheet
content/swipe/fashion shows ss27/IMG_0834.png,content/swipe/fashion shows ss27,format,Vogue collection page: pull-quote above a six-thumbnail gallery of beige and rust looks,,Vogue,,,,CECCC6,0.365,9C938A,0.211,100C0F,0.178,423C3F,0.158,864233,0.088,stone,3.5,medium,skin band 11%,0.106,0.543,no,,1908,2746,10303690,PNG,contact_sheet
content/swipe/fashion shows ss27/IMG_0835.png,content/swipe/fashion shows ss27,visual,Runway look: camel knit with a wrapped waist detail over wide trousers,,,,,,BDAF9E,0.317,282729,0.253,DAE0E4,0.229,835841,0.107,626771,0.095,warm taupe,8.3,low,skin band 20% — overlaps dusty rose / salmon,0.204,0.511,no,,1908,2746,4592656,PNG,contact_sheet
content/swipe/fashion shows ss27/IMG_0836.png,content/swipe/fashion shows ss27,visual,vogue.com runway gallery: stone-greige double-breasted suit with a rust raffia bucket bag and brown shoes,stone-greige with one rust accent,,,"oversized shoulder, long lapel, wide trouser breaking over a flat brown shoe",a neutral suit plus one accent is the corporate version of the whole system,C0B8AF,0.414,2F2B2E,0.234,E7EAEC,0.153,747071,0.121,844B30,0.078,stone,5.7,medium,skin band 11%,0.109,0.579,no,,1908,2746,3745158,PNG,opened_reduced
content/swipe/fashion shows ss27/IMG_0837.png,content/swipe/fashion shows ss27,visual,Runway look: stone-grey shirt and matching trousers,,,,,,DEDBD9,0.511,332C2C,0.19,B59B8A,0.171,79878A,0.108,,,stone,5.6,medium,skin band 10%; top cluster 51% — may still be a studio backdrop,0.096,0.601,no,,1908,2746,3739618,PNG,contact_sheet
content/swipe/fashion shows ss27/IMG_0838.png,content/swipe/fashion shows ss27,visual,"vogue.com runway gallery: strapless oxblood satin top with a trailing panel over rust silk wide trousers, rust raffia clutch, flat sandals","oxblood against brick rust; one hue family, two values, nothing else",,,"short stiff top half, long fluid bottom half, one trailing panel breaking the line",two reds a value step apart read as considered where one red would read as a costume,BDB9AC,0.301,84382A,0.239,2D2629,0.2,EBECEE,0.156,767171,0.104,stone,6.0,medium,skin band 7%,0.07,0.613,yes,,1908,2746,3668656,PNG,opened_reduced
content/swipe/fashion shows ss27/IMG_0839.png,content/swipe/fashion shows ss27,visual,Runway look: terracotta sleeveless top with a matching midi skirt,,,,,,B8B2A8,0.319,2D292F,0.215,9A4940,0.164,E4E8ED,0.158,776C6A,0.144,stone,7.3,medium,skin band 9%,0.09,0.599,no,,1908,2746,3824399,PNG,contact_sheet
content/swipe/fashion shows ss27/IMG_0840.png,content/swipe/fashion shows ss27,visual,Runway look: dark dress with a large check pattern and a black bag,,,,,,BAB7AF,0.315,2B2930,0.298,E7EBEF,0.155,777476,0.126,7A4936,0.106,stone,6.6,medium,skin band 8%,0.082,0.595,no,,1908,2746,4311929,PNG,contact_sheet
content/swipe/fashion shows ss27/IMG_0841.png,content/swipe/fashion shows ss27,visual,"Runway look: long black jacket over dark trousers, dark shoes",,,,,,2C2A32,0.358,B5B0A6,0.303,E1E6EB,0.129,6E6F75,0.109,845339,0.101,warm charcoal,8.6,medium,skin band 6%,0.063,0.577,no,,1908,2746,3884230,PNG,contact_sheet
content/swipe/fashion shows ss27/IMG_0842.png,content/swipe/fashion shows ss27,visual,Runway look: fitted black jacket and slim black trousers,,,,,,DFDAD6,0.366,2B2A32,0.333,9A8B81,0.174,91B1B0,0.084,774A39,0.043,stone,4.6,high,,0.055,0.628,no,,1908,2746,3718463,PNG,contact_sheet
content/swipe/fashion shows ss27/IMG_0843.png,content/swipe/fashion shows ss27,visual,"vogue.com runway gallery: rust buttoned cardigan with a matching rust wrap midi skirt, oxblood leather tote, taupe pumps",head-to-toe rust with an oxblood bag and taupe shoe,,,"knit-on-knit, cardigan and skirt in one colour, wrap front with a slit","a monochrome outfit that works because three surfaces differ, not three colours",D4D3CD,0.41,888985,0.201,2A292F,0.176,9F3F2C,0.141,5E3326,0.073,stone,3.9,high,,0.058,0.62,yes,,1908,2746,3770993,PNG,opened_reduced
content/swipe/fashion shows ss27/IMG_0844.png,content/swipe/fashion shows ss27,visual,Runway look: black long-sleeve top with a pale checked fringed skirt,,,,,,D3CEC9,0.385,2A272C,0.3,887B75,0.165,88AAAA,0.079,834E37,0.071,stone,3.2,high,,0.054,0.595,no,,1908,2746,4044270,PNG,contact_sheet
content/swipe/fashion shows ss27/IMG_0845.png,content/swipe/fashion shows ss27,visual,"Runway look: pale yellow top, dark trousers, large tan tote",,,,,,BDAFA0,0.39,2B272B,0.234,DAE0E5,0.149,81543C,0.116,6F7078,0.11,stone,8.2,high,,0.059,0.584,no,,1908,2746,3881259,PNG,contact_sheet
content/swipe/fashion shows ss27/IMG_0846.png,content/swipe/fashion shows ss27,visual,Runway look: cream top with dark voluminous trousers,,,,,,E6E1DD,0.343,28262D,0.261,B9B4A8,0.24,6B6B73,0.09,87533B,0.067,stone,5.7,medium,skin band 6%,0.065,0.597,no,,1908,2746,3853496,PNG,contact_sheet
content/swipe/fashion shows ss27/IMG_0847.png,content/swipe/fashion shows ss27,visual,Runway look: grey long dress with a fringed hem,,,,,,E9E7E3,0.299,BEB8AC,0.235,7F7A83,0.207,2F2C31,0.196,87533B,0.063,cream,6.4,high,,0.048,0.627,no,,1908,2746,4160120,PNG,contact_sheet
content/swipe/fashion shows ss27/IMG_0848.png,content/swipe/fashion shows ss27,visual,Runway look: white sleeveless top with dark wide-leg trousers,,,,,,C8C0B1,0.326,F0EFEF,0.284,2A292F,0.244,6F7178,0.084,91604B,0.062,stone,3.8,medium,skin band 6%,0.061,0.608,no,,1908,2746,3315062,PNG,contact_sheet
content/swipe/fashion shows ss27/IMG_0849.png,content/swipe/fashion shows ss27,visual,Runway look: black tank with a long dark brown skirt,,,,,,BBB8AA,0.294,ECEAE6,0.294,2C272B,0.238,655759,0.121,985E46,0.053,stone,6.6,high,,0.04,0.647,no,,1908,2746,3618120,PNG,contact_sheet
content/swipe/fashion shows ss27/IMG_0850.png,content/swipe/fashion shows ss27,visual,"Black sleeveless dress with full gathered skirt, black gloves and cap, salon setting","Solid black against cream curtains and warm wood floor, one large dark mass",,,High neck and clean bodice exploding into a wide gathered skirt; gloves extend the dark line,"Silhouette does everything — no print, no colour, just a change of volume at the hip",29272D,0.369,E0DDD5,0.293,AFAB9E,0.157,844F33,0.098,65656B,0.083,warm charcoal,8.1,high,,0.057,0.566,yes,,1908,2746,3691813,PNG,opened_reduced
content/swipe/fashion shows ss27/IMG_0851.png,content/swipe/fashion shows ss27,visual,"Lilac long-sleeved dress with gold embroidery, gold garland, grey bag, teal backdrop","Lilac and gold against teal panels and rust floor; cool dress, hot surroundings",,,"Straight dress with dropped waist; heavy gold trail down one side, soft grey bag as relief","Backdrop colour does half the work, making the dress look richer than alone",087798,0.408,874339,0.225,2E2D32,0.17,9281C6,0.099,8E7F85,0.098,petrol,12.0,high,,0.016,0.613,yes,,1908,2746,2713864,PNG,opened_reduced
content/swipe/fashion shows ss27/IMG_0852.png,content/swipe/fashion shows ss27,visual,Runway look: coral printed long dress with a dark belt,,,,,,045F7F,0.456,673028,0.195,242B30,0.178,C96E65,0.111,6C6D72,0.06,petrol,7.3,medium,top cluster 46% — may still be a studio backdrop,0.048,0.648,no,,1908,2746,2505535,PNG,contact_sheet
content/swipe/fashion shows ss27/IMG_0853.png,content/swipe/fashion shows ss27,visual,Runway look: brown belted coat with a patterned bag,,,,,,2F282C,0.307,275E7A,0.274,7B392F,0.236,0C3948,0.165,,,warm charcoal,7.3,high,,0.011,0.658,no,,1908,2746,2739229,PNG,contact_sheet
content/swipe/fashion shows ss27/IMG_0854.png,content/swipe/fashion shows ss27,visual,"Runway look: grey-blue checked coat with a bag, sunglasses",,,,,,045976,0.299,252E36,0.277,622D25,0.149,535866,0.138,9E493D,0.137,petrol,6.4,high,,0.006,0.631,no,,1908,2746,2688341,PNG,contact_sheet
content/swipe/fashion shows ss27/IMG_0855.png,content/swipe/fashion shows ss27,visual,Runway look: pale blue long coat with a patterned scarf,,,,,,0D5B81,0.297,33383E,0.248,8DA4BA,0.164,702918,0.152,AE4A31,0.14,petrol,9.6,high,,0.017,0.662,no,,1908,2746,2237482,PNG,contact_sheet
content/swipe/fashion shows ss27/IMG_0856.png,content/swipe/fashion shows ss27,visual,Runway look: plum coat dress with a pale blue bag,,,,,,21536E,0.315,222D34,0.252,703128,0.252,834E6A,0.146,C3B0C0,0.035,petrol,7.3,high,,0.007,0.642,no,,1908,2746,2234722,PNG,contact_sheet
content/swipe/fashion shows ss27/IMG_0857.png,content/swipe/fashion shows ss27,visual,Runway look: blue-grey shirt jacket over brown trousers,,,,,,076688,0.291,78382D,0.209,342D2D,0.196,6A6F80,0.153,094456,0.151,petrol,8.5,high,,0.002,0.678,no,,1908,2746,2733702,PNG,contact_sheet
content/swipe/fashion shows ss27/IMG_0858.png,content/swipe/fashion shows ss27,visual,Runway look: brown double-breasted coat over tan trousers,,,,,,13698A,0.303,41393A,0.302,084153,0.159,602D21,0.151,9E574B,0.086,petrol,8.8,high,,0.037,0.653,no,,1908,2746,2049666,PNG,contact_sheet
content/swipe/fashion shows ss27/IMG_0859.png,content/swipe/fashion shows ss27,visual,Runway look: grey jacket and matching skirt with a dark bag,,,,,,292B30,0.239,05506B,0.237,1C7B9F,0.198,7C3B2E,0.191,5B6269,0.135,warm charcoal,7.3,high,,0.014,0.648,no,,1908,2746,2850535,PNG,contact_sheet
content/swipe/fashion shows ss27/IMG_0860.png,content/swipe/fashion shows ss27,visual,"vogue.com runway gallery (tab reads ""Tory Bur…""): ochre beaded-fringe sweater over a deep plum crackled midi skirt, plum beanie, chartreuse-gold sandals, teal backdrop, terracotta floor","ochre against plum against a teal wall — the reference opposition, on a set",,,heavy pile knit over a flat shiny skirt; hat and skirt share one colour,"the teal backdrop is doing half the work, which is exactly the thing to say out loud",0A3F55,0.26,693023,0.259,2E242A,0.236,056083,0.167,686F77,0.077,petrol,10.3,high,,0.011,0.652,yes,,1908,2746,2538422,PNG,opened_reduced
content/swipe/fashion shows ss27/IMG_0861.png,content/swipe/fashion shows ss27,visual,Runway look: pale coat with red trim and a patterned bag,,,,,,076384,0.265,76342B,0.238,314E5E,0.188,BEB0C0,0.159,27272B,0.151,petrol,7.9,high,,0.021,0.663,no,,1908,2746,3229802,PNG,contact_sheet
content/swipe/fashion shows ss27/IMG_0862.png,content/swipe/fashion shows ss27,visual,"Long coat in black and ivory brushstroke print, red dress beneath, red bag, red shoes","Black and ivory print with strong red accents in bag, hem and shoes",,,Long coat open just enough to show red underneath; accessories repeat that red three times,"Neutral print plus one colour repeated three times reads as a plan, not chance",272528,0.383,635C60,0.303,D5CFC9,0.15,654339,0.133,AD4944,0.032,warm charcoal,7.2,high,,0.026,0.626,yes,,1908,2746,3467103,PNG,opened_reduced
content/swipe/fashion shows ss27/IMG_0863.png,content/swipe/fashion shows ss27,visual,"vogue.com runway gallery (tab reads ""Proenza""): black draped V-neck dress with a pale butter-yellow waist sash, deep burgundy draped panel, oxblood shoes",black with a butter-yellow band and two oxblood notes,,,the sash is the only light thing and it sits exactly at the waist,one pale band on a black dress is the entire styling decision,262427,0.441,645C60,0.325,60342E,0.142,D3C9C8,0.091,,,warm charcoal,7.4,high,,0.044,0.587,yes,,1908,2746,3055777,PNG,opened_reduced
content/swipe/fashion shows ss27/IMG_0864.png,content/swipe/fashion shows ss27,visual,"Long coat in red and black print over black trousers, white shoes, staircase behind","Hot red against black with white shoes; two colours, one bright break at the floor",,,"Same coat shape in a louder colourway, worn over trousers rather than a dress; hem falls long",Shows one garment in two colourways — useful for arguing colour changes everything,252327,0.411,635B60,0.295,653D36,0.111,C7C0C3,0.096,B0222C,0.089,warm charcoal,8.1,high,,0.01,0.624,yes,,1908,2746,3276630,PNG,opened_reduced
content/swipe/fashion shows ss27/IMG_0865.png,content/swipe/fashion shows ss27,visual,Runway look: camel jacket and matching trousers with a red collar detail,,,,,,2C2A2C,0.379,625453,0.309,857A7E,0.2,D8CFD0,0.108,,,warm charcoal,5.5,low,skin band 21% — overlaps dusty rose / salmon,0.215,0.522,no,,1908,2746,3479029,PNG,contact_sheet
content/swipe/fashion shows ss27/IMG_0866.png,content/swipe/fashion shows ss27,visual,Runway look: white top with dark wide trousers and a shoulder bag,,,,,,BAA9A2,0.408,2B2627,0.243,D7CCCA,0.218,606163,0.067,825B44,0.064,dusty rose,8.1,low,skin band 17% — overlaps dusty rose / salmon,0.175,0.513,no,,1908,2746,3186192,PNG,contact_sheet
content/swipe/fashion shows ss27/IMG_0867.png,content/swipe/fashion shows ss27,format,Vogue collection page: text column above a six-thumbnail gallery of navy and cream looks,,Vogue,,,,121112,0.242,CEC2BE,0.24,FEFEFE,0.239,AEA098,0.18,544E4B,0.098,warm charcoal,12.0,high,,0.036,0.964,no,,1908,2746,9003649,PNG,contact_sheet
content/swipe/fashion shows ss27/IMG_0868.png,content/swipe/fashion shows ss27,visual,Runway look: navy sleeveless wrap dress with a large bag,,,,,,B7A69E,0.328,232226,0.285,D1C1BE,0.215,4B4D4F,0.112,755540,0.061,dusty rose,8.0,low,skin band 17% — overlaps dusty rose / salmon,0.173,0.52,no,,1908,2746,2922332,PNG,contact_sheet
content/swipe/fashion shows ss27/IMG_0869.png,content/swipe/fashion shows ss27,visual,"Runway look: pale blue-green jacket over white trousers, sandy backdrop",,,,,,B58D65,0.292,BCAFA7,0.27,37393B,0.19,8E6A46,0.166,5C4025,0.081,camel,5.6,medium,skin band 11%,0.11,0.613,no,,1908,2746,3424735,PNG,contact_sheet
content/swipe/formats/IMG_0017.jpeg,content/swipe/formats,format,"Substack note, caption ""Colour inspiration — pistachio green, walnut brown, ivory and black"" over interior image grid",,,,,,1D1716,0.273,492819,0.235,A3A286,0.214,746857,0.147,CFC6BD,0.131,warm charcoal,10.0,high,,0.019,0.981,no,,1031,687,224614,JPEG,contact_sheet
content/swipe/formats/IMG_0018.jpeg,content/swipe/formats,visual,"Hazy blue-grey image of an open book on a misty surface, dreamlike",,,,,,6F8CBE,0.336,9BB6E7,0.259,4F699D,0.202,5E7AAB,0.201,,,muted teal,20.5,high,,0.0,1.0,no,,1437,960,222570,JPEG,contact_sheet
content/swipe/formats/IMG_0019.jpeg,content/swipe/formats,visual,"a framed PAINTING: window light falling across a bare interior wall, a pale panel leaning against it",ochre-gold light against deep umber shadow and a red-brown floor,,,"single light source, one geometric block of light, everything else in shadow",the only real artwork in the library and it is filed in formats/,C0AE7A,0.288,422F1F,0.268,60411E,0.166,956F33,0.143,2D211A,0.135,camel,6.9,high,,0.0,1.0,yes,,1487,1223,323073,JPEG,opened_reduced
content/swipe/formats/IMG_0020.png,content/swipe/formats,format,"Dark long-form text post, headed journaling guide with numbered step sections",,,,,,414141,0.225,646464,0.22,222222,0.214,8A8A8A,0.194,B5B5B5,0.146,warm charcoal,4.7,low,little left after background removal,0.0,0.145,no,,1908,2746,414033,PNG,contact_sheet
content/swipe/formats/IMG_0021.jpeg,content/swipe/formats,format,"Substack note with three-image row: a shoe, a small object, a street scene",,,,,,C6BFB5,0.298,9B9DA1,0.227,847365,0.185,18191A,0.171,4D4A47,0.119,stone,3.8,medium,skin band 7%,0.068,0.932,no,,1861,682,298835,JPEG,contact_sheet
content/swipe/formats/IMG_0022.jpeg,content/swipe/formats,format,Substack note with grid of canal and old-town travel photos,,,,,,524C42,0.291,1D1D1B,0.266,919085,0.206,E4E8E4,0.168,8E9765,0.069,warm charcoal,8.0,high,,0.034,0.966,no,,1908,686,396819,JPEG,contact_sheet
content/swipe/formats/IMG_0023.jpeg,content/swipe/formats,format,"Dark Substack note with two images: blonde hair from behind, white flowers",,,,,,32332E,0.438,111112,0.323,645C4E,0.105,BAA588,0.093,D4D4CF,0.041,warm charcoal,3.8,high,,0.001,0.999,no,,1842,690,223532,JPEG,contact_sheet
content/swipe/formats/IMG_0024.jpeg,content/swipe/formats,format,Substack note with three images of laid tables and interiors,,,,,,1A191A,0.24,73706A,0.213,9F9F9F,0.197,463E35,0.177,E2E1DD,0.174,warm charcoal,9.9,high,,0.004,0.996,no,,1908,672,213444,JPEG,contact_sheet
content/swipe/formats/IMG_0025.png,content/swipe/formats,format,"Substack post ""Made the Closet Cut: August Edition"", body text above outfit photo grid",,,,,,303030,0.317,BCB2A6,0.31,6E6C6B,0.228,5E3834,0.126,,,warm charcoal,3.8,medium,background dominates frame,0.033,0.257,no,,1908,2746,3804324,PNG,contact_sheet
content/swipe/formats/IMG_0026.jpeg,content/swipe/formats,format,"Substack note with three images: a handbag, an interior, a blank white frame",,,,,,A18E70,0.242,DBD6CF,0.22,5A4D37,0.217,1F1C1B,0.214,626573,0.107,warm taupe,3.1,high,,0.017,0.983,no,,1908,696,296876,JPEG,contact_sheet
content/swipe/formats/IMG_0027.jpeg,content/swipe/formats,format,"Substack note with three images: a jug, a hand holding a plant, flip flops",,,,,,ACAAA3,0.367,232728,0.218,5C402D,0.174,A5815F,0.123,6F6A60,0.118,stone,10.2,medium,skin band 11%,0.108,0.892,no,,1908,685,216443,JPEG,contact_sheet
content/swipe/formats/IMG_0028.jpeg,content/swipe/formats,format,"Substack post section ""Where we Stayed"" with a hotel lobby interior photo",,,,,,1D1919,0.303,7F7F7C,0.215,A58868,0.168,5D4129,0.159,BED1DB,0.155,warm charcoal,9.5,high,,0.015,0.985,no,,1595,2165,852124,JPEG,contact_sheet
content/swipe/formats/IMG_0029.jpeg,content/swipe/formats,format,Substack note with images of a café table and pink paper items,,,,,,CAC2B3,0.366,9C9086,0.18,383333,0.171,6A5D57,0.166,BCB1C6,0.116,stone,3.3,medium,skin band 8%,0.077,0.568,no,,1908,735,278164,JPEG,contact_sheet
content/swipe/formats/IMG_0030.jpeg,content/swipe/formats,format,"Substack note with three images: marbled paper, draped fabric, carved facade",,,,,,918465,0.249,645A48,0.247,181819,0.206,CEC0A7,0.162,412C25,0.136,warm mid grey,7.6,high,,0.0,1.0,no,,1908,665,246381,JPEG,contact_sheet
content/swipe/formats/IMG_0031.png,content/swipe/formats,format,"App post: numbered point, italic follow-up line, then dense collage of clothes, bags, accessories","Cream, chocolate brown, black, mid denim blue; warm neutrals with one blue break",,,"Short numbered headline, italic expansion sentence, one tall mosaic collage, engagement bar below","Claim first, proof underneath — the collage reads as evidence without extra copy",DFD8CF,0.366,B5997F,0.231,231F1E,0.143,6D4D3C,0.133,56575C,0.127,stone,2.7,medium,skin band 8%,0.085,0.495,yes,,1908,2746,3309660,PNG,opened_reduced
content/swipe/formats/IMG_0032.png,content/swipe/formats,format,"Substack post ""What early fall looks like"", text above outfit photo grid",,,,,,655E56,0.302,302E35,0.213,A1A2A4,0.201,EAE8E7,0.179,67421E,0.106,warm charcoal,13.9,high,,0.051,0.571,no,,1908,2746,3106860,PNG,contact_sheet
content/swipe/formats/IMG_0033.png,content/swipe/formats,artwork,"a tarot card illustration, ""THE SUN"" (XIX), inside a Substack post: sun face, child on a grey horse, sunflowers, red banner","golden yellow and red against sky blue; high chroma, high contrast",,,full-width card image under two paragraphs of body text,an artwork whose palette is the exact opposite of the newsletter palette — useful as a contrast case,10312E,0.498,728A8F,0.157,CAA666,0.127,F2F2ED,0.112,783424,0.106,deep teal,15.2,medium,top cluster 50% — may still be a studio backdrop,0.01,0.99,yes,,1908,2746,3837166,PNG,opened_reduced
content/swipe/formats/IMG_0034.png,content/swipe/formats,visual,"looking down at black studded lace-up shoes on dark indigo jeans, on grey concrete steps with bright yellow painted edges",near-black and indigo against concrete grey with one hot yellow line,,,"overhead, feet at an angle, the yellow line running diagonally across",a street palette found by accident — the nature-palette format without nature,85868C,0.27,131621,0.211,EBD885,0.197,ACB1BF,0.176,515663,0.146,warm mid grey,9.3,high,,0.001,0.999,yes,,1908,2746,15991020,PNG,opened_reduced
content/swipe/formats/IMG_0035.png,content/swipe/formats,visual,Photo of printed pages with handwritten annotations spread on a wooden table with a pen,,,,,,BFC0C0,0.49,644524,0.188,8F7450,0.187,E1B569,0.07,040303,0.064,stone,7.3,medium,top cluster 49% — may still be a studio backdrop,0.0,1.0,no,,1908,2746,14383917,PNG,contact_sheet
content/swipe/formats/IMG_0036.png,content/swipe/formats,visual,"Model in tan blouson, petrol blue draped top, long tiered olive-gold patterned skirt","Mustard-tan and olive gold against petrol blue, black ground, narrow warm range",,,"Cropped boxy jacket over floor-length fluid skirt; open front, long trailing ties, beaded necklace",Short stiff top half against a huge soft skirt makes proportion the whole story,44321F,0.283,181739,0.241,8A6738,0.183,5D5D7A,0.154,B4B4BD,0.139,chocolate,2.8,high,,0.002,0.566,yes,,1908,2746,11419649,PNG,opened_reduced
content/swipe/formats/IMG_0037.jpeg,content/swipe/formats,format,Dark Substack note with a small grid of garment images,,,,,,171414,0.43,D4C9B7,0.195,6C5A4D,0.157,B39A73,0.147,363F53,0.071,warm charcoal,11.0,high,,0.009,0.595,no,,1908,699,210784,JPEG,contact_sheet
content/swipe/formats/IMG_0038.png,content/swipe/formats,format,"Substack post ""Letter No. 147 – Five Women, Five Fall Wish Lists"" with image grid and sign-off",,,,,,DAD3BE,0.575,65625A,0.153,9BA3A3,0.145,2F2D27,0.118,,,stone,4.1,medium,background dominates frame; top cluster 57% — may still be a studio backdrop,0.005,0.297,no,,1908,2746,1312301,PNG,contact_sheet
content/swipe/formats/IMG_0039.png,content/swipe/formats,format,"Substack post ""A silver story: From day to night"" with outfit photos and body text",,,,,,726D67,0.252,3D362E,0.226,B5B3AE,0.218,C9C39B,0.164,747243,0.14,warm mid grey,9.2,medium,background dominates frame,0.006,0.271,no,,1908,2746,4405236,PNG,contact_sheet
content/swipe/formats/IMG_0040.png,content/swipe/formats,format,Substack post layout with full-width photo of a model in a black coat and sunglasses,,,,,,29292A,0.33,777675,0.266,484748,0.19,C4BDB8,0.149,78433C,0.065,warm charcoal,5.7,low,little left after background removal,0.107,0.102,no,,1908,2746,1653418,PNG,contact_sheet
content/swipe/formats/IMG_0041.png,content/swipe/formats,product,"ARKET product page: beige knee-length coat worn with dark trousers, wordmark legible",,ARKET,,,,D7C7AD,0.44,151314,0.341,B4A084,0.101,131C36,0.059,6B5C52,0.059,stone,5.6,medium,background dominates frame,0.002,0.297,no,layer_stone_arket_beige_knee-length_coat,1908,2746,1487648,PNG,contact_sheet
content/swipe/formats/IMG_0042.png,content/swipe/formats,product,ARKET product page: wide light-blue jeans over brown shoes,,ARKET,,,,4F6B8D,0.377,243B58,0.264,151112,0.206,443A39,0.087,949CA8,0.066,petrol,14.3,high,,0.0,0.454,no,bottom_petrol_arket_wide_light-blue_jeans,1908,2746,4644694,PNG,contact_sheet
content/swipe/formats/IMG_0043.png,content/swipe/formats,product,ARKET product page: white t-shirt tucked into blue jeans with a dark belt,,ARKET,,,,60789B,0.366,39537A,0.239,141314,0.202,9A5F45,0.12,C1BAB9,0.073,petrol,18.3,medium,background dominates frame,0.112,0.401,no,bottom_petrol_arket_white_t-shirt_tucked,1908,2746,4783729,PNG,contact_sheet
content/swipe/formats/IMG_0044.png,content/swipe/formats,format,Substack post with full-width photo of a person from behind in white shirt and dark trousers,,,,,,37322D,0.31,A49789,0.225,645B53,0.222,DECCB2,0.181,D2D2D7,0.063,warm charcoal,1.5,low,little left after background removal,0.071,0.179,no,,1908,2746,10337475,PNG,contact_sheet
content/swipe/formats/IMG_0045.png,content/swipe/formats,product,Massimo Dutti product page: pointed black mules shown from several angles,,Massimo Dutti,,,,1B1717,0.446,5D5553,0.168,3C3332,0.135,C0BFBE,0.132,8F8580,0.119,warm charcoal,10.1,low,little left after background removal,0.016,0.134,no,,1908,2746,1063436,PNG,contact_sheet
content/swipe/formats/IMG_0058.png,content/swipe/formats,format,Substack notes feed with runway and model images and a related-notes strip,,,,,,D0C5B5,0.307,33302C,0.306,AB9169,0.166,6A5137,0.118,767570,0.104,stone,2.8,medium,background dominates frame,0.034,0.253,no,,1908,2746,5176539,PNG,contact_sheet
content/swipe/formats/IMG_0059.jpeg,content/swipe/formats,visual,Runway look: cream bra-style top with a dark column midi skirt,,,,,,A69878,0.303,342F29,0.253,CCBEA3,0.189,6F6753,0.161,694637,0.093,warm taupe,4.1,medium,background dominates frame,0.056,0.395,no,,1395,2570,684880,JPEG,contact_sheet
content/swipe/formats/IMG_0060.jpeg,content/swipe/formats,visual,Runway look: black structured peplum top over a dark skirt,,,,,,A59979,0.308,312D2A,0.206,C3B899,0.184,81775E,0.161,5D4D3F,0.141,warm taupe,4.9,medium,background dominates frame,0.097,0.338,no,,1459,2574,744883,JPEG,contact_sheet
content/swipe/formats/IMG_0061.jpeg,content/swipe/formats,visual,Black ruffled peplum top over sheer long black skirt with pale ruffled hem,"Near-black throughout with ivory hem and neckline flash, contrast only at edges",,,Tiered ruffle at waist echoed by hem ruffle; sheer skirt over visible body line,One pale edge on an all-black look draws the eye to movement,322D2B,0.331,A89B7B,0.201,85795F,0.191,604E3E,0.15,D3C5A9,0.127,warm charcoal,3.2,medium,background dominates frame,0.053,0.37,yes,,1686,2557,381734,JPEG,opened_reduced
content/swipe/formats/IMG_0062.png,content/swipe/formats,format,"Substack profile page for ""styledandplated"" with subscribe bar and notes image grid",,,,,,D3C9BC,0.315,2C2C2E,0.249,717173,0.169,AE885A,0.162,673A2A,0.106,stone,1.5,medium,background dominates frame,0.049,0.296,no,,1908,2746,2771690,PNG,contact_sheet
content/swipe/formats/IMG_0063.png,content/swipe/formats,format,Substack post: street-style photo collage above several paragraphs of body text,,,,,,B1AAA0,0.312,F9F8F8,0.233,73706F,0.217,3C3431,0.193,458F6F,0.045,warm taupe,9.0,high,,0.018,0.496,no,,1908,2746,2894557,PNG,contact_sheet
content/swipe/formats/IMG_0064.jpeg,content/swipe/formats,format,Dark Substack note with a short comment thread under a small image,,,,,,292828,0.401,403E3E,0.312,5E5D5C,0.14,878383,0.101,B5B4B3,0.047,warm charcoal,5.4,low,little left after background removal,0.0,0.176,no,,1908,1403,229022,JPEG,contact_sheet
content/swipe/formats/IMG_0065.jpeg,content/swipe/formats,format,Substack note with a grid of garden and plant photos,,,,,,26221A,0.329,675F47,0.195,968D7E,0.184,AC865F,0.183,D0C7C5,0.11,warm charcoal,7.0,medium,skin band 9%,0.095,0.905,no,,1908,850,320919,JPEG,contact_sheet
content/swipe/formats/IMG_0066.png,content/swipe/formats,visual,back view of a woman in an open-backed tan wrap dress standing in tall ornamental grasses,"warm tan against olive and straw; very low contrast, close hues",,"FIBRE NOT DECLARED — reads as suede, but a colour test cannot tell suede from anything else","halter back, buckle at the waist, wrapped overlapping skirt with a front split","garment and setting share one colour family, so shape has to carry the picture",80703F,0.334,4B441D,0.283,DDA264,0.203,141509,0.13,A8A599,0.049,moss,12.9,high,,0.0,1.0,yes,,1908,2746,16519882,PNG,opened_reduced
content/swipe/formats/IMG_0067.png,content/swipe/formats,visual,"Woman on pavement in oversized dark knit, dark jeans, black bag, flat sandals","All-black outfit against grey corrugated shutter, tonal, single narrow lightness gap",,,"Slouchy oversized sweater over straight long jeans; bag high on shoulder, flat shoes, dark sunglasses",Proves an all-dark outfit works when volumes differ and background stays grey,8B8C91,0.294,616063,0.185,36373D,0.178,1A1B21,0.177,B6BABE,0.165,warm mid grey,9.3,high,,0.009,0.991,yes,,1908,2746,14473887,PNG,opened_reduced
content/swipe/formats/IMG_0068.jpeg,content/swipe/formats,format,Substack note with a grid of dark monochrome outfit images,,,,,,2F2C2A,0.372,F3F0EA,0.245,534F4B,0.139,867D73,0.131,C4BAAE,0.113,warm charcoal,3.5,high,,0.008,0.677,no,,1908,846,277038,JPEG,contact_sheet
content/swipe/formats/IMG_0069.jpeg,content/swipe/formats,format,Substack note showing a black oversized jacket listing with a red arrow annotation,,,,,,BEBFC3,0.31,D9D9DD,0.28,757D88,0.19,312D2F,0.189,E35442,0.03,stone,9.0,medium,background dominates frame,0.024,0.361,no,,1908,1182,166525,JPEG,contact_sheet
content/swipe/formats/IMG_0070.jpeg,content/swipe/formats,format,"Substack note ""The Quo"" with three full-length runway images",,,,,,B8A996,0.296,93826D,0.226,37281E,0.176,604B3B,0.157,E3E2DE,0.145,warm taupe,6.4,high,,0.031,0.654,no,,1908,846,163489,JPEG,contact_sheet
content/swipe/formats/IMG_0071.jpeg,content/swipe/formats,format,Substack note with a dense grid of small runway thumbnails,,,,,,D2C9BF,0.323,322C29,0.263,9C9086,0.152,5B5957,0.133,644A39,0.129,stone,1.7,medium,skin band 7%,0.071,0.457,no,,1908,860,339286,JPEG,contact_sheet
content/swipe/formats/IMG_0072.jpeg,content/swipe/formats,format,Substack note with four runway look images side by side,,,,,,BCB9B1,0.327,3B343A,0.206,89827D,0.205,E9EBF0,0.167,7F3F2D,0.095,stone,6.1,medium,skin band 8%,0.079,0.611,no,,1908,851,295708,JPEG,contact_sheet
content/swipe/formats/IMG_0073.jpeg,content/swipe/formats,format,Substack note with three images: handbags and a red chair,,,,,,1A191B,0.368,AA291E,0.225,E3E1E3,0.166,ABA3A3,0.131,5E4539,0.11,warm charcoal,10.1,high,,0.053,0.947,no,,1908,841,190358,JPEG,contact_sheet
content/swipe/formats/IMG_0074.jpeg,content/swipe/formats,format,Substack note with images of necklaces and earrings on dark backgrounds,,,,,,511D24,0.268,341016,0.201,2C3241,0.199,B7B9B7,0.167,75768F,0.165,soft plum,12.0,high,,0.015,0.689,no,,1908,844,280183,JPEG,contact_sheet
content/swipe/formats/IMG_0075.jpeg,content/swipe/formats,format,Substack note with three full-length outfit photos,,,,,,989896,0.505,4C3F3C,0.243,CBD1DA,0.194,,,,,warm mid grey,8.7,medium,top cluster 51% — may still be a studio backdrop,0.012,0.688,no,,1908,934,245813,JPEG,contact_sheet
content/swipe/formats/IMG_0076.jpeg,content/swipe/formats,format,Substack note with warm wood-panelled library and interior images,,,,,,3B2423,0.331,674D4D,0.306,AB9A9E,0.186,8F7298,0.099,868A6B,0.078,chocolate,10.1,high,,0.056,0.595,no,,1908,857,289127,JPEG,contact_sheet
content/swipe/formats/IMG_0077.jpeg,content/swipe/formats,format,"Substack note with three images of women in outfits, red tones",,,,,,EAEDED,0.302,A8A9AC,0.275,352E30,0.194,6C6764,0.156,752B2C,0.074,cream,9.0,high,,0.044,0.579,no,,1908,847,256219,JPEG,contact_sheet
content/swipe/formats/IMG_0078.jpeg,content/swipe/formats,format,"Substack note ""La Cime"" with an interior photo of a laid table",,,,,,171616,0.278,E2DEDB,0.271,B6AA9F,0.179,79695B,0.141,46382D,0.131,warm charcoal,10.6,high,,0.008,0.992,no,,1908,1164,244543,JPEG,contact_sheet
content/swipe/formats/IMG_0079.jpeg,content/swipe/formats,format,"Substack note ""Hello September"" with a collage of outfit photos",,,,,,D6D1CF,0.325,36302E,0.246,665A52,0.206,968F8A,0.193,,,stone,4.8,high,,0.054,0.471,no,,1908,846,240731,JPEG,contact_sheet
content/swipe/formats/IMG_0080.jpeg,content/swipe/formats,format,"Substack note, mostly text with one small garment image",,,,,,3D342D,0.343,7C7369,0.229,59524C,0.224,AC9A7D,0.134,A4A19F,0.07,warm charcoal,3.1,medium,background dominates frame,0.001,0.287,no,,1908,802,111469,JPEG,contact_sheet
content/swipe/formats/IMG_0081.png,content/swipe/formats,format,"Substack note by Rebekka Gustafson with photo, comments and a quote screenshot",,,,,,54413A,0.42,2C2927,0.243,7B7777,0.158,BCBBB8,0.097,754935,0.083,chocolate,5.6,medium,background dominates frame,0.024,0.344,no,,1908,2746,3360111,PNG,contact_sheet
content/swipe/formats/IMG_0082.jpeg,content/swipe/formats,format,Substack note with pink and lilac garment images,,,,,,838280,0.23,4B4644,0.23,AEBAC7,0.193,CDC6AF,0.182,BC8CA7,0.165,warm mid grey,5.1,medium,skin band 7%,0.071,0.644,no,,1908,869,252622,JPEG,contact_sheet
content/swipe/formats/IMG_0083.jpeg,content/swipe/formats,format,Substack note with interior images including a pink room,,,,,,442A21,0.274,7B6151,0.266,7A3B2F,0.166,B6A7A5,0.155,B99C75,0.138,chocolate,6.5,low,skin band 28% — overlaps dusty rose / salmon,0.282,0.534,no,,1908,846,229293,JPEG,contact_sheet
content/swipe/formats/IMG_0084.jpeg,content/swipe/formats,format,Substack note with three images including a portrait of an older man,,,,,,3A2D27,0.334,7E7F7E,0.313,BBBAB6,0.197,7F6545,0.124,B9653C,0.032,warm charcoal,5.8,high,,0.031,0.553,no,,1908,855,179274,JPEG,contact_sheet
content/swipe/formats/IMG_0085.jpeg,content/swipe/formats,format,Substack note with a collage of travel and shop-front images,,,,,,433426,0.293,BDB09C,0.232,5C666F,0.208,99663D,0.145,83ACC3,0.123,chocolate,2.3,high,,0.039,0.637,no,,1908,1732,753925,JPEG,contact_sheet
content/swipe/formats/IMG_0086.jpeg,content/swipe/formats,format,"Substack note linking two posts about dressing in Paris and Europe, with preview cards",,,,,,624E42,0.497,19191A,0.224,8C7F75,0.154,C9C2BF,0.101,,,chocolate,8.0,medium,skin band 8%; top cluster 50% — may still be a studio backdrop,0.08,0.92,no,,1908,793,162734,JPEG,contact_sheet
content/swipe/formats/IMG_0087.jpeg,content/swipe/formats,format,Substack note with images of women in neutral-toned outfits,,,,,,B1A89F,0.227,607430,0.216,94845F,0.207,DAD3CD,0.188,453F30,0.162,warm taupe,8.7,medium,skin band 6%,0.063,0.695,no,,1908,850,282059,JPEG,contact_sheet
content/swipe/formats/IMG_0088.jpeg,content/swipe/formats,format,"Substack note ""Today's Tasty"" with interior and food images",,,,,,969186,0.25,6C6553,0.243,CAC5B8,0.237,372C26,0.18,643D27,0.09,warm mid grey,5.0,high,,0.014,0.657,no,,1868,1718,516418,JPEG,contact_sheet
content/swipe/formats/IMG_0089.jpeg,content/swipe/formats,format,Substack note with street-scene images and a comment thread below,,,,,,8F9093,0.379,605755,0.179,2E2A2A,0.175,C6D0DD,0.137,9E8A78,0.131,warm mid grey,8.9,medium,background dominates frame,0.05,0.294,no,,1908,1381,357748,JPEG,contact_sheet
content/swipe/formats/IMG_0090.png,content/swipe/formats,visual,Full-screen note photo: woman in white top and patterned skirt on a city street,,,,,,696666,0.329,2F2D2F,0.328,CDDBE3,0.252,A59C92,0.066,,,warm mid grey,13.0,medium,skin band 6%,0.062,0.695,no,,1908,2746,9367947,PNG,contact_sheet
content/swipe/formats/IMG_0091.png,content/swipe/formats,visual,Full-screen note photo: woman in white top and long skirt walking a city street,,,,,,909193,0.495,C8D2DF,0.226,67544E,0.15,332826,0.115,,,warm mid grey,8.6,medium,skin band 7%; top cluster 49% — may still be a studio backdrop,0.07,0.679,no,,1908,2746,8958701,PNG,contact_sheet
content/swipe/formats/IMG_0092.png,content/swipe/formats,format,"Substack post ""What I Wore and Where I went in Mallorca"" with orange dress photo",,,,,,292519,0.316,AEACAC,0.286,69614A,0.227,AD500E,0.138,101316,0.033,warm charcoal,7.4,high,,0.054,0.946,no,,1908,2746,4575880,PNG,contact_sheet
content/swipe/formats/IMG_0093.png,content/swipe/formats,visual,"Sheer white tiered mini dress with lace trim, deep burgundy knee boots, gilded interior","Chalk white against deep burgundy, warm gold surroundings, very wide lightness gap",,,Voluminous sleeves and short ruffled tiers balanced by heavy tall boots covering the leg,Extreme light-dark split between dress and boots gives a simple look drama,7B6C5B,0.289,261B1B,0.197,634128,0.192,D0C9C3,0.175,B68F5B,0.148,warm mid grey,9.4,high,,0.047,0.953,yes,,1908,2746,15152102,PNG,opened_reduced
content/swipe/formats/IMG_0094.jpeg,content/swipe/formats,format,Substack note with images of bags and small leather goods,,,,,,41201A,0.284,A8957B,0.241,6E5A4A,0.191,CCC9C0,0.174,353236,0.11,chocolate,10.6,high,,0.016,0.61,no,,1908,857,342863,JPEG,contact_sheet
content/swipe/formats/IMG_0095.png,content/swipe/formats,format,Substack note thread: handbag image plus a long comment conversation,,,,,,2B2A2B,0.358,746F66,0.199,4A281E,0.197,C3C0B8,0.149,B4956D,0.098,warm charcoal,5.2,medium,background dominates frame,0.012,0.302,no,,1908,2746,4006005,PNG,contact_sheet
content/swipe/formats/IMG_0096.png,content/swipe/formats,format,Substack profile page for Victoria La Mendola with subscribe bar and notes grid,,,,,,3E495A,0.27,7B7B7C,0.25,BCC0C2,0.182,563D38,0.18,110B06,0.118,petrol,12.8,medium,background dominates frame,0.009,0.271,no,,1908,2746,4667686,PNG,contact_sheet
content/swipe/formats/IMG_0097.png,content/swipe/formats,format,Substack notes feed with bag-contents and outfit image posts,,,,,,4B3933,0.277,83786E,0.224,BAB0C4,0.173,120A0A,0.168,CDC1AE,0.159,chocolate,4.9,medium,background dominates frame,0.037,0.343,no,,1908,2746,8159932,PNG,contact_sheet
content/swipe/formats/IMG_0098.png,content/swipe/formats,format,Substack notes feed with pink shirt outfit images,,,,,,403D3C,0.269,D1C7CD,0.231,9C9086,0.204,6A5B4F,0.179,0C090A,0.117,warm charcoal,3.0,medium,background dominates frame,0.057,0.36,no,,1908,2746,7766638,PNG,contact_sheet
content/swipe/formats/IMG_0099.png,content/swipe/formats,format,Substack notes feed with food and coffee images and related notes,,,,,,332F2D,0.347,B6B2A9,0.254,6E6B68,0.228,5D3B24,0.111,A27B4D,0.06,warm charcoal,2.6,medium,background dominates frame,0.016,0.336,no,,1908,2746,4164305,PNG,contact_sheet
content/swipe/formats/IMG_0100.png,content/swipe/formats,format,"Substack article, long text column with a street-style photo set mid-article",,,,,,353435,0.26,656464,0.22,D2D1CF,0.216,9E9A95,0.213,735549,0.091,warm charcoal,3.5,medium,background dominates frame,0.077,0.251,no,,1908,2746,1329717,PNG,contact_sheet
content/swipe/formats/IMG_0101.png,content/swipe/formats,format,"Substack app feed with a ""People to follow"" avatar row above note cards",,,,,,444240,0.423,7B7A79,0.26,BBB6AC,0.159,706949,0.107,E9652E,0.051,warm charcoal,4.2,medium,background dominates frame,0.005,0.345,no,,1908,2746,4306654,PNG,contact_sheet
content/swipe/formats/IMG_0102.jpeg,content/swipe/formats,format,"Substack note with images: green knit sleeve, white flowers, pale green panel",,,,,,383222,0.265,615F43,0.245,8B8F5D,0.193,CECC72,0.178,ABA79C,0.119,warm charcoal,6.5,high,,0.012,0.679,no,,1908,855,274676,JPEG,contact_sheet
content/swipe/formats/IMG_0103.jpeg,content/swipe/formats,format,Substack note with muted interior images,,,,,,251C19,0.226,D2CCC1,0.219,9D9489,0.21,685E56,0.195,614430,0.15,warm charcoal,8.7,high,,0.016,0.984,no,,1908,646,303913,JPEG,contact_sheet
content/swipe/formats/IMG_0104.jpeg,content/swipe/formats,format,Substack note with images of drinks and a bowl of food,,,,,,1A1B1C,0.359,586380,0.268,A07B57,0.147,BEBBB7,0.129,5E5752,0.097,warm charcoal,9.7,high,,0.035,0.965,no,,1908,847,229923,JPEG,contact_sheet
content/swipe/formats/IMG_0105.jpeg,content/swipe/formats,format,"Substack note with images of a desk, laptop and working setup",,,,,,171414,0.476,574635,0.231,8C8A8B,0.174,D7DEE2,0.077,CDA065,0.042,warm charcoal,11.0,medium,top cluster 48% — may still be a studio backdrop,0.013,0.987,no,,1908,1017,221804,JPEG,contact_sheet
content/swipe/formats/IMG_0106.jpeg,content/swipe/formats,format,Substack note with garden and outdoor greenery images,,,,,,524E39,0.266,343126,0.257,7C7664,0.208,C9C6C1,0.144,AEA185,0.125,dark olive,8.9,high,,0.0,0.7,no,,1908,847,379529,JPEG,contact_sheet
content/swipe/formats/IMG_0107.jpeg,content/swipe/formats,format,"Substack note with landscape, path and white dog images",,,,,,706759,0.327,AAA295,0.218,C5CFD6,0.185,3C3733,0.173,969A63,0.098,warm mid grey,11.2,high,,0.025,0.713,no,,1908,850,344534,JPEG,contact_sheet
content/swipe/formats/IMG_0108.jpeg,content/swipe/formats,format,"Substack note ""colors of the week"" with flowers and colour-block swatches",,,,,,7C515B,0.405,BEBAB3,0.305,382421,0.157,655731,0.085,6E6762,0.048,soft plum,9.9,high,,0.01,0.629,no,,1908,911,319449,JPEG,contact_sheet
content/swipe/formats/IMG_0109.png,content/swipe/formats,format,"Article ""Set up your publication like a magazine"" with a photo of a woman at a desk",,,,,,363233,0.346,606261,0.323,9A989A,0.199,6A403E,0.084,332C57,0.048,warm charcoal,3.6,medium,background dominates frame,0.024,0.321,no,,1908,2746,1867775,PNG,contact_sheet
content/swipe/formats/IMG_0110.png,content/swipe/formats,format,"Article opening with a line chart, then text and an embedded post card",,,,,,14212E,0.595,F8FAF6,0.313,3F4952,0.034,,,,,warm charcoal,13.7,medium,top cluster 60% — may still be a studio backdrop,0.001,0.999,no,,1908,2746,767069,PNG,contact_sheet
content/swipe/formats/IMG_0111.png,content/swipe/formats,format,Article with embedded social post cards including a yellow quote card,,,,,,15222F,0.651,F4FAEE,0.161,FCFCFC,0.109,7C8488,0.074,,,warm charcoal,13.6,medium,top cluster 65% — may still be a studio backdrop,0.002,0.998,no,,1908,2746,932197,PNG,contact_sheet
content/swipe/formats/IMG_0112.png,content/swipe/formats,format,"Dark long-form article, dense two-column text with numbered headings",,,,,,15222F,0.736,F7FCF1,0.102,545D67,0.064,989E9E,0.05,0B1724,0.049,warm charcoal,13.6,medium,top cluster 74% — may still be a studio backdrop,0.001,0.999,no,,1908,2746,758906,PNG,contact_sheet
content/swipe/formats/IMG_0113.png,content/swipe/formats,format,Article with numbered sections and embedded screenshot examples,,,,,,16202B,0.692,F9FDF3,0.165,4C4F5B,0.07,898B91,0.053,,,warm charcoal,12.9,medium,top cluster 69% — may still be a studio backdrop,0.015,0.985,no,,1908,2746,2705635,PNG,contact_sheet
content/swipe/formats/IMG_0114.png,content/swipe/formats,format,Article with embedded note screenshots and a photo of a person lying on grass,,,,,,14212D,0.578,F8FDF3,0.28,AFBDB4,0.058,9CB054,0.049,595F63,0.036,warm charcoal,13.5,medium,top cluster 58% — may still be a studio backdrop,0.0,1.0,no,,1908,2746,1486558,PNG,contact_sheet
content/swipe/formats/IMG_0115.png,content/swipe/formats,format,Article with numbered sections and embedded profile/post cards,,,,,,14212E,0.66,FAFCF8,0.247,545D67,0.051,9BA0A3,0.04,,,warm charcoal,13.7,medium,top cluster 66% — may still be a studio backdrop,0.001,0.999,no,,1908,2746,799442,PNG,contact_sheet
content/swipe/formats/IMG_0116.png,content/swipe/formats,format,Article with numbered recommendations and embedded author cards,,,,,,16202C,0.849,494E56,0.062,898C91,0.051,D9D1C6,0.034,,,warm charcoal,13.2,medium,top cluster 85% — may still be a studio backdrop,0.002,0.75,no,,1908,2746,2035399,PNG,contact_sheet
content/swipe/formats/IMG_0117.png,content/swipe/formats,format,Article about monetisation with embedded dashboard screenshots,,,,,,14212E,0.837,4E565E,0.059,D1D1D2,0.05,8C9196,0.047,,,warm charcoal,13.7,medium,top cluster 84% — may still be a studio backdrop,0.0,0.76,no,,1908,2746,865864,PNG,contact_sheet
content/swipe/formats/IMG_0118.png,content/swipe/formats,format,Dark long-form article laid out as a numbered list of short points,,,,,,14212E,0.847,697179,0.041,404A5E,0.041,FBFBFC,0.037,9DA3A9,0.034,warm charcoal,13.7,medium,top cluster 85% — may still be a studio backdrop,0.0,1.0,no,,1908,2746,529837,PNG,contact_sheet
content/swipe/formats/IMG_0119.jpeg,content/swipe/formats,format,"Substack note with three images: stacked books, a person, a bag",,,,,,C4BDB1,0.248,8D8276,0.208,4B4A4B,0.203,322323,0.193,673E28,0.149,stone,4.3,high,,0.051,0.574,no,,1908,934,305844,JPEG,contact_sheet
content/swipe/formats/IMG_0120.jpeg,content/swipe/formats,format,Substack note with a photo of flatbreads in a takeaway container,,,,,,1B1C1E,0.39,CBCAC4,0.223,695C4A,0.189,8C3E29,0.124,A4653D,0.075,warm charcoal,9.6,high,,0.035,0.965,no,,1908,1153,360249,JPEG,contact_sheet
content/swipe/formats/IMG_0121.jpeg,content/swipe/formats,format,Substack note with a short text and food and interior images,,,,,,393530,0.597,6A6869,0.266,AFACA9,0.104,6B9DE7,0.03,,,warm charcoal,0.7,low,little left after background removal; top cluster 60% — may still be a studio backdrop,0.011,0.207,no,,1908,1918,412075,JPEG,contact_sheet
content/swipe/formats/IMG_0122.png,content/swipe/formats,format,"Substack post on connecting a publication to Google Analytics and Search Console, with logos",,,,,,313132,0.423,666768,0.313,AFADAC,0.218,F86F25,0.036,,,warm charcoal,4.1,low,little left after background removal,0.003,0.176,no,,1908,2746,601856,PNG,contact_sheet
content/swipe/formats/IMG_0123.png,content/swipe/formats,format,Substack notes feed with outdoor and breakfast-table images,,,,,,615B4D,0.273,969580,0.268,36302C,0.267,D2D1CF,0.161,9A4E2B,0.031,dark olive,11.8,high,,0.011,0.483,no,,1908,2746,8377445,PNG,contact_sheet
content/swipe/formats/IMG_0124.png,content/swipe/formats,format,"Substack post ""Your About Page Is a Sales Page (Treat It Like One)"" with a screenshot",,,,,,252727,0.484,4A4A4B,0.151,737474,0.143,A6A3A1,0.141,DEDCDB,0.08,warm charcoal,6.6,low,little left after background removal; top cluster 48% — may still be a studio backdrop,0.001,0.209,no,,1908,2746,541164,PNG,contact_sheet
content/swipe/formats/IMG_0125.png,content/swipe/formats,format,Article with an embedded page screenshot and surrounding body text,,,,,,323334,0.255,5B5B5C,0.246,868787,0.236,BABBBE,0.192,629DEE,0.069,warm charcoal,4.2,low,little left after background removal,0.0,0.117,no,,1908,2746,602153,PNG,contact_sheet
content/swipe/formats/IMG_0126.png,content/swipe/formats,format,"Article ""The Hidden Homepage Feature 90% of Creators Don't Know Exists"" with screenshots",,,,,,282929,0.373,DBDEE3,0.209,97999B,0.204,5F5F5F,0.197,,,warm charcoal,5.7,low,little left after background removal,0.011,0.221,no,,1908,2746,804601,PNG,contact_sheet
content/swipe/formats/IMG_0127.png,content/swipe/formats,format,"Article ""The Growth Feature That Runs in the Background While You Sleep"" with a table",,,,,,FBFBFB,0.351,343536,0.226,626363,0.224,9A9999,0.178,,,cream,9.4,low,little left after background removal,0.0,0.223,no,,1908,2746,493248,PNG,contact_sheet
content/swipe/formats/IMG_0128.png,content/swipe/formats,format,"Same growth-feature article, second screenshot of the text and table",,,,,,FBFBFB,0.351,343536,0.226,626363,0.224,9A9999,0.178,,,cream,9.4,low,little left after background removal,0.0,0.223,no,,1908,2746,493248,PNG,contact_sheet
content/swipe/formats/IMG_0129.png,content/swipe/formats,format,"Article section on finding the right partners, dense body text",,,,,,262728,0.324,636364,0.192,444445,0.192,858585,0.165,A8ABAE,0.127,warm charcoal,6.4,low,little left after background removal,0.0,0.188,no,,1908,2746,498082,PNG,contact_sheet
content/swipe/formats/IMG_0130.png,content/swipe/formats,visual,Full-screen photo: blonde woman in a black turtleneck against a dark background,,,,,,272827,0.312,CED5DA,0.304,605848,0.175,C4AE8C,0.108,878B8D,0.101,warm charcoal,5.8,low,little left after background removal,0.01,0.155,no,,1908,2746,2197189,PNG,contact_sheet
content/swipe/formats/IMG_0134.png,content/swipe/formats,format,"YouTube video frame: woman talking to camera in a room, player bar visible",,,,,,978A7A,0.246,241A17,0.227,CFC9C0,0.201,A87444,0.163,6B5541,0.163,warm mid grey,3.9,high,,0.041,0.959,no,,2746,1908,3913012,PNG,contact_sheet
content/swipe/formats/IMG_0135.png,content/swipe/formats,visual,"video frame: dried pampas grass, dried hydrangea heads, a lion with a cub","rust and ochre against dry tan; narrow hue range, wide value range",,,three portrait photos in a row on a stone-grey ground,"the value range, not the hue range, is what makes it read as a palette",5E3E2A,0.263,332F2A,0.238,C8A381,0.231,AC7445,0.197,8C8178,0.072,chocolate,6.1,medium,skin band 7%,0.067,0.472,yes,,2746,1908,3048007,PNG,opened_reduced
content/swipe/formats/IMG_0136.png,content/swipe/formats,visual,"video frame from a Soft Autumn colour-analysis video: a fawn, two lynx kittens, two owls, captioned ""Color inspiration for Soft Autumn""","muted fawn brown, warm grey, soft ochre, all low chroma",,,"three photos at staggered sizes, overlapping, under a title bar",animals carry the palette relationships better than swatches do,5B5344,0.294,221C16,0.215,C9C0B4,0.17,928A79,0.163,8C6F4E,0.158,chocolate,10.9,high,,0.006,0.994,yes,,2746,1908,3751301,PNG,opened_reduced
content/swipe/formats/IMG_0137.png,content/swipe/formats,visual,Video frame with two warm-toned photos of lions,,,,,,936F4B,0.24,C29972,0.237,C8BEB3,0.215,59442F,0.162,1D1B0F,0.147,cinnamon,10.2,high,,0.009,0.991,no,,2746,1908,5261785,PNG,contact_sheet
content/swipe/formats/IMG_0138.png,content/swipe/formats,visual,Video frame with two fashion photos in rust and terracotta tones,,,,,,7B3E39,0.334,371F1C,0.223,F0F5F6,0.177,919592,0.151,4F4E49,0.116,rust,13.7,medium,skin band 15%,0.147,0.611,no,,2746,1908,3821488,PNG,contact_sheet
content/swipe/formats/IMG_0139.png,content/swipe/formats,visual,Video frame with runway photos in teal and deep green,,,,,,1C1A19,0.298,8C7A6A,0.277,C2B9AD,0.266,234A50,0.101,DBF0E7,0.058,warm charcoal,9.1,high,,0.021,0.979,no,,2746,1908,3181565,PNG,contact_sheet
content/swipe/formats/IMG_0140.png,content/swipe/formats,visual,"split frame: a PANTONE 19-4916 TCX ""Pacific"" swatch card beside a street-style photo of a deep teal coat","deep teal against greige ground, leopard-print clutch, black boots",,,"swatch on the left, the same colour worn on the right, one flat ground behind both",naming the colour and then showing it worn is the entire explainer format,205559,0.37,5F636F,0.262,111F21,0.151,F2F5F7,0.134,968F8D,0.083,deep teal,3.5,medium,background dominates frame,0.019,0.448,yes,,2746,1908,1607825,PNG,opened_reduced
content/swipe/formats/IMG_0141.png,content/swipe/formats,format,"YouTube colour-analysis video, title bar ""SOFT AUTUMN COLOR PALETTE"" above teal images",,,,,,999188,0.465,EFEFEF,0.243,385559,0.143,1F2528,0.138,,,warm mid grey,5.1,medium,background dominates frame; top cluster 46% — may still be a studio backdrop,0.009,0.281,no,,1908,2746,3447451,PNG,contact_sheet
content/swipe/formats/IMG_0142.png,content/swipe/formats,format,"Split screen: a teal colour board above a YouTube video titled ""Neutral colours""",,,,,,131313,0.446,C4BDB6,0.273,3D484F,0.116,7C7F84,0.088,F9F9F9,0.077,warm charcoal,11.6,high,,0.011,0.989,no,,1908,2746,7059431,PNG,contact_sheet
content/swipe/formats/IMG_0143.png,content/swipe/formats,format,"Post with a pink graphic card inviting DMs, above long body text and a screenshot",,,,,,A1BDDC,0.418,485056,0.219,D9E6F4,0.197,FCFBFA,0.16,,,muted teal,20.5,high,,0.002,0.461,no,,1908,2746,1311748,PNG,contact_sheet
content/swipe/formats/IMG_0144.jpeg,content/swipe/formats,format,Substack note with a garden and outdoor image set,,,,,,32342A,0.299,9D9B90,0.271,5D5F51,0.223,D7DEE8,0.119,835E3F,0.089,warm charcoal,6.0,high,,0.04,0.636,no,,1908,859,314213,JPEG,contact_sheet
content/swipe/formats/IMG_0145.png,content/swipe/formats,visual,"interior: pale blue-green sofa, two dark red-brown wood tables with glass inlays, chartreuse ottoman, tan cable throw","pale blue-green against chartreuse and red-brown; cool base, two warm accents",,,two low tables layered in front of a long sofa; glossy glass against matte upholstery,two small warm accents lift a cool room without changing its base,5C6F6A,0.286,15120D,0.283,C1D2D3,0.198,9C9850,0.121,4E2818,0.112,deep teal,12.3,high,,0.016,0.984,yes,,1908,2746,10768355,PNG,opened_reduced
content/swipe/formats/IMG_0146.jpeg,content/swipe/formats,visual,"Two images: white cottage on a tree-lined lane, and a cream textured surface detail",,,,,,C4B293,0.363,948047,0.209,55502A,0.184,282615,0.145,9EA1A7,0.098,camel,8.4,high,,0.004,0.996,no,,1297,643,265354,JPEG,contact_sheet
content/swipe/formats/IMG_0147.jpeg,content/swipe/formats,visual,"two interiors side by side: a cream sunroom with butter-yellow seating; a library with mint-green shelves, dusty-rose window seat and terracotta blinds",left cream and butter; right mint-sage against dusty rose and terracotta,,,"equal-width two-panel layout, same subject twice, one neutral version and one coloured",the right-hand panel is Olive-and-Faded-Rose as a room,B3A172,0.327,6C5D46,0.31,2D2322,0.162,E8E4D6,0.126,ADAEAB,0.075,camel,4.5,high,,0.022,0.978,yes,,1230,630,244808,JPEG,opened_reduced
content/swipe/formats/IMG_0148.png,content/swipe/formats,format,"Magazine page layout with ""032c"" masthead, a photo and long German body text",,032c,,,,141A16,0.485,42312C,0.172,75747E,0.122,C0BFC4,0.113,915740,0.108,warm charcoal,11.6,medium,top cluster 48% — may still be a studio backdrop,0.022,0.536,no,,1908,2746,2006608,PNG,contact_sheet
content/swipe/formats/IMG_0158.png,content/swipe/formats,format,Substack notes feed with coffee and food images and comment threads,,,,,,47382D,0.296,2B2725,0.246,6C6051,0.198,D1D0C8,0.146,999086,0.114,chocolate,2.4,medium,background dominates frame,0.017,0.435,no,,1908,2746,4199624,PNG,contact_sheet
content/swipe/formats/IMG_0159.jpeg,content/swipe/formats,format,Substack note with a photo of an open notebook and coffee cup on a table,,,,,,D1D2D8,0.351,42403B,0.252,86837D,0.195,CDBD97,0.133,62391F,0.069,stone,9.1,high,,0.011,0.645,no,,1908,1145,325688,JPEG,contact_sheet
content/swipe/formats/IMG_0160.png,content/swipe/formats,format,Substack note with runway images of black dresses plus a related-notes strip,,,,,,35322F,0.388,71706C,0.213,B89E77,0.157,BEC3C6,0.138,764123,0.104,warm charcoal,1.5,medium,background dominates frame,0.023,0.342,no,,1908,2746,4846720,PNG,contact_sheet
content/swipe/formats/IMG_0161.png,content/swipe/formats,format,"Substack creator stats dashboard: subscriber numbers, a line chart, subscriber avatars",,,,,,142842,0.424,4C4C4A,0.275,AAAEAC,0.189,5671BF,0.087,,,warm charcoal,17.0,low,little left after background removal,0.03,0.094,no,,1908,2746,819265,PNG,contact_sheet
content/swipe/formats/IMG_0162.png,content/swipe/formats,format,Substack notes feed with a backless dress image and portrait images,,,,,,5B5240,0.303,C4BEB1,0.275,2F2B27,0.208,8B857D,0.203,,,chocolate,10.7,medium,background dominates frame,0.108,0.353,no,,1908,2746,6946646,PNG,contact_sheet
content/swipe/formats/IMG_0163.png,content/swipe/formats,format,Substack notes feed with grids of runway look images,,,,,,ABA19B,0.296,74675F,0.263,383030,0.216,DBD7D4,0.191,943E2B,0.034,warm taupe,8.7,medium,background dominates frame,0.068,0.401,no,,1908,2746,6549254,PNG,contact_sheet
content/swipe/formats/IMG_0164.png,content/swipe/formats,format,Substack notes feed mixing flat-lay grids and runway images,,,,,,C5B9A7,0.308,3A332F,0.285,77746F,0.238,997E5D,0.157,,,stone,5.8,medium,background dominates frame,0.047,0.334,no,,1908,2746,6430077,PNG,contact_sheet
content/swipe/formats/IMG_0165.png,content/swipe/formats,format,Substack notes feed with haircut photos and short text posts,,,,,,5C4637,0.277,827D77,0.259,C6BFB5,0.163,BD9A78,0.155,312D2B,0.145,chocolate,5.3,medium,background dominates frame,0.076,0.432,no,,1908,2746,6349015,PNG,contact_sheet
content/swipe/formats/IMG_0166.png,content/swipe/formats,visual,"Black wrapped hooded top over grey tee, worn grey denim mini, olive tall boots","Black and washed grey with red belt flash and olive boots, cool with one hot accent",,,"Wrapped cropped top over very short skirt, long boots to the knee, slouchy black bag",Thin red belt at the waist anchors an otherwise grey outfit,7C7D7B,0.367,101010,0.25,A5AFB2,0.139,3D342E,0.129,EEF6F9,0.115,warm mid grey,6.4,high,,0.052,0.948,yes,,1908,2746,7055094,PNG,opened_reduced
content/swipe/formats/IMG_0167.jpeg,content/swipe/formats,format,Substack note showing a colour-season chart with figures grouped by palette,,,,,,3F3838,0.365,7A7473,0.26,D1CDCC,0.238,823C2C,0.101,C7B785,0.036,warm charcoal,3.7,low,little left after background removal,0.12,0.217,no,,1908,870,212044,JPEG,contact_sheet
content/swipe/formats/IMG_0168.png,content/swipe/formats,format,"Article with a film still: couple, woman in a white strapless dress, beside body text",,,,,,222215,0.652,483F3D,0.112,747068,0.098,C0BAB6,0.083,211419,0.055,warm charcoal,9.5,medium,top cluster 65% — may still be a studio backdrop,0.023,0.977,no,,1908,2746,1646645,PNG,contact_sheet
content/swipe/formats/IMG_0169.png,content/swipe/formats,format,Substack note composer open with the on-screen keyboard showing,,,,,,423F3D,0.596,402E17,0.179,2B2926,0.138,72706C,0.056,BAB8B7,0.032,warm charcoal,3.2,medium,background dominates frame; top cluster 60% — may still be a studio backdrop,0.001,0.303,no,,1908,2746,3240360,PNG,contact_sheet
content/swipe/formats/IMG_0170.jpeg,content/swipe/formats,format,Substack note with a flat-lay grid of garments and accessories,,,,,,3D3D45,0.36,64392D,0.197,707681,0.177,B7AFA7,0.139,A47F5A,0.127,warm charcoal,7.8,medium,background dominates frame,0.062,0.328,no,,1908,1227,297329,JPEG,contact_sheet
content/swipe/formats/IMG_0485.png,content/swipe/formats,visual,"Photo of a couple at a café table, woman in a short white dress and dark boots",,,,,,1C1B18,0.275,3B3E3F,0.227,A69883,0.178,D3D5D3,0.174,66513B,0.146,warm charcoal,8.9,high,,0.009,0.991,no,,1908,2746,15498404,PNG,contact_sheet
content/swipe/formats/IMG_0486.png,content/swipe/formats,visual,"Couple on wooden bench, woman in white with wide brimmed hat, man in black","Pure white against black, cream stone wall, black-and-white marble floor, maximum contrast",,,"Long sleeved white column with high slit, oversized hat hiding the face, white gloves, white pumps","Two colours only, repeated in outfit and floor, so the composition looks designed",BFB6AB,0.361,94897B,0.254,0E0C0B,0.179,E0DEDC,0.148,4F3827,0.058,stone,6.1,high,,0.012,0.988,yes,,1908,2746,11576953,PNG,opened_reduced
content/swipe/formats/IMG_0487.png,content/swipe/formats,visual,"Couple eating pizza at pavement table outside a pizza counter, sunglasses on both","Cream lace against dark brown suit, deep red awning behind, warm and low contrast",,,"Textured cream layers with big bow bag; sharp tailored brown suit, tie, black shoes, dressed-up in casual place",Formal clothes in an everyday setting makes the picture funny and shareable,151811,0.496,7E7E72,0.153,464B45,0.126,BEBDAF,0.118,31341D,0.108,warm charcoal,11.4,medium,top cluster 50% — may still be a studio backdrop,0.038,0.962,yes,,1908,2746,18792764,PNG,opened_reduced
content/swipe/formats/IMG_0488.png,content/swipe/formats,visual,"Night photo: couple under a lit arcade, woman in a short white dress",,,,,,171712,0.458,424643,0.23,6A6D6E,0.176,7B6246,0.076,E4DAD0,0.06,warm charcoal,10.5,medium,top cluster 46% — may still be a studio backdrop,0.021,0.979,no,,1908,2746,17456078,PNG,contact_sheet
content/swipe/formats/IMG_0489.png,content/swipe/formats,visual,"Couple walking a busy Chinatown street; white feather-trimmed dress, brown suit, check overcoat","Ivory white against warm brown and tobacco, red-orange lanterns behind, warm throughout",,,"Belted knee-length dress with feather trim; three-piece brown suit under longer checked coat, layered lengths",Street life around a quiet outfit makes the clothes look lived in,4D3E35,0.231,797368,0.227,AEA792,0.206,191111,0.204,E0E0D7,0.131,chocolate,3.9,high,,0.021,0.979,yes,,1908,2746,19301196,PNG,opened_reduced
content/swipe/formats/IMG_0490.png,content/swipe/formats,visual,Photo of a couple with a bouquet in front of a lit street sign,,,,,,2A2226,0.263,B9B9B5,0.224,5B5057,0.211,81735A,0.211,CFBA76,0.092,warm charcoal,8.8,medium,background dominates frame,0.058,0.393,no,,1908,2746,6237134,PNG,contact_sheet
content/swipe/formats/IMG_0491.jpeg,content/swipe/formats,format,Substack note with a grid of couple and street photos,,,,,,C6C4BD,0.308,453B37,0.298,807D6C,0.281,B9A160,0.071,5B567D,0.043,stone,4.1,high,,0.035,0.6,no,,1908,929,313400,JPEG,contact_sheet
content/swipe/formats/IMG_0492.jpeg,content/swipe/formats,format,Substack note with two images of pale blue outfits,,,,,,6E6C6B,0.434,413F3E,0.301,ABAAA8,0.102,88AAD3,0.095,2E446A,0.068,warm mid grey,10.8,high,,0.001,0.737,no,,1908,876,339467,JPEG,contact_sheet
content/swipe/formats/IMG_0493.jpeg,content/swipe/formats,format,"Substack note with three images: person in a scarf, an arched door, a red text graphic",,,,,,C4C3A2,0.241,8A7E68,0.227,E1805C,0.203,453B32,0.186,78412B,0.143,stone,9.8,high,,0.053,0.697,no,,1908,861,253636,JPEG,contact_sheet
content/swipe/formats/IMG_0494.jpeg,content/swipe/formats,format,Substack note with two outfit photos taken in an interior,,,,,,2E2C2A,0.315,4B4134,0.246,5A5A58,0.194,CAC8BD,0.143,90887E,0.102,warm charcoal,3.6,high,,0.005,0.619,no,,1908,857,270357,JPEG,contact_sheet
content/swipe/formats/IMG_0495.jpeg,content/swipe/formats,format,Substack note with a photo of a person in a cream knit taking a mirror selfie,,,,,,B8AEA0,0.294,90806D,0.24,181819,0.238,DBD7D1,0.176,654A3D,0.053,stone,8.3,high,,0.037,0.963,no,,1908,1149,399046,JPEG,contact_sheet
content/swipe/formats/IMG_0496.jpeg,content/swipe/formats,format,"Substack note showing a Vogue headline card ""The 2014 Tumblr Girl Is Back""",,Vogue,,,,8C8C8D,0.328,D4D3D2,0.252,2F2F30,0.22,585859,0.182,,,warm mid grey,7.3,low,little left after background removal,0.001,0.087,no,,1908,925,98300,JPEG,contact_sheet
content/swipe/formats/IMG_0497.jpeg,content/swipe/formats,format,Substack note with two portraits of women in sunglasses,,,,,,2D292D,0.31,D9D5CA,0.222,CABCA3,0.214,5C4D47,0.13,A5998F,0.123,warm charcoal,6.8,medium,background dominates frame,0.115,0.421,no,,1908,839,210830,JPEG,contact_sheet
content/swipe/products/IMG_0004.png,content/swipe/products,product,camisole and briefs set,mauve brown,OVS,,,,20242A,0.388,826161,0.269,674B4B,0.201,5F6367,0.086,ABA9A9,0.056,warm charcoal,9.4,low,little left after background removal; skin band 37% — overlaps dusty rose / salmon,0.372,0.248,no,top_mauve_brown_ovs_camisole_briefs_set,1908,2746,1480824,PNG,contact_sheet
content/swipe/products/IMG_0005.png,content/swipe/products,product,camisole and briefs set,dusty pink,OVS,,,,A8766D,0.351,B7907C,0.306,2B2E33,0.248,794F43,0.091,,,dusty rose,11.5,low,skin band 64% — overlaps dusty rose / salmon; skin not masked,0.645,0.453,no,top_dusty_pink_ovs_camisole_briefs_set,1908,2746,4377449,PNG,contact_sheet
content/swipe/products/IMG_0006.jpeg,content/swipe/products,product,triangle bralette and briefs,cream,,,,,895D48,0.306,D0AC93,0.294,B5866C,0.281,523529,0.063,FEFEFE,0.056,rust,9.2,low,background dominates frame; skin band 60% — overlaps dusty rose / salmon; skin not masked,0.596,0.32,no,top_cream_triangle_bralette_briefs,476,668,35381,JPEG,contact_sheet
content/swipe/products/IMG_0007.png,content/swipe/products,product,lace-trim bralette,deep brown,,,,,382C2E,0.637,F9FAFA,0.143,636366,0.104,031526,0.07,ADACAC,0.047,warm charcoal,7.2,medium,background dominates frame; top cluster 64% — may still be a studio backdrop,0.0,0.291,no,top_deep_brown_lace-trim_bralette,1908,2746,1020621,PNG,contact_sheet
content/swipe/products/IMG_0008.jpeg,content/swipe/products,product,listing grid of socks plus one lace bralette,pink blue olive grey,,,"flat product shots in a six-tile grid, no styling","three sock tiles carry a ""Made in Italy"" flag; clean palette row",FAFAFA,0.305,5A4440,0.259,C24676,0.221,9E9EA5,0.184,6B7DA0,0.032,cream,9.3,low,little left after background removal,0.088,0.177,yes,accessory_bright_pink_and_pale_blue_socks_bras,1426,1259,128810,JPEG,opened_reduced
content/swipe/products/IMG_0009.png,content/swipe/products,product,striped shirt on model,blue and white,,,,,985538,0.489,1D1B20,0.213,AEADB9,0.119,E8EAEF,0.102,696676,0.077,rust,3.7,medium,top cluster 49% — may still be a studio backdrop,0.016,0.984,no,top_blue_and_white_striped_shirt,1908,2746,5307860,PNG,contact_sheet
content/swipe/products/IMG_0010.png,content/swipe/products,product,wide-leg trousers,cream,,,,,894A30,0.382,E3DCDA,0.291,BAADA5,0.194,1D1D22,0.078,48494B,0.054,rust,6.6,high,,0.044,0.956,no,bottom_cream_wide-leg_trousers,1908,2746,4302834,PNG,contact_sheet
content/swipe/products/IMG_0011.png,content/swipe/products,product,brown shirt with jeans,warm brown,,,,,D4D2D6,0.439,1D1C22,0.229,354C6F,0.125,7F614F,0.124,543528,0.083,stone,8.0,medium,skin band 6%,0.062,0.938,no,bottom_warm_brown_brown_shirt_jeans,1908,2746,5333649,PNG,contact_sheet
content/swipe/products/IMG_0012.png,content/swipe/products,product,short-sleeve knit polo,charcoal grey,OVS,,,,31333A,0.547,17191F,0.189,F9FAFA,0.184,5F6367,0.051,,,warm charcoal,7.3,medium,top cluster 55% — may still be a studio backdrop,0.0,0.519,no,top_charcoal_grey_ovs_short-sleeve_knit_polo,1908,2746,5148123,PNG,contact_sheet
content/swipe/products/IMG_0013.png,content/swipe/products,product,V-neck knitted sweater vest,charcoal grey,LES COPAINS (on ovsfashion.com),,"over pink striped tie-neck shirt, untucked, with dark denim skirt",pink stripe under grey knit; the vest hem sits above the shirt tail,D5D6DB,0.55,292A30,0.184,151924,0.142,86797E,0.066,5A4140,0.057,stone,8.7,medium,top cluster 55% — may still be a studio backdrop,0.024,0.976,yes,bottom_grey_and_dusty_pink_knit_vest_shirt,1908,2746,4948073,PNG,opened_reduced
content/swipe/products/IMG_0014.png,content/swipe/products,product,knit polo with wide trousers,grey,,,,,C6C4C8,0.306,191719,0.306,49494E,0.17,775844,0.144,EEF0F1,0.074,stone,8.4,high,,0.041,0.959,no,bottom_grey_knit_polo_wide,1908,2746,4531980,PNG,contact_sheet
content/swipe/products/IMG_0015.png,content/swipe/products,product,buttoned cardigan with jeans,taupe brown,,,,,E1E3E8,0.441,786665,0.193,28262B,0.16,C0BABB,0.145,5F6F87,0.061,stone,9.8,high,,0.026,0.974,no,layer_taupe_brown_buttoned_cardigan_jeans,1908,2746,5229582,PNG,contact_sheet
content/swipe/products/IMG_0016.png,content/swipe/products,product,wide-leg jeans,mid blue,,,,,3B526D,0.318,607183,0.269,23272D,0.245,F9FAFA,0.106,B19C8C,0.062,petrol,11.6,medium,background dominates frame,0.054,0.398,no,bottom_mid_blue_wide-leg_jeans,1908,2746,2583479,PNG,contact_sheet
content/swipe/products/IMG_0040.png,content/swipe/products,format,Substack post layout with full-width photo of a model in a black coat and sunglasses,,,,,,29292A,0.33,777675,0.266,484748,0.19,C4BDB8,0.149,78433C,0.065,warm charcoal,5.7,low,little left after background removal,0.107,0.102,no,,1908,2746,1653418,PNG,contact_sheet
content/swipe/products/IMG_0041.png,content/swipe/products,product,"ARKET product page: beige knee-length coat worn with dark trousers, wordmark legible",,ARKET,,,,D7C7AD,0.44,151314,0.341,B4A084,0.101,131C36,0.059,6B5C52,0.059,stone,5.6,medium,background dominates frame,0.002,0.297,no,layer_stone_arket_beige_knee-length_coat,1908,2746,1487648,PNG,contact_sheet
content/swipe/products/IMG_0042.png,content/swipe/products,product,ARKET product page: wide light-blue jeans over brown shoes,,ARKET,,,,4F6B8D,0.377,243B58,0.264,151112,0.206,443A39,0.087,949CA8,0.066,petrol,14.3,high,,0.0,0.454,no,bottom_petrol_arket_wide_light-blue_jeans,1908,2746,4644694,PNG,contact_sheet
content/swipe/products/IMG_0043.png,content/swipe/products,product,ARKET product page: white t-shirt tucked into blue jeans with a dark belt,,ARKET,,,,60789B,0.366,39537A,0.239,141314,0.202,9A5F45,0.12,C1BAB9,0.073,petrol,18.3,medium,background dominates frame,0.112,0.401,no,bottom_petrol_arket_white_t-shirt_tucked,1908,2746,4783729,PNG,contact_sheet
content/swipe/products/IMG_0044.png,content/swipe/products,format,Substack post with full-width photo of a person from behind in white shirt and dark trousers,,,,,,37322D,0.31,A49789,0.225,645B53,0.222,DECCB2,0.181,D2D2D7,0.063,warm charcoal,1.5,low,little left after background removal,0.071,0.179,no,,1908,2746,10337475,PNG,contact_sheet
content/swipe/products/IMG_0045.png,content/swipe/products,product,Massimo Dutti product page: pointed black mules shown from several angles,,Massimo Dutti,,,,1B1717,0.446,5D5553,0.168,3C3332,0.135,C0BFBE,0.132,8F8580,0.119,warm charcoal,10.1,low,little left after background removal,0.016,0.134,no,,1908,2746,1063436,PNG,contact_sheet
content/swipe/products/IMG_0171.png,content/swipe/products,product,poplin shirt,white,ASPESI,,,,25272D,0.905,,,,,,,,,warm charcoal,8.4,low,little left after background removal; top cluster 91% — may still be a studio backdrop; fewer than two clusters,0.0,0.118,no,top_white_aspesi_poplin_shirt,1908,2746,309192,PNG,contact_sheet
content/swipe/products/IMG_0172.png,content/swipe/products,product,cotton poplin shirt,white,ASPESI,,,,26282E,0.55,030304,0.193,C3B9B3,0.163,7E7C7D,0.09,,,warm charcoal,8.2,low,little left after background removal; top cluster 55% — may still be a studio backdrop,0.018,0.196,no,top_white_aspesi_cotton_poplin_shirt,1908,2746,604429,PNG,contact_sheet
content/swipe/products/IMG_0173.png,content/swipe/products,product,cotton poplin shirt,light blue,ASPESI,,,,27282E,0.488,96B6F3,0.215,040506,0.17,969697,0.113,,,warm charcoal,8.1,medium,background dominates frame; top cluster 49% — may still be a studio backdrop,0.017,0.256,no,top_light_blue_aspesi_cotton_poplin_shirt,1908,2746,949304,PNG,contact_sheet
content/swipe/products/IMG_0174.png,content/swipe/products,product,"full circle midi skirt, poplin",navy near-black,aspesi.com,,"with blue oversized shirt bloused at waist, brown penny loafers",volume plus flat loafer; shirt blue against navy skirt,24282F,0.59,121418,0.154,A5BBEE,0.146,6A5451,0.06,6582C2,0.05,warm charcoal,9.0,medium,background dominates frame; top cluster 59% — may still be a studio backdrop,0.072,0.298,yes,bottom_light_blue_and_black_aspesi_blue_shirt_black,1908,2746,1173820,PNG,opened_reduced
content/swipe/products/IMG_0175.png,content/swipe/products,product,short-sleeve knit polo,cream,ASPESI,,,,25272D,0.553,1B1B1E,0.347,565253,0.052,,,,,warm charcoal,8.4,low,little left after background removal; top cluster 55% — may still be a studio backdrop,0.002,0.217,no,top_cream_aspesi_short-sleeve_knit_polo,1908,2746,454020,PNG,contact_sheet
content/swipe/products/IMG_0176.png,content/swipe/products,product,short-sleeve knit polo,cream,ASPESI,,,,1D1F23,0.681,B3B4B6,0.135,7A7B7D,0.072,5B4B38,0.058,423931,0.054,warm charcoal,9.5,low,little left after background removal; top cluster 68% — may still be a studio backdrop,0.003,0.227,no,top_cream_aspesi_short-sleeve_knit_polo,1908,2746,722077,PNG,contact_sheet
content/swipe/products/IMG_0177.png,content/swipe/products,product,short-sleeve knit polo,navy,ASPESI,,,,1A1E27,0.611,25272D,0.329,,,,,,,warm charcoal,11.8,medium,background dominates frame; top cluster 61% — may still be a studio backdrop,0.001,0.389,no,top_navy_aspesi_short-sleeve_knit_polo,1908,2746,690120,PNG,contact_sheet
content/swipe/products/IMG_0178.png,content/swipe/products,product,short-sleeve knit polo,pale pink,ASPESI,,,,25262D,0.543,030304,0.176,AEABAE,0.128,CA1C16,0.079,6B5D5B,0.074,warm charcoal,8.9,low,little left after background removal; top cluster 54% — may still be a studio backdrop,0.018,0.216,no,top_pale_pink_aspesi_short-sleeve_knit_polo,1908,2746,872244,PNG,contact_sheet
content/swipe/products/IMG_0179.png,content/swipe/products,product,"short-sleeve knit polo, tipped collar",pale pink,aspesi.com,,"flat shot, not styled",white tipping on the collar is the only contrast; thumbnails show a red look,25272D,0.555,1B1B1E,0.344,C3BBBC,0.054,616168,0.042,,,warm charcoal,8.4,low,little left after background removal; top cluster 55% — may still be a studio backdrop,0.026,0.22,yes,top_pale_pink_aspesi_short-sleeve_knit_polo,1908,2746,831031,PNG,opened_reduced
content/swipe/products/IMG_0180.png,content/swipe/products,product,knit polo with shorts on model,light blue,ASPESI,,,,25262C,0.496,64A5DE,0.18,040405,0.158,A6A6A8,0.104,625554,0.063,warm charcoal,8.5,medium,background dominates frame; top cluster 50% — may still be a studio backdrop,0.004,0.256,no,bottom_light_blue_aspesi_knit_polo_shorts,1908,2746,993772,PNG,contact_sheet
content/swipe/products/IMG_0181.png,content/swipe/products,product,short-sleeve knit polo,black,ASPESI,,,,29292F,0.452,17161B,0.207,9A9B9E,0.144,020202,0.138,828A64,0.06,warm charcoal,7.8,medium,background dominates frame; top cluster 45% — may still be a studio backdrop,0.002,0.262,no,top_black_aspesi_short-sleeve_knit_polo,1908,2746,812989,PNG,contact_sheet
content/swipe/products/IMG_0182.png,content/swipe/products,product,wide-leg gabardine trousers,navy,ASPESI,,,,07070A,0.368,151822,0.239,2A2A30,0.154,ACABAB,0.121,70675F,0.119,warm charcoal,14.0,low,little left after background removal,0.053,0.199,no,bottom_navy_aspesi_wide-leg_gabardine_trousers,1908,2746,1339463,PNG,contact_sheet
content/swipe/products/IMG_0183.png,content/swipe/products,product,wide-leg gabardine trousers,navy,ASPESI,,,,1F2025,0.614,1A1C2A,0.21,A8A8AA,0.102,676561,0.07,,,warm charcoal,9.5,medium,background dominates frame; top cluster 61% — may still be a studio backdrop,0.007,0.308,no,bottom_navy_aspesi_wide-leg_gabardine_trousers,1908,2746,933899,PNG,contact_sheet
content/swipe/products/IMG_0184.png,content/swipe/products,product,trouser colour and size selector,navy,ASPESI,,,,24262D,0.616,010102,0.202,C4BCAF,0.091,78797D,0.052,6A6540,0.039,warm charcoal,9.1,medium,background dominates frame; top cluster 62% — may still be a studio backdrop,0.0,0.253,no,bottom_navy_aspesi_trouser_colour_size,1908,2746,547837,PNG,contact_sheet
content/swipe/products/IMG_0185.png,content/swipe/products,product,chambray cotton shirt,light blue,ASPESI,,,,1B1D21,0.503,718BAD,0.166,37383F,0.146,A3A3A5,0.1,1D2A47,0.084,warm charcoal,10.1,medium,background dominates frame; top cluster 50% — may still be a studio backdrop,0.004,0.292,no,top_light_blue_aspesi_chambray_cotton_shirt,1908,2746,1028834,PNG,contact_sheet
content/swipe/products/IMG_0186.png,content/swipe/products,product,"chambray shirt, flat shot",light blue,ASPESI,,,,748FB0,0.517,24262D,0.295,6882A4,0.124,A9ADB5,0.033,4C5463,0.031,muted teal,17.2,medium,top cluster 52% — may still be a studio backdrop,0.0,0.484,no,shoes_light_blue_aspesi_chambray_shirt,1908,2746,1795368,PNG,contact_sheet
content/swipe/products/IMG_0187.png,content/swipe/products,product,technical taffeta overcoat,black,ASPESI,,,,020203,0.416,BAB9BA,0.204,89898A,0.196,48474B,0.155,,,warm charcoal,14.6,low,little left after background removal,0.016,0.093,no,,1908,2746,983170,PNG,contact_sheet
content/swipe/products/IMG_0188.png,content/swipe/products,product,nylon parka coat,dark teal,ASPESI,,,,020304,0.378,2C3542,0.216,8A8D92,0.157,BBBBBB,0.144,59575B,0.105,warm charcoal,14.6,low,little left after background removal,0.014,0.108,no,layer_dark_teal_aspesi_nylon_parka_coat,1908,2746,1025290,PNG,contact_sheet
content/swipe/products/IMG_0189.png,content/swipe/products,product,coat colour and size selector,navy,ASPESI,,,,DDDFE2,0.725,8B8D90,0.102,B9AB97,0.087,3C3F45,0.085,,,stone,8.6,low,little left after background removal; top cluster 72% — may still be a studio backdrop,0.0,0.15,no,layer_navy_aspesi_coat_colour_size,1908,2746,451072,PNG,contact_sheet
content/swipe/products/IMG_0190.png,content/swipe/products,product,linen shirt,white,ASPESI,,,,25272D,0.644,030304,0.168,B9B7BA,0.115,737275,0.072,,,warm charcoal,8.4,low,little left after background removal; top cluster 64% — may still be a studio backdrop,0.011,0.22,no,top_white_aspesi_linen_shirt,1908,2746,714623,PNG,contact_sheet
content/swipe/products/IMG_0191.png,content/swipe/products,product,"shirt, zoomed flat shot",white,ASPESI,,,,535458,0.498,161619,0.215,C7C6CB,0.142,8F929A,0.139,,,warm charcoal,11.2,low,little left after background removal; top cluster 50% — may still be a studio backdrop,0.008,0.028,no,shoes_white_aspesi_shirt,1908,2746,466305,PNG,contact_sheet
content/swipe/products/IMG_0192.png,content/swipe/products,product,short blouson jacket,olive,ASPESI,,,,25262C,0.479,4B3C2A,0.254,070505,0.144,B0AFAE,0.076,717071,0.047,warm charcoal,8.5,medium,background dominates frame; top cluster 48% — may still be a studio backdrop,0.003,0.301,no,layer_olive_aspesi_short_blouson_jacket,1908,2746,1018476,PNG,contact_sheet
content/swipe/products/IMG_0193.png,content/swipe/products,product,glued shirt jacket,black,ASPESI,,,,010101,0.5,414245,0.217,BDBAB7,0.126,7F8085,0.115,584234,0.042,warm charcoal,14.7,low,little left after background removal; top cluster 50% — may still be a studio backdrop,0.034,0.099,no,layer_black_aspesi_glued_shirt_jacket,1908,2746,965805,PNG,contact_sheet
content/swipe/products/IMG_0194.png,content/swipe/products,product,poplin shirt,light blue,ASPESI,,,,25272D,0.53,BFCCE0,0.202,06080B,0.187,858486,0.071,,,warm charcoal,8.4,medium,background dominates frame; top cluster 53% — may still be a studio backdrop,0.001,0.294,no,top_light_blue_aspesi_poplin_shirt,1908,2746,845263,PNG,contact_sheet
content/swipe/products/IMG_0195.png,content/swipe/products,product,gabardine midi skirt,black,ASPESI,,,,25262B,0.568,0E0D0E,0.289,B1AFAF,0.081,6C6B6C,0.061,,,warm charcoal,8.1,medium,background dominates frame; top cluster 57% — may still be a studio backdrop,0.01,0.296,no,bottom_black_aspesi_gabardine_midi_skirt,1908,2746,763558,PNG,contact_sheet
content/swipe/products/IMG_0196.png,content/swipe/products,product,hooded jacket,navy,ASPESI,,,,28292E,0.302,080606,0.294,C2B5A8,0.263,908D8B,0.094,60493F,0.048,warm charcoal,7.5,low,little left after background removal,0.064,0.159,no,layer_navy_aspesi_hooded_jacket,1908,2746,1115141,PNG,contact_sheet
content/swipe/products/IMG_0197.png,content/swipe/products,product,"hooded jacket, zoomed",navy,ASPESI,,,,1A1A1D,0.796,5A5A5D,0.087,BDBBBA,0.049,8A8D97,0.04,,,warm charcoal,10.3,low,little left after background removal; top cluster 80% — may still be a studio backdrop,0.004,0.129,no,layer_navy_aspesi_hooded_jacket,1908,2746,807349,PNG,contact_sheet
content/swipe/products/IMG_0198.png,content/swipe/products,product,"TRENCH DOPPIO PETTO IN GABARDINE DI LANA VERGINE, colour ""BARBERA""",oxblood burgundy,ASPESI,"pure virgin wool gabardine, viscose twill lining (stated in the Italian Dettagli text; percentages collapsed)","model shot: over black cropped trousers and black ballet flats, dark printed blouse",a near-black red reads as a neutral at a distance and as a colour up close,25272D,0.409,402527,0.292,050505,0.143,ACACAD,0.096,6D6C70,0.06,warm charcoal,8.4,medium,background dominates frame,0.009,0.289,yes,layer_burgundy_aspesi_double-breasted_trench_coat,1908,2746,945939,PNG,opened_reduced
content/swipe/products/IMG_0199.png,content/swipe/products,product,v-neck mohair and wool knit,light blue,ASPESI,,,,24262D,0.485,040407,0.168,7A8CAC,0.159,BBB7B3,0.12,737173,0.068,warm charcoal,9.1,medium,background dominates frame; top cluster 48% — may still be a studio backdrop,0.006,0.262,no,top_light_blue_aspesi_v-neck_mohair_wool,1908,2746,1241599,PNG,contact_sheet
content/swipe/products/IMG_0200.png,content/swipe/products,product,crepe cady jacket,black,ASPESI,,,,25272D,0.481,101011,0.366,ADADAD,0.09,6E6E6F,0.06,,,warm charcoal,8.4,medium,background dominates frame; top cluster 48% — may still be a studio backdrop,0.007,0.257,no,layer_black_aspesi_crepe_cady_jacket,1908,2746,627329,PNG,contact_sheet
content/swipe/products/IMG_0201.png,content/swipe/products,product,gabardine culotte skirt,camel,ASPESI,,,,1E1F23,0.561,B18F6C,0.211,ADACAC,0.108,6C696C,0.078,9A2923,0.042,warm charcoal,9.4,medium,background dominates frame; top cluster 56% — may still be a studio backdrop,0.025,0.267,no,bottom_camel_aspesi_gabardine_culotte_skirt,1908,2746,1016331,PNG,contact_sheet
content/swipe/products/IMG_0202.png,content/swipe/products,product,boat-neck merino knit,burgundy,ASPESI,,,,1E1E22,0.58,4A2737,0.203,B2AFAE,0.081,45403D,0.076,7A7C83,0.06,warm charcoal,9.5,medium,background dominates frame; top cluster 58% — may still be a studio backdrop,0.007,0.265,no,top_burgundy_aspesi_boat-neck_merino_knit,1908,2746,1044979,PNG,contact_sheet
content/swipe/products/IMG_0203.png,content/swipe/products,product,boat-neck merino knit,light blue,ASPESI,,,,1F2024,0.674,4F6583,0.183,AEACAB,0.083,686564,0.047,,,warm charcoal,9.1,medium,background dominates frame; top cluster 67% — may still be a studio backdrop,0.004,0.297,no,top_light_blue_aspesi_boat-neck_merino_knit,1908,2746,1032038,PNG,contact_sheet
content/swipe/products/IMG_0204.png,content/swipe/products,product,"MAGLIA CON SCOLLO A BARCHETTA IN LANA MERINO, colour ""VERDE""",moss olive green,ASPESI,merino wool (stated in the Italian Dettagli text; percentages collapsed),model shot: under a charcoal long coat with dark indigo flared jeans and a cream beanie,"boat neck keeps the green off the throat, which is where a strong green gets difficult",1F2025,0.656,62652D,0.179,A5A4A4,0.1,4A4D55,0.065,,,warm charcoal,9.5,medium,background dominates frame; top cluster 66% — may still be a studio backdrop,0.004,0.3,yes,top_olive_green_aspesi_boat-neck_merino_knit,1908,2746,1077192,PNG,opened_reduced
content/swipe/products/IMG_0205.jpeg,content/swipe/products,product,listing: Maglia in mohair e lana a coste (ribbed mohair and wool knit); above it Pantalone in flanella di lana vergine gessata,rust terracotta,ASPESI,mohair and wool / virgin wool flannel (named in Italian titles; percentages not shown),flat product shots in a single-column listing,a rust that is halfway between cinnamon and rust — the accent tier as a whole garment,A03629,0.711,27282C,0.2,B5B2B3,0.038,,,,,rust,8.3,low,little left after background removal; top cluster 71% — may still be a studio backdrop,0.016,0.153,yes,top_rust_orange_crew-neck_wool_sweater,1031,1964,151470,JPEG,opened_reduced
content/swipe/products/IMG_0206.png,content/swipe/products,product,flared technical skirt,slate blue,ASPESI,,,,21242A,0.459,2E323A,0.271,050607,0.151,B6B4B3,0.066,7A787B,0.053,warm charcoal,9.2,medium,background dominates frame; top cluster 46% — may still be a studio backdrop,0.003,0.307,no,bottom_slate_blue_aspesi_flared_technical_skirt,1908,2746,923059,PNG,contact_sheet
content/swipe/products/IMG_0207.png,content/swipe/products,product,double-breasted caban in boiled virgin wool,black navy,ASPESI (aspesi.com),,second image: worn open over a floral printed midi dress and black heels,"product text reads ""pura lana vergine cotta""; colour label says BLU NAVY though it reads black",020202,0.435,939396,0.166,454243,0.152,BBBBBC,0.128,6C696A,0.119,warm charcoal,14.6,low,little left after background removal,0.071,0.08,yes,layer_black_aspesi_wool_cape_coat,1908,2746,1081200,PNG,opened_reduced
content/swipe/products/IMG_0208.png,content/swipe/products,product,long pleated skirt,dark navy,ASPESI,,,,010101,0.345,B6B4B4,0.198,3E3C42,0.178,848385,0.16,2A334D,0.119,warm charcoal,14.7,low,little left after background removal,0.017,0.099,no,bottom_dark_navy_aspesi_long_pleated_skirt,1908,2746,1092624,PNG,contact_sheet
content/swipe/products/IMG_0209.png,content/swipe/products,product,"GONNA LUNGA PLISSE IN MODAL CON MOTIVO CHECK, colour ""BLU""",navy check,ASPESI,modal (stated in the Italian Dettagli text; percentages collapsed),"model shot: with a navy fine knit, dark shoes",sunray pleats turn one flat colour into a moving value range,2D2A30,0.336,0E0D10,0.299,212A43,0.226,AAA9AA,0.081,6F5F5C,0.058,warm charcoal,7.6,medium,background dominates frame,0.028,0.261,yes,bottom_navy_check_aspesi_pleated_check_skirt,1908,2746,2097907,PNG,opened_reduced
content/swipe/products/IMG_0210.png,content/swipe/products,product,"GIACCA IN TESSUTO TECNICO IMBOTTITA CON OVATTA THERMORE, colour ""ZUCCA""",rust pumpkin,ASPESI,"technical polyester with Thermore wadding, corozo buttons, Made in Italy (stated in the Italian Dettagli text)",model shot: over burgundy corduroy wide trousers and black loafers,"the clearest rubric-field-1 test in the library: synthetic, and arguably earning it",1F2025,0.613,BA4E2C,0.192,AFAEAE,0.084,422224,0.06,6F6E71,0.05,warm charcoal,9.5,medium,background dominates frame; top cluster 61% — may still be a studio backdrop,0.007,0.294,yes,layer_rust_orange_aspesi_fitted_technical_jacket,1908,2746,1061305,PNG,opened_reduced
content/swipe/products/IMG_0211.png,content/swipe/products,product,wide-leg velvet trousers,cream,ASPESI,,,,1C1D21,0.59,2F3037,0.185,BBBBBC,0.099,7C7D80,0.089,A64B2C,0.036,warm charcoal,9.9,low,little left after background removal; top cluster 59% — may still be a studio backdrop,0.01,0.23,no,bottom_cream_aspesi_wide-leg_velvet_trousers,1908,2746,822364,PNG,contact_sheet
content/swipe/products/IMG_0212.png,content/swipe/products,product,"PANTALONE AMPIO IN VELLUTO LISCIO, colour ""BARBERA""",oxblood burgundy,ASPESI,garment-dyed smooth cotton velvet (stated in the Italian Dettagli text; percentages collapsed),"model shot: with an oatmeal-stone fine knit, back view","same colour name as the IMG_0198 trench — two garments, one colourway",31191E,0.46,121012,0.31,B6B3B2,0.095,88817F,0.077,564A48,0.058,soft plum,13.4,low,little left after background removal; top cluster 46% — may still be a studio backdrop,0.055,0.202,yes,bottom_burgundy_aspesi_wide_velvet_trousers,1908,2746,1411825,PNG,opened_reduced
content/swipe/products/IMG_0213.png,content/swipe/products,product,wide velvet trousers,burgundy,ASPESI,,,,1F2025,0.593,34191F,0.219,AFAFB0,0.084,6F6D71,0.055,6F4931,0.049,warm charcoal,9.5,medium,background dominates frame; top cluster 59% — may still be a studio backdrop,0.02,0.298,no,bottom_burgundy_aspesi_wide_velvet_trousers,1908,2746,1086061,PNG,contact_sheet
content/swipe/products/IMG_0214.png,content/swipe/products,product,v-neck merino knit,warm brown,ASPESI,,,,26282E,0.496,6B3E32,0.192,040304,0.133,A09EA0,0.117,351D1E,0.061,warm charcoal,8.2,medium,background dominates frame; top cluster 50% — may still be a studio backdrop,0.006,0.29,no,top_warm_brown_aspesi_v-neck_merino_knit,1908,2746,987795,PNG,contact_sheet
content/swipe/products/IMG_0215.png,content/swipe/products,product,knit colour and size selector,warm brown,ASPESI,,,,010101,0.488,96969A,0.242,44333C,0.132,633E2E,0.069,9C4E31,0.069,warm charcoal,14.7,low,little left after background removal; top cluster 49% — may still be a studio backdrop,0.007,0.134,no,top_warm_brown_aspesi_knit_colour_size,1908,2746,614859,PNG,contact_sheet
content/swipe/products/IMG_0216.png,content/swipe/products,product,v-neck wool cashmere knit,beige,ASPESI,,,,1F2024,0.647,B09680,0.141,454136,0.086,B0AFB0,0.077,797776,0.049,warm charcoal,9.1,medium,background dominates frame; top cluster 65% — may still be a studio backdrop,0.064,0.281,no,top_beige_aspesi_v-neck_wool_cashmere,1908,2746,1204655,PNG,contact_sheet
content/swipe/products/IMG_0217.jpeg,content/swipe/products,product,"crew-neck sweaters, two colours",burgundy and brown,ASPESI,,,,52332A,0.42,412730,0.389,232428,0.104,321B21,0.047,A7A3A5,0.041,chocolate,7.0,low,little left after background removal,0.0,0.234,no,,954,2746,121697,JPEG,contact_sheet
content/swipe/products/IMG_0218.png,content/swipe/products,product,merino cardigan,warm brown,ASPESI,,,,482B23,0.371,020202,0.298,89898C,0.126,BABABB,0.122,4A4A4E,0.082,chocolate,7.4,low,little left after background removal,0.021,0.114,no,layer_warm_brown_aspesi_merino_cardigan,1908,2746,926569,PNG,contact_sheet
content/swipe/products/IMG_0219.png,content/swipe/products,product,crew-neck merino knit,navy,ASPESI,,,,1F2025,0.648,212C46,0.184,4C4B4D,0.061,89898C,0.056,BEBBBB,0.051,warm charcoal,9.5,medium,background dominates frame; top cluster 65% — may still be a studio backdrop,0.004,0.291,no,top_navy_aspesi_crew-neck_merino_knit,1908,2746,940028,PNG,contact_sheet
content/swipe/products/IMG_0220.png,content/swipe/products,product,crew-neck merino knit,warm brown,ASPESI,,,,1E1F23,0.592,663E2F,0.209,AFADAC,0.083,6E6F75,0.071,4B2D26,0.045,warm charcoal,9.4,medium,background dominates frame; top cluster 59% — may still be a studio backdrop,0.008,0.256,no,top_warm_brown_aspesi_crew-neck_merino_knit,1908,2746,920070,PNG,contact_sheet
content/swipe/products/IMG_0221.png,content/swipe/products,product,"long-sleeve knit polo, zoomed",cream,ASPESI,,,,535458,0.484,161618,0.208,C7C4C4,0.167,8E9199,0.134,,,warm charcoal,11.2,low,little left after background removal; top cluster 48% — may still be a studio backdrop,0.005,0.029,no,top_cream_aspesi_long-sleeve_knit_polo,1908,2746,417351,PNG,contact_sheet
content/swipe/products/IMG_0222.png,content/swipe/products,product,cashmere polo with skirt,navy,ASPESI,,,,24252A,0.616,1D213A,0.235,88898E,0.056,B5B5B6,0.052,58545B,0.041,warm charcoal,8.3,low,little left after background removal; top cluster 62% — may still be a studio backdrop,0.009,0.228,no,bottom_navy_aspesi_cashmere_polo_skirt,1908,2746,988131,PNG,contact_sheet
content/swipe/products/IMG_0223.png,content/swipe/products,product,"GIACCA IN VELLUTO A COSTE, colour ""BEIGE""",camel beige,ASPESI,"garment-dyed 500-line cotton corduroy, cotton twill sleeve lining (stated in the Italian Dettagli text)",model shot: over a stone knit with a dark olive full midi skirt and black boots,"camel over olive with stone between them — the Muted generator, styled",25262C,0.469,A87C4A,0.198,040404,0.132,A8A6A5,0.117,4C4840,0.083,warm charcoal,8.5,medium,background dominates frame; top cluster 47% — may still be a studio backdrop,0.008,0.299,yes,layer_tan_brown_aspesi_corduroy_jacket,1908,2746,1144701,PNG,opened_reduced
content/swipe/products/IMG_0224.png,content/swipe/products,product,corduroy jacket,dark teal,ASPESI,,,,23272F,0.716,0A0607,0.147,B2B1B1,0.081,787474,0.054,,,warm charcoal,9.6,medium,background dominates frame; top cluster 72% — may still be a studio backdrop,0.003,0.304,no,layer_dark_teal_aspesi_corduroy_jacket,1908,2746,1088121,PNG,contact_sheet
content/swipe/products/IMG_0225.png,content/swipe/products,product,corduroy trousers,dark brown,ASPESI,,,,030202,0.423,929294,0.167,BAB9BA,0.164,413B3C,0.152,6F6866,0.094,warm charcoal,14.5,low,little left after background removal,0.022,0.09,no,bottom_dark_brown_aspesi_corduroy_trousers,1908,2746,1062815,PNG,contact_sheet
content/swipe/products/IMG_0226.png,content/swipe/products,product,corduroy elastic-waist trousers,burgundy,ASPESI,,,,371B20,0.42,121113,0.236,582F35,0.204,B0AEAE,0.076,786D6D,0.063,soft plum,12.4,low,little left after background removal,0.017,0.24,no,bottom_burgundy_aspesi_corduroy_elastic-waist_trousers,1908,2746,1823992,PNG,contact_sheet
content/swipe/products/IMG_0227.jpeg,content/swipe/products,product,listing: Maglia con scollo a v in lana merino (grey merino v-neck); Abito midi in modal con motivo check alongside,mid grey,ASPESI,merino wool (named in the Italian title; percentages not shown),model shot: with a dark navy full midi skirt and brown suede loafers,"grey over navy with a brown shoe — three neutrals, one warm",272B31,0.527,16171A,0.172,908F93,0.17,5C5352,0.102,,,warm charcoal,8.1,low,little left after background removal; top cluster 53% — may still be a studio backdrop,0.02,0.19,yes,bottom_grey_and_navy_aspesi_grey_knit_navy,979,1706,112137,JPEG,opened_reduced
content/swipe/products/IMG_0228.png,content/swipe/products,product,flared crepe cady skirt,black,ASPESI,,,,222429,0.386,111011,0.341,303237,0.149,ADADAF,0.07,7C7C7D,0.054,warm charcoal,8.7,medium,background dominates frame,0.008,0.29,no,bottom_black_aspesi_flared_crepe_cady,1908,2746,659023,PNG,contact_sheet
content/swipe/products/IMG_0229.png,content/swipe/products,product,flannel trousers,dark navy,ASPESI,,,,040404,0.496,B0B0B2,0.23,7F8082,0.16,464548,0.111,,,warm charcoal,14.3,low,little left after background removal; top cluster 50% — may still be a studio backdrop,0.029,0.088,no,bottom_dark_navy_aspesi_flannel_trousers,1908,2746,805135,PNG,contact_sheet
content/swipe/products/IMG_0230.png,content/swipe/products,product,flannel trousers on model,dark navy,ASPESI,,,,020202,0.422,8B8B8C,0.221,BABABB,0.21,4A494D,0.136,,,warm charcoal,14.6,low,little left after background removal,0.027,0.081,no,bottom_dark_navy_aspesi_flannel_trousers,1908,2746,729223,PNG,contact_sheet
content/swipe/products/IMG_0231.png,content/swipe/products,product,"knitted balaclava, mohair and wool",pale blue,ASPESI,,worn with grey knit cardigan; second shot over navy corduroy jacket,title names mohair and wool; the composition panel is collapsed,0F0E11,0.309,2A2931,0.3,6E6661,0.197,667186,0.099,ADAEB3,0.096,warm charcoal,12.9,medium,background dominates frame,0.073,0.301,yes,accessory_pale_blue_aspesi_mohair_wool_balaclava,1908,2746,2477622,PNG,opened_reduced
content/swipe/products/IMG_0232.jpeg,content/swipe/products,format,substack note with outfit images,pale neutral,,,,,9C9489,0.229,62473D,0.228,CECBC8,0.206,342D33,0.184,696A71,0.153,warm mid grey,5.9,medium,background dominates frame,0.02,0.415,no,,1908,909,160237,JPEG,contact_sheet
content/swipe/products/IMG_0233.jpeg,content/swipe/products,format,substack note with shoe images,black and white,,,,,D4D0CC,0.352,3C3B3B,0.28,626161,0.212,9B9999,0.118,37305A,0.038,stone,3.7,low,little left after background removal,0.002,0.176,no,,1908,991,147210,JPEG,contact_sheet
content/swipe/products/IMG_0234.png,content/swipe/products,product,"cropped boxy jacket, page tab reads ""Coat Aria Caramal Patch…""",near-black navy,BARENA VENEZIA,,"model shot, side view: over ivory wide trousers and white sneakers",a dark cropped top half over a pale wide bottom half is the whole proportion lesson,222225,0.355,323437,0.321,626569,0.148,D2CFC4,0.144,C89066,0.032,warm charcoal,8.1,low,little left after background removal,0.006,0.191,yes,layer_black_and_cream_barena_black_jacket_cream,1908,2746,957203,PNG,opened_reduced
content/swipe/products/IMG_0235.png,content/swipe/products,product,chore jacket with cream trousers,navy and cream,BARENA,,,,303136,0.391,1F2023,0.32,626569,0.13,D2CFC1,0.129,CE986C,0.031,warm charcoal,6.3,low,little left after background removal,0.014,0.223,no,layer_navy_and_cream_barena_chore_jacket_cream,1908,2746,1050287,PNG,contact_sheet
content/swipe/products/IMG_0236.png,content/swipe/products,product,"check wool jacket, page tab reads ""Coat Aria Fasser Unico""",brown and rust check,BARENA VENEZIA,,model shot: over navy pinstripe wide trousers with a navy knit at the waist,"two patterns at different scales, held together because both are quiet",2A2A2F,0.591,614E40,0.16,606468,0.11,927B5F,0.098,CFBBA9,0.041,warm charcoal,7.2,medium,background dominates frame; top cluster 59% — may still be a studio backdrop,0.045,0.265,yes,layer_brown_check_barena_brown_check_jacket,1908,2746,1866639,PNG,opened_reduced
content/swipe/products/IMG_0237.png,content/swipe/products,product,textured jacket with wide trousers,brown and black,BARENA,,,,2B2B30,0.659,5C483C,0.114,606468,0.113,8F7A60,0.061,BAB9B9,0.054,warm charcoal,7.0,medium,background dominates frame; top cluster 66% — may still be a studio backdrop,0.02,0.268,no,layer_brown_and_black_barena_textured_jacket_wide,1908,2746,1605075,PNG,contact_sheet
content/swipe/products/IMG_0238.png,content/swipe/products,product,grid of coats and jackets,grey and navy,BARENA,,,,29292C,0.641,63605F,0.158,A1A2A2,0.105,D1CDC7,0.057,C7976E,0.04,warm charcoal,6.4,medium,background dominates frame; top cluster 64% — may still be a studio backdrop,0.02,0.284,no,,1908,2746,1515916,PNG,contact_sheet
content/swipe/products/IMG_0239.png,content/swipe/products,product,"knitwear listing grid: polo jumpers, half-zip, turtleneck",pale blue red cream,BARENA VENEZIA (barenavenezia.com),,model shots; cream half-zip over navy collar with navy pinstripe trousers,open polo-collar knit repeated in three colourways at one price point,181920,0.318,383434,0.248,D1052F,0.156,66686B,0.146,C7AD95,0.132,warm charcoal,11.9,medium,background dominates frame,0.035,0.281,yes,,1908,2746,3294472,PNG,opened_reduced
content/swipe/products/IMG_0240.png,content/swipe/products,product,grid of knits and outerwear,"black, red and brown",BARENA,,,,2B292A,0.633,D4D1CB,0.11,DC0536,0.106,82807B,0.079,CE9B72,0.072,warm charcoal,5.3,medium,background dominates frame; top cluster 63% — may still be a studio backdrop,0.027,0.33,no,,1908,2746,2518809,PNG,contact_sheet
content/swipe/products/IMG_0241.png,content/swipe/products,product,blazer with wide trousers,black,BARENA,,,,62676C,0.32,161716,0.252,CDC2B9,0.165,B99779,0.14,4B4543,0.123,petrol,13.8,low,little left after background removal,0.078,0.088,no,layer_black_barena_blazer_wide_trousers,1908,2746,974968,PNG,contact_sheet
content/swipe/products/IMG_0242.png,content/swipe/products,product,grid of shirts and knits,pale blue and red,BARENA,,,,2A2B2D,0.632,636770,0.175,C5C4C4,0.107,BB9C7D,0.057,,,warm charcoal,5.8,medium,background dominates frame; top cluster 63% — may still be a studio backdrop,0.007,0.294,no,,1908,2746,1418608,PNG,contact_sheet
content/swipe/products/IMG_0243.png,content/swipe/products,product,grid of shirts and jackets,"navy, black and white",BARENA,,,,272829,0.582,535558,0.248,B9BEC5,0.097,C49871,0.048,,,warm charcoal,6.2,medium,background dominates frame; top cluster 58% — may still be a studio backdrop,0.018,0.294,no,,1908,2746,1765044,PNG,contact_sheet
content/swipe/products/IMG_0244.png,content/swipe/products,product,virgin wool wide trousers,grey,Massimo Alba,,,,3C3C3B,0.25,191919,0.242,575757,0.212,C9CBC7,0.188,94928B,0.108,warm charcoal,3.3,medium,background dominates frame,0.004,0.378,no,bottom_grey_massimo_alba_virgin_wool_wide,1908,2746,1438773,PNG,contact_sheet
content/swipe/products/IMG_0245.png,content/swipe/products,product,"wool trousers, waist detail",dark grey,Massimo Alba,,,,161514,0.264,303031,0.255,C6C9C7,0.19,979892,0.156,545455,0.135,warm charcoal,10.8,high,,0.007,0.481,no,bottom_dark_grey_massimo_alba_wool_trousers_waist,1908,2746,2794454,PNG,contact_sheet
content/swipe/products/IMG_0246.png,content/swipe/products,product,"listing grid: KARLY virgin wool trousers, TOLOSA deconstructed cotton velvet jacket, RENE cotton corduroy skirt, YVONNE cotton and cashmere blouse",camel khaki and brown check,Massimo Alba,virgin wool / cotton velvet / cotton corduroy / cotton and cashmere (named in titles; percentages not shown),"model shot: brown micro-check blouse tucked into a camel corduroy A-line skirt, dark brown Mary-Jane heels","two warm browns a full value step apart, joined by a check that contains both",8B8781,0.255,3F2A1C,0.198,292422,0.194,6E523D,0.178,BDBBB6,0.174,warm mid grey,3.0,high,,0.05,0.474,yes,bottom_tan_brown_massimo_alba_corduroy_skirt_blouse,1908,2746,4033360,PNG,opened_reduced
content/swipe/products/IMG_0247.png,content/swipe/products,product,cashmere and silk bandana,burgundy,Massimo Alba,,,,553845,0.601,36383A,0.151,13080C,0.1,C2C1C0,0.077,807073,0.071,soft plum,3.2,low,little left after background removal; top cluster 60% — may still be a studio backdrop,0.001,0.203,no,accessory_burgundy_massimo_alba_cashmere_silk_bandana,1908,2746,1507182,PNG,contact_sheet
content/swipe/products/IMG_0248.png,content/swipe/products,product,cashmere and silk bandana,charcoal grey,Massimo Alba,,,,3A3A3F,0.391,19191B,0.327,58585D,0.198,B5B5B5,0.046,818080,0.038,warm charcoal,6.0,medium,background dominates frame,0.0,0.279,no,accessory_charcoal_grey_massimo_alba_cashmere_silk_bandana,1908,2746,1489189,PNG,contact_sheet
content/swipe/products/IMG_0249.png,content/swipe/products,product,cashmere and silk bandana,black,Massimo Alba,,,,333338,0.359,4A484F,0.317,0F0F0F,0.188,B7B7B6,0.082,757172,0.053,warm charcoal,6.0,low,little left after background removal,0.0,0.231,no,accessory_black_massimo_alba_cashmere_silk_bandana,1908,2746,1536192,PNG,contact_sheet
content/swipe/products/IMG_0250.png,content/swipe/products,product,"BANDANA — cashmere and silk bandana, colour ""Nugget Gold""; ochre ground with dark paisley print",ochre with dark print,Massimo Alba,cashmere and silk (named in product title; percentages not shown),"flat shot, knotted and flat, not worn",the one ochre accent the whole Soft Autumn teal direction needs,A97B34,0.393,242424,0.274,765429,0.205,C5C2BD,0.072,8B8A89,0.056,ochre,9.0,low,little left after background removal,0.0,0.212,yes,accessory_mustard_yellow_massimo_alba_cashmere_silk_bandana,1908,2746,1742342,PNG,opened_reduced
content/swipe/products/IMG_0251.png,content/swipe/products,product,cashmere and silk bandana,deep brown,Massimo Alba,,,,3F3837,0.53,2D2422,0.199,B7B6B5,0.106,0A0605,0.101,695D5A,0.064,warm charcoal,3.2,low,little left after background removal; top cluster 53% — may still be a studio backdrop,0.002,0.203,no,accessory_deep_brown_massimo_alba_cashmere_silk_bandana,1908,2746,1490333,PNG,contact_sheet
content/swipe/products/IMG_0252.png,content/swipe/products,product,"CARLOTTA2 — cotton corduroy double-breasted jacket, colour ""Taupe""",warm taupe brown,Massimo Alba,cotton corduroy (named in product title; percentages not shown),"model shot: worn with an ochre knitted headscarf, collar up",corduroy pile carries the depth so the colour can stay quiet,725D47,0.435,3E2B1A,0.182,232222,0.166,9D8B77,0.138,C3C2BE,0.08,chocolate,13.3,medium,background dominates frame,0.023,0.352,yes,layer_tan_brown_massimo_alba_corduroy_double-breasted_jacket,1908,2746,2838846,PNG,opened_reduced
content/swipe/products/IMG_0253.png,content/swipe/products,product,corduroy double-breasted jacket,olive brown,Massimo Alba,,,,3D332A,0.265,B9BBB6,0.2,948D82,0.186,6D5946,0.177,170F09,0.171,warm charcoal,4.1,medium,background dominates frame,0.016,0.354,no,layer_olive_brown_massimo_alba_corduroy_double-breasted_jacket,1908,2746,2616915,PNG,contact_sheet
content/swipe/products/IMG_0254.png,content/swipe/products,product,virgin wool trousers,navy,Massimo Alba,,,,2F333D,0.365,1A181A,0.289,959592,0.166,645356,0.1,CBCAC7,0.08,warm charcoal,9.0,medium,background dominates frame,0.009,0.384,no,bottom_navy_massimo_alba_virgin_wool_trousers,1908,2746,1223475,PNG,contact_sheet
content/swipe/products/IMG_0255.png,content/swipe/products,product,wide navy trousers on model,navy,Massimo Alba,,,,2A2D39,0.417,8A8985,0.201,CCCECE,0.147,121013,0.12,622A32,0.115,warm charcoal,10.3,high,,0.026,0.453,no,bottom_navy_massimo_alba_wide_navy_trousers,1908,2746,2621991,PNG,contact_sheet
content/swipe/products/IMG_0256.png,content/swipe/products,product,"JULIET — wool and alpaca sweater, colour ""Baby""; cream ground with raspberry zigzag",cream with raspberry,Massimo Alba,wool and alpaca (named in product title; percentages not shown),model shot: over burgundy trousers,pattern does the contrast job so the colours can stay close,DAC7BD,0.27,A08583,0.26,C4C5C2,0.186,413A39,0.147,160D0C,0.138,stone,5.7,low,background dominates frame; skin band 20% — overlaps dusty rose / salmon,0.197,0.303,yes,top_pale_pink_massimo_alba_patterned_wool_alpaca,1908,2746,3079803,PNG,opened_reduced
content/swipe/products/IMG_0257.png,content/swipe/products,product,cotton cashmere shirt,dusty pink,Massimo Alba,,,,CFCFCC,0.283,A5A19A,0.282,261D1E,0.27,82513C,0.099,EDC9B4,0.067,stone,4.9,low,background dominates frame; skin band 29% — overlaps dusty rose / salmon,0.292,0.285,no,top_dusty_pink_massimo_alba_cotton_cashmere_shirt,1908,2746,2420901,PNG,contact_sheet
content/swipe/products/IMG_0258.png,content/swipe/products,product,"GWEN — single-breasted cashmere coat, colour ""Deep Brown""",deep chocolate brown,Massimo Alba,cashmere (named in product title; percentages not shown),over cream-camel wide trousers and dark brown heeled shoes,a near-black brown over a pale bottom — the value gap is the whole outfit,221E1B,0.392,9F9F9A,0.194,88857F,0.174,C0C1BD,0.163,5C493C,0.077,warm charcoal,7.6,medium,background dominates frame,0.009,0.325,yes,layer_dark_brown_massimo_alba_single-breasted_cashmere_coat,1908,2746,1436835,PNG,opened_reduced
content/swipe/products/IMG_0259.png,content/swipe/products,product,cashmere polo knit,burgundy,Massimo Alba,,,,451925,0.4,191819,0.27,474A4C,0.175,C3BFBA,0.098,937D7B,0.057,soft plum,11.1,medium,background dominates frame,0.032,0.313,no,top_burgundy_massimo_alba_cashmere_polo_knit,1908,2746,1739933,PNG,contact_sheet
content/swipe/products/IMG_0260.png,content/swipe/products,product,"grid, belted coat and midi skirt",camel and olive,Massimo Alba,,,,A3A19C,0.366,3A372C,0.242,A36E41,0.225,1D2432,0.133,653F26,0.035,warm taupe,10.2,medium,background dominates frame,0.015,0.424,no,layer_camel_and_olive_massimo_alba_belted_coat_midi,1908,2746,2983291,PNG,contact_sheet
content/swipe/products/IMG_0261.png,content/swipe/products,product,"grid, knits and shirts",cream and navy,Massimo Alba,,,,A9ABA9,0.347,282B32,0.276,141518,0.167,5C6473,0.161,4F372B,0.05,stone,11.2,medium,background dominates frame,0.022,0.351,no,,1908,2746,2412131,PNG,contact_sheet
content/swipe/products/IMG_0262.png,content/swipe/products,product,"grid, cardigan and shirts",pale blue,Massimo Alba,,,,ACABA6,0.265,272626,0.238,8795AA,0.219,535C6F,0.182,6F5846,0.097,stone,10.2,medium,background dominates frame,0.027,0.425,no,layer_pale_blue_massimo_alba_cardigan_shirts,1908,2746,4098544,PNG,contact_sheet
content/swipe/products/IMG_0263.png,content/swipe/products,product,"listing grid: STOLE cashmere-silk stole, BAGLIETTOW cotton velvet jacket, LAMNA cotton corduroy trousers, AGRA cotton corduroy jacket",deep petrol teal and navy,Massimo Alba,cotton corduroy / cotton velvet / cashmere and silk (named in titles; percentages not shown),flat product shots in a two-column grid,a corduroy jacket and trouser in the same petrol — the reference direction as two real garments,2D373A,0.395,445558,0.364,171A21,0.138,C1BFBC,0.061,7E8484,0.042,warm charcoal,8.2,medium,background dominates frame,0.0,0.342,yes,layer_teal_green_massimo_alba_corduroy_trousers_jacket,1908,2746,2325403,PNG,opened_reduced
content/swipe/products/IMG_0264.png,content/swipe/products,format,brand page with quote and footer,cream,Massimo Alba,,,,2A2B2C,0.429,606062,0.202,C7C6C4,0.139,191410,0.115,928F8C,0.115,warm charcoal,5.5,low,little left after background removal,0.01,0.173,no,,1908,2746,701984,PNG,contact_sheet
content/swipe/products/IMG_0265.png,content/swipe/products,product,scarf worn over knit,burgundy and pale pink,Massimo Alba,,,,5B3B48,0.408,252225,0.305,B8B2AB,0.152,666669,0.104,805638,0.031,soft plum,2.7,medium,background dominates frame,0.1,0.32,no,accessory_burgundy_and_pale_pink_massimo_alba_scarf_knit,1908,2746,2352796,PNG,contact_sheet
content/swipe/products/IMG_0266.png,content/swipe/products,product,cotton gabardine trousers,cream,Massimo Alba,,,,181819,0.256,AAA49C,0.255,DAD4C9,0.241,463535,0.154,626569,0.094,warm charcoal,10.4,medium,background dominates frame,0.025,0.312,no,bottom_cream_massimo_alba_cotton_gabardine_trousers,1908,2746,992160,PNG,contact_sheet
content/swipe/products/IMG_0267.png,content/swipe/products,product,cream trousers on model,cream,Massimo Alba,,,,A0998F,0.389,C6C3BD,0.383,3C3D3E,0.099,512D29,0.077,0A0404,0.053,warm taupe,6.8,medium,background dominates frame,0.022,0.36,no,bottom_cream_massimo_alba_cream_trousers,1908,2746,1741815,PNG,contact_sheet
content/swipe/products/IMG_0268.png,content/swipe/products,product,wool alpaca cardigan,flecked brown,Massimo Alba,,,,A89E93,0.242,72665D,0.241,1D1A1A,0.188,D0CFCD,0.174,433A35,0.155,warm taupe,6.3,medium,background dominates frame,0.069,0.413,no,layer_flecked_brown_massimo_alba_wool_alpaca_cardigan,1908,2746,2823350,PNG,contact_sheet
content/swipe/products/IMG_0269.png,content/swipe/products,product,cotton shirt,burgundy,Massimo Alba,,,,69414A,0.379,2A2A2C,0.233,BDB1A6,0.134,6B6869,0.129,0E0D0D,0.127,soft plum,5.8,medium,background dominates frame,0.012,0.318,no,top_burgundy_massimo_alba_cotton_shirt,1908,2746,1459132,PNG,contact_sheet
content/swipe/products/IMG_0270.png,content/swipe/products,product,cotton shirt on model,light blue,Massimo Alba,,,,212224,0.286,929DA1,0.27,B9C1C5,0.254,4D5E68,0.141,9F734F,0.049,warm charcoal,8.0,medium,background dominates frame,0.02,0.365,no,top_light_blue_massimo_alba_cotton_shirt,1908,2746,2547892,PNG,contact_sheet
content/swipe/products/IMG_0271.png,content/swipe/products,product,"VIRGINIA — virgin wool and alpaca sweater, colour ""Raspberry""; marled roll-neck",marled dusty raspberry,Massimo Alba,virgin wool and alpaca (named in product title; percentages not shown),model shot: over deep aubergine trousers,"marl reads as texture, which is what a low-contrast palette needs",C397A0,0.3,D1C9C8,0.205,2A2224,0.2,8F5D66,0.172,908D86,0.123,dusty rose,6.9,medium,background dominates frame,0.011,0.375,yes,top_flecked_pink_massimo_alba_roll-neck_wool_alpaca,1908,2746,3494608,PNG,opened_reduced
content/swipe/products/IMG_0272.png,content/swipe/products,format,brand collection statement page,cream,LARDINI,,,,211F1E,0.426,A69686,0.221,5E5F60,0.155,C9C2BB,0.154,785D37,0.044,warm charcoal,7.6,medium,background dominates frame,0.011,0.343,no,,1908,2746,895759,PNG,contact_sheet
content/swipe/products/IMG_0273.png,content/swipe/products,product,belted trench coat,camel beige,LARDINI,,,,BC916F,0.376,AE815F,0.26,28292C,0.228,606468,0.095,C7C4C1,0.041,camel,7.2,low,background dominates frame; skin band 32% — overlaps dusty rose / salmon,0.316,0.3,no,layer_camel_beige_lardini_belted_trench_coat,1908,2746,2057874,PNG,contact_sheet
content/swipe/products/IMG_0274.png,content/swipe/products,product,wool gabardine trench coat,beige,LARDINI,,,,DBD2C1,0.628,F4F4F3,0.155,966E4C,0.111,FFFFFF,0.06,383331,0.047,stone,2.2,medium,top cluster 63% — may still be a studio backdrop,0.031,0.969,no,layer_beige_lardini_wool_gabardine_trench,1908,2746,1083589,PNG,contact_sheet
content/swipe/products/IMG_0275.png,content/swipe/products,product,flannel wide trousers,black,LARDINI,,,,343739,0.435,0D0B0A,0.195,CFCECC,0.179,999998,0.105,595859,0.086,warm charcoal,5.2,low,little left after background removal,0.0,0.063,no,bottom_black_lardini_flannel_wide_trousers,1908,2746,1130034,PNG,contact_sheet
content/swipe/products/IMG_0276.png,content/swipe/products,product,flannel trousers on model,black,LARDINI,,,,DBD3C2,0.489,141210,0.201,F7F7F7,0.181,29292A,0.092,676666,0.037,stone,2.4,medium,top cluster 49% — may still be a studio backdrop,0.006,0.994,no,bottom_black_lardini_flannel_trousers,1908,2746,860358,PNG,contact_sheet
content/swipe/products/IMG_0277.png,content/swipe/products,product,wool gabardine blazer and trousers,beige,LARDINI,,,,DCD2C0,0.687,F7F7F7,0.18,A78563,0.088,353434,0.039,,,stone,2.6,medium,top cluster 69% — may still be a studio backdrop,0.008,0.992,no,layer_beige_lardini_wool_gabardine_blazer,1908,2746,895479,PNG,contact_sheet
content/swipe/products/IMG_0278.png,content/swipe/products,product,wool gabardine blazer,beige,LARDINI,,,,DFBE9F,0.808,353739,0.078,BF9E82,0.054,E6CFBA,0.034,,,stone,10.4,medium,top cluster 81% — may still be a studio backdrop,0.002,0.454,no,layer_beige_lardini_wool_gabardine_blazer,1908,2746,2372708,PNG,contact_sheet
content/swipe/products/IMG_0279.png,content/swipe/products,product,SHORT DOUBLE-BREASTED PEA COAT IN ALPACA AND MOHAIR BOUCLE,light grey bouclé,LARDINI,alpaca and mohair boucle (named in product title; percentages not shown),"flat shot, not styled",boucle is the texture answer to a grey that would otherwise read flat,98958B,0.5,848076,0.365,393A3C,0.088,C9C8C8,0.033,,,warm mid grey,6.5,medium,background dominates frame; top cluster 50% — may still be a studio backdrop,0.0,0.449,yes,layer_grey_lardini_double-breasted_boucle_pea,1908,2746,3344139,PNG,opened_reduced
content/swipe/products/IMG_0280.png,content/swipe/products,product,short jacket,black,LARDINI,,,,313234,0.615,D2D1CF,0.125,535354,0.096,8C8B8B,0.094,AEB0AE,0.069,warm charcoal,4.7,low,little left after background removal; top cluster 62% — may still be a studio backdrop,0.0,0.058,no,layer_black_lardini_short_jacket,1908,2746,3041926,PNG,contact_sheet
content/swipe/products/IMG_0281.png,content/swipe/products,product,short jacket with flared skirt,black,LARDINI,,,,DED5C5,0.399,D7CEBD,0.221,211F1D,0.187,F7F7F7,0.179,,,stone,2.3,high,,0.008,0.992,no,layer_black_lardini_short_jacket_flared,1908,2746,1237919,PNG,contact_sheet
content/swipe/products/IMG_0282.png,content/swipe/products,product,short double-breasted peacoat,camel,LARDINI,,,,BD8C5C,0.743,A07148,0.124,353636,0.081,,,,,camel,6.7,medium,background dominates frame; top cluster 74% — may still be a studio backdrop,0.001,0.445,no,layer_camel_lardini_short_double-breasted_peacoat,1908,2746,2990945,PNG,contact_sheet
content/swipe/products/IMG_0283.png,content/swipe/products,product,SHORT BEIGE PEACOAT,camel beige,LARDINI,,"model shot: over dark chocolate wide trousers, black shirt, dark brown shoes","short camel over long chocolate — the lightness gap does the work, no third colour",E3DCD0,0.773,1E130C,0.11,A06E45,0.065,3A3B3C,0.036,,,stone,3.3,medium,top cluster 77% — may still be a studio backdrop,0.005,0.995,yes,layer_camel_and_dark_brown_lardini_short_peacoat_wide,1908,2746,1058450,PNG,opened_reduced
content/swipe/products/IMG_0284.png,content/swipe/products,product,v-neck sweater,deep burgundy,LARDINI,,,,362326,0.632,2C1B1E,0.158,282A2D,0.127,616468,0.059,,,warm charcoal,11.2,medium,top cluster 63% — may still be a studio backdrop,0.0,0.521,no,top_deep_burgundy_lardini_v-neck_sweater,1908,2746,3144935,PNG,contact_sheet
content/swipe/products/IMG_0285.png,content/swipe/products,product,BROWN OVERSIZED SWEATER IN WOOL AND CASHMERE,chocolate brown,LARDINI,wool and cashmere (named in product title; percentages not shown),"model shot: brown jacket over brown sweater over brown full midi skirt, brown flats",head-to-toe one brown; only the surfaces change,DBD3C2,0.603,F4F4F4,0.141,4D3A36,0.102,21140F,0.096,FFFFFF,0.058,stone,2.4,medium,top cluster 60% — may still be a studio backdrop,0.008,0.992,yes,bottom_dark_brown_lardini_oversized_sweater_long,1908,2746,973899,PNG,opened_reduced
content/swipe/products/IMG_0286.png,content/swipe/products,product,crew-neck short-sleeve sweater,beige,LARDINI,,,,D2AE8E,0.646,C9A384,0.225,323537,0.094,,,,,camel,8.6,medium,background dominates frame; top cluster 65% — may still be a studio backdrop,0.002,0.354,no,top_beige_lardini_crew-neck_short-sleeve_sweater,1908,2746,2091156,PNG,contact_sheet
content/swipe/products/IMG_0287.png,content/swipe/products,product,"grid, printed skirt and tops",olive and print,,,,,2F3031,0.339,664F34,0.21,352514,0.17,C9C8C6,0.157,AF9460,0.123,warm charcoal,4.6,low,little left after background removal,0.002,0.199,no,bottom_olive_and_print_printed_skirt_tops,1908,2746,1115090,PNG,contact_sheet
content/swipe/products/IMG_0288.png,content/swipe/products,product,nylon gabardine bomber jacket,dark olive,,,,,242526,0.434,302212,0.24,5C5E61,0.131,CACACA,0.126,90908F,0.07,warm charcoal,7.0,medium,background dominates frame,0.001,0.275,no,layer_dark_olive_nylon_gabardine_bomber,1908,2746,828701,PNG,contact_sheet
content/swipe/products/IMG_0289.png,content/swipe/products,product,"grid, knits and jackets",olive and cream,,,,,2C2B2D,0.517,DDD9D3,0.183,A29381,0.114,5B4D4F,0.096,654F30,0.089,warm charcoal,5.4,low,little left after background removal; top cluster 52% — may still be a studio backdrop,0.0,0.201,no,,1908,2746,1166305,PNG,contact_sheet
content/swipe/products/IMG_0290.png,content/swipe/products,product,"grid, jackets and trousers",cream and brown,,,,,2F2E2F,0.424,DDD6CE,0.227,554346,0.142,533C1F,0.141,96918E,0.065,warm charcoal,4.4,low,little left after background removal,0.0,0.223,no,bottom_cream_and_brown_jackets_trousers,1908,2746,1299937,PNG,contact_sheet
content/swipe/products/IMG_0291.png,content/swipe/products,product,"grid, jackets and shirts","black, white and burgundy",,,,,2F3030,0.472,4B141F,0.183,D7D3CD,0.173,1C1A19,0.105,7F7D7D,0.068,warm charcoal,4.2,low,little left after background removal; top cluster 47% — may still be a studio backdrop,0.0,0.173,no,,1908,2746,862646,PNG,contact_sheet
content/swipe/products/IMG_0292.png,content/swipe/products,product,"grid, coats and tops",black and olive,,,,,2F3032,0.48,D9D0CD,0.289,4B3724,0.102,191819,0.067,807F82,0.063,warm charcoal,5.0,low,little left after background removal; top cluster 48% — may still be a studio backdrop,0.0,0.196,no,,1908,2746,1161292,PNG,contact_sheet
content/swipe/products/IMG_0293.png,content/swipe/products,product,"grid, knit, dress and sneakers",brown and grey,,,,,343537,0.415,9C8572,0.183,3D2C2C,0.149,C8C5C0,0.131,211717,0.123,warm charcoal,4.5,low,little left after background removal,0.0,0.193,no,dress_brown_and_grey_knit_dress_sneakers,1908,2746,1105491,PNG,contact_sheet
content/swipe/products/IMG_0294.png,content/swipe/products,product,"grid, quilted jackets and cape",pale pink and cream,,,,,323334,0.333,CBBAAD,0.329,DED2CC,0.227,988D86,0.081,1A1B1B,0.031,warm charcoal,4.2,low,little left after background removal; skin band 16% — overlaps dusty rose / salmon,0.156,0.181,no,layer_pale_pink_and_cream_quilted_jackets_cape,1908,2746,1434653,PNG,contact_sheet
content/swipe/products/IMG_0295.png,content/swipe/products,product,"listing grid: striped dress, knit polo, cardigan, shirt",ochre brown cream grey,HERNO (herno.com),,"flat product shots, no styling",the same ochre/brown stripe runs across dress and shirt as a mini story,36302E,0.511,D1CBC8,0.238,81776E,0.1,D5A161,0.093,8A4732,0.057,warm charcoal,2.7,low,little left after background removal; top cluster 51% — may still be a studio backdrop,0.052,0.186,yes,,1908,2746,1294230,PNG,opened_reduced
content/swipe/products/IMG_0296.png,content/swipe/products,product,"grid, cardigans and trousers",pale blue and brown,,,,,2E2E2F,0.312,78859A,0.21,B9ADA2,0.198,584643,0.162,ABB7D3,0.117,warm charcoal,4.6,low,little left after background removal,0.002,0.205,no,bottom_pale_blue_and_brown_cardigans_trousers,1908,2746,1130940,PNG,contact_sheet
content/swipe/products/IMG_0297.png,content/swipe/products,product,"grid, puffer jackets",cream and pale blue,,,,,2D2E30,0.321,A9B5CA,0.284,AEA194,0.174,533F3B,0.157,CACACC,0.064,warm charcoal,5.3,low,little left after background removal,0.004,0.197,no,layer_cream_and_pale_blue_puffer_jackets,1908,2746,1085940,PNG,contact_sheet
content/swipe/products/IMG_0298.png,content/swipe/products,product,"grid, coats and short jackets",cream and brown,,,,,CFCAC9,0.351,2E2F30,0.326,5E3021,0.145,44312B,0.12,838282,0.058,stone,5.4,low,little left after background removal,0.004,0.205,no,,1908,2746,1151775,PNG,contact_sheet
content/swipe/products/IMG_0299.png,content/swipe/products,product,"grid, puffer coats",brown and black,,,,,1C1C1E,0.512,383A3C,0.163,472E20,0.143,A78160,0.106,B0ADAC,0.076,warm charcoal,9.4,medium,background dominates frame; top cluster 51% — may still be a studio backdrop,0.008,0.252,no,layer_brown_and_black_puffer_coats,1908,2746,1276010,PNG,contact_sheet
content/swipe/products/IMG_0300.png,content/swipe/products,product,"grid, shearling and down jackets",tan and navy,,,,,313235,0.371,C0AB93,0.204,865334,0.157,616062,0.149,181A20,0.118,warm charcoal,5.2,low,little left after background removal,0.019,0.23,no,layer_tan_and_navy_shearling_down_jackets,1908,2746,1744471,PNG,contact_sheet
content/swipe/products/IMG_0301.png,content/swipe/products,product,"listing grid, jackets and bag",brown and grey,MaxMara,,,,1B1B1D,0.313,413B39,0.281,625D5C,0.247,C7C7C7,0.09,9B9895,0.07,warm charcoal,9.7,low,little left after background removal,0.067,0.232,no,bag_brown_and_grey_maxmara_jackets_bag,1908,2746,1116336,PNG,contact_sheet
content/swipe/products/IMG_0302.png,content/swipe/products,product,"listing grid, coats and knits",brown and burgundy,MaxMara,,,,76452E,0.534,353839,0.152,0F0E0D,0.131,C9C7C7,0.106,95918F,0.078,rust,11.1,low,little left after background removal; top cluster 53% — may still be a studio backdrop,0.103,0.22,no,,1908,2746,1526159,PNG,contact_sheet
content/swipe/products/IMG_0303.png,content/swipe/products,product,"listing grid, bag and knits",camel and red,MaxMara,,,,232426,0.345,939395,0.236,662523,0.22,4D1D1D,0.115,775038,0.084,warm charcoal,7.5,medium,background dominates frame,0.025,0.269,no,bag_camel_and_red_maxmara_bag_knits,1908,2746,1320032,PNG,contact_sheet
content/swipe/products/IMG_0304.png,content/swipe/products,product,"listing grid, dress, boots and bag",burgundy and black,MaxMara,,,,131313,0.332,333436,0.316,C9C7C6,0.139,542521,0.121,8F8E8F,0.092,warm charcoal,11.6,low,little left after background removal,0.003,0.191,no,dress_burgundy_and_black_maxmara_dress_boots_bag,1908,2746,1005112,PNG,contact_sheet
content/swipe/products/IMG_0305.png,content/swipe/products,product,"listing grid, trousers and belt",black and brown,MaxMara,,,,1F2021,0.563,5B5F63,0.143,6E442D,0.118,CBC8C6,0.092,9D9C9C,0.084,warm charcoal,8.3,low,little left after background removal; top cluster 56% — may still be a studio backdrop,0.02,0.222,no,bottom_black_and_brown_maxmara_trousers_belt,1908,2746,924810,PNG,contact_sheet
content/swipe/products/IMG_0306.png,content/swipe/products,product,"listing grid, coats and boots",camel and beige,MaxMara,,,,6B4630,0.3,242526,0.248,C7AF98,0.232,CAC8C8,0.124,918F8F,0.096,chocolate,9.2,low,little left after background removal,0.094,0.203,no,shoes_camel_and_beige_maxmara_coats_boots,1908,2746,1422895,PNG,contact_sheet
content/swipe/products/IMG_0307.png,content/swipe/products,product,"listing grid, knits and trousers",beige and pale pink,MaxMara,,,,212224,0.345,562826,0.195,5F5A59,0.185,B5A599,0.174,CECCCC,0.101,warm charcoal,8.0,low,little left after background removal,0.113,0.247,no,bottom_beige_and_pale_pink_maxmara_knits_trousers,1908,2746,1332561,PNG,contact_sheet
content/swipe/products/IMG_0308.png,content/swipe/products,product,"listing grid, tailoring and knits",taupe brown,MaxMara,,,,5D4E47,0.382,383534,0.248,C9C8C9,0.142,A0938A,0.129,020202,0.098,chocolate,8.7,low,little left after background removal,0.104,0.185,no,,1908,2746,1353589,PNG,contact_sheet
content/swipe/products/IMG_0309.png,content/swipe/products,product,"listing grid, dress, boots and scarf",brown and grey,MaxMara,,,,352E2A,0.38,544742,0.331,9B9999,0.104,CFCCCA,0.099,040302,0.086,warm charcoal,3.1,low,little left after background removal,0.014,0.228,no,dress_brown_and_grey_maxmara_dress_boots_scarf,1908,2746,1409590,PNG,contact_sheet
content/swipe/products/IMG_0310.png,content/swipe/products,product,"listing grid: knit high-neck, long skirt, sweater, coat",brick red rust,Max Mara (de.maxmara.com),,"hero look: matching knit half-zip and long skirt, belted, with brown bag and boots","a full head-to-toe single-colour rust story, knit-on-knit",552019,0.366,A77B54,0.343,140404,0.133,3A3B3C,0.085,BAB5B3,0.074,chocolate,13.4,medium,background dominates frame,0.025,0.432,yes,dress_deep_red_max_mara_long_red_dress,1908,2746,2380032,PNG,opened_reduced
content/swipe/products/IMG_0311.png,content/swipe/products,product,"listing grid, cape and knits",burgundy and beige,MaxMara,,,,AA8463,0.287,261E1C,0.24,B6AAA1,0.223,642C21,0.174,72533D,0.076,warm taupe,8.1,low,background dominates frame; skin band 16% — overlaps dusty rose / salmon,0.16,0.341,no,layer_burgundy_and_beige_maxmara_cape_knits,1908,2746,2537210,PNG,contact_sheet
content/swipe/products/IMG_0312.png,content/swipe/products,product,"listing grid, navy coats",navy,MaxMara,,,,DDD0C2,0.378,161517,0.228,353335,0.185,45171A,0.145,988D87,0.064,stone,2.3,medium,background dominates frame,0.006,0.433,no,,1908,2746,4695256,PNG,contact_sheet
content/swipe/products/IMG_0313.png,content/swipe/products,product,"listing grid, coats and trousers",burgundy and navy,MaxMara,,,,DDD0C2,0.369,161518,0.235,353436,0.188,45171A,0.141,928783,0.066,stone,2.3,medium,background dominates frame,0.006,0.442,no,bottom_burgundy_and_navy_maxmara_coats_trousers,1908,2746,4784654,PNG,contact_sheet
content/swipe/products/IMG_0314.png,content/swipe/products,product,"listing grid, black tailoring",black,MaxMara,,,,242226,0.31,100F11,0.298,3C3C3D,0.171,C8C7C6,0.115,908F8F,0.106,warm charcoal,8.3,low,little left after background removal,0.004,0.225,no,,1908,2746,1122935,PNG,contact_sheet
content/swipe/products/IMG_0315.png,content/swipe/products,product,"listing grid, leather jackets and knits",cream and black,MaxMara,,,,252527,0.466,5E5E61,0.2,D5CFCA,0.155,A09E9D,0.097,4A3328,0.082,warm charcoal,7.0,low,little left after background removal; top cluster 47% — may still be a studio backdrop,0.002,0.244,no,,1908,2746,1212223,PNG,contact_sheet
content/swipe/products/IMG_0316.png,content/swipe/products,product,"listing grid, jackets and dresses",brown and cream,MaxMara,,,,3B3331,0.346,11100E,0.307,C7C0B8,0.203,817A78,0.092,492D18,0.052,warm charcoal,3.2,low,little left after background removal,0.001,0.224,no,,1908,2746,1244087,PNG,contact_sheet
content/swipe/products/IMG_0317.png,content/swipe/products,product,cropped puffer jacket; page also shows Straight Jeans - Milo and Cropped Cotton-Lyocell Shirt,dark olive green,CLOSED,cotton-lyocell named in the shirt title; puffer composition not shown,model shot: over a grey-green check shirt with a cream cable knit tied at the waist and dark indigo jeans,"IMAGE MARKED ""AI-CREATED"" on the page — not a photograph of the garment on a person",44423B,0.417,1C1918,0.286,9D968E,0.231,FEF47C,0.062,,,warm charcoal,4.5,medium,background dominates frame,0.053,0.431,yes,layer_olive_green_closed_puffer_jacket_check,1908,2746,2765816,PNG,opened_reduced
content/swipe/products/IMG_0318.png,content/swipe/products,product,puffer jacket with wide jeans,olive green,CLOSED,,,,B7AAA2,0.295,413E3A,0.258,201F25,0.23,8E857A,0.138,FCF27B,0.08,warm taupe,9.5,medium,background dominates frame,0.028,0.347,no,layer_olive_green_closed_puffer_jacket_wide,1908,2746,2010826,PNG,contact_sheet
content/swipe/products/IMG_0319.png,content/swipe/products,product,"grid, puffer jacket and knits",olive and grey,CLOSED,,,,E5E5E5,0.427,3C3935,0.265,FFFFFF,0.176,9F948E,0.12,,,stone,7.9,high,,0.021,0.979,no,layer_olive_and_grey_closed_puffer_jacket_knits,1908,2746,2751520,PNG,contact_sheet
content/swipe/products/IMG_0320.png,content/swipe/products,product,denim overshirt; page also shows Straight Jeans - Joro and Sweatpants Jazzie,dark indigo,CLOSED,,"model shot: with camel wide trousers and brown printed flats, seated","IMAGE MARKED ""AI-CREATED"" on the page",212228,0.395,B5A89F,0.219,744D30,0.203,636264,0.104,B9926F,0.079,warm charcoal,9.4,medium,skin band 9%,0.085,0.451,no,bottom_camel_and_navy_closed_navy_shirt_camel,1908,2746,2251442,PNG,opened_reduced
content/swipe/products/IMG_0321.png,content/swipe/products,product,"grid, knit, jeans and printed shoes",cream and denim blue,CLOSED,,,,B9A99D,0.348,2F2E2F,0.316,7A706C,0.205,6B4731,0.089,223047,0.043,warm taupe,8.1,low,little left after background removal; skin band 18% — overlaps dusty rose / salmon,0.18,0.232,no,bottom_cream_and_denim_blue_closed_knit_jeans_printed,1908,2746,2631394,PNG,contact_sheet
content/swipe/products/IMG_0322.png,content/swipe/products,product,camel corduroy wide trousers; page also shows Wool-Blend Shirt Jacket and Wool-Blend Cableknit Jumper,camel tan,CLOSED,wool-blend named in the jacket and jumper titles; percentages not shown,model shot: with a red cardigan over a white tee and brown printed flats,"IMAGE MARKED ""AI-CREATED"" on the page",E8E8E8,0.574,BC9C84,0.215,2B2828,0.116,625752,0.066,,,stone,8.3,medium,skin band 15%; top cluster 57% — may still be a studio backdrop,0.146,0.854,no,bottom_camel_closed_knit_camel_wide,1908,2746,3317528,PNG,opened_reduced
content/swipe/products/IMG_0323.png,content/swipe/products,product,houndstooth wool shirt jacket,brown and grey houndstooth,CLOSED,,"model shot: over a white poplin shirt with dark indigo jeans, black belt, dark brown suede-look tote",no AI-CREATED mark on this one — worth comparing with IMG_0317,191618,0.453,423E3D,0.366,C1BFC1,0.112,FEF578,0.059,,,warm charcoal,10.9,medium,background dominates frame; top cluster 45% — may still be a studio backdrop,0.005,0.416,yes,layer_grey_pinstripe_closed_pinstripe_shirt_jacket,1908,2746,3031891,PNG,opened_reduced
content/swipe/products/IMG_0324.png,content/swipe/products,product,large tote bag with jeans,dark brown,CLOSED,,,,181518,0.539,3F3D3E,0.201,C3C1C3,0.157,FEF578,0.088,,,warm charcoal,11.4,medium,background dominates frame; top cluster 54% — may still be a studio backdrop,0.004,0.278,no,bottom_dark_brown_closed_large_tote_bag,1908,2746,1517875,PNG,contact_sheet
content/swipe/products/IMG_0325.png,content/swipe/products,product,"grid, camel jacket and trousers",camel,CLOSED,,,,1D1D24,0.447,4B4C4E,0.194,B3A8A2,0.158,BC9C7D,0.127,68422B,0.074,warm charcoal,10.8,medium,background dominates frame,0.088,0.356,no,layer_camel_closed_camel_jacket_trousers,1908,2746,3233946,PNG,contact_sheet
content/swipe/products/IMG_0326.png,content/swipe/products,product,pale blue knit with grey trousers,pale blue,CLOSED,,,,B4A397,0.341,29282C,0.313,A2B3CA,0.159,A4161C,0.128,605350,0.059,warm taupe,7.0,medium,background dominates frame,0.097,0.305,no,bottom_pale_blue_closed_pale_blue_knit,1908,2746,2215070,PNG,contact_sheet
content/swipe/products/IMG_0327.png,content/swipe/products,product,"grid, red knit and camel trousers",red and camel,CLOSED,,,,EEEEEE,0.652,2F2825,0.15,BBAA9D,0.129,273248,0.043,,,cream,8.5,medium,top cluster 65% — may still be a studio backdrop,0.053,0.947,no,bottom_red_and_camel_closed_red_knit_camel,1908,2746,3077116,PNG,contact_sheet
content/swipe/products/IMG_0328.png,content/swipe/products,product,"listing grid: jumper, jeans, bag, cardigan, blazer",brown cream black blue,CLOSED (closed.com),,model shots; blazer over grey tie-neck blouse with light jeans,long marled scarf styled as a full-length column in two shots,F6F6F6,0.361,DFDEDD,0.307,232222,0.151,615551,0.096,ADA09B,0.085,cream,9.0,high,,0.032,0.968,yes,layer_brown_and_grey_closed_animal-print_coat_bag,1908,2746,3284973,PNG,opened_reduced
content/swipe/products/IMG_0329.png,content/swipe/products,product,"grid, patterned knit and shirts",pale blue and cream,CLOSED,,,,ADA29C,0.29,404145,0.287,ACB8C6,0.225,1D1715,0.171,,,warm taupe,8.9,medium,background dominates frame,0.034,0.309,no,top_pale_blue_and_cream_closed_patterned_knit_shirts,1908,2746,3009315,PNG,contact_sheet
content/swipe/products/IMG_0330.png,content/swipe/products,product,"grid, jeans and pale blue knit",denim blue,CLOSED,,,,2F2D2E,0.262,77787B,0.221,494D55,0.195,B7ABA4,0.163,B9C1CF,0.16,warm charcoal,4.4,low,little left after background removal,0.035,0.203,no,bottom_denim_blue_closed_jeans_pale_blue,1908,2746,1974088,PNG,contact_sheet
content/swipe/products/IMG_0331.png,content/swipe/products,product,"grid, patterned knits and puffer",cream and brown,CLOSED,,,,B8B0AA,0.321,231713,0.256,2C2E33,0.203,59433C,0.141,FBF17A,0.078,stone,8.2,medium,background dominates frame,0.069,0.359,no,layer_cream_and_brown_closed_patterned_knits_puffer,1908,2746,3800888,PNG,contact_sheet
content/swipe/products/IMG_0332.png,content/swipe/products,product,"listing grid, trousers and knits on models",brown and black,CLOSED,,,,372A2D,0.337,1B1A1F,0.284,AAA5A3,0.148,304466,0.134,605049,0.096,warm charcoal,8.2,medium,background dominates frame,0.06,0.371,no,bottom_brown_and_black_closed_trousers_knits,1908,2746,2633547,PNG,contact_sheet
content/swipe/products/IMG_0333.png,content/swipe/products,product,"listing grid, knit, denim jacket, shirt",burgundy and denim blue,CLOSED,,,,BCAFA2,0.36,37393C,0.317,2A1B19,0.186,566676,0.085,774B36,0.053,stone,8.1,medium,background dominates frame,0.054,0.367,no,layer_burgundy_and_denim_blue_closed_knit_denim_jacket,1908,2746,3019196,PNG,contact_sheet
content/swipe/products/IMG_0334.png,content/swipe/products,product,"listing grid, bomber jacket and flared jeans",brown,CLOSED,,,,353B45,0.325,BAAFA7,0.293,241B17,0.206,837972,0.139,7A4531,0.038,warm charcoal,9.2,medium,background dominates frame,0.049,0.348,no,layer_brown_closed_bomber_jacket_flared,1908,2746,3593355,PNG,contact_sheet
content/swipe/products/IMG_0335.png,content/swipe/products,product,"listing grid, striped knit and wide trousers",navy,CLOSED,,,,454546,0.363,1B1D20,0.319,A9A29E,0.194,264394,0.106,,,warm charcoal,6.0,medium,background dominates frame,0.028,0.372,no,bottom_navy_closed_striped_knit_wide,1908,2746,3055992,PNG,contact_sheet
content/swipe/products/IMG_0336.png,content/swipe/products,product,"listing grid, shirts and jeans",white and blue,CLOSED,,,,222327,0.391,B0A49D,0.284,ADBBC6,0.21,5D6F88,0.087,,,warm charcoal,8.4,medium,background dominates frame,0.063,0.263,no,bottom_white_and_blue_closed_shirts_jeans,1908,2746,2365122,PNG,contact_sheet
content/swipe/products/IMG_0337.png,content/swipe/products,product,"listing grid, striped shirt, tee, knits",pale blue,CLOSED,,,,222225,0.338,B3AFAE,0.338,6C7176,0.22,2E476B,0.089,,,warm charcoal,8.1,medium,background dominates frame,0.031,0.33,no,top_pale_blue_closed_striped_shirt_tee,1908,2746,2323260,PNG,contact_sheet
content/swipe/products/IMG_0338.png,content/swipe/products,product,"listing grid, jacket, cardigan, striped knit",navy,CLOSED,,,,2A2227,0.408,37383D,0.237,625B61,0.146,A39994,0.134,D5D5D4,0.075,warm charcoal,9.2,medium,background dominates frame,0.008,0.326,no,layer_navy_closed_jacket_cardigan_striped,1908,2746,2438703,PNG,contact_sheet
content/swipe/products/IMG_0339.png,content/swipe/products,product,"listing grid with site footer, jeans and knit",grey and navy,CLOSED,,,,1E1D20,0.263,57595D,0.215,222532,0.204,37393D,0.196,B3B3B4,0.122,warm charcoal,9.3,low,little left after background removal,0.0,0.227,no,bottom_grey_and_navy_closed_site_footer_jeans,1908,2746,1314238,PNG,contact_sheet
content/swipe/products/IMG_0340.png,content/swipe/products,product,"listing grid: roll-neck, corduroy trousers, tee, jeans",blue camel white black,CLOSED (closed.com),,"flat product shots, no styling",one saturated cobalt knit against otherwise neutral rail,26292E,0.333,4C5E6B,0.283,B79D84,0.203,213F95,0.1,FCF37D,0.081,warm charcoal,7.9,medium,background dominates frame,0.0,0.336,yes,bottom_cobalt_blue_closed_bright_jumper_wide,1908,2746,2076142,PNG,opened_reduced
content/swipe/products/IMG_0341.png,content/swipe/products,product,"listing grid, knit, trousers, denim tote",burgundy,CLOSED,,,,26272D,0.487,737577,0.246,321F1C,0.118,305782,0.096,BFC0C1,0.052,warm charcoal,8.3,medium,background dominates frame; top cluster 49% — may still be a studio backdrop,0.0,0.261,no,bottom_burgundy_closed_knit_trousers_denim,1908,2746,1649335,PNG,contact_sheet
content/swipe/products/IMG_0342.png,content/swipe/products,product,"product page, cotton thermal long-sleeve top",pale grey,,,,,B2AA9A,0.389,29292A,0.279,CACBC8,0.175,666668,0.096,203345,0.062,warm taupe,7.9,medium,background dominates frame,0.014,0.429,no,top_pale_grey_cotton_thermal_long-sleeve,1908,2746,1249840,PNG,contact_sheet
content/swipe/products/IMG_0343.png,content/swipe/products,product,"product page, V-neck wool cashmere sweater",cream,,,,,B2AB9C,0.396,303338,0.388,CDCDC9,0.174,,,,,warm taupe,8.4,medium,background dominates frame,0.011,0.407,no,top_cream_v-neck_wool_cashmere,1908,2746,1275518,PNG,contact_sheet
content/swipe/products/IMG_0344.png,content/swipe/products,product,"product page, collared half-zip knit",dark brown,,,,,221E1E,0.495,C5B59D,0.139,C2C2C2,0.129,6B6D70,0.121,383A3B,0.115,warm charcoal,8.0,medium,background dominates frame; top cluster 50% — may still be a studio backdrop,0.005,0.308,no,top_dark_brown_collared_half-zip_knit,1908,2746,1019344,PNG,contact_sheet
content/swipe/products/IMG_0345.png,content/swipe/products,product,"product page, collared knit polo",navy,,,,,161722,0.504,AEA99D,0.167,686762,0.153,333537,0.123,CCCFCF,0.053,warm charcoal,13.9,medium,background dominates frame; top cluster 50% — may still be a studio backdrop,0.008,0.344,no,top_navy_collared_knit_polo,1908,2746,1357423,PNG,contact_sheet
content/swipe/products/IMG_0346.png,content/swipe/products,product,lightweight merino sweater on model,pale pink,,,,,A69D8D,0.281,C1BAAE,0.259,262628,0.252,C08081,0.115,616265,0.092,warm taupe,5.2,medium,background dominates frame,0.059,0.411,no,top_pale_pink_lightweight_merino_sweater,1908,2746,1338527,PNG,contact_sheet
content/swipe/products/IMG_0347.png,content/swipe/products,product,"product page, raglan cashmere silk sweater",dark brown,,,,,302D2D,0.612,C1BBAF,0.214,66696C,0.132,A47B4B,0.04,,,warm charcoal,3.9,medium,background dominates frame; top cluster 61% — may still be a studio backdrop,0.013,0.305,no,top_dark_brown_raglan_cashmere_silk,1908,2746,1292573,PNG,contact_sheet
content/swipe/products/IMG_0348.png,content/swipe/products,product,listing grid of fine knits,muted pink and brown,,,,,1C1919,0.321,464647,0.267,8F8782,0.175,C3CFDE,0.143,031A29,0.095,warm charcoal,9.5,medium,background dominates frame,0.088,0.298,no,,1908,2746,1802818,PNG,contact_sheet
content/swipe/products/IMG_0349.png,content/swipe/products,product,"listing grid, shirts and trousers",pale blue,,,,,C4D5EB,0.326,2D2A2D,0.289,A98763,0.207,C7C6C6,0.109,85878C,0.069,stone,16.2,medium,background dominates frame,0.0,0.266,no,bottom_pale_blue_shirts_trousers,1908,2746,1761244,PNG,contact_sheet
content/swipe/products/IMG_0350.png,content/swipe/products,product,"listing grid, tees and knits",black and cream,,,,,1F1E21,0.534,36383A,0.172,D5D4CF,0.146,A8A7A6,0.097,757473,0.051,warm charcoal,9.0,low,little left after background removal; top cluster 53% — may still be a studio backdrop,0.09,0.177,no,,1908,2746,889621,PNG,contact_sheet
content/swipe/products/IMG_0351.png,content/swipe/products,product,"listing grid, tees, shirt, knits",cream,,,,,1F1F25,0.422,C4C3C3,0.261,696B6E,0.125,36383B,0.107,E1B6B9,0.085,warm charcoal,10.0,medium,background dominates frame,0.001,0.304,no,top_cream_tees_shirt_knits,1908,2746,1248596,PNG,contact_sheet
content/swipe/products/IMG_0352.png,content/swipe/products,product,"listing grid, knits, denim shirt, trousers",grey and navy,,,,,BAB9B9,0.326,292B32,0.297,253A50,0.16,7B6856,0.129,376288,0.088,stone,8.1,medium,background dominates frame,0.0,0.337,no,bottom_grey_and_navy_knits_denim_shirt,1908,2746,2419178,PNG,contact_sheet
content/swipe/products/IMG_0353.png,content/swipe/products,product,"listing grid, shirt, trousers, knits",olive,,,,,201E21,0.529,524E40,0.173,C7C6C5,0.131,1E2031,0.11,8A8986,0.058,warm charcoal,9.0,low,little left after background removal; top cluster 53% — may still be a studio backdrop,0.0,0.238,no,bottom_olive_shirt_trousers_knits,1908,2746,1112160,PNG,contact_sheet
content/swipe/products/IMG_0354.png,content/swipe/products,product,"listing grid, tees and knits",navy and white,,,,,202124,0.564,646365,0.154,BBBCBA,0.107,967C5A,0.092,3F1F1F,0.082,warm charcoal,8.5,medium,background dominates frame; top cluster 56% — may still be a studio backdrop,0.139,0.28,no,,1908,2746,1088391,PNG,contact_sheet
content/swipe/products/IMG_0355.png,content/swipe/products,product,"large triangle scarf, merino-cashmere-silk",dusty pink rosewood,Merz b. Schwanen (merzbschwanen.com),,"flat shot, not styled",colour named Rosewood; title names the three fibres but no percentages shown,202021,0.391,3C393C,0.197,B7B6B5,0.195,686A6D,0.181,A15F47,0.036,warm charcoal,8.1,low,little left after background removal; skin band 25% — overlaps dusty rose / salmon,0.249,0.189,yes,accessory_dusty_pink_cashmere_silk_triangle,1908,2746,1069626,PNG,opened_reduced
content/swipe/products/IMG_0356.png,content/swipe/products,product,"listing grid, scarves, gloves, cap",grey and red,,,,,373D3B,0.314,1C1C20,0.308,B4B1B2,0.198,65696C,0.135,B41749,0.045,warm charcoal,6.3,medium,background dominates frame,0.0,0.287,no,accessory_grey_and_red_scarves_gloves_cap,1908,2746,2082172,PNG,contact_sheet
content/swipe/products/IMG_0357.png,content/swipe/products,product,"jacket with jeans, white tee, model shots",black and denim blue,,,,,201F21,0.538,D7C2AD,0.139,33456B,0.128,92A6B9,0.098,C98058,0.098,warm charcoal,8.5,medium,background dominates frame; top cluster 54% — may still be a studio backdrop,0.029,0.281,no,layer_black_and_denim_blue_jacket_jeans_white,1908,2746,1639460,PNG,contact_sheet
content/swipe/products/IMG_0358.png,content/swipe/products,product,"white shirt with jeans, cardigan, denim jacket",denim blue and cream,,,,,CCC4BE,0.317,3E5274,0.244,70849C,0.199,453834,0.149,1F2C42,0.091,stone,3.8,medium,background dominates frame,0.046,0.342,no,layer_denim_blue_and_cream_white_shirt_jeans,1908,2746,2678094,PNG,contact_sheet
content/swipe/products/IMG_0359.png,content/swipe/products,product,"striped long-sleeve top, roll-neck, jeans",navy stripe,,,,,252325,0.437,C6BEB5,0.298,32577C,0.115,6D584C,0.101,BF7B59,0.05,warm charcoal,7.3,medium,background dominates frame,0.053,0.3,no,bottom_navy_stripe_striped_long-sleeve_top,1908,2746,2381012,PNG,contact_sheet
content/swipe/products/IMG_0360.png,content/swipe/products,product,"listing grid: mohair-mix knit, wide jeans, shirt, coat",grey black brown,armedangels.com,,model shots; speckled mohair jumper with dark blue high-waist jeans,"tiles are tagged MOHAIR at the corner, so fibre leads the listing",211F23,0.377,463E3C,0.251,CBC7BF,0.183,928E88,0.145,A26146,0.044,warm charcoal,9.1,medium,background dominates frame,0.025,0.313,yes,bottom_grey_textured_boucl_roll-neck,1908,2746,2196456,PNG,opened_reduced
content/swipe/products/IMG_0361.png,content/swipe/products,product,"jeans, bomber jacket, long coat",dark brown,,,,,1D1B1E,0.305,563E33,0.255,38363A,0.236,918D88,0.108,D6C1B0,0.095,warm charcoal,9.8,medium,background dominates frame,0.032,0.289,no,layer_dark_brown_jeans_bomber_jacket,1908,2746,1846190,PNG,contact_sheet
content/swipe/products/IMG_0362.png,content/swipe/products,product,"listing grid, sweatshirts and short skirt",burgundy,,,,,352B29,0.365,813537,0.343,B8C2CD,0.157,4E6178,0.092,E2A683,0.044,warm charcoal,5.3,medium,background dominates frame,0.068,0.329,no,bottom_burgundy_sweatshirts_short_skirt,1908,2746,2364799,PNG,contact_sheet
content/swipe/products/IMG_0363.png,content/swipe/products,product,"leather jacket with printed scarf, tee, jeans",black and olive,,,,,252425,0.394,3F474A,0.343,814D32,0.117,C29469,0.093,B7B3AF,0.054,warm charcoal,6.8,medium,background dominates frame,0.052,0.358,no,layer_black_and_olive_leather_jacket_printed,1908,2746,2647450,PNG,contact_sheet
content/swipe/products/IMG_0364.png,content/swipe/products,product,high-neck jacket and mohair jumper,brown and blue,,,,,40302A,0.475,5C8EBC,0.222,2C3956,0.136,999797,0.1,CC8B68,0.066,chocolate,5.2,medium,background dominates frame; top cluster 48% — may still be a studio backdrop,0.053,0.381,no,layer_brown_and_blue_high-neck_jacket_mohair,1908,2746,3041665,PNG,contact_sheet
content/swipe/products/IMG_0365.png,content/swipe/products,product,"listing grid, dress, gilet, checked skirt",dusty pink,,,,,3D302D,0.394,994B4A,0.231,826755,0.18,D7C3B4,0.122,9DB1C9,0.072,warm charcoal,5.7,medium,background dominates frame,0.147,0.289,no,layer_dusty_pink_dress_gilet_checked,1908,2746,2291284,PNG,contact_sheet
content/swipe/products/IMG_0366.png,content/swipe/products,product,"listing grid, underwear, tank top, jeans",black and white,,,,,2B2C31,0.376,5F6A79,0.261,D48C63,0.191,874832,0.096,D4C4B8,0.076,warm charcoal,6.9,low,little left after background removal; skin band 19% — overlaps dusty rose / salmon,0.186,0.214,no,bottom_black_and_white_underwear_tank_top,1908,2746,1782297,PNG,contact_sheet
content/swipe/products/IMG_0367.png,content/swipe/products,product,"product page, underwear set",deep red,,,,,D3885E,0.324,2A2829,0.216,9E4744,0.21,D7D2D0,0.155,969596,0.094,salmon,7.0,low,little left after background removal,0.068,0.22,no,,1908,2746,1461718,PNG,contact_sheet
content/swipe/products/IMG_0368.png,content/swipe/products,product,"long-sleeve dobby cotton shirt, stand collar, full sleeve",white,OFFICINE GENERALE (ch.officinegenerale.com),,"untucked over dark brown wide trousers, sleeves full to a narrow cuff","subtitle reads ""texturierte weisse Dobby-Baumwolle""; volume at the sleeve, not the body",26272B,0.404,422C22,0.236,5E6267,0.165,A29794,0.099,C9BFBC,0.096,warm charcoal,7.5,low,little left after background removal,0.062,0.192,yes,bottom_white_and_brown_officine_generale_full-sleeve_blouse_trousers,1908,2746,1116201,PNG,opened_reduced
content/swipe/products/IMG_0369.png,content/swipe/products,product,"listing, felted wool sweatshirt and bag",deep brown,,,,,1E1918,0.496,353333,0.276,574E4B,0.102,807B78,0.065,CDCAC7,0.061,warm charcoal,9.4,low,little left after background removal; top cluster 50% — may still be a studio backdrop,0.043,0.22,no,bag_deep_brown_felted_wool_sweatshirt,1908,2746,1202171,PNG,contact_sheet
content/swipe/products/IMG_0370.png,content/swipe/products,product,fitted high-neck jersey top with scarf tie,brown,LEMAIRE (lemaire.fr),,second-skin fit tucked under a dark brown full skirt,the neck tie is cut as one with the top,211C1A,0.306,363333,0.232,3F2F27,0.225,604A41,0.2,9A908B,0.038,warm charcoal,8.3,medium,background dominates frame,0.079,0.342,yes,bottom_brown_lemaire_sheer_mesh_top,1908,2746,1912878,PNG,opened_reduced
content/swipe/products/IMG_0371.png,content/swipe/products,product,"full-length look, jersey top and skirt",brown,LEMAIRE,,,,1F1C1C,0.322,373638,0.266,48362E,0.225,706059,0.109,CCCCCA,0.078,warm charcoal,8.6,low,little left after background removal,0.05,0.196,no,bottom_brown_lemaire_full-length_jersey_top,1908,2746,970535,PNG,contact_sheet
content/swipe/products/IMG_0372.png,content/swipe/products,product,scarf-neck jersey top with open sheer back,brown,LEMAIRE (lemaire.fr),,"back view, worn with a dark brown zipped skirt",the back is a single sheer panel; the same piece front-on looks plain,332A26,0.338,4B372C,0.264,1A1616,0.254,66544D,0.129,,,warm charcoal,4.8,high,,0.05,0.524,yes,top_brown_lemaire_sheer_mesh_jersey,1908,2746,3487674,PNG,opened_reduced
content/swipe/products/IMG_0373.png,content/swipe/products,product,sheer mesh scarf-neck long-sleeve top,brown taupe,LEMAIRE (lemaire.fr),,"flat shot, not styled",flat shot shows the construction the model shot hides,6E5749,0.542,5B483C,0.198,35383A,0.129,A89E9C,0.086,33251D,0.045,chocolate,11.3,low,little left after background removal; top cluster 54% — may still be a studio backdrop,0.129,0.231,yes,shoes_taupe_brown_lemaire_foulard_top_mesh,1908,2746,1944857,PNG,opened_reduced
content/swipe/products/IMG_0374.png,content/swipe/products,product,"product page, foulard mesh jersey top",taupe brown,,,,,695345,0.488,222021,0.21,3A3736,0.12,616265,0.112,B3AAA9,0.071,chocolate,9.8,medium,background dominates frame; top cluster 49% — may still be a studio backdrop,0.095,0.326,no,top_taupe_brown_foulard_mesh_jersey,1908,2746,1937939,PNG,contact_sheet
content/swipe/products/IMG_0375.png,content/swipe/products,product,buttoned cashmere sweater with trousers,dark grey,LEMAIRE,,,,1C1816,0.56,32302F,0.252,504A47,0.106,777370,0.051,BDBCB5,0.032,warm charcoal,9.5,medium,background dominates frame; top cluster 56% — may still be a studio backdrop,0.002,0.399,no,bottom_dark_grey_lemaire_buttoned_cashmere_sweater,1908,2746,2202587,PNG,contact_sheet
content/swipe/products/IMG_0376.png,content/swipe/products,product,reversible buttoned cashmere sweater on model,dark grey,LEMAIRE,,,,221B18,0.541,363738,0.254,462F24,0.084,696563,0.071,B4B2AF,0.048,warm charcoal,8.7,low,little left after background removal; top cluster 54% — may still be a studio backdrop,0.005,0.248,no,top_dark_grey_lemaire_reversible_buttoned_cashmere,1908,2746,1101165,PNG,contact_sheet
content/swipe/products/IMG_0377.png,content/swipe/products,product,"buttoned cashmere cardigan, flat shot",grey,LEMAIRE,,,,4B4B4E,0.402,3A3A3D,0.295,606165,0.136,212225,0.131,A4A3A7,0.036,warm charcoal,8.3,medium,background dominates frame,0.0,0.43,no,layer_grey_lemaire_buttoned_cashmere_cardigan,1908,2746,3119755,PNG,contact_sheet
content/swipe/products/IMG_0378.png,content/swipe/products,product,"crew-neck knit cardigan, curved off-centre placket",camel beige,LEMAIRE (lemaire.fr),,"buttoned over a cream high-neck, with olive-brown wide trousers","the placket curves away from centre front, so it never hangs straight",312B25,0.251,977F55,0.23,E0CCA7,0.193,BCA376,0.186,64533D,0.14,warm charcoal,3.8,medium,background dominates frame,0.053,0.378,yes,layer_pale_khaki_yellow_lemaire_buttoned_cardigan_trousers,1908,2746,3231467,PNG,opened_reduced
content/swipe/products/IMG_0379.png,content/swipe/products,product,"buttoned cardigan, flat shot",pale khaki yellow,LEMAIRE,,,,BDA574,0.637,A78E62,0.193,363839,0.088,765D3B,0.046,B3ADA7,0.036,camel,3.7,medium,background dominates frame; top cluster 64% — may still be a studio backdrop,0.0,0.362,no,layer_pale_khaki_yellow_lemaire_buttoned_cardigan,1908,2746,3184114,PNG,contact_sheet
content/swipe/products/IMG_0380.png,content/swipe/products,product,"listing, leather hobo bag and belt",deep brown,,,,,211E1F,0.378,3B393A,0.256,6A6868,0.205,C4C0BD,0.085,4A3B2C,0.076,warm charcoal,8.3,low,little left after background removal,0.016,0.221,no,bag_deep_brown_leather_hobo_bag,1908,2746,995962,PNG,contact_sheet
content/swipe/products/IMG_0381.png,content/swipe/products,product,"listing, duffle coat, trousers, bag",brown,,,,,D2CDC2,0.268,3A393B,0.247,241D1A,0.238,48382A,0.127,857A70,0.121,stone,1.5,low,little left after background removal,0.021,0.182,no,layer_brown_duffle_coat_trousers,1908,2746,964368,PNG,contact_sheet
content/swipe/products/IMG_0382.png,content/swipe/products,product,"listing, crescent bag and loafers",brown,,,,,383636,0.288,241B18,0.283,D5D2CC,0.245,61534D,0.114,948F8D,0.07,warm charcoal,2.7,low,little left after background removal,0.054,0.154,no,bag_brown_crescent_bag_loafers,1908,2746,953916,PNG,contact_sheet
content/swipe/products/IMG_0383.png,content/swipe/products,product,"listing, collared blouson and trousers",brown,,,,,211A18,0.476,383433,0.249,D4D4D3,0.133,5E4F49,0.091,938E8C,0.05,warm charcoal,9.1,low,little left after background removal; top cluster 48% — may still be a studio backdrop,0.033,0.224,no,layer_brown_collared_blouson_trousers,1908,2746,1237530,PNG,contact_sheet
content/swipe/products/IMG_0384.png,content/swipe/products,product,"pilot blouson in shiny cow leather, shearling collar",black dark brown,LEMAIRE (lemaire.fr),,"worn over brown trousers, cropped and blouson at the hem","caption reads ""PILOT BLOUSON IN SHINY COW LEATHER""",171412,0.343,2C2826,0.255,454545,0.187,ADA29B,0.149,5A3A2B,0.065,warm charcoal,10.8,medium,background dominates frame,0.064,0.383,yes,layer_black_and_brown_lemaire_leather_blouson_shearling,1908,2746,2875082,PNG,opened_reduced
content/swipe/products/IMG_0385.png,content/swipe/products,product,"leather blouson, back view on model",black and brown,LEMAIRE,,,,1E1917,0.545,353433,0.241,4D3122,0.111,656260,0.066,B6A08F,0.037,warm charcoal,9.2,medium,top cluster 55% — may still be a studio backdrop,0.006,0.461,no,layer_black_and_brown_lemaire_leather_blouson,1908,2746,3251622,PNG,contact_sheet
content/swipe/products/IMG_0386.png,content/swipe/products,product,"leather blouson with shearling collar, flat",black and brown,LEMAIRE,,,,1D1817,0.364,343130,0.332,524F4F,0.163,7B7A7B,0.109,B0B0B2,0.032,warm charcoal,9.7,medium,background dominates frame,0.001,0.391,no,layer_black_and_brown_lemaire_leather_blouson_shearling,1908,2746,3168113,PNG,contact_sheet
content/swipe/products/IMG_0387.png,content/swipe/products,product,belted coat with tall funnel collar,black,LEMAIRE (lemaire.fr),,belted over black tights with printed knee boots and an olive fur bag,severe black coat against a scenic-print boot,1B1C1E,0.491,383737,0.33,797166,0.069,BBBAB9,0.066,C8BAA1,0.044,warm charcoal,9.6,low,little left after background removal; top cluster 49% — may still be a studio backdrop,0.016,0.212,yes,layer_black_lemaire_long_coat_bag,1908,2746,1412602,PNG,opened_reduced
content/swipe/products/IMG_0388.png,content/swipe/products,product,belted wrap coat in felted wool on model,black,LEMAIRE,,,,373739,0.478,0E0F0F,0.228,6D6E67,0.115,D3D0C8,0.096,9C9C94,0.084,warm charcoal,4.2,low,little left after background removal; top cluster 48% — may still be a studio backdrop,0.006,0.098,no,layer_black_lemaire_belted_wrap_coat,1908,2746,1653360,PNG,contact_sheet
content/swipe/products/IMG_0389.png,content/swipe/products,product,"belted wrap coat, flat shot",black,LEMAIRE,,,,0D0D10,0.307,36383B,0.237,5E6266,0.232,CCCDD0,0.115,898A8D,0.108,warm charcoal,13.1,low,little left after background removal,0.0,0.126,no,layer_black_lemaire_belted_wrap_coat,1908,2746,2440862,PNG,contact_sheet
content/swipe/products/IMG_0390.png,content/swipe/products,product,"listing, bag, ankle boot, coats",black,,,,,343435,0.428,1B1A1A,0.213,D3D4D3,0.189,635F5E,0.1,9C9692,0.069,warm charcoal,3.8,low,little left after background removal,0.015,0.169,no,shoes_black_bag_ankle_boot,1908,2746,877870,PNG,contact_sheet
content/swipe/products/IMG_0391.png,content/swipe/products,product,model in roll-neck knit and wide trousers,dark grey,LEMAIRE,,,,1D1E20,0.513,373839,0.427,A5A6A5,0.043,,,,,warm charcoal,9.1,low,little left after background removal; top cluster 51% — may still be a studio backdrop,0.02,0.245,no,bottom_dark_grey_lemaire_roll-neck_knit_wide,1908,2746,1511979,PNG,contact_sheet
content/swipe/products/IMG_0392.png,content/swipe/products,product,high-neck sweater in yak alpaca on model,charcoal,,,,,383838,0.614,5E6063,0.219,100F10,0.064,ADABAA,0.056,744F36,0.047,warm charcoal,3.2,low,little left after background removal; top cluster 61% — may still be a studio backdrop,0.019,0.193,no,top_charcoal_high-neck_sweater_yak,1908,2746,3309520,PNG,contact_sheet
content/swipe/products/IMG_0393.png,content/swipe/products,product,"high-neck sweater, flat shot",charcoal,LEMAIRE,,,,333436,0.567,616569,0.171,424244,0.131,B8B9BB,0.094,0A0A0D,0.037,warm charcoal,4.5,low,little left after background removal; top cluster 57% — may still be a studio backdrop,0.0,0.167,no,shoes_charcoal_lemaire_high-neck_sweater,1908,2746,3126235,PNG,contact_sheet
content/swipe/products/IMG_0394.png,content/swipe/products,product,chunky marled roll-neck sweater,brown black marl,LEMAIRE (lemaire.fr),,"flat shot, not styled",two-tone marl reads as a texture rather than a colour,4C3E32,0.371,2D241F,0.267,705B49,0.235,36383A,0.087,A5A4A5,0.041,chocolate,3.3,medium,background dominates frame,0.007,0.363,yes,shoes_brown_lemaire_marled_roll-neck_sweater,1908,2746,4180361,PNG,opened_reduced
content/swipe/products/IMG_0395.png,content/swipe/products,product,"listing grid: shirt, trousers, croissant bag, silver ring",black silver,LEMAIRE (lemaire.fr),,"flat product shots, no styling","titles name materials (dry silk, cotton twill blend, nappa) in the product name itself",1F1E20,0.346,37383A,0.221,616366,0.193,D3D1CF,0.166,A19A96,0.073,warm charcoal,8.7,low,little left after background removal,0.031,0.178,yes,bag_black_and_silver_lemaire_crescent_bag_rounded,1908,2746,661543,PNG,opened_reduced
content/swipe/products/IMG_0396.png,content/swipe/products,product,"listing, shoulder bag and ankle boots",burgundy and brown,,,,,201E1F,0.365,373535,0.282,616366,0.203,D1D1D1,0.079,A09B94,0.072,warm charcoal,8.3,low,little left after background removal,0.001,0.177,no,shoes_burgundy_and_brown_shoulder_bag_ankle,1908,2746,697119,PNG,contact_sheet
content/swipe/products/IMG_0397.png,content/swipe/products,product,"listing, knit, coat, bag, heeled sandal",camel and red,,,,,362E2C,0.38,D4CAC1,0.204,BB9F7F,0.178,72332F,0.134,7C6961,0.104,warm charcoal,3.9,low,little left after background removal,0.057,0.162,no,layer_camel_and_red_knit_coat_bag,1908,2746,1102824,PNG,contact_sheet
content/swipe/products/IMG_0398.png,content/swipe/products,product,"collection landing page, printed dress and bag",olive and brown,LEMAIRE,,,,3D361B,0.251,333435,0.233,D7D6D3,0.212,B0A396,0.157,7B7164,0.147,chocolate,10.2,low,little left after background removal,0.046,0.152,no,dress_olive_and_brown_lemaire_landing_printed_dress,1908,2746,1096843,PNG,contact_sheet
content/swipe/products/IMG_0399.png,content/swipe/products,product,"listing, crescent bag and leather jacket",black and olive,,,,,101011,0.331,302F32,0.317,514E4F,0.15,CECECD,0.139,8C8989,0.064,warm charcoal,12.3,low,little left after background removal,0.027,0.195,no,layer_black_and_olive_crescent_bag_leather,1908,2746,1061451,PNG,contact_sheet
content/swipe/products/IMG_0400.png,content/swipe/products,product,"oversized chunky roll-neck sweater, deep folded collar",brown black marl,LEMAIRE (lemaire.fr),,"close crop on collar and shoulder, collar folded down over neck",collar depth is the whole point of the shot,191512,0.391,3A3129,0.336,685749,0.124,C3A48C,0.081,7D4D2D,0.069,warm charcoal,10.4,medium,background dominates frame,0.117,0.404,yes,top_brown_marled_roll-neck_profile,1908,2746,4201676,PNG,opened_reduced
content/swipe/products/IMG_0401.png,content/swipe/products,product,folded snood in yak alpaca,brown,,,,,403830,0.349,2A2521,0.277,675442,0.196,1C1816,0.114,BAB9B7,0.064,warm charcoal,3.0,medium,background dominates frame,0.0,0.298,no,accessory_brown_folded_snood_yak,1908,2746,2546845,PNG,contact_sheet
content/swipe/products/IMG_0402.png,content/swipe/products,product,silk shirt over roll-neck on model,pale pink,,,,,222224,0.256,433A36,0.242,C7B6B0,0.233,6B6260,0.209,251D19,0.059,warm charcoal,7.8,low,background dominates frame; skin band 36% — overlaps dusty rose / salmon,0.36,0.261,no,top_pale_pink_silk_shirt_roll-neck,1908,2746,2205494,PNG,contact_sheet
content/swipe/products/IMG_0403.png,content/swipe/products,product,"silk shirt, flat shot",pale pink,LEMAIRE,,,,E0C5BF,0.672,282A2C,0.161,B99C97,0.079,5E6266,0.07,,,stone,9.7,low,background dominates frame; skin band 73% — overlaps dusty rose / salmon; skin not masked; top cluster 67% — may still be a studio backdrop,0.727,0.412,no,shoes_pale_pink_lemaire_silk_shirt,1908,2746,1708195,PNG,contact_sheet
content/swipe/products/IMG_0404.png,content/swipe/products,product,"silk shirt, flat shot",tan,,,,,B4906C,0.75,333233,0.095,C7A886,0.081,725542,0.047,,,camel,5.2,medium,background dominates frame; top cluster 75% — may still be a studio backdrop,0.022,0.381,no,shoes_tan_silk_shirt,1908,2746,2600240,PNG,contact_sheet
content/swipe/products/IMG_0405.png,content/swipe/products,product,knee-high leather boots,olive brown,,,,,2D2B2A,0.338,544738,0.334,8A7861,0.241,C0BEBD,0.051,5B5A59,0.036,warm charcoal,4.1,low,little left after background removal,0.0,0.21,no,shoes_olive_brown_knee-high_leather_boots,1908,2746,1229318,PNG,contact_sheet
content/swipe/products/IMG_0406.png,content/swipe/products,product,"knee-high leather boots, pair",olive brown,,,,,211C19,0.281,7D6C57,0.268,4A3D2E,0.247,37393B,0.154,C2C0BC,0.05,warm charcoal,8.2,low,little left after background removal,0.0,0.215,no,shoes_olive_brown_knee-high_leather_boots,1908,2746,1200294,PNG,contact_sheet
content/swipe/products/IMG_0407.png,content/swipe/products,product,short-sleeve merino sweater on model,beige,,,,,463933,0.274,846E59,0.233,AB9680,0.218,221D1A,0.179,D4C2AE,0.096,chocolate,4.9,medium,background dominates frame,0.041,0.359,no,top_beige_short-sleeve_merino_sweater,1908,2746,2785960,PNG,contact_sheet
content/swipe/products/IMG_0408.png,content/swipe/products,product,short-sleeve knit with leather trousers,beige and grey,,,,,2F2D2C,0.429,544C47,0.207,A79178,0.165,D6D2CB,0.135,8A8784,0.064,warm charcoal,3.6,low,little left after background removal,0.022,0.222,no,bottom_beige_and_grey_short-sleeve_knit_leather,1908,2746,1402208,PNG,contact_sheet
content/swipe/products/IMG_0409.png,content/swipe/products,product,"short-sleeve merino sweater, flat",beige,,,,,BEA68E,0.741,A28B74,0.125,3A3B3C,0.074,A5A3A3,0.036,,,warm taupe,6.0,medium,top cluster 74% — may still be a studio backdrop,0.008,0.456,no,shoes_beige_short-sleeve_merino_sweater,1908,2746,4150152,PNG,contact_sheet
content/swipe/products/IMG_0410.png,content/swipe/products,product,"short-sleeve merino sweater, flat",dark brown,LEMAIRE,,,,5F6266,0.36,483E3D,0.28,C1C2C4,0.158,191415,0.142,939293,0.059,petrol,13.9,low,little left after background removal,0.0,0.079,no,shoes_dark_brown_lemaire_short-sleeve_merino_sweater,1908,2746,3744655,PNG,contact_sheet
content/swipe/products/IMG_0411.png,content/swipe/products,product,"listing, slip-on shoe, wallet, trousers",black and brown,,,,,393A3A,0.315,D5D6D5,0.227,201D1B,0.2,8C8580,0.132,523A32,0.126,warm charcoal,3.8,low,little left after background removal,0.006,0.145,no,bottom_black_and_brown_slip-on_shoe_wallet,1908,2746,668810,PNG,contact_sheet
content/swipe/products/IMG_0412.png,content/swipe/products,product,"listing, hooded coat, slingback heel, pendant",black and red brown,,,,,171716,0.403,38393B,0.28,D5D5D2,0.186,8A8584,0.074,623B37,0.057,warm charcoal,10.4,low,little left after background removal,0.043,0.191,no,layer_black_and_red_brown_hooded_coat_slingback,1908,2746,999092,PNG,contact_sheet
content/swipe/products/IMG_0413.png,content/swipe/products,product,"listing, dresses, scarf, trousers",blue and navy,MARGARET HOWELL,,,,222328,0.493,5D6471,0.222,1A3A5E,0.154,D0D0D1,0.076,A3A2A6,0.056,warm charcoal,8.7,low,little left after background removal; top cluster 49% — may still be a studio backdrop,0.032,0.242,no,bottom_blue_and_navy_margaret_howell_dresses_scarf_trousers,1908,2746,1428844,PNG,contact_sheet
content/swipe/products/IMG_0414.png,content/swipe/products,product,crew-neck jumper with skirt on model,pale blue,,,,,28292C,0.319,566B87,0.293,636468,0.191,183252,0.099,B7B7BA,0.097,warm charcoal,6.6,low,little left after background removal,0.011,0.224,no,bottom_pale_blue_crew-neck_jumper_skirt,1908,2746,1234982,PNG,contact_sheet
content/swipe/products/IMG_0415.png,content/swipe/products,product,crew-neck jumper with skirt on model,olive green,,,,,292A2B,0.34,5C5848,0.277,636569,0.188,998469,0.1,B8B7B8,0.095,warm charcoal,5.7,low,little left after background removal,0.012,0.227,no,bottom_olive_green_crew-neck_jumper_skirt,1908,2746,1174158,PNG,contact_sheet
content/swipe/products/IMG_0416.png,content/swipe/products,product,double-breasted wool coat on model,navy,MARGARET HOWELL,,,,232328,0.634,626266,0.21,BAB9BB,0.069,D5D4D5,0.065,,,warm charcoal,8.6,low,little left after background removal; top cluster 63% — may still be a studio backdrop,0.002,0.214,no,layer_navy_margaret_howell_double-breasted_wool_coat,1908,2746,749351,PNG,contact_sheet
content/swipe/products/IMG_0417.png,content/swipe/products,product,"wool melton reefer coat, flat",black,,,,,212025,0.453,35373A,0.192,121214,0.144,B8B8B9,0.11,6D6C6F,0.1,warm charcoal,9.3,low,little left after background removal; top cluster 45% — may still be a studio backdrop,0.0,0.179,no,layer_black_wool_melton_reefer,1908,2746,793833,PNG,contact_sheet
content/swipe/products/IMG_0418.png,content/swipe/products,product,reefer coat on model with knit hat,olive brown,MARGARET HOWELL,,,,1E1E21,0.314,666669,0.224,40362D,0.17,C4C3C3,0.148,343739,0.144,warm charcoal,9.2,low,little left after background removal,0.009,0.213,no,layer_olive_brown_margaret_howell_reefer_coat_knit,1908,2746,922314,PNG,contact_sheet
content/swipe/products/IMG_0419.png,content/swipe/products,product,"wool melton reefer coat, flat",olive green,,,,,484036,0.498,343332,0.191,B8B7B7,0.11,191716,0.101,6D6B6B,0.099,warm charcoal,4.9,low,little left after background removal; top cluster 50% — may still be a studio backdrop,0.0,0.216,no,layer_olive_green_wool_melton_reefer,1908,2746,1485050,PNG,contact_sheet
content/swipe/products/IMG_0420.png,content/swipe/products,product,ribbed wool scarf,navy black,MARGARET HOWELL,,,,12171E,0.415,1D2127,0.291,64676B,0.139,36393B,0.099,B7B7B8,0.056,warm charcoal,13.0,medium,background dominates frame,0.0,0.306,no,accessory_navy_black_margaret_howell_ribbed_wool_scarf,1908,2746,1755110,PNG,contact_sheet
content/swipe/products/IMG_0421.png,content/swipe/products,product,ribbed wool scarf,dark brown,MARGARET HOWELL,,,,433B3A,0.321,362C29,0.307,201F21,0.173,65666A,0.141,B7B5B6,0.059,warm charcoal,4.0,medium,background dominates frame,0.0,0.313,no,accessory_dark_brown_margaret_howell_ribbed_wool_scarf,1908,2746,1885735,PNG,contact_sheet
content/swipe/products/IMG_0422.png,content/swipe/products,product,ribbed wool scarf,oatmeal cream,MARGARET HOWELL,,,,C1B3AD,0.384,A5968F,0.244,646568,0.147,202124,0.132,35383A,0.094,stone,8.1,medium,background dominates frame,0.041,0.3,no,accessory_oatmeal_cream_margaret_howell_ribbed_wool_scarf,1908,2746,1870246,PNG,contact_sheet
content/swipe/products/IMG_0423.png,content/swipe/products,product,jumper with long skirt on model,brown,MARGARET HOWELL,,,,262627,0.313,42322C,0.299,656669,0.181,C3C2C2,0.108,5F493E,0.099,warm charcoal,6.4,medium,background dominates frame,0.011,0.263,no,bottom_brown_margaret_howell_jumper_long_skirt,1908,2746,1394205,PNG,contact_sheet
content/swipe/products/IMG_0424.png,content/swipe/products,product,"donegal crew-neck jumper, flat",olive brown,,,,,52463F,0.417,373737,0.23,B7B5B6,0.134,6E6C6D,0.115,2D1E1C,0.104,chocolate,6.6,low,little left after background removal,0.006,0.161,no,shoes_olive_brown_donegal_crew-neck_jumper,1908,2746,1158014,PNG,contact_sheet
content/swipe/products/IMG_0425.png,content/swipe/products,product,jumper with checked skirt on model,oatmeal,MARGARET HOWELL,,,,B3ACA5,0.306,696868,0.237,202023,0.221,3A3A3C,0.181,634537,0.054,stone,9.1,low,little left after background removal,0.011,0.237,no,bottom_oatmeal_margaret_howell_jumper_checked_skirt,1908,2746,1420717,PNG,contact_sheet
content/swipe/products/IMG_0426.png,content/swipe/products,product,"donegal crew-neck jumper, flat",cream,,,,,BDB7B1,0.335,A49C95,0.244,38393A,0.229,696463,0.143,242021,0.05,stone,6.4,low,little left after background removal,0.005,0.158,no,shoes_cream_donegal_crew-neck_jumper,1908,2746,1213863,PNG,contact_sheet
content/swipe/products/IMG_0427.png,content/swipe/products,product,oversized chunky V-neck jumper,navy,MARGARET HOWELL (margarethowell.co.uk),,"over pale blue shirt with collar out, navy pleated skirt, thin black belt",copy says heavyweight cashmere wool blend; belt worn over the jumper hem,191A22,0.55,64666A,0.172,343639,0.132,BEBFC1,0.109,644233,0.036,warm charcoal,12.0,medium,background dominates frame; top cluster 55% — may still be a studio backdrop,0.009,0.257,yes,top_navy_margaret_howell_v-neck_jumper_shirt,1908,2746,1122785,PNG,opened_reduced
content/swipe/products/IMG_0428.png,content/swipe/products,product,cashmere V-neck jumper with pleated skirt,navy,,,,,1C1F28,0.577,35383A,0.191,6C6B6E,0.112,B7B7B8,0.111,,,warm charcoal,11.4,low,little left after background removal; top cluster 58% — may still be a studio backdrop,0.003,0.159,no,bottom_navy_cashmere_v-neck_jumper,1908,2746,956434,PNG,contact_sheet
content/swipe/products/IMG_0429.png,content/swipe/products,product,crew-neck jumper with trousers on model,dark olive,MARGARET HOWELL,,,,2E2C2B,0.541,616264,0.2,8C755F,0.131,CECDCE,0.082,A9A6A4,0.047,warm charcoal,3.9,medium,background dominates frame; top cluster 54% — may still be a studio backdrop,0.009,0.257,no,bottom_dark_olive_margaret_howell_crew-neck_jumper_trousers,1908,2746,1344530,PNG,contact_sheet
content/swipe/products/IMG_0430.png,content/swipe/products,product,"crew-neck jumper, flat shot",olive charcoal,,,,,4E4A44,0.496,363534,0.244,B7B6B6,0.134,6D6C6D,0.101,,,warm charcoal,6.7,low,little left after background removal; top cluster 50% — may still be a studio backdrop,0.0,0.191,no,shoes_olive_charcoal_crew-neck_jumper,1908,2746,1422423,PNG,contact_sheet
content/swipe/products/IMG_0431.png,content/swipe/products,product,crew-neck jumper with skirt on model,rust red,MARGARET HOWELL,,,,242527,0.391,3E1A13,0.272,636569,0.176,C4C3C4,0.108,694132,0.053,warm charcoal,7.2,medium,background dominates frame,0.018,0.251,no,bottom_rust_red_margaret_howell_crew-neck_jumper_skirt,1908,2746,1120839,PNG,contact_sheet
content/swipe/products/IMG_0432.png,content/swipe/products,product,"crew-neck jumper, flat shot",rust red,,,,,5A2D21,0.303,47484A,0.267,441F17,0.15,B2B1B2,0.142,1C1B1E,0.138,chocolate,10.4,low,little left after background removal,0.009,0.162,no,shoes_rust_red_crew-neck_jumper,1908,2746,1054708,PNG,contact_sheet
content/swipe/products/IMG_0433.png,content/swipe/products,product,"felted lambswool hooded balaclava, ribbed neck",chocolate brown,MARGARET HOWELL (margarethowell.co.uk),,"flat shot, not styled",sold in three colourways at one price; description says fabricated in wool,262526,0.307,3F2F2E,0.282,53403E,0.172,65666A,0.157,B7B5B7,0.082,warm charcoal,6.5,medium,background dominates frame,0.004,0.29,yes,accessory_brown_margaret_howell_felted_wool_hood,1908,2746,1828089,PNG,opened_reduced
content/swipe/products/IMG_0434.png,content/swipe/products,product,"felted wool hood, flat shot",dark brown,,,,,493735,0.455,2D2221,0.232,35383A,0.12,B4B2B2,0.098,6F686A,0.095,chocolate,7.2,low,little left after background removal; top cluster 45% — may still be a studio backdrop,0.005,0.245,no,shoes_dark_brown_felted_wool_hood,1908,2746,1952546,PNG,contact_sheet
content/swipe/products/IMG_0435.png,content/swipe/products,product,"felted wool hood, flat shot",grey,,,,,3F3F3F,0.409,5F5E5E,0.38,BEBDBE,0.076,919090,0.068,211F1F,0.067,warm charcoal,4.2,low,little left after background removal,0.001,0.247,no,shoes_grey_felted_wool_hood,1908,2746,1776193,PNG,contact_sheet
content/swipe/products/IMG_0436.png,content/swipe/products,product,"felted lambswool hooded balaclava, ribbed neck",rust sienna red,margarethowell.co.uk,,"flat shot, not styled",same hood as the chocolate version; colour named Sienna,7A2F2B,0.449,4F1C1A,0.214,302F30,0.159,B7B5B6,0.101,6C6A6D,0.077,rust,14.9,low,little left after background removal,0.008,0.237,yes,shoes_red_felted_wool_hood,1908,2746,2015476,PNG,opened_reduced
content/swipe/products/IMG_0437.png,content/swipe/products,product,crew-neck jumper with trousers on model,camel,,,,,724F35,0.437,353738,0.171,171518,0.16,B9B7B6,0.134,6E6C6E,0.099,chocolate,11.0,low,little left after background removal,0.043,0.174,no,bottom_camel_crew-neck_jumper_trousers,1908,2746,1320805,PNG,contact_sheet
content/swipe/products/IMG_0438.png,content/swipe/products,product,"listing, leather bomber, trousers, belt",brown and camel,A.P.C.,,,,A78E70,0.31,201B1B,0.292,423836,0.247,646569,0.1,C5BEB9,0.052,warm taupe,3.2,medium,background dominates frame,0.035,0.346,no,layer_brown_and_camel_a_p_c_leather_bomber_trousers,1908,2746,1739555,PNG,contact_sheet
content/swipe/products/IMG_0439.png,content/swipe/products,product,"crew-neck sweater, flat shot",khaki camel,A.P.C.,,,,917D5F,0.628,1E1E20,0.188,353739,0.083,606468,0.075,,,warm mid grey,8.0,medium,background dominates frame; top cluster 63% — may still be a studio backdrop,0.0,0.372,no,shoes_khaki_camel_a_p_c_crew-neck_sweater,1908,2746,2336091,PNG,contact_sheet
content/swipe/products/IMG_0440.png,content/swipe/products,product,wide trousers with shoulder bag on model,khaki,A.P.C.,,,,252526,0.383,B29879,0.214,8E7459,0.162,5F4130,0.137,BFBDBA,0.104,warm charcoal,6.7,low,little left after background removal,0.022,0.246,no,bottom_khaki_a_p_c_wide_trousers_shoulder,1908,2746,1333919,PNG,contact_sheet
content/swipe/products/IMG_0441.png,content/swipe/products,product,"crew-neck sweater, flat shot",cream,A.P.C.,,,,E1DAC8,0.307,1E1F21,0.3,35383A,0.24,63676C,0.15,,,cream,2.9,low,little left after background removal,0.0,0.194,no,shoes_cream_a_p_c_crew-neck_sweater,1908,2746,1839626,PNG,contact_sheet
content/swipe/products/IMG_0442.png,content/swipe/products,product,"listing, trousers and flap shoulder bag",camel and burgundy,A.P.C.,,,,29282A,0.37,AC9579,0.253,D7D4D3,0.177,636366,0.121,421F21,0.08,warm charcoal,6.1,medium,background dominates frame,0.017,0.333,no,bottom_camel_and_burgundy_a_p_c_trousers_flap_shoulder,1908,2746,1434195,PNG,contact_sheet
content/swipe/products/IMG_0443.png,content/swipe/products,product,"listing, jeans, loafers, jacket, knit",denim blue,A.P.C.,,,,222223,0.373,637684,0.289,172638,0.176,574843,0.1,BDBCBE,0.063,warm charcoal,7.5,medium,background dominates frame,0.031,0.303,no,layer_denim_blue_a_p_c_jeans_loafers_jacket,1908,2746,1483386,PNG,contact_sheet
content/swipe/products/IMG_0444.png,content/swipe/products,product,"listing, denim looks and knits",denim blue,A.P.C.,,,,2C2C2F,0.356,121721,0.29,5185A1,0.154,B4BDC3,0.124,6A5F5F,0.076,warm charcoal,5.8,low,little left after background removal,0.034,0.229,no,bottom_denim_blue_a_p_c_denim_looks_knits,1908,2746,1444052,PNG,contact_sheet
content/swipe/products/IMG_0445.png,content/swipe/products,product,pinafore dress over shirt with tall boots,navy,A.P.C.,,,,161B23,0.5,383435,0.232,606267,0.129,CDCED0,0.077,95979E,0.062,warm charcoal,12.3,medium,background dominates frame; top cluster 50% — may still be a studio backdrop,0.013,0.299,no,dress_navy_a_p_c_pinafore_dress_shirt,1908,2746,2665605,PNG,contact_sheet
content/swipe/products/IMG_0446.png,content/swipe/products,product,"listing, trousers, loafers, shoulder bag",cream and brown,A.P.C.,,,,212123,0.445,CFCBC4,0.218,606063,0.14,472E26,0.111,A09B96,0.087,warm charcoal,8.1,medium,background dominates frame,0.017,0.312,no,bottom_cream_and_brown_a_p_c_trousers_loafers_shoulder,1908,2746,1309622,PNG,contact_sheet
content/swipe/products/IMG_0447.png,content/swipe/products,product,"listing, dress, vest top, loafers",navy and black,A.P.C.,,,,231F20,0.265,D6D3D5,0.249,3A3A3D,0.243,0A090B,0.166,856C66,0.077,warm charcoal,8.0,medium,background dominates frame,0.051,0.313,no,dress_navy_and_black_a_p_c_dress_vest_top,1908,2746,1681283,PNG,contact_sheet
content/swipe/products/IMG_0448.png,content/swipe/products,product,tie-neck blouse in satin-stripe fabric,dark aubergine brown,A.P.C. (apc.fr),,tucked into wide light-wash jeans with a thin black belt,near-black warm brown reads softer than black against indigo,F4F3F4,0.326,C5C3C5,0.268,3A353D,0.167,211B1E,0.16,585F6B,0.08,cream,9.3,high,,0.021,0.979,yes,bottom_dark_aubergine_a_p_c_silk_blouse_jeans,1908,2746,3586023,PNG,opened_reduced
content/swipe/products/IMG_0449.png,content/swipe/products,product,"listing, jacket, coat, blazer, tee",navy and olive,A.P.C.,,,,16161D,0.507,B9B8BB,0.167,35383B,0.153,563B20,0.093,5D6570,0.081,warm charcoal,12.6,medium,background dominates frame; top cluster 51% — may still be a studio backdrop,0.005,0.285,no,layer_navy_and_olive_a_p_c_jacket_coat_blazer,1908,2746,1235588,PNG,contact_sheet
content/swipe/products/IMG_0450.png,content/swipe/products,product,"listing, pleated skirt, flats, jacket",navy and black,A.P.C.,,,,C8C7C4,0.401,14161B,0.334,363637,0.206,7B7B7B,0.043,,,stone,5.0,medium,background dominates frame,0.021,0.258,no,layer_navy_and_black_a_p_c_pleated_skirt_flats,1908,2746,1114111,PNG,contact_sheet
content/swipe/products/IMG_0451.png,content/swipe/products,product,coat and bucket hat with jeans on model,navy,A.P.C.,,,,090D17,0.393,1D2027,0.316,36383C,0.168,616368,0.093,B0B0B3,0.03,warm charcoal,14.9,medium,background dominates frame,0.009,0.328,no,layer_navy_a_p_c_coat_bucket_hat,1908,2746,3035130,PNG,contact_sheet
content/swipe/products/IMG_0452.png,content/swipe/products,product,double-breasted caban in recycled wool,dark navy,A.P.C. (apc.fr),,"flat shot, not styled","title reads ""caban en laine recyclée""; recycled fibre named in the product name",313436,0.495,606469,0.307,434649,0.084,95979C,0.065,C7C8C9,0.049,warm charcoal,5.3,low,little left after background removal; top cluster 49% — may still be a studio backdrop,0.0,0.089,yes,layer_navy_a_p_c_recycled_wool_peacoat,1908,2746,844278,PNG,opened_reduced
content/swipe/products/IMG_0453.png,content/swipe/products,product,"peacoat product page, partial view",navy,A.P.C.,,,,1D1D20,0.604,626669,0.143,36383A,0.136,BDBDBD,0.117,,,warm charcoal,9.4,low,little left after background removal; top cluster 60% — may still be a studio backdrop,0.0,0.235,no,layer_navy_a_p_c_peacoat,1908,2746,343384,PNG,contact_sheet
content/swipe/products/IMG_0454.png,content/swipe/products,product,"peacoat product page, sleeve detail",navy,A.P.C.,,,,222224,0.668,5A5E62,0.146,A3A3A3,0.076,DCDCDD,0.071,7A7A7B,0.039,warm charcoal,7.8,low,little left after background removal; top cluster 67% — may still be a studio backdrop,0.0,0.205,no,layer_navy_a_p_c_peacoat_sleeve,1908,2746,290579,PNG,contact_sheet
content/swipe/products/IMG_0455.png,content/swipe/products,product,"listing, shoulder bag, cardigan, trousers",burgundy and cream,A.P.C.,,,,242527,0.527,5F6064,0.179,3B1F21,0.146,A69A92,0.085,D8D4CB,0.062,warm charcoal,7.2,low,little left after background removal; top cluster 53% — may still be a studio backdrop,0.004,0.206,no,layer_burgundy_and_cream_a_p_c_shoulder_bag_cardigan,1908,2746,792387,PNG,contact_sheet
content/swipe/products/IMG_0456.png,content/swipe/products,product,"listing, flap bag, jacket, dress",burgundy and cream,A.P.C.,,,,181515,0.332,403C3A,0.237,312520,0.228,D4CBC2,0.111,8A796C,0.093,warm charcoal,10.7,low,little left after background removal,0.069,0.215,no,layer_burgundy_and_cream_a_p_c_flap_bag_jacket,1908,2746,1215938,PNG,contact_sheet
content/swipe/products/IMG_0457.png,content/swipe/products,product,"listing, shirts, skirt, striped polo",cream,A.P.C.,,,,1C1C1C,0.286,343739,0.256,DDD6CB,0.252,A6A49F,0.161,5E5E5E,0.044,warm charcoal,9.0,low,little left after background removal,0.0,0.108,no,bottom_cream_a_p_c_shirts_skirt_striped,1908,2746,731912,PNG,contact_sheet
content/swipe/products/IMG_0458.png,content/swipe/products,product,"listing, puffer jacket, knit, bag",burgundy,A.P.C.,,,,4B191D,0.425,763134,0.251,272828,0.243,BAB4B3,0.042,6C6061,0.04,soft plum,13.7,medium,background dominates frame,0.002,0.253,no,layer_burgundy_a_p_c_puffer_jacket_knit,1908,2746,1015058,PNG,contact_sheet
content/swipe/products/IMG_0459.png,content/swipe/products,product,"listing, shirt dress, skirt, denim jacket",black and navy,A.P.C.,,,,0F1A2F,0.565,363739,0.246,CDCACB,0.09,828284,0.059,6D4332,0.041,warm charcoal,17.2,low,little left after background removal; top cluster 56% — may still be a studio backdrop,0.069,0.166,no,layer_black_and_navy_a_p_c_shirt_dress_skirt,1908,2746,1564404,PNG,contact_sheet
content/swipe/products/IMG_0460.png,content/swipe/products,product,"listing, knit with mini skirt, tee, cardigan",brown and pale blue,A.P.C.,,,,1D1D1F,0.32,8C909F,0.236,6C6664,0.21,3A3A3B,0.172,C2C0BE,0.062,warm charcoal,9.1,low,little left after background removal,0.068,0.248,no,layer_brown_and_pale_blue_a_p_c_knit_mini_skirt,1908,2746,1103365,PNG,contact_sheet
content/swipe/products/IMG_0461.png,content/swipe/products,product,"listing, checked cardigan, tee, trousers",brown and cream,A.P.C.,,,,D9D5CD,0.388,1B1B1B,0.201,3C3B3B,0.193,977D60,0.171,93918E,0.047,stone,2.7,low,little left after background removal; skin band 22% — overlaps dusty rose / salmon,0.218,0.184,no,layer_brown_and_cream_a_p_c_checked_cardigan_tee,1908,2746,1488898,PNG,contact_sheet
content/swipe/products/IMG_0462.png,content/swipe/products,product,"listing, roll-neck with wide jeans, knits",black and cream,soeur,,,,86857C,0.509,242528,0.196,F0EFEB,0.171,5F605E,0.116,,,warm mid grey,3.7,medium,top cluster 51% — may still be a studio backdrop,0.004,0.996,no,bottom_black_and_cream_soeur_roll-neck_wide_jeans,1908,2746,4758066,PNG,contact_sheet
content/swipe/products/IMG_0463.png,content/swipe/products,product,"listing grid: sleeveless rib cardigan, skirt-culotte, knits",navy black,soeur (ch.soeur.fr),,model shots; zipped rib gilet with wide culottes and black knee boots,"titles name construction and fibre (English rib, virgin wool) rather than trend words",202122,0.367,ABA696,0.255,353535,0.253,828078,0.111,,,warm charcoal,8.0,medium,background dominates frame,0.009,0.284,yes,bottom_black_soeur_sleeveless_top_pleated,1908,2746,2630690,PNG,opened_reduced
content/swipe/products/IMG_0464.png,content/swipe/products,product,"knit cardigan with trousers, bomber jacket",pale pink,soeur,,,,8F887B,0.419,BDB7A8,0.25,F2F2EE,0.208,343535,0.064,656157,0.06,warm mid grey,2.1,high,,0.005,0.995,no,layer_pale_pink_soeur_knit_cardigan_trousers,1908,2746,5260588,PNG,contact_sheet
content/swipe/products/IMG_0465.png,content/swipe/products,product,bomber jacket and knit on models,camel,soeur,,,,EDEDE9,0.411,8A877E,0.337,BDB19D,0.155,31312F,0.049,6A6254,0.048,cream,6.8,high,,0.003,0.997,no,layer_camel_soeur_bomber_jacket_knit,1908,2746,3985675,PNG,contact_sheet
content/swipe/products/IMG_0466.png,content/swipe/products,product,"high-neck zip cardigan, flat shot",black,,,,,606469,0.332,353839,0.325,AAABA8,0.162,26282B,0.124,4C4D50,0.056,petrol,13.8,low,little left after background removal,0.0,0.079,no,layer_black_high-neck_zip_cardigan,1908,2746,2035866,PNG,contact_sheet
content/swipe/products/IMG_0467.png,content/swipe/products,product,quilted jacket with denim skirt and boots,navy and denim blue,soeur,,,,817E75,0.322,18191C,0.315,5C5F5F,0.166,333A3F,0.124,C7C7C0,0.072,warm mid grey,3.4,medium,background dominates frame,0.003,0.448,no,layer_navy_and_denim_blue_soeur_quilted_jacket_denim,1908,2746,1912211,PNG,contact_sheet
content/swipe/products/IMG_0468.png,content/swipe/products,product,quilted jacket front and back with jeans,navy,soeur,,,,8A887E,0.362,1B1C1E,0.2,646461,0.175,353A3F,0.163,21242F,0.1,warm mid grey,3.5,medium,background dominates frame,0.002,0.304,no,layer_navy_soeur_quilted_jacket_jeans,1908,2746,1099797,PNG,contact_sheet
content/swipe/products/IMG_0469.png,content/swipe/products,product,"three-quarter sleeve knit, flat shot",navy,soeur,,,,1C1B2A,0.613,1E1E22,0.15,343739,0.108,5F6367,0.103,,,warm charcoal,14.4,medium,background dominates frame; top cluster 61% — may still be a studio backdrop,0.0,0.277,no,shoes_navy_soeur_three-quarter_sleeve_knit,1908,2746,1282491,PNG,contact_sheet
content/swipe/products/IMG_0470.png,content/swipe/products,product,"listing, loafers and dark outfit",black,soeur,,,,797973,0.399,1B1C1D,0.311,363739,0.229,B2B2AE,0.052,,,warm mid grey,6.2,medium,background dominates frame,0.002,0.289,no,,1908,2746,1138702,PNG,contact_sheet
content/swipe/products/IMG_0471.png,content/swipe/products,product,soft flat loafers with pull tab,black,ch.soeur.fr,,"flat shot, not styled","collapsible unstructured back, almost a slipper",222224,0.424,363838,0.255,5F6265,0.18,0D0D0D,0.113,,,warm charcoal,7.8,low,little left after background removal,0.0,0.185,yes,,1908,2746,592494,PNG,opened_reduced
content/swipe/products/IMG_0472.png,content/swipe/products,product,long coat on model with dark trousers,charcoal grey,soeur,,,,18191C,0.401,89877D,0.332,62615D,0.125,333436,0.102,BCBDB9,0.039,warm charcoal,10.7,medium,background dominates frame,0.006,0.447,no,layer_charcoal_grey_soeur_long_coat_dark,1908,2746,1571302,PNG,contact_sheet
content/swipe/products/IMG_0473.png,content/swipe/products,product,"longline single-breasted coat, tab collar, turn-back cuffs",navy near-black,ch.soeur.fr,,"flat shot, not styled",concealed placket and raglan line keep the front unbroken,5D6166,0.338,36383A,0.318,BCBDB9,0.165,26272C,0.135,8F8F8F,0.045,petrol,13.4,low,little left after background removal,0.0,0.081,yes,layer_black_soeur_long_collared_coat,1908,2746,1738410,PNG,opened_reduced
content/swipe/products/IMG_0474.png,content/swipe/products,product,"long checked coat, flat shot",brown check,soeur,,,,84735C,0.377,605241,0.323,2A2A2A,0.182,5F6163,0.074,B7B4AB,0.044,warm mid grey,8.0,high,,0.007,0.463,no,layer_brown_check_soeur_long_checked_coat,1908,2746,4034541,PNG,contact_sheet
content/swipe/products/IMG_0475.png,content/swipe/products,product,"listing, coat, shirt, trousers",grey,soeur,,,,828079,0.41,61625F,0.24,2B2B2C,0.236,C2C1BD,0.061,121110,0.053,warm mid grey,3.6,medium,background dominates frame,0.004,0.376,no,layer_grey_soeur_coat_shirt_trousers,1908,2746,1860621,PNG,contact_sheet
content/swipe/products/IMG_0476.png,content/swipe/products,product,"long wool coat with patch pockets, flat",grey,,,,,6E7073,0.409,5C5F61,0.248,808285,0.159,282A2C,0.152,B8B9B7,0.032,warm mid grey,11.3,high,,0.0,0.463,no,layer_grey_long_wool_coat,1908,2746,2894722,PNG,contact_sheet
content/swipe/products/IMG_0477.png,content/swipe/products,product,double-faced wool buttoned cape/wrap,light grey,soeur (ch.soeur.fr),,"worn over a knit with dark trousers, and over a belted grey coat","filed under scarves and wraps, styled as outerwear; one button does all the work",84837C,0.364,666665,0.262,1D1D1E,0.174,393A3A,0.137,AAA7A0,0.063,warm mid grey,3.8,medium,background dominates frame,0.008,0.416,yes,accessory_grey_soeur_scarf-collar_wrap_knit,1908,2746,2594710,PNG,opened_reduced
content/swipe/products/IMG_0478.png,content/swipe/products,product,double-faced wool buttoned cape/wrap,grey marl,ch.soeur.fr,,"flat shot, not styled",flat shot shows it is a rectangle with a single button,5E5D5E,0.343,767577,0.287,3C3B3C,0.158,242325,0.157,A3A2A3,0.056,warm charcoal,13.6,medium,background dominates frame,0.0,0.427,yes,shoes_grey_draped_wool_wrap,1908,2746,2540162,PNG,opened_reduced
content/swipe/products/IMG_0479.png,content/swipe/products,product,"listing, coat, shirt, wide trousers",grey and cream,soeur,,,,818079,0.402,626360,0.26,1C1C1D,0.158,373838,0.112,B8B7B1,0.068,warm mid grey,4.1,medium,background dominates frame,0.004,0.378,no,layer_grey_and_cream_soeur_coat_shirt_wide,1908,2746,1830196,PNG,contact_sheet
content/swipe/products/IMG_0480.png,content/swipe/products,product,"blazer front and back, knit, trousers",grey and cream,soeur,,,,84827A,0.433,5E5F5F,0.237,2B2D2E,0.208,101010,0.075,BEBCB0,0.047,warm mid grey,3.3,medium,background dominates frame,0.004,0.438,no,layer_grey_and_cream_soeur_blazer_knit_trousers,1908,2746,1819244,PNG,contact_sheet
content/swipe/products/IMG_0481.png,content/swipe/products,product,pleated skirt with knit on model,cream,soeur,,,,78756B,0.258,8C897E,0.222,252628,0.21,595956,0.165,D5C9AE,0.145,warm mid grey,6.4,medium,background dominates frame,0.007,0.429,no,bottom_cream_soeur_pleated_skirt_knit,1908,2746,1509032,PNG,contact_sheet
content/swipe/products/IMG_0482.png,content/swipe/products,product,"roll-neck long-sleeve top, flat shot",pale cream yellow,,,,,D9D3B3,0.682,202124,0.119,343739,0.09,5F6368,0.087,,,cream,7.0,medium,background dominates frame; top cluster 68% — may still be a studio backdrop,0.0,0.314,no,shoes_pale_cream_yellow_roll-neck_long-sleeve_top,1908,2746,524506,PNG,contact_sheet
content/swipe/products/IMG_0483.png,content/swipe/products,product,"blazer and wide trousers on model, shoes",grey,soeur,,,,87857B,0.348,1D1D1E,0.26,38393A,0.189,61625F,0.158,B2B4B1,0.046,warm mid grey,3.2,medium,background dominates frame,0.003,0.297,no,layer_grey_soeur_blazer_wide_trousers,1908,2746,982833,PNG,contact_sheet
content/swipe/products/IMG_0484.png,content/swipe/products,product,dark outfit product page with boots and shoes,black and brown,soeur,,,,1D1C1D,0.334,B1A998,0.235,383635,0.227,616467,0.15,CACAC5,0.054,warm charcoal,9.0,low,little left after background removal,0.002,0.216,no,shoes_black_and_brown_soeur_dark_outfit_boots,1908,2746,720594,PNG,contact_sheet
content/swipe/products/IMG_0498.png,content/swipe/products,product,"listing, trench coat, jackets, roll-neck",beige and black,,,,,151617,0.41,3B3B3C,0.216,807F70,0.168,CBC8BD,0.117,693C21,0.088,warm charcoal,11.1,medium,background dominates frame,0.043,0.278,no,layer_beige_and_black_trench_coat_jackets,1908,2746,1901763,PNG,contact_sheet
content/swipe/products/IMG_0499.png,content/swipe/products,product,"oversized trench coat on model, product thumbs",taupe grey,,,,,867A6B,0.431,CAC6BC,0.244,49443F,0.206,181818,0.089,,,warm mid grey,3.9,medium,background dominates frame,0.019,0.365,no,layer_taupe_grey_oversized_trench_coat,1908,2746,2542438,PNG,contact_sheet
content/swipe/products/IMG_0500.png,content/swipe/products,product,long belted coat on model,black,,,,,0E1114,0.494,27282B,0.269,6F6F71,0.152,DBD9D7,0.065,,,warm charcoal,12.8,medium,background dominates frame; top cluster 49% — may still be a studio backdrop,0.013,0.378,no,layer_black_long_belted_coat,1908,2746,846918,PNG,contact_sheet
content/swipe/products/IMG_0501.png,content/swipe/products,product,"long coat, flat shot",black,,,,,D6D6D3,0.299,36393B,0.256,7E7E7E,0.251,242728,0.104,B6B5B2,0.09,stone,5.2,low,little left after background removal,0.0,0.121,no,layer_black_long_coat,1908,2746,1266603,PNG,contact_sheet
content/swipe/products/IMG_0502.png,content/swipe/products,product,short-sleeve knit and trousers with clutch,tan and black,STUDIO NICHOLSON,,,,0C0C0D,0.383,262729,0.363,704021,0.125,5E6165,0.099,B9B6B5,0.031,warm charcoal,13.1,medium,background dominates frame,0.043,0.295,no,bottom_tan_and_black_studio_nicholson_short-sleeve_knit_trousers,1908,2746,849991,PNG,contact_sheet
content/swipe/products/IMG_0503.png,content/swipe/products,product,raglan crew-neck knit jumper,rust tan brown,STUDIO NICHOLSON (studionicholson.com),,"flat shot, not styled","wide ribbed cuff and hem give it a short, square line",5D2E0F,0.506,773F1A,0.281,030202,0.11,36393B,0.07,BDB5AC,0.034,chocolate,10.4,medium,top cluster 51% — may still be a studio backdrop,0.001,0.45,yes,shoes_rust_orange_crew-neck_sweater,1908,2746,3818943,PNG,opened_reduced
content/swipe/products/IMG_0504.png,content/swipe/products,product,coat with scarf and trousers on model,taupe brown,,,,,635348,0.293,39332E,0.279,85807C,0.169,0A0806,0.147,D5D5D5,0.113,chocolate,9.6,medium,background dominates frame,0.071,0.316,no,layer_taupe_brown_coat_scarf_trousers,1908,2746,1451866,PNG,contact_sheet
content/swipe/products/IMG_0505.png,content/swipe/products,product,wool coat with draped scarf on model,brown and grey,STUDIO NICHOLSON,,,,3D3027,0.357,675548,0.322,8E8987,0.131,110D0A,0.119,373839,0.07,chocolate,4.4,medium,skin band 8%,0.081,0.536,no,layer_brown_and_grey_studio_nicholson_wool_coat_draped,1908,2746,3656252,PNG,contact_sheet
content/swipe/products/IMG_0506.png,content/swipe/products,product,"oversized single-breasted coat, shirt collar",dark brown,STUDIO NICHOLSON (studionicholson.com),,"flat shot, not styled",cocoon volume with dropped shoulder and a concealed placket,43372C,0.664,736860,0.144,D1D2CE,0.091,070503,0.07,A6A5A0,0.031,chocolate,3.7,medium,top cluster 66% — may still be a studio backdrop,0.002,0.492,yes,layer_brown_cocoon_wool_coat,1908,2746,2735325,PNG,opened_reduced
content/swipe/products/IMG_0507.png,content/swipe/products,product,jacket with wide trousers on model,navy and black,,,,,0F1013,0.597,2C2E30,0.179,838181,0.112,D5D0CC,0.092,,,warm charcoal,12.7,medium,background dominates frame; top cluster 60% — may still be a studio backdrop,0.025,0.295,no,layer_navy_and_black_jacket_wide_trousers,1908,2746,734057,PNG,contact_sheet
content/swipe/products/IMG_0508.png,content/swipe/products,product,"overshirt jacket, back view on model",navy,,,,,101215,0.666,313336,0.139,807F7F,0.104,D4D2D0,0.067,,,warm charcoal,12.5,medium,background dominates frame; top cluster 67% — may still be a studio backdrop,0.002,0.311,no,layer_navy_overshirt_jacket,1908,2746,691635,PNG,contact_sheet
content/swipe/products/IMG_0509.png,content/swipe/products,product,"collarless wool jacket, flat shot",black,,,,,D6D5D2,0.276,36393B,0.241,7E7E7E,0.232,232728,0.151,B9B8B4,0.101,stone,4.9,low,little left after background removal,0.0,0.132,no,layer_black_collarless_wool_jacket,1908,2746,1668481,PNG,contact_sheet
content/swipe/products/IMG_0510.png,content/swipe/products,product,oversized blazer and trousers on model,black,STUDIO NICHOLSON,,,,0C0D0F,0.485,252629,0.303,818080,0.093,5C5F62,0.082,C2BEB9,0.037,warm charcoal,13.1,medium,background dominates frame; top cluster 48% — may still be a studio backdrop,0.015,0.345,no,layer_black_studio_nicholson_oversized_blazer_trousers,1908,2746,702638,PNG,contact_sheet
content/swipe/products/IMG_0511.png,content/swipe/products,product,"tailored jacket, flat shot",black,,,,,242626,0.307,D6D5D2,0.234,36383A,0.199,7E7E7E,0.172,BAB9B6,0.088,warm charcoal,6.8,low,little left after background removal,0.0,0.178,no,layer_black_tailored_jacket,1908,2746,1227250,PNG,contact_sheet
content/swipe/products/IMG_0512.png,content/swipe/products,product,dress with lace hem on model,black,,,,,121314,0.609,333537,0.235,E0D5D0,0.077,695D59,0.044,A59B97,0.035,warm charcoal,11.8,low,little left after background removal; top cluster 61% — may still be a studio backdrop,0.113,0.212,no,dress_black_dress_lace_hem,1908,2746,883266,PNG,contact_sheet
content/swipe/products/IMG_0513.png,content/swipe/products,product,drawstring slip skirt with lace hem,black,studionicholson.com,,"flat shot, not styled","underwear detailing, lace showing below the hem, as outerwear",37393A,0.29,D4D4D3,0.271,040404,0.244,6F6E6A,0.108,A8A8A5,0.087,warm charcoal,4.4,low,little left after background removal,0.0,0.145,yes,bottom_black_skirt_lace_hem,1908,2746,1384301,PNG,opened_reduced
content/swipe/products/IMG_0514.png,content/swipe/products,product,cardigan with wide trousers on model,grey brown,,,,,766D69,0.338,403B38,0.304,A69790,0.159,070504,0.14,DFD1C8,0.058,warm mid grey,9.3,low,little left after background removal,0.101,0.238,no,layer_grey_brown_cardigan_wide_trousers,1908,2746,1446588,PNG,contact_sheet
content/swipe/products/IMG_0515.png,content/swipe/products,product,"wool cardigan, flat shot",grey brown,,,,,585044,0.439,403B32,0.313,7D7771,0.139,010101,0.064,BEBDB7,0.045,warm charcoal,9.7,medium,background dominates frame,0.0,0.447,no,layer_grey_brown_wool_cardigan,1908,2746,3219573,PNG,contact_sheet
content/swipe/products/IMG_0516.png,content/swipe/products,product,short-sleeve midi dress on model,brown,,,,,2C2728,0.324,4B3735,0.304,727274,0.182,060404,0.122,D0CECE,0.068,warm charcoal,5.9,medium,background dominates frame,0.067,0.316,no,dress_brown_short-sleeve_midi_dress,1908,2746,1039547,PNG,contact_sheet
content/swipe/products/IMG_0517.png,content/swipe/products,product,"long dress, flat shot",brown,STUDIO NICHOLSON,,,,3E302A,0.7,D6D6D5,0.1,100A07,0.097,7D7B7A,0.079,,,chocolate,5.3,medium,background dominates frame; top cluster 70% — may still be a studio backdrop,0.004,0.429,no,dress_brown_studio_nicholson_long_dress,1908,2746,1644780,PNG,contact_sheet
content/swipe/products/IMG_0518.png,content/swipe/products,product,half-zip knit with wide trousers on model,rust and grey,,,,,61351A,0.482,251207,0.228,433E3B,0.12,827872,0.108,CBC0AD,0.062,chocolate,9.3,medium,skin band 10%; top cluster 48% — may still be a studio backdrop,0.097,0.478,no,bottom_rust_and_grey_half-zip_knit_wide,1908,2746,3579816,PNG,contact_sheet
content/swipe/products/IMG_0519.png,content/swipe/products,product,half-zip knit polo,tobacco rust brown,studionicholson.com,,"over a pale blue check shirt, shirt cuffs folded back over the knit sleeves",breadcrumb reads Women's Knit Polo; folded cuff is the styling move,555848,0.391,160E07,0.239,53351A,0.197,9B968D,0.087,F4F7F8,0.086,dark olive,7.1,high,,0.007,0.993,yes,top_rust_orange_editorial_knit_shirt,1908,2746,6531028,PNG,opened_reduced
content/swipe/products/IMG_0520.png,content/swipe/products,product,"half-zip sweater, flat shot",rust orange,,,,,5E2E0F,0.429,763E19,0.33,1E1F20,0.138,7F7F7E,0.073,,,chocolate,10.6,medium,background dominates frame,0.001,0.424,no,shoes_rust_orange_half-zip_sweater,1908,2746,3548734,PNG,contact_sheet
content/swipe/products/IMG_0521.png,content/swipe/products,product,"listing grid: trench coat, cowboy boot, lace shirt, roll-neck",camel cream red,GABRIELA HEARST (gabrielahearst.com),,"flat product shots, no styling","titles carry the material: camel cross-dyed wool, gold leather, recycled fur",ABA091,0.45,E9E9E2,0.231,3B3A3B,0.167,6D3B2E,0.106,AC875C,0.045,warm taupe,5.4,low,little left after background removal; top cluster 45% — may still be a studio backdrop,0.028,0.239,yes,layer_beige_and_red_gabriela_hearst_trench_coat_embroidered,1908,2746,1421389,PNG,opened_reduced
content/swipe/products/IMG_0522.png,content/swipe/products,product,"single-breasted blazer, flat shot",dark brown,,,,,373B3E,0.462,BBC2C6,0.185,2B2322,0.143,6D7B86,0.111,2E2F32,0.099,warm charcoal,6.0,low,little left after background removal; top cluster 46% — may still be a studio backdrop,0.0,0.07,no,layer_dark_brown_single-breasted_blazer,1908,2746,2965514,PNG,contact_sheet
content/swipe/products/IMG_0523.png,content/swipe/products,product,single-breasted blazer in cashmere corduroy,chocolate brown,GABRIELA HEARST (gabrielahearst.com),,"runway: matching brown trousers, black fur scarf, tiny bag, tonal head to toe",caption names chocolate cashmere corduroy; all-brown suit with a black accent,1F1D1D,0.331,D7C0A3,0.215,C5C0BF,0.189,D2DCE8,0.182,686160,0.083,warm charcoal,8.4,high,,0.007,0.569,yes,bottom_brown_gabriela_hearst_runway_tailored_trousers,1908,2746,2113938,PNG,opened_reduced
content/swipe/products/IMG_0524.png,content/swipe/products,product,"listing grid: fringed studded suede jacket, tuxedo shirt",tan brown white,BODE (bode.com),,"flat shots hung on hangers against a pine wall, no styling","the hanger-on-wood set is the format worth stealing, not the clothes",C28759,0.407,221F1F,0.197,8A5633,0.18,E1E2E3,0.151,676769,0.064,cinnamon,9.7,medium,skin band 10%,0.098,0.569,yes,layer_brown_and_white_bode_garments_hung_wood,1908,2746,3852915,PNG,opened_reduced
content/swipe/products/IMG_0525.png,content/swipe/products,product,"shop grid, embroidered jacket and denim trousers",dark brown and indigo,BODE,,,,AE724E,0.613,29211D,0.225,395266,0.098,CDC6BE,0.036,,,cinnamon,4.0,medium,skin band 14%; top cluster 61% — may still be a studio backdrop,0.14,0.641,no,layer_dark_brown_and_indigo_bode_embroidered_jacket_denim,1908,2746,5718315,PNG,contact_sheet
content/swipe/products/IMG_0526.png,content/swipe/products,product,"shop grid, knit sweaters and denim coat",red and indigo,BODE,,,,FEFDFD,0.338,AF6F4B,0.271,6F4331,0.188,343C42,0.167,C1C1BB,0.037,cream,9.6,medium,skin band 11%,0.11,0.89,yes,layer_red_and_indigo_bode_knit_sweaters_denim,1908,2746,5349834,PNG,contact_sheet
content/swipe/products/IMG_0527.png,content/swipe/products,product,fringed lace bra top over black jacket,pink and black,BODE,,,,935735,0.266,B98257,0.229,212021,0.211,FBFAF9,0.183,56453C,0.11,rust,5.6,medium,skin band 8%,0.083,0.917,yes,layer_pink_and_black_bode_fringed_lace_bra,1908,2746,5335809,PNG,contact_sheet
content/swipe/products/IMG_0528.png,content/swipe/products,product,fringed lace bra top on hanger,coral pink,BODE,,,,B97954,0.526,FDFCFC,0.196,38383A,0.119,7F553E,0.117,DB3D46,0.042,cinnamon,5.4,medium,skin band 15%; top cluster 53% — may still be a studio backdrop,0.15,0.85,no,top_coral_pink_bode_fringed_lace_bra,1908,2746,5959834,PNG,contact_sheet
content/swipe/products/IMG_0529.png,content/swipe/products,product,sleeveless top and cream wide trousers,cream and black,,,,,272628,0.385,CBC4C5,0.239,CAB19B,0.173,645F60,0.151,5938EB,0.052,warm charcoal,6.6,low,little left after background removal,0.023,0.227,no,bottom_cream_and_black_sleeveless_top_cream,1908,2746,872488,PNG,contact_sheet
content/swipe/products/IMG_0530.png,content/swipe/products,product,"embellished back top, cream trousers",cream and black,,,,,CCC0B9,0.612,363232,0.261,935C3E,0.07,5635EB,0.053,,,stone,4.9,low,little left after background removal; top cluster 61% — may still be a studio backdrop,0.024,0.21,no,bottom_cream_and_black_embellished_top_cream,1908,2746,928392,PNG,contact_sheet
content/swipe/products/IMG_0531.png,content/swipe/products,product,halter-neck maxi dress,black,,,,,171618,0.526,383732,0.173,C6BEBD,0.144,636362,0.123,5736EB,0.034,warm charcoal,11.0,medium,background dominates frame; top cluster 53% — may still be a studio backdrop,0.052,0.334,no,dress_black_halter-neck_maxi_dress,1908,2746,1307633,PNG,contact_sheet
content/swipe/products/IMG_0532.png,content/swipe/products,product,halter-neck maxi dress on model,black,,,,,161418,0.401,3A3A3B,0.259,BBB7B5,0.169,5F3EEC,0.09,955D40,0.081,warm charcoal,11.9,low,little left after background removal,0.051,0.136,no,dress_black_halter-neck_maxi_dress,1908,2746,758322,PNG,contact_sheet
content/swipe/products/IMG_0533.png,content/swipe/products,format,"Brand site lookbook, four full-length street looks in a grid, wordmark reads Toteme","Cream and blue, chestnut fur brown, all-black lower row; warm upper, cold lower",TOTEME,,"Two-by-two grid of full-length shots, small numbers under each, minimal header with wordmark","Same model, same framing, four looks — the viewer compares outfits, not photos",D3D4D4,0.446,1B211D,0.379,707674,0.118,5F3822,0.056,,,stone,6.4,high,,0.021,0.979,yes,,1908,2746,5716906,PNG,opened_reduced
content/swipe/products/IMG_0534.png,content/swipe/products,product,"shop grid, fur-look coat, dress, knit, shorts",black,,,,,FEFFFF,0.547,2F2F2F,0.267,5A5A5A,0.102,AEAEAD,0.081,,,cream,9.9,low,little left after background removal; top cluster 55% — may still be a studio backdrop,0.0,0.235,no,layer_black_fur-look_coat_dress,1908,2746,4223829,PNG,contact_sheet
content/swipe/products/IMG_0535.png,content/swipe/products,product,fur-look jacket over long skirt,black,,,,,0B0B0C,0.556,1C1B1D,0.195,353738,0.168,B5A9A0,0.048,685952,0.033,warm charcoal,13.3,medium,background dominates frame; top cluster 56% — may still be a studio backdrop,0.029,0.256,no,layer_black_fur-look_jacket_long,1908,2746,2079935,PNG,contact_sheet
content/swipe/products/IMG_0536.png,content/swipe/products,product,racer-back knit midi dress,black,,,,,1C1C1C,0.458,151515,0.361,36383A,0.125,BEBEBD,0.043,,,warm charcoal,9.0,low,little left after background removal; top cluster 46% — may still be a studio backdrop,0.0,0.248,no,dress_black_racer-back_knit_midi,1908,2746,266655,PNG,contact_sheet
content/swipe/products/IMG_0537.png,content/swipe/products,product,"shop grid, scarf jacket and trousers",dark brown,,,,,483D37,0.478,36322F,0.262,141312,0.175,BAB9B8,0.053,817F7C,0.031,warm charcoal,4.8,medium,background dominates frame; top cluster 48% — may still be a studio backdrop,0.0,0.269,no,layer_dark_brown_scarf_jacket_trousers,1908,2746,2765621,PNG,contact_sheet
content/swipe/products/IMG_0538.png,content/swipe/products,product,"oversized suit, jacket and wide trousers",chocolate brown,,,,,1B1411,0.377,392E28,0.289,564740,0.197,353739,0.114,,,warm charcoal,10.8,medium,background dominates frame,0.016,0.269,yes,layer_chocolate_brown_oversized_suit_jacket,1908,2746,2907702,PNG,contact_sheet
content/swipe/products/IMG_0539.png,content/swipe/products,product,scarf coat with oversized draped scarf,chocolate brown,,,,,DCDBDB,0.334,271D19,0.219,413632,0.187,0C0807,0.187,624E44,0.073,stone,6.6,high,,0.029,0.971,yes,layer_chocolate_brown_scarf_coat_oversized,1908,2746,5423448,PNG,contact_sheet
content/swipe/products/IMG_0540.png,content/swipe/products,product,"parka with shearling-look collar, jeans",olive green,,,,,EAEAEA,0.425,CACAC9,0.278,3B3224,0.133,20242B,0.111,686855,0.054,cream,8.4,high,,0.005,0.995,no,layer_olive_green_parka_shearling-look_collar,1908,2746,2399966,PNG,contact_sheet
content/swipe/products/IMG_0541.png,content/swipe/products,product,parka with shearling-look collar,olive green,,,,,676447,0.615,38372E,0.139,55301B,0.105,B7B7B4,0.084,37180A,0.058,dark olive,8.2,medium,top cluster 61% — may still be a studio backdrop,0.002,0.467,no,layer_olive_green_parka_shearling-look_collar,1908,2746,2557897,PNG,contact_sheet
content/swipe/products/IMG_0542.png,content/swipe/products,product,"shop grid, parka and wide trousers",olive and black,,,,,1C1B1B,0.442,666350,0.286,393838,0.123,B3B1AF,0.076,5A341E,0.072,warm charcoal,9.1,medium,background dominates frame,0.004,0.341,no,layer_olive_and_black_parka_wide_trousers,1908,2746,1915167,PNG,contact_sheet
content/swipe/products/IMG_0543.png,content/swipe/products,product,shirt jacket with jeans,black and indigo,,,,,151416,0.426,3A3939,0.207,122131,0.203,304E67,0.122,909498,0.042,warm charcoal,11.5,low,little left after background removal,0.004,0.237,no,layer_black_and_indigo_shirt_jacket_jeans,1908,2746,2540479,PNG,contact_sheet
content/swipe/products/IMG_0544.png,content/swipe/products,product,cropped boxy jacket,black,,,,,36383A,0.561,BFBEBD,0.197,0C0C0C,0.152,7E7E7E,0.089,,,warm charcoal,4.8,low,little left after background removal; top cluster 56% — may still be a studio backdrop,0.0,0.06,no,layer_black_cropped_boxy_jacket,1908,2746,1136415,PNG,contact_sheet
content/swipe/products/IMG_0545.png,content/swipe/products,product,sleeveless A-line dress,black,,,,,121112,0.506,E3E3E3,0.204,333130,0.194,564138,0.064,898482,0.032,warm charcoal,12.0,low,little left after background removal; top cluster 51% — may still be a studio backdrop,0.006,0.238,no,dress_black_sleeveless_a-line_dress,1908,2746,1566142,PNG,contact_sheet
content/swipe/products/IMG_0546.png,content/swipe/products,product,mini skirt,black,,,,,343739,0.665,C5C4C3,0.16,4E4E4F,0.097,8A8A8A,0.068,,,warm charcoal,5.2,low,little left after background removal; top cluster 66% — may still be a studio backdrop,0.0,0.04,no,bottom_black_mini_skirt,1908,2746,1073223,PNG,contact_sheet
content/swipe/products/IMG_0547.png,content/swipe/products,product,close-up of textured skirt at waist,black,,,,,CACACA,0.549,272628,0.21,35383A,0.167,483022,0.055,,,stone,6.2,low,little left after background removal; top cluster 55% — may still be a studio backdrop,0.001,0.219,no,bottom_black_close-up_textured_skirt,1908,2746,4653043,PNG,contact_sheet
content/swipe/products/IMG_0548.png,content/swipe/products,product,roll-neck knit with leather-look trousers,cream and black,,,,,171717,0.379,393838,0.241,CEC0AE,0.18,8E7D6E,0.131,B4B3B1,0.069,warm charcoal,10.5,low,little left after background removal,0.018,0.238,no,bottom_cream_and_black_roll-neck_knit_leather-look,1908,2746,2437467,PNG,contact_sheet
content/swipe/products/IMG_0549.png,content/swipe/products,product,roll-neck knit sweater,cream,,,,,D0C6B6,0.436,343739,0.244,BBB09F,0.182,8D8270,0.071,C6C4C0,0.067,stone,2.6,low,little left after background removal,0.0,0.123,no,top_cream_roll-neck_knit_sweater,1908,2746,2516907,PNG,contact_sheet
content/swipe/products/IMG_0550.png,content/swipe/products,product,roll-neck sweater with jeans,pale blue,,,,,122130,0.333,3D3738,0.19,2F475D,0.165,9CAAB9,0.157,6B7A8B,0.154,warm charcoal,14.5,low,little left after background removal,0.026,0.218,no,bottom_pale_blue_roll-neck_sweater_jeans,1908,2746,3162329,PNG,contact_sheet
content/swipe/products/IMG_0551.png,content/swipe/products,product,roll-neck knit sweater,pale blue,,,,,A0B1C1,0.372,B0C0D0,0.337,8E9EAD,0.145,36393C,0.099,6B7886,0.048,stone,17.3,medium,background dominates frame,0.0,0.352,no,top_pale_blue_roll-neck_knit_sweater,1908,2746,3113436,PNG,contact_sheet
content/swipe/products/IMG_0552.png,content/swipe/products,product,roll-neck sweater with slim trousers,beige,,,,,151516,0.301,C3B8A3,0.224,938671,0.17,363637,0.17,6E6051,0.135,warm charcoal,11.2,low,little left after background removal,0.02,0.244,no,bottom_beige_roll-neck_sweater_slim,1908,2746,2958505,PNG,contact_sheet
content/swipe/products/IMG_0553.png,content/swipe/products,product,roll-neck knit sweater,beige,,,,,BEAF94,0.46,CFC0A7,0.309,A5957A,0.098,343739,0.089,766951,0.042,warm taupe,7.8,medium,background dominates frame; top cluster 46% — may still be a studio backdrop,0.0,0.344,no,top_beige_roll-neck_knit_sweater,1908,2746,2584791,PNG,contact_sheet
content/swipe/products/IMG_0554.png,content/swipe/products,product,strapless bubble-hem long dress,black,TOTEME,,,,101011,0.665,2F2F31,0.215,888583,0.048,6A4E41,0.039,DDC0AA,0.033,warm charcoal,12.3,medium,background dominates frame; top cluster 67% — may still be a studio backdrop,0.083,0.304,yes,dress_black_toteme_strapless_bubble-hem_long,1908,2746,944972,PNG,contact_sheet
content/swipe/products/IMG_0555.png,content/swipe/products,product,strapless bubble-hem long dress on model,black,TOTEME,,,,333335,0.375,B9B9B9,0.279,604230,0.222,DEBEA3,0.08,757575,0.043,warm charcoal,4.4,low,little left after background removal,0.094,0.123,no,dress_black_toteme_strapless_bubble-hem_long,1908,2746,1604194,PNG,contact_sheet
content/swipe/products/IMG_0556.png,content/swipe/products,product,strapless bubble-hem dress,black,,,,,090909,0.325,35383A,0.255,5E6266,0.255,C0C1C1,0.085,A2A2A2,0.081,warm charcoal,13.5,low,little left after background removal,0.0,0.114,no,dress_black_strapless_bubble-hem_dress,1908,2746,470081,PNG,contact_sheet
content/swipe/products/IMG_0557.png,content/swipe/products,product,strapless long dress with long necklace,cream,,,,,DCCEB8,0.292,28292B,0.282,B7ADA0,0.2,665F5D,0.158,C7AA8B,0.067,stone,4.0,low,little left after background removal,0.093,0.245,yes,dress_cream_strapless_long_dress,1908,2746,2011294,PNG,contact_sheet
content/swipe/products/IMG_0558.png,content/swipe/products,product,strapless bubble-hem dress,cream,,,,,CEC6B2,0.415,28292C,0.28,5D6166,0.12,BAB7B2,0.119,B5A78A,0.066,stone,4.0,low,little left after background removal,0.0,0.234,no,dress_cream_strapless_bubble-hem_dress,1908,2746,744105,PNG,contact_sheet
content/swipe/products/IMG_0559.png,content/swipe/products,product,blazer with wide trousers,black,,,,,5F6266,0.324,36383A,0.309,272728,0.27,A7A8A8,0.071,,,petrol,13.9,low,little left after background removal,0.005,0.091,no,layer_black_blazer_wide_trousers,1908,2746,1815158,PNG,contact_sheet
content/swipe/products/IMG_0560.png,content/swipe/products,product,"leather-look jacket, knit and jeans",black and indigo,,,,,111111,0.307,12233B,0.287,3D3B3B,0.248,345475,0.09,9C958C,0.068,warm charcoal,12.0,low,little left after background removal,0.027,0.236,no,layer_black_and_indigo_leather-look_jacket_knit,1908,2746,2600899,PNG,contact_sheet
content/swipe/products/IMG_0561.png,content/swipe/products,product,cropped leather-look jacket,black,,,,,252525,0.355,39393A,0.342,5E5D5D,0.149,151515,0.111,B9B9B6,0.044,warm charcoal,6.4,medium,background dominates frame,0.0,0.335,no,layer_black_cropped_leather-look_jacket,1908,2746,1400081,PNG,contact_sheet
content/swipe/products/IMG_0562.png,content/swipe/products,product,"shop grid, jacket, shirt, skirt",black and cream,,,,,1F2021,0.448,373839,0.275,5C5E61,0.184,C1BCB4,0.059,8F8E8C,0.035,warm charcoal,8.3,low,little left after background removal,0.0,0.24,no,layer_black_and_cream_jacket_shirt_skirt,1908,2746,1827751,PNG,contact_sheet
content/swipe/products/IMG_0563.png,content/swipe/products,product,"shop grid, shirt and mini skirt",black,TOTEME,,,,1A1B1B,0.671,333638,0.12,64676C,0.119,C2BCB3,0.069,,,warm charcoal,9.5,low,little left after background removal; top cluster 67% — may still be a studio backdrop,0.0,0.239,no,bottom_black_toteme_shirt_mini_skirt,1908,2746,1415728,PNG,contact_sheet
content/swipe/products/IMG_0564.png,content/swipe/products,product,"coat over short dress, full look",black,,,,,0D0C0E,0.443,1A191A,0.317,37393B,0.155,533D32,0.048,969695,0.038,warm charcoal,13.1,low,little left after background removal,0.011,0.229,no,layer_black_coat_short_dress,1908,2746,2037585,PNG,contact_sheet
content/swipe/products/IMG_0566.png,content/swipe/products,product,crewneck sweater with slim trousers,grey and black,,,,,18181A,0.471,626467,0.212,38393B,0.19,949393,0.106,,,warm charcoal,10.6,medium,background dominates frame; top cluster 47% — may still be a studio backdrop,0.056,0.275,no,bottom_grey_and_black_crewneck_sweater_slim,1908,2746,2307732,PNG,contact_sheet
content/swipe/products/IMG_0567.png,content/swipe/products,product,crewneck knit sweater,mid grey,,,,,7E7E81,0.376,626466,0.294,3C3E40,0.149,202224,0.127,B1B1B1,0.054,warm mid grey,8.0,medium,background dominates frame,0.0,0.37,no,top_mid_grey_crewneck_knit_sweater,1908,2746,2482534,PNG,contact_sheet
content/swipe/products/IMG_0568.png,content/swipe/products,product,tank top with leather-look trousers,black,,,,,EAEAEA,0.433,CACAC9,0.36,141415,0.119,363636,0.066,,,cream,8.4,high,,0.023,0.977,no,bottom_black_tank_top_leather-look,1908,2746,2024970,PNG,contact_sheet
content/swipe/products/IMG_0569.png,content/swipe/products,product,ribbed tank top,black,,,,,181818,0.576,1C1C1C,0.249,333638,0.126,,,,,warm charcoal,10.2,low,little left after background removal; top cluster 58% — may still be a studio backdrop,0.0,0.235,no,top_black_ribbed_tank_top,1908,2746,288747,PNG,contact_sheet
content/swipe/products/IMG_0570.png,content/swipe/products,product,knit top with wide-leg trousers,black and cream,,,,,131112,0.34,CAC4BA,0.277,363334,0.186,B5ACA1,0.166,,,warm charcoal,11.9,low,little left after background removal,0.002,0.238,no,bottom_black_and_cream_knit_top_wide-leg,1908,2746,1579488,PNG,contact_sheet
content/swipe/products/IMG_0571.png,content/swipe/products,product,wide-leg trousers,cream,,,,,CBC6BC,0.383,1F2023,0.223,343739,0.173,5E6266,0.165,9F9689,0.056,stone,2.5,low,little left after background removal,0.0,0.166,no,bottom_cream_wide-leg_trousers,1908,2746,646788,PNG,contact_sheet
content/swipe/products/IMG_0572.png,content/swipe/products,product,knit top with wide-leg trousers,beige and black,,,,,887360,0.319,111011,0.241,BFAF9B,0.173,353637,0.153,6C5747,0.114,warm mid grey,8.1,low,little left after background removal,0.031,0.249,no,bottom_beige_and_black_knit_top_wide-leg,1908,2746,2165920,PNG,contact_sheet
content/swipe/products/IMG_0573.png,content/swipe/products,product,"product page, wide-leg trousers with swatches",beige,,,,,C8C1B9,0.364,917A64,0.236,2A2C2D,0.235,726050,0.109,999998,0.056,stone,3.6,low,little left after background removal,0.001,0.192,no,bottom_beige_wide-leg_trousers,1908,2746,1197448,PNG,contact_sheet
content/swipe/products/IMG_0574.png,content/swipe/products,product,textured jacket with wide trousers and bag,black,,,,,0D0D0E,0.519,1F1F1F,0.236,363738,0.185,66554D,0.032,,,warm charcoal,12.9,medium,background dominates frame; top cluster 52% — may still be a studio backdrop,0.021,0.279,no,layer_black_textured_jacket_wide,1908,2746,2533640,PNG,contact_sheet
content/swipe/products/IMG_0575.png,content/swipe/products,product,cocoon-sleeve textured jacket,charcoal grey,,,,,313132,0.403,1C1C1C,0.312,444444,0.195,5B5B5B,0.063,,,warm charcoal,4.1,medium,background dominates frame,0.0,0.35,yes,layer_charcoal_grey_cocoon-sleeve_textured_jacket,1908,2746,2403128,PNG,contact_sheet
content/swipe/products/IMG_0576.png,content/swipe/products,product,shawl-collar coat with wide trousers,grey and cream,,,,,8B8784,0.272,393A3A,0.244,68635F,0.217,B9B6B0,0.197,20201F,0.07,warm mid grey,4.3,low,little left after background removal,0.038,0.196,no,layer_grey_and_cream_shawl-collar_coat_wide,1908,2746,1909672,PNG,contact_sheet
content/swipe/products/IMG_0577.png,content/swipe/products,product,close-up chunky shawl-collar knit jacket,grey,,,,,65615E,0.3,8A8684,0.283,BDBAB6,0.232,393735,0.166,,,warm mid grey,14.2,high,,0.045,0.607,yes,layer_grey_close-up_chunky_shawl-collar,1908,2746,4163382,PNG,contact_sheet
content/swipe/products/IMG_0578.png,content/swipe/products,product,shawl-collar wool jacket,grey,,,,,797571,0.353,908C88,0.263,615E5B,0.228,323333,0.109,C1BEBB,0.048,warm mid grey,6.6,medium,background dominates frame,0.0,0.44,no,layer_grey_shawl-collar_wool_jacket,1908,2746,3224372,PNG,contact_sheet
content/swipe/products/IMG_0579.png,content/swipe/products,product,shawl-collar wool jacket,cream,,,,,CDC7B5,0.343,FFFFFF,0.33,353739,0.187,A99D82,0.121,,,stone,3.6,low,little left after background removal,0.0,0.161,no,layer_cream_shawl-collar_wool_jacket,1908,2746,2423118,PNG,contact_sheet
content/swipe/products/IMG_0580.png,content/swipe/products,visual,"Brand homepage with one large film-look image, child seated on a staircase; wordmark reads The Row","Cream, beige and pale gold with small pastel plaid accent, very soft range",THE ROW,,"Single full-width image, generous white margin, wordmark centred, menu and basket icons at edges",One image and nothing else — restraint reads as confidence on a homepage,957D61,0.336,634B3F,0.217,251E23,0.154,B6ACA9,0.15,FEFEFE,0.144,warm mid grey,8.3,high,,0.034,0.966,yes,,1908,2746,6280340,PNG,opened_reduced
content/swipe/products/IMG_0581.png,content/swipe/products,product,"shop grid, tote and top-handle bags",cream and black,,,,,363738,0.375,201F1F,0.274,C9C3B6,0.162,585656,0.106,97938E,0.083,warm charcoal,4.0,low,little left after background removal,0.0,0.145,no,bag_cream_and_black_tote_top-handle_bags,1908,2746,2185173,PNG,contact_sheet
content/swipe/products/IMG_0582.png,content/swipe/products,product,"shop grid, structured top-handle bags",taupe brown,TOTEME,,,,1D1D1E,0.318,69625B,0.318,3B3A39,0.22,9C9186,0.143,,,warm charcoal,8.9,medium,background dominates frame,0.0,0.272,no,bag_taupe_brown_toteme_structured_top-handle_bags,1908,2746,2107652,PNG,contact_sheet
content/swipe/products/IMG_0583.png,content/swipe/products,product,"shop grid, small clutches and wallets",brown and black,,,,,333131,0.287,16100F,0.283,7D7973,0.223,B5B0A3,0.13,585551,0.078,warm charcoal,3.1,low,little left after background removal,0.0,0.158,no,,1908,2746,2042383,PNG,contact_sheet
content/swipe/products/IMG_0584.png,content/swipe/products,product,patterned shoulder bag with all-black look,black,,,,,242426,0.519,676665,0.191,ACA8A0,0.17,503F36,0.092,,,warm charcoal,7.3,low,little left after background removal; top cluster 52% — may still be a studio backdrop,0.04,0.247,no,bag_black_patterned_shoulder_bag,1908,2746,2616504,PNG,contact_sheet
content/swipe/products/IMG_0585.png,content/swipe/products,product,long dress with patterned clutch,black,,,,,EFEFEF,0.377,D4D4D4,0.258,171719,0.195,C0BFBE,0.1,4F4E4D,0.07,cream,8.6,high,,0.006,0.994,no,dress_black_long_dress_patterned,1908,2746,1800782,PNG,contact_sheet
content/swipe/products/IMG_0586.png,content/swipe/products,product,"shop grid, shoulder bags and clutches",dark brown and black,,,,,3A3939,0.405,B5B0A5,0.223,76716C,0.183,1E1E1D,0.142,251615,0.048,warm charcoal,3.0,low,little left after background removal,0.0,0.133,no,bag_dark_brown_and_black_shoulder_bags_clutches,1908,2746,1959836,PNG,contact_sheet
content/swipe/products/IMG_0587.png,content/swipe/products,product,"shop grid, bucket and tote bags",black and beige,,,,,1D1C1D,0.415,C1AD83,0.186,353638,0.174,606366,0.173,B1B0AF,0.052,warm charcoal,9.0,low,little left after background removal,0.0,0.183,no,bag_black_and_beige_bucket_tote_bags,1908,2746,1408060,PNG,contact_sheet
content/swipe/products/IMG_0588.png,content/swipe/products,product,"shop grid, top-handle and shoulder bags",cream and black,,,,,303132,0.356,C4BBAA,0.242,141414,0.22,514F4D,0.111,96938F,0.072,warm charcoal,4.4,low,little left after background removal,0.0,0.159,no,bag_cream_and_black_top-handle_shoulder_bags,1908,2746,2274011,PNG,contact_sheet
content/swipe/products/IMG_0589.png,content/swipe/products,product,"shop grid, knee-high boots",black and brown,,,,,393636,0.476,232323,0.312,504E4E,0.122,B4B4B3,0.05,7F7E7D,0.041,warm charcoal,2.6,low,little left after background removal; top cluster 48% — may still be a studio backdrop,0.0,0.183,yes,shoes_black_and_brown_knee-high_boots,1908,2746,1884153,PNG,contact_sheet
content/swipe/products/IMG_0590.png,content/swipe/products,product,"shop grid, heeled ankle boots",brown and black,,,,,363636,0.36,161616,0.253,291D17,0.238,706C69,0.085,B5B2B0,0.064,warm charcoal,3.2,low,little left after background removal,0.0,0.169,no,shoes_brown_and_black_heeled_ankle_boots,1908,2746,1767022,PNG,contact_sheet
content/swipe/products/IMG_0591.png,content/swipe/products,product,"shop grid, pointed flats, one animal print",black and tan print,,,,,3B3B3B,0.339,212120,0.206,141413,0.181,AA865F,0.157,ACABA9,0.118,warm charcoal,3.5,low,little left after background removal,0.0,0.106,no,shoes_black_and_tan_print_pointed_flats_one,1908,2746,1620284,PNG,contact_sheet
content/swipe/products/IMG_0592.png,content/swipe/products,product,"shop grid, flats and ankle boots",beige and brown,,,,,2E2D2D,0.522,BAA992,0.224,514C49,0.124,BBB9B7,0.078,86817D,0.051,warm charcoal,4.1,low,little left after background removal; top cluster 52% — may still be a studio backdrop,0.0,0.135,no,shoes_beige_and_brown_flats_ankle_boots,1908,2746,1744385,PNG,contact_sheet
content/swipe/products/IMG_0593.png,content/swipe/products,product,"shop grid, pointed mules",black and brown,,,,,333333,0.444,181818,0.282,514D4A,0.131,BEBDBC,0.083,8C8985,0.06,warm charcoal,3.4,low,little left after background removal,0.0,0.123,no,,1908,2746,1615627,PNG,contact_sheet
content/swipe/products/IMG_0594.png,content/swipe/products,product,"shop grid, ankle boots",black,TOTEME,,,,1C1C1D,0.427,303031,0.276,64676A,0.164,484849,0.067,ACACAC,0.066,warm charcoal,9.2,low,little left after background removal,0.0,0.22,no,shoes_black_toteme_ankle_boots,1908,2746,1550636,PNG,contact_sheet
content/swipe/products/IMG_0595.png,content/swipe/products,product,"shop grid, ankle and mid-calf boots",black,,,,,232425,0.379,363739,0.215,5E6165,0.187,131312,0.158,ABABAB,0.061,warm charcoal,7.2,low,little left after background removal,0.0,0.207,no,shoes_black_ankle_mid-calf_boots,1908,2746,1517739,PNG,contact_sheet
content/swipe/products/IMG_0596.png,content/swipe/products,product,"shop grid, ankle boots",black,TOTEME,,,,313234,0.374,121212,0.362,525457,0.165,B5B5B5,0.056,838382,0.042,warm charcoal,4.7,low,little left after background removal,0.0,0.187,no,shoes_black_toteme_ankle_boots,1908,2746,1338370,PNG,contact_sheet
content/swipe/products/IMG_0597.png,content/swipe/products,product,"shop page, cardigan, sunglasses, tee",charcoal grey,THE ROW,,,,36383A,0.428,1A1B19,0.227,A3A2A2,0.193,62412E,0.076,C19C74,0.076,warm charcoal,4.8,medium,background dominates frame,0.017,0.367,no,layer_charcoal_grey_the_row_cardigan_sunglasses_tee,1908,2746,3816932,PNG,contact_sheet
content/swipe/products/IMG_0598.png,content/swipe/products,product,"shop grid, cardigan, sunglasses, tee",grey,THE ROW,,,,2F3032,0.483,D1D1D1,0.294,A4A3A3,0.169,,,,,warm charcoal,5.0,medium,background dominates frame; top cluster 48% — may still be a studio backdrop,0.0,0.342,no,layer_grey_the_row_cardigan_sunglasses_tee,1908,2746,2071740,PNG,contact_sheet
content/swipe/products/IMG_0599.png,content/swipe/products,product,wide-leg trousers,black,THE ROW,,,,35383A,0.564,1F272B,0.171,979899,0.109,C5C6C6,0.079,5D6061,0.078,warm charcoal,5.2,low,little left after background removal; top cluster 56% — may still be a studio backdrop,0.0,0.053,no,bottom_black_the_row_wide-leg_trousers,1908,2746,1582913,PNG,contact_sheet
content/swipe/products/IMG_0600.png,content/swipe/products,product,"product page, knits and trousers thumbnails",grey and tan,THE ROW,,,,5A585C,0.338,353435,0.26,876C4B,0.163,BDBBBA,0.143,1E1F23,0.096,warm charcoal,12.6,low,little left after background removal,0.0,0.145,no,bottom_grey_and_tan_the_row_knits_trousers,1908,2746,974237,PNG,contact_sheet
content/swipe/products/IMG_0601.png,content/swipe/products,product,straight-leg trousers,pale taupe,THE ROW,,,,8B7E6E,0.545,202124,0.15,5E6267,0.109,35383A,0.107,B8B7B7,0.089,warm mid grey,3.2,medium,background dominates frame; top cluster 54% — may still be a studio backdrop,0.0,0.254,no,bottom_pale_taupe_the_row_straight-leg_trousers,1908,2746,1126511,PNG,contact_sheet
content/swipe/products/IMG_0602.png,content/swipe/products,product,"shop grid, shoulder bag, flat, jeans",brown and navy,,,,,212529,0.474,373A3D,0.295,61656A,0.148,BDB9B2,0.081,,,warm charcoal,8.6,low,little left after background removal; top cluster 47% — may still be a studio backdrop,0.0,0.228,no,bottom_brown_and_navy_shoulder_bag_jeans,1908,2746,973666,PNG,contact_sheet
content/swipe/products/IMG_0603.png,content/swipe/products,product,"shop grid, shoulder bag, cardigan, shirt",brown and grey,,,,,363639,0.309,424347,0.267,211F20,0.191,C7C9D6,0.121,65686D,0.112,warm charcoal,4.8,medium,background dominates frame,0.0,0.298,no,layer_brown_and_grey_shoulder_bag_cardigan,1908,2746,1443704,PNG,contact_sheet
content/swipe/products/IMG_0604.png,content/swipe/products,product,"shop grid, shirt and wide trousers",pale blue and navy,THE ROW,,,,35363A,0.532,CFD3E5,0.399,,,,,,,warm charcoal,5.5,low,little left after background removal; top cluster 53% — may still be a studio backdrop,0.0,0.244,no,bottom_pale_blue_and_navy_the_row_shirt_wide_trousers,1908,2746,930903,PNG,contact_sheet
content/swipe/products/IMG_0605.png,content/swipe/products,product,"shop grid, tote bag and sweater",brown and grey,THE ROW,,,,2E2F32,0.642,5F6164,0.134,4B362F,0.109,DED6CE,0.083,9A999A,0.032,warm charcoal,5.6,medium,background dominates frame; top cluster 64% — may still be a studio backdrop,0.001,0.251,no,bag_brown_and_grey_the_row_tote_bag_sweater,1908,2746,1338490,PNG,contact_sheet
content/swipe/products/IMG_0606.png,content/swipe/products,product,"shop grid, t-shirt and straight trousers",grey and cream,THE ROW,,,,DFD5CB,0.519,67666B,0.295,35383A,0.15,A9A7A5,0.034,,,stone,2.4,low,little left after background removal; top cluster 52% — may still be a studio backdrop,0.0,0.195,no,bottom_grey_and_cream_the_row_t-shirt_straight_trousers,1908,2746,916836,PNG,contact_sheet
content/swipe/products/IMG_0607.png,content/swipe/products,product,"shop grid, shirt and wide trousers",white and taupe,THE ROW,,,,D7D6D6,0.498,877668,0.282,37393B,0.11,B6B5B4,0.085,,,stone,6.2,medium,background dominates frame; top cluster 50% — may still be a studio backdrop,0.008,0.282,no,bottom_white_and_taupe_the_row_shirt_wide_trousers,1908,2746,726695,PNG,contact_sheet
content/swipe/products/IMG_0608.png,content/swipe/products,product,"shop grid, boots and knit with long skirt",navy and cream,THE ROW,,,,CECCCB,0.348,242429,0.236,414045,0.153,9FA0A0,0.145,64656A,0.117,stone,5.4,medium,background dominates frame,0.004,0.421,yes,bottom_navy_and_cream_the_row_boots_knit_long,1908,2746,1557718,PNG,contact_sheet
content/swipe/products/IMG_0609.png,content/swipe/products,product,"shop grid, sunglasses, sandals, shorts",black,THE ROW,,,,2B2A2C,0.711,51565A,0.141,C8C7C7,0.057,939090,0.057,6B2027,0.034,warm charcoal,5.7,low,little left after background removal; top cluster 71% — may still be a studio backdrop,0.001,0.12,no,bottom_black_the_row_sunglasses_sandals_shorts,1908,2746,639572,PNG,contact_sheet
content/swipe/products/IMG_0610.png,content/swipe/products,product,"shop grid, cardigan and wide trousers",dark brown and black,THE ROW,,,,352F2D,0.53,1F2125,0.387,,,,,,,warm charcoal,3.0,low,little left after background removal; top cluster 53% — may still be a studio backdrop,0.0,0.236,no,layer_dark_brown_and_black_the_row_cardigan_wide_trousers,1908,2746,1340025,PNG,contact_sheet
content/swipe/products/IMG_0611.png,content/swipe/products,product,wide-leg trousers,black,THE ROW,,,,35383A,0.681,929395,0.091,5E5F60,0.089,C5C5C6,0.085,0B0D11,0.053,warm charcoal,5.2,low,little left after background removal; top cluster 68% — may still be a studio backdrop,0.0,0.044,no,bottom_black_the_row_wide-leg_trousers,1908,2746,752696,PNG,contact_sheet
content/swipe/products/IMG_0612.png,content/swipe/products,product,roll-neck knit with wide trousers,black,THE ROW,,,,FFFFFF,0.433,36383A,0.232,262624,0.206,B3B3B5,0.086,6C6B6A,0.043,cream,9.8,low,little left after background removal,0.004,0.149,no,bottom_black_the_row_roll-neck_knit_wide,1908,2746,3524442,PNG,contact_sheet
content/swipe/products/IMG_0613.png,content/swipe/products,product,"listing page, tee, suiting, jeans",blue and brown,Tibi,,,,F4F4F4,0.439,D3D2D0,0.21,292629,0.154,455161,0.121,A38C76,0.077,cream,8.9,high,,0.04,0.96,no,bottom_blue_and_brown_tibi_tee_suiting_jeans,1908,2746,2285048,PNG,contact_sheet
content/swipe/products/IMG_0614.png,content/swipe/products,product,"listing page, suiting and skirts",steel blue,Tibi,,,,23272E,0.306,334459,0.272,5E666D,0.208,BAB9B9,0.128,473326,0.085,warm charcoal,9.2,medium,background dominates frame,0.015,0.333,yes,,1908,2746,1760837,PNG,contact_sheet
content/swipe/products/IMG_0615.png,content/swipe/products,product,"listing page, knits and tops",blue and rust,Tibi,,,,292F3B,0.414,71362B,0.229,A5B2BA,0.201,5C6B78,0.124,B48760,0.032,warm charcoal,10.4,medium,background dominates frame,0.044,0.368,no,,1908,2746,2228309,PNG,contact_sheet
content/swipe/products/IMG_0616.png,content/swipe/products,product,"listing page, suiting and knits",pale blue and grey,Tibi,,,,342D2A,0.26,566269,0.236,94AAB8,0.22,7E603C,0.172,C4B9A9,0.113,warm charcoal,3.5,medium,background dominates frame,0.012,0.394,no,,1908,2746,2672890,PNG,contact_sheet
content/swipe/products/IMG_0617.png,content/swipe/products,product,"listing page, knits and tees",green and blue,Tibi,,,,3E3F36,0.473,ADA6A2,0.249,0D65A0,0.124,977230,0.081,BE1F2F,0.072,warm charcoal,5.5,medium,background dominates frame; top cluster 47% — may still be a studio backdrop,0.04,0.449,no,,1908,2746,2893952,PNG,contact_sheet
content/swipe/products/IMG_0618.png,content/swipe/products,product,"listing page, slip dresses and cardigan",mustard and blue,Tibi,,,,156BA9,0.322,98732B,0.223,38363B,0.192,B79469,0.141,A5A6A8,0.121,petrol,15.9,low,little left after background removal,0.039,0.25,no,layer_mustard_and_blue_tibi_slip_dresses_cardigan,1908,2746,1945249,PNG,contact_sheet
content/swipe/products/IMG_0619.png,content/swipe/products,product,crewneck sweater with trousers,red and olive,Tibi,,,,CE2234,0.398,32362D,0.272,A10B20,0.175,F7F3F1,0.116,63070D,0.039,rust,13.3,high,,0.023,0.636,yes,bottom_red_and_olive_tibi_crewneck_sweater_trousers,1908,2746,2762367,PNG,contact_sheet
content/swipe/products/IMG_0620.png,content/swipe/products,product,crewneck sweater over collared shirt,red and black,Tibi,,,,29292C,0.456,C81E30,0.309,820716,0.114,514F53,0.077,AFA5A6,0.044,warm charcoal,6.4,medium,background dominates frame; top cluster 46% — may still be a studio backdrop,0.017,0.268,no,top_red_and_black_tibi_crewneck_sweater_collared,1908,2746,1717171,PNG,contact_sheet
content/swipe/products/IMG_0621.png,content/swipe/products,product,"stack of books, product page",bright green,Tibi,,,,23854B,0.408,2E3032,0.21,75B88B,0.155,B2B9B7,0.121,195C30,0.105,moss,15.4,low,little left after background removal,0.0,0.208,yes,,1908,2746,1648336,PNG,contact_sheet
content/swipe/products/IMG_0622.png,content/swipe/products,product,"shop grid, printed midi skirt and boot",blue and red print,Proenza Schouler,,,,252629,0.458,9C2E32,0.153,5E7E8F,0.14,58282F,0.124,D3C6B5,0.124,warm charcoal,7.3,low,little left after background removal; top cluster 46% — may still be a studio backdrop,0.002,0.171,no,bottom_blue_and_red_print_proenza_schouler_printed_midi_skirt,1908,2746,1154813,PNG,contact_sheet
content/swipe/products/IMG_0623.png,content/swipe/products,product,"shop grid, draped top, skirt, bag",cream and black,Proenza Schouler,,,,3D3D3F,0.428,1A171A,0.241,E3DAC7,0.15,456B87,0.097,939394,0.084,warm charcoal,4.7,low,little left after background removal,0.0,0.151,no,bottom_cream_and_black_proenza_schouler_draped_top_skirt,1908,2746,1260297,PNG,contact_sheet
content/swipe/products/IMG_0624.png,content/swipe/products,product,"shop grid, cropped jacket and skirt",steel blue,Proenza Schouler,,,,426984,0.541,282B30,0.285,484C4F,0.082,858D90,0.047,CECDC8,0.045,petrol,9.7,low,little left after background removal; top cluster 54% — may still be a studio backdrop,0.0,0.209,no,layer_steel_blue_proenza_schouler_cropped_jacket_skirt,1908,2746,1973923,PNG,contact_sheet
content/swipe/products/IMG_0625.png,content/swipe/products,product,double-breasted peacoat over roll-neck,cream,,,,,DEE0E3,0.375,ECDCCA,0.256,CDB69D,0.211,1B181C,0.1,39353E,0.058,stone,8.7,high,,0.02,0.98,yes,layer_cream_double-breasted_peacoat_roll-neck,1908,2746,2341412,PNG,contact_sheet
content/swipe/products/IMG_0626.png,content/swipe/products,product,"shop grid, sandal, printed dress, knit",dark floral and teal,Proenza Schouler,,,,2C2F34,0.47,171412,0.258,7C7D80,0.181,1D6079,0.054,6B3C22,0.037,warm charcoal,6.9,medium,background dominates frame; top cluster 47% — may still be a studio backdrop,0.027,0.29,no,dress_dark_floral_and_teal_proenza_schouler_sandal_printed_dress,1908,2746,1622779,PNG,contact_sheet
content/swipe/products/IMG_0627.png,content/swipe/products,product,"shop grid, clutch, dress, sandal",red and black,Proenza Schouler,,,,1B181A,0.322,323334,0.263,6B7675,0.147,7D2326,0.14,C0BAB5,0.127,warm charcoal,10.3,low,little left after background removal,0.004,0.245,no,dress_red_and_black_proenza_schouler_clutch_dress_sandal,1908,2746,1531286,PNG,contact_sheet
content/swipe/products/IMG_0628.png,content/swipe/products,product,"shop grid, tote bags",black and tan,,,,,1F2023,0.294,37393C,0.235,764E2F,0.204,616367,0.202,B9B5B5,0.065,warm charcoal,8.8,low,little left after background removal,0.055,0.202,no,bag_black_and_tan_tote_bags,1908,2746,876965,PNG,contact_sheet
content/swipe/products/IMG_0629.png,content/swipe/products,product,"shop grid, clutches",red and black,Proenza Schouler,,,,242528,0.431,646669,0.177,DBC8B8,0.158,CA242D,0.142,751A1D,0.092,warm charcoal,7.5,low,little left after background removal,0.002,0.196,no,,1908,2746,818693,PNG,contact_sheet
content/swipe/products/IMG_0630.png,content/swipe/products,product,"shop grid, tote bags",tan brown,Proenza Schouler,,,,85491E,0.395,3B3C3E,0.183,2E1812,0.174,5B3519,0.135,BEAEA4,0.114,rust,8.9,low,little left after background removal,0.061,0.186,no,bag_tan_brown_proenza_schouler_tote_bags,1908,2746,1662838,PNG,contact_sheet
content/swipe/products/IMG_0631.png,content/swipe/products,product,"shop grid, totes with coat look",tan and burgundy,,,,,D1D1D4,0.439,7B3E15,0.178,3E151C,0.152,3A393A,0.131,A38F7F,0.101,stone,7.6,medium,background dominates frame,0.022,0.3,no,layer_tan_and_burgundy_totes_coat,1908,2746,1323909,PNG,contact_sheet
content/swipe/products/IMG_0632.png,content/swipe/products,product,"shop grid, tote and bucket bags",tan and burgundy,Proenza Schouler,,,,2B2A2B,0.385,5E5857,0.289,40161C,0.132,865423,0.122,B7B2B0,0.072,warm charcoal,5.2,low,little left after background removal,0.002,0.232,no,bag_tan_and_burgundy_proenza_schouler_tote_bucket_bags,1908,2746,1360175,PNG,contact_sheet
content/swipe/products/IMG_0633.png,content/swipe/products,product,"shop grid, large totes",burgundy and black,,,,,1C1E23,0.318,34373D,0.216,D0D0D3,0.19,6D2E38,0.144,6A696E,0.132,warm charcoal,10.1,medium,background dominates frame,0.017,0.32,no,,1908,2746,1725769,PNG,contact_sheet
content/swipe/products/IMG_0634.png,content/swipe/products,product,"shop grid, cropped knit, jeans, tees",camel and brown,KHAITE,,,,6D4635,0.359,BD8E65,0.233,91A4AF,0.212,373A3C,0.112,050202,0.085,chocolate,10.0,medium,background dominates frame,0.01,0.303,no,bottom_camel_and_brown_khaite_cropped_knit_jeans,1908,2746,1942498,PNG,contact_sheet
content/swipe/products/IMG_0635.png,content/swipe/products,product,"shop grid, tees, jacket, skirt",brown and camel,KHAITE,,,,6E4533,0.301,1A1A1C,0.211,494D50,0.187,B17E56,0.164,DCC6B4,0.137,chocolate,10.3,medium,background dominates frame,0.019,0.289,no,layer_brown_and_camel_khaite_tees_jacket_skirt,1908,2746,1382033,PNG,contact_sheet
content/swipe/products/IMG_0636.png,content/swipe/products,product,scalloped short-sleeve top with dark trousers,cream and black,KHAITE,,,,2B2B2C,0.403,101111,0.252,DDCBB8,0.165,605F60,0.146,AD9584,0.033,warm charcoal,5.2,medium,background dominates frame,0.047,0.304,yes,bottom_cream_and_black_khaite_scalloped_short-sleeve_top,1908,2746,1133300,PNG,contact_sheet
content/swipe/products/IMG_0637.png,content/swipe/products,product,full-skirt midi dress on model,mustard gold,KHAITE,,,,A7803F,0.376,765023,0.26,1A1818,0.189,4B4E51,0.137,D9BFA7,0.038,old gold,8.3,medium,background dominates frame,0.04,0.404,yes,dress_mustard_gold_khaite_full-skirt_midi_dress,1908,2746,1632963,PNG,contact_sheet
content/swipe/products/IMG_0638.png,content/swipe/products,product,"product page, full-skirt midi dress",mustard gold,KHAITE,,,,A67F3F,0.335,252526,0.267,744E22,0.212,56595D,0.109,CCC1B6,0.078,old gold,8.7,medium,background dominates frame,0.033,0.279,no,dress_mustard_gold_khaite_full-skirt_midi_dress,1908,2746,1266970,PNG,contact_sheet
content/swipe/products/IMG_0639.png,content/swipe/products,product,"shop grid, cardigans and jackets",dark brown and navy,KHAITE,,,,121117,0.534,22140E,0.203,373738,0.183,A9A8A7,0.056,,,warm charcoal,13.1,medium,background dominates frame; top cluster 53% — may still be a studio backdrop,0.0,0.312,no,,1908,2746,1742925,PNG,contact_sheet
content/swipe/products/IMG_0640.png,content/swipe/products,product,structured top with painted-print midi skirt,cream and black,KHAITE,,,,1D1E21,0.562,864D28,0.125,E7D6C3,0.122,5D6064,0.103,CAB39B,0.088,warm charcoal,9.3,medium,background dominates frame; top cluster 56% — may still be a studio backdrop,0.009,0.354,no,bottom_cream_and_black_khaite_structured_top_painted-print,1908,2746,1248899,PNG,contact_sheet
content/swipe/products/IMG_0641.png,content/swipe/products,product,"shop grid, structured tops and jackets",black,KHAITE,,,,1E1E21,0.403,100F12,0.357,343638,0.109,616568,0.098,B7B8B8,0.033,warm charcoal,9.2,medium,background dominates frame,0.0,0.334,no,,1908,2746,1097869,PNG,contact_sheet
content/swipe/products/IMG_0642.png,content/swipe/products,product,straight-leg jeans,light blue,KHAITE,,,,1F2123,0.243,697E93,0.218,8999A8,0.211,ACB6BF,0.203,59626C,0.126,warm charcoal,8.5,medium,background dominates frame,0.001,0.384,no,bottom_light_blue_khaite_straight-leg_jeans,1908,2746,3167535,PNG,contact_sheet
content/swipe/products/IMG_0643.png,content/swipe/products,product,knit top with straight jeans,light blue and cream,KHAITE,,,,93A4AC,0.322,64737B,0.227,383839,0.175,D0C6BE,0.169,050404,0.107,muted teal,14.0,low,little left after background removal,0.043,0.248,no,bottom_light_blue_and_cream_khaite_knit_top_straight,1908,2746,2034797,PNG,contact_sheet
content/swipe/products/IMG_0644.png,content/swipe/products,product,high-waist jeans,mid blue,KHAITE,,,,1D3452,0.339,325177,0.295,16171A,0.171,72777D,0.098,383A3D,0.096,warm charcoal,17.4,medium,background dominates frame,0.0,0.383,no,bottom_mid_blue_khaite_high-waist_jeans,1908,2746,3048821,PNG,contact_sheet
content/swipe/products/IMG_0645.png,content/swipe/products,product,wide-leg jeans,dark indigo,KHAITE,,,,232736,0.42,3E475B,0.219,0D0C12,0.176,37383C,0.152,9A999B,0.032,warm charcoal,12.4,medium,background dominates frame,0.0,0.309,no,bottom_dark_indigo_khaite_wide-leg_jeans,1908,2746,2566382,PNG,contact_sheet
content/swipe/products/IMG_0646.png,content/swipe/products,product,straight-leg jeans,faded blue,KHAITE,,,,3C4A5F,0.344,5F6C7A,0.328,2E323B,0.221,020203,0.081,,,petrol,12.9,medium,background dominates frame,0.0,0.312,no,bottom_faded_blue_khaite_straight-leg_jeans,1908,2746,3052111,PNG,contact_sheet
content/swipe/products/IMG_0647.png,content/swipe/products,product,wide-leg jeans,dark indigo,KHAITE,,,,1E1F27,0.57,323339,0.192,0C0B0F,0.191,,,,,warm charcoal,10.8,medium,background dominates frame; top cluster 57% — may still be a studio backdrop,0.0,0.343,no,bottom_dark_indigo_khaite_wide-leg_jeans,1908,2746,2560538,PNG,contact_sheet
content/swipe/products/IMG_0648.png,content/swipe/products,product,"handbag page, bucket and shoulder bags",blue and brown,KHAITE,,,,393736,0.371,676B71,0.225,020202,0.143,B7BCC4,0.14,2C3E5A,0.121,warm charcoal,2.1,low,little left after background removal,0.001,0.192,no,bag_blue_and_brown_khaite_handbag_bucket_shoulder,1908,2746,2070826,PNG,contact_sheet
content/swipe/products/IMG_0649.png,content/swipe/products,product,"shop grid, barrel and hobo bags",blue and brown,KHAITE,,,,37302E,0.387,4D678A,0.228,040303,0.154,B7BCC3,0.146,6A5E55,0.086,warm charcoal,3.1,low,little left after background removal,0.001,0.176,yes,bag_blue_and_brown_khaite_barrel_hobo_bags,1908,2746,1124590,PNG,contact_sheet
content/swipe/products/IMG_0650.png,content/swipe/products,product,"shop grid, clutch and hobo bags",chartreuse yellow,KHAITE,,,,242527,0.395,AE8317,0.217,797C80,0.174,7B560A,0.17,DCC180,0.045,warm charcoal,7.2,low,little left after background removal,0.0,0.213,yes,bag_chartreuse_yellow_khaite_clutch_hobo_bags,1908,2746,1096723,PNG,contact_sheet
content/swipe/products/IMG_0651.png,content/swipe/products,product,"shop grid, fringed and feathered evening bags",black and pale pink,KHAITE,,,,262628,0.549,5D6065,0.167,DED2C7,0.16,967940,0.12,,,warm charcoal,6.8,low,little left after background removal; top cluster 55% — may still be a studio backdrop,0.052,0.177,yes,bag_black_and_pale_pink_khaite_fringed_feathered_evening,1908,2746,1023592,PNG,contact_sheet
content/swipe/products/IMG_0652.png,content/swipe/products,product,"shop grid, thin belts",black and brown,KHAITE,,,,393A3A,0.347,070606,0.282,BEB3A7,0.195,A07438,0.1,432218,0.076,warm charcoal,3.8,low,little left after background removal,0.006,0.113,no,,1908,2746,575692,PNG,contact_sheet
content/swipe/products/IMG_0653.png,content/swipe/products,product,"shop grid, sunglasses",tortoise and black,KHAITE,,,,1F2021,0.526,636468,0.321,C2C1C1,0.08,5A3531,0.044,,,warm charcoal,8.3,low,little left after background removal; top cluster 53% — may still be a studio backdrop,0.118,0.196,no,accessory_tortoise_and_black_khaite_sunglasses,1908,2746,563035,PNG,contact_sheet
content/swipe/products/IMG_0654.png,content/swipe/products,product,"shop grid, sunglasses",tortoise and black,KHAITE,,,,2C2B2E,0.404,636568,0.308,050404,0.162,BFBDBD,0.066,89513B,0.06,warm charcoal,5.9,low,little left after background removal,0.118,0.2,no,accessory_tortoise_and_black_khaite_sunglasses,1908,2746,614290,PNG,contact_sheet
content/swipe/products/IMG_0655.png,content/swipe/products,product,"shop grid, hoop earrings and cuff",gold,KHAITE,,,,202122,0.574,5F6164,0.207,99784C,0.119,BFBAB6,0.082,,,warm charcoal,8.0,low,little left after background removal; top cluster 57% — may still be a studio backdrop,0.001,0.19,no,accessory_gold_khaite_hoop_earrings_cuff,1908,2746,773675,PNG,contact_sheet
content/swipe/products/IMG_0656.png,content/swipe/products,product,"shop grid, sunglasses",black and red,KHAITE,,,,3E3431,0.35,090606,0.269,716865,0.14,BAB7B7,0.136,B29577,0.105,warm charcoal,3.9,low,little left after background removal,0.022,0.156,no,accessory_black_and_red_khaite_sunglasses,1908,2746,637397,PNG,contact_sheet
content/swipe/products/IMG_0657.png,content/swipe/products,product,"shop grid, belts, one animal print",brown and black,KHAITE,,,,363636,0.348,0C0B0B,0.311,C4BFBA,0.128,84786D,0.11,84451D,0.104,warm charcoal,3.2,low,little left after background removal,0.014,0.141,no,,1908,2746,860872,PNG,contact_sheet
content/swipe/products/IMG_0658.png,content/swipe/products,product,camisole with lace-hem maxi skirt,tan and beige,,,,,F2DBC9,0.736,C18359,0.129,8C512C,0.092,383535,0.038,,,cream,6.8,medium,skin band 8%; top cluster 74% — may still be a studio backdrop,0.084,0.916,no,bottom_tan_and_beige_camisole_lace-hem_maxi,1908,2746,4095659,PNG,contact_sheet
content/swipe/products/IMG_0659.png,content/swipe/products,product,cutwork A-line midi skirt,tan,,,,,B78361,0.445,A06845,0.367,704125,0.1,363638,0.057,C0AB9E,0.03,cinnamon,8.9,low,skin band 50% — overlaps dusty rose / salmon; skin not masked,0.505,0.542,no,bottom_tan_cutwork_a-line_midi,1908,2746,3867652,PNG,contact_sheet
content/swipe/products/IMG_0660.png,content/swipe/products,product,lace-trim camisole with leather-look trousers,beige and burgundy,,,,,EED4BF,0.326,FDF7F2,0.302,CB8D63,0.17,642A1D,0.168,36383A,0.035,stone,7.5,medium,skin band 8%,0.078,0.922,no,bottom_beige_and_burgundy_lace-trim_camisole_leather-look,1908,2746,3930065,PNG,contact_sheet
content/swipe/products/IMG_0661.png,content/swipe/products,product,close-up lace-trim camisole,nude beige,,,,,F3DCCB,0.441,E6B28C,0.201,D08C62,0.169,37393C,0.132,955233,0.057,cream,7.0,low,skin band 29% — overlaps dusty rose / salmon,0.295,0.705,no,top_nude_beige_close-up_lace-trim_camisole,1908,2746,4498977,PNG,contact_sheet
content/swipe/products/IMG_0662.png,content/swipe/products,product,lace-trim camisole,beige,,,,,D3AC8F,0.364,C8A082,0.336,35383A,0.18,E3CEBE,0.091,,,camel,9.7,low,little left after background removal; skin band 39% — overlaps dusty rose / salmon,0.387,0.158,no,top_beige_lace-trim_camisole,1908,2746,2036394,PNG,contact_sheet
content/swipe/products/IMG_0663.png,content/swipe/products,product,roll-neck knit with lace-hem skirt,pale taupe and cream,,,,,F7DDC9,0.51,DFB38F,0.347,28292C,0.077,AC663F,0.034,606265,0.031,cream,7.5,medium,skin band 13%; top cluster 51% — may still be a studio backdrop,0.134,0.866,no,bottom_pale_taupe_and_cream_roll-neck_knit_lace-hem,1908,2746,4479722,PNG,contact_sheet
content/swipe/products/IMG_0664.png,content/swipe/products,product,roll-neck knit with lace-hem maxi skirt,taupe and cream,,,,,F8DECB,0.297,E0A87C,0.274,E5BA98,0.266,373739,0.113,965435,0.05,cream,7.7,low,skin band 16% — overlaps dusty rose / salmon,0.16,0.84,no,bottom_taupe_and_cream_roll-neck_knit_lace-hem,1908,2746,6162808,PNG,contact_sheet
content/swipe/products/IMG_0665.png,content/swipe/products,product,"knit and lace-hem skirt, mid-shot",taupe and cream,,,,,F8DECB,0.319,E3B997,0.284,DFA87C,0.282,3A3838,0.065,985534,0.05,cream,7.7,low,skin band 21% — overlaps dusty rose / salmon,0.207,0.52,no,bottom_taupe_and_cream_knit_lace-hem_skirt,1908,2746,4924830,PNG,contact_sheet
content/swipe/products/IMG_0666.png,content/swipe/products,product,"knit with lace-hem maxi skirt, full look",cream and taupe,,,,,F9E1CF,0.548,DBB598,0.179,E7B286,0.169,383839,0.064,AF6B45,0.04,cream,7.0,low,skin band 22% — overlaps dusty rose / salmon; top cluster 55% — may still be a studio backdrop,0.22,0.496,no,bottom_cream_and_taupe_knit_lace-hem_maxi,1908,2746,3729751,PNG,contact_sheet
content/swipe/products/IMG_0667.png,content/swipe/products,product,lace-hem maxi skirt,beige,,,,,CC9F7B,0.395,D7AC8A,0.264,DDBDA2,0.128,36393B,0.122,E0CEBF,0.09,camel,7.4,low,little left after background removal,0.124,0.242,no,bottom_beige_lace-hem_maxi_skirt,1908,2746,2390890,PNG,contact_sheet
content/swipe/products/IMG_0668.png,content/swipe/products,product,"product page, knit and lace-hem skirt",beige,,,,,E2B28B,0.493,FCEFE5,0.413,995634,0.053,363637,0.037,,,camel,10.6,medium,skin band 12%; top cluster 49% — may still be a studio backdrop,0.116,0.884,no,bottom_beige_knit_lace-hem_skirt,1908,2746,5437769,PNG,contact_sheet
content/swipe/products/IMG_0669.png,content/swipe/products,product,roll-neck knit with leather-look midi skirt,taupe and olive,,,,,CAA898,0.387,EBD2C2,0.229,52391C,0.192,FFFEFE,0.108,A9826D,0.085,dusty rose,5.9,low,skin band 51% — overlaps dusty rose / salmon; skin not masked,0.509,1.0,yes,bottom_taupe_and_olive_roll-neck_knit_leather-look,1908,2746,5269089,PNG,contact_sheet
content/swipe/products/IMG_0670.png,content/swipe/products,product,"roll-neck knit with midi skirt, full look",olive and taupe,,,,,F3DBCA,0.566,CDA587,0.174,5D3D13,0.15,363739,0.066,9D6E41,0.043,cream,7.4,low,skin band 27% — overlaps dusty rose / salmon; top cluster 57% — may still be a studio backdrop,0.274,0.465,no,bottom_olive_and_taupe_roll-neck_knit_midi,1908,2746,3803945,PNG,contact_sheet
content/swipe/products/IMG_0671.png,content/swipe/products,product,roll-neck knit with tie cuffs,pale taupe,,,,,BDA096,0.448,AD8F85,0.191,CAB0A7,0.186,363839,0.141,81655F,0.034,dusty rose,3.8,low,little left after background removal; skin band 83% — overlaps dusty rose / salmon; skin not masked,0.83,0.22,no,top_pale_taupe_roll-neck_knit_tie,1908,2746,1976027,PNG,contact_sheet
content/swipe/products/IMG_0672.png,content/swipe/products,product,wide-leg trousers,tobacco brown,,,,,865131,0.489,784527,0.432,35383A,0.065,,,,,rust,7.9,medium,background dominates frame; top cluster 49% — may still be a studio backdrop,0.113,0.443,no,bottom_tobacco_brown_wide-leg_trousers,1908,2746,2527318,PNG,contact_sheet
content/swipe/products/IMG_0673.png,content/swipe/products,product,wide-leg trousers on model,tobacco brown,,,,,FDECDE,0.557,7D431E,0.193,DDB392,0.15,28292C,0.07,,,cream,5.3,medium,top cluster 56% — may still be a studio backdrop,0.028,0.972,no,bottom_tobacco_brown_wide-leg_trousers,1908,2746,2684765,PNG,contact_sheet
content/swipe/products/IMG_0674.png,content/swipe/products,product,wide-leg jeans,light blue,,,,,295376,0.415,50738F,0.262,282A2C,0.208,5D6268,0.093,,,petrol,11.0,medium,background dominates frame,0.0,0.314,no,bottom_light_blue_wide-leg_jeans,1908,2746,2585529,PNG,contact_sheet
content/swipe/products/IMG_0675.png,content/swipe/products,product,sheer lace top with wide trousers,black,,,,,F4DEC9,0.533,1C1817,0.231,E5C5A7,0.171,DD996F,0.035,,,cream,5.8,medium,top cluster 53% — may still be a studio backdrop,0.032,0.968,no,bottom_black_sheer_lace_top,1908,2746,3140947,PNG,contact_sheet
content/swipe/products/IMG_0676.png,content/swipe/products,product,"new-arrivals grid, dresses and blouses",mixed pink and green,Ulla Johnson,,,,EBD2C0,0.514,282324,0.259,545C60,0.153,955F48,0.046,,,stone,7.1,medium,skin band 14%; top cluster 51% — may still be a studio backdrop,0.136,0.594,yes,,1908,2746,4276835,PNG,contact_sheet
content/swipe/products/IMG_0677.png,content/swipe/products,product,"pointed mule, striped panel",tan and rust,,,,,3A393A,0.387,D3AA78,0.317,A75E41,0.131,CFCCCA,0.096,919192,0.069,warm charcoal,3.5,low,little left after background removal,0.028,0.111,no,shoes_tan_and_rust_pointed_mule_striped,1908,2746,821219,PNG,contact_sheet
content/swipe/products/IMG_0678.png,content/swipe/products,product,"pointed mule, colour-blocked",pale blue and brown,,,,,99ADB8,0.343,3B3839,0.293,020202,0.161,856B60,0.107,C8CBCC,0.095,muted teal,15.1,low,little left after background removal,0.01,0.139,yes,shoes_pale_blue_and_brown_pointed_mule_colour-blocked,1908,2746,552538,PNG,contact_sheet
content/swipe/products/IMG_0679.png,content/swipe/products,product,"pointed flat mule, spotted print",black and cream,,,,,3C3B3B,0.384,12100F,0.229,5534EB,0.135,928377,0.131,C6C4CA,0.121,warm charcoal,3.2,low,little left after background removal,0.007,0.166,no,shoes_black_and_cream_pointed_mule_spotted,1908,2746,755219,PNG,contact_sheet
content/swipe/products/IMG_0680.png,content/swipe/products,product,"listing page, knit top and dress",bright blue and navy,Rachel Comey,,,,DEDEDE,0.527,1A306C,0.171,C7BEB1,0.119,222225,0.105,605753,0.078,stone,7.0,medium,top cluster 53% — may still be a studio backdrop,0.021,0.518,no,dress_bright_blue_and_navy_rachel_comey_knit_top_dress,1908,2746,1841495,PNG,contact_sheet
content/swipe/products/IMG_0681.png,content/swipe/products,product,"listing page, long dress and knit hat",camel brown,Rachel Comey,,,,C3BDB7,0.272,2E2E2E,0.26,473320,0.238,745439,0.154,A88457,0.076,stone,5.0,low,little left after background removal,0.049,0.216,no,dress_camel_brown_rachel_comey_long_dress_knit,1908,2746,1988810,PNG,contact_sheet
content/swipe/products/IMG_0682.png,content/swipe/products,product,silky blouse with straight trousers,burgundy and dark olive,,,,,3F3832,0.279,1C150E,0.266,42192B,0.203,BFB3A2,0.155,743952,0.097,warm charcoal,2.1,medium,background dominates frame,0.022,0.255,yes,bottom_burgundy_and_dark_olive_silky_blouse_straight,1908,2746,3607407,PNG,contact_sheet
content/swipe/products/IMG_0683.png,content/swipe/products,product,silky blouse with straight trousers,burgundy and dark olive,,,,,512337,0.282,39332E,0.277,1B130D,0.243,C3B9A9,0.144,7C5F54,0.055,soft plum,7.1,medium,background dominates frame,0.023,0.257,no,bottom_burgundy_and_dark_olive_silky_blouse_straight,1908,2746,3699104,PNG,contact_sheet
content/swipe/products/IMG_0684.png,content/swipe/products,product,"listing grid, coats bags boots",black and grey,Jil Sander,,,,303133,0.37,101011,0.294,ACACA7,0.147,5E5E56,0.126,C1A47E,0.063,warm charcoal,4.8,medium,background dominates frame,0.026,0.251,no,shoes_black_and_grey_jil_sander_coats_bags_boots,1908,2746,1888996,PNG,contact_sheet
content/swipe/products/IMG_0685.png,content/swipe/products,product,curved leather shoulder bag,black,Jil Sander,,,,262628,0.664,5C5F63,0.177,D7D6D5,0.089,9F9993,0.046,,,warm charcoal,6.8,low,little left after background removal; top cluster 66% — may still be a studio backdrop,0.053,0.199,no,bag_black_jil_sander_curved_leather_shoulder,1908,2746,687645,PNG,contact_sheet
content/swipe/products/IMG_0686.png,content/swipe/products,product,shoulder bag worn with knit,black and violet,Jil Sander,,,,26223B,0.309,131014,0.247,3F3939,0.23,534D6D,0.154,A79E9A,0.06,soft plum,14.8,medium,background dominates frame,0.083,0.254,no,bag_black_and_violet_jil_sander_shoulder_bag_knit,1908,2746,2367130,PNG,contact_sheet
content/swipe/products/IMG_0687.png,content/swipe/products,product,double-faced wool long coat,mid grey,Jil Sander,,,,353539,0.406,1D1D20,0.337,5F6165,0.177,AEAAA6,0.067,,,warm charcoal,5.3,low,little left after background removal,0.018,0.233,no,layer_mid_grey_jil_sander_double-faced_wool_long,1908,2746,1119645,PNG,contact_sheet
content/swipe/products/IMG_0688.png,content/swipe/products,product,"long coat, back view",mid grey,,,,,302F31,0.421,181416,0.312,4F4A4C,0.143,767578,0.079,ADABAA,0.045,warm charcoal,4.7,low,little left after background removal,0.022,0.245,no,layer_mid_grey_long_coat,1908,2746,1604101,PNG,contact_sheet
content/swipe/products/IMG_0689.png,content/swipe/products,product,high funnel-neck wool coat,mid grey,,,,,545359,0.389,626268,0.38,35373A,0.147,AAAAA9,0.043,0D101D,0.041,warm charcoal,11.5,medium,background dominates frame,0.0,0.255,no,layer_mid_grey_high_funnel-neck_wool,1908,2746,1735832,PNG,contact_sheet
content/swipe/products/IMG_0690.png,content/swipe/products,product,small top-handle bag,tan caramel,,,,,3A3B3C,0.258,865630,0.255,C6C1BD,0.204,191215,0.19,6B442B,0.093,warm charcoal,4.2,low,little left after background removal,0.06,0.135,yes,bag_tan_caramel_small_top-handle_bag,1908,2746,853639,PNG,contact_sheet
content/swipe/products/IMG_0691.png,content/swipe/products,product,cap-sleeve long dress with slit,black,Jil Sander,,,,1A1A1C,0.457,353536,0.225,616468,0.15,BAA796,0.114,6E523F,0.055,warm charcoal,10.0,low,little left after background removal; top cluster 46% — may still be a studio backdrop,0.056,0.204,no,dress_black_jil_sander_cap-sleeve_long_dress,1908,2746,842180,PNG,contact_sheet
content/swipe/products/IMG_0692.png,content/swipe/products,product,"knit top, flat shot",dark grey,Jil Sander,,,,36383B,0.519,44464A,0.32,0A0F1D,0.061,CBCBCA,0.054,8E8F8F,0.046,warm charcoal,5.2,low,little left after background removal; top cluster 52% — may still be a studio backdrop,0.0,0.128,no,shoes_dark_grey_jil_sander_knit_top,1908,2746,847921,PNG,contact_sheet
content/swipe/products/IMG_0693.png,content/swipe/products,product,"listing grid, bags and shoes",black and burgundy,Jil Sander,,,,0F0F15,0.3,423B3C,0.224,CFCDC8,0.218,27272C,0.145,928479,0.113,warm charcoal,13.4,low,little left after background removal,0.032,0.212,no,shoes_black_and_burgundy_jil_sander_bags_shoes,1908,2746,1301012,PNG,contact_sheet
content/swipe/products/IMG_0694.png,content/swipe/products,product,"listing page, coat jeans tote boot",olive and brown,,,,,1E1E1C,0.357,3B382F,0.26,6C644B,0.208,515D6A,0.111,B5B0A8,0.064,warm charcoal,8.3,medium,background dominates frame,0.046,0.419,no,layer_olive_and_brown_coat_jeans_tote,1908,2746,2202927,PNG,contact_sheet
content/swipe/products/IMG_0695.png,content/swipe/products,product,long trench coat with jeans and beanie,olive and rust,,,,,7F5D43,0.501,26282B,0.201,425C73,0.122,403121,0.122,BEAE9E,0.054,rust,12.2,medium,background dominates frame; top cluster 50% — may still be a studio backdrop,0.048,0.276,yes,layer_olive_and_rust_long_trench_coat,1908,2746,1424337,PNG,contact_sheet
content/swipe/products/IMG_0696.png,content/swipe/products,product,"coat collar over roll-neck, close up",olive and green,,,,,816347,0.298,594935,0.261,F4F1EC,0.214,23201C,0.169,D3B398,0.057,cinnamon,13.6,high,,0.031,0.969,yes,layer_olive_and_green_coat_collar_roll-neck,1908,2746,4696165,PNG,contact_sheet
content/swipe/products/IMG_0697.png,content/swipe/products,product,"belted trench coat, flat shot",khaki olive,,,,,745D41,0.639,45331E,0.201,353739,0.059,9C5046,0.058,BFBAB3,0.043,chocolate,13.9,medium,top cluster 64% — may still be a studio backdrop,0.017,0.492,no,layer_khaki_olive_belted_trench_coat,1908,2746,2300630,PNG,contact_sheet
content/swipe/products/IMG_0698.png,content/swipe/products,product,tall riding boots,deep brown,,,,,47281F,0.582,1E1919,0.17,4E4C4C,0.143,9B5046,0.059,C9A787,0.046,chocolate,8.0,medium,top cluster 58% — may still be a studio backdrop,0.034,0.488,yes,shoes_deep_brown_tall_riding_boots,1908,2746,1169361,PNG,contact_sheet
content/swipe/products/IMG_0699.png,content/swipe/products,product,crew-neck knit jumper,taupe beige,Sezane,,,,252221,0.298,5D4C42,0.225,A59687,0.195,866F5D,0.193,D4CFC9,0.089,warm charcoal,6.6,medium,background dominates frame,0.1,0.45,no,top_taupe_beige_sezane_crew-neck_knit_jumper,1908,2746,2465688,PNG,contact_sheet
content/swipe/products/IMG_0700.png,content/swipe/products,product,printed scarf worn at neck,navy and blue,,,,,424548,0.272,181919,0.266,C1BAAE,0.218,938B81,0.191,A16840,0.053,warm charcoal,7.1,high,,0.013,0.581,no,accessory_navy_and_blue_printed_scarf_at,1908,2746,2915896,PNG,contact_sheet
content/swipe/products/IMG_0701.png,content/swipe/products,product,short jacket with wide trousers,camel and cream,Sezane,,,,9B8F83,0.381,262323,0.236,C9C4BB,0.203,625F5E,0.091,A2754A,0.089,warm mid grey,4.9,high,,0.012,0.483,no,layer_camel_and_cream_sezane_short_jacket_wide,1908,2746,1603067,PNG,contact_sheet
content/swipe/products/IMG_0702.png,content/swipe/products,product,shirt with wide jeans,white and mid blue,Sezane,,,,A09589,0.401,1F2125,0.259,716A63,0.176,D0CCC7,0.146,,,warm taupe,5.3,high,,0.007,0.502,no,bottom_white_and_mid_blue_sezane_shirt_wide_jeans,1908,2746,1536456,PNG,contact_sheet
content/swipe/products/IMG_0703.png,content/swipe/products,product,shirt with leather trousers,white and brown,Sezane,,,,A79D92,0.304,191918,0.243,D6D3CF,0.169,3B332F,0.157,6E645E,0.127,warm taupe,6.2,medium,background dominates frame,0.008,0.41,no,bottom_white_and_brown_sezane_shirt_leather_trousers,1908,2746,1508371,PNG,contact_sheet
content/swipe/products/IMG_0704.png,content/swipe/products,product,"soft shirt, seated model",cream white,Sezane,,,,9C9187,0.295,CFC9BF,0.246,73665F,0.177,1C1D1F,0.171,3D3836,0.111,warm mid grey,5.5,medium,background dominates frame,0.039,0.448,no,top_cream_white_sezane_soft_shirt_seated,1908,2746,2039178,PNG,contact_sheet
content/swipe/products/IMG_0705.png,content/swipe/products,product,shirt with wide jeans,mid blue,Sezane,,,,A5988B,0.352,1D1F25,0.331,5B6C7B,0.186,D3D2D0,0.072,6A311E,0.058,warm taupe,4.8,high,,0.009,0.452,no,bottom_mid_blue_sezane_shirt_wide_jeans,1908,2746,1914454,PNG,contact_sheet
content/swipe/products/IMG_0706.png,content/swipe/products,product,"poplin shirt, model portrait",pale blue,Sezane,,,,B8B9BD,0.285,1C1C1C,0.22,6D717A,0.19,A79383,0.177,3F3C3C,0.127,stone,9.8,medium,background dominates frame,0.028,0.42,no,top_pale_blue_sezane_poplin_shirt_portrait,1908,2746,1820852,PNG,contact_sheet
content/swipe/products/IMG_0707.png,content/swipe/products,product,roll-neck jumper with wide trousers,dark purple and black,COS,,,,1C1D1D,0.543,423E45,0.309,CDCCCE,0.129,,,,,warm charcoal,9.0,low,little left after background removal; top cluster 54% — may still be a studio backdrop,0.008,0.231,yes,bottom_dark_purple_and_black_cos_roll-neck_jumper_wide,1908,2746,4826513,PNG,contact_sheet
content/swipe/products/IMG_0708.png,content/swipe/products,product,"roll-neck jumper, two models, swatches",purple and blue,,,,,867364,0.301,F3F3F2,0.279,211C21,0.173,AAA9AB,0.126,383C49,0.121,warm mid grey,7.5,high,,0.032,0.968,no,top_purple_and_blue_roll-neck_jumper,1908,2746,5099084,PNG,contact_sheet
content/swipe/products/IMG_0709.png,content/swipe/products,product,crew jumper with trousers and clutch,black and olive,,,,,A09FA1,0.453,1F1E1C,0.232,FFFFFF,0.149,E6E5E1,0.148,,,warm mid grey,11.6,medium,top cluster 45% — may still be a studio backdrop,0.015,0.985,no,bottom_black_and_olive_crew_jumper_trousers,1908,2746,4540631,PNG,contact_sheet
content/swipe/products/IMG_0710.png,content/swipe/products,product,boiled wool bomber jacket and skirt,navy and charcoal,,,,,232328,0.412,F8F8F9,0.268,C0AC9D,0.153,A58B76,0.144,,,warm charcoal,8.6,low,skin band 20% — overlaps dusty rose / salmon,0.203,0.797,no,layer_navy_and_charcoal_boiled_wool_bomber,1908,2746,5915431,PNG,contact_sheet
content/swipe/products/IMG_0711.png,content/swipe/products,product,"long coat, full length",brown grey,COS,,,,C7B5A8,0.309,AD917C,0.294,423B38,0.201,2C2625,0.101,121114,0.095,stone,7.4,low,skin band 16% — overlaps dusty rose / salmon,0.158,0.56,no,layer_brown_grey_cos_long_coat_length,1908,2746,5047942,PNG,contact_sheet
content/swipe/products/IMG_0712.png,content/swipe/products,product,"long coat, side view",brown grey,COS,,,,574E47,0.426,BBADA3,0.204,353535,0.179,0F0F0E,0.161,,,warm charcoal,8.7,low,little left after background removal,0.038,0.218,no,layer_brown_grey_cos_long_coat,1908,2746,4329908,PNG,contact_sheet
content/swipe/products/IMG_0713.png,content/swipe/products,product,tailored double-breasted long coat,black,,,,,292A2A,0.287,141515,0.282,AE9678,0.214,C8B9AD,0.126,908277,0.091,warm charcoal,5.5,medium,background dominates frame,0.029,0.418,no,layer_black_tailored_double-breasted_long,1908,2746,4543472,PNG,contact_sheet
content/swipe/products/IMG_0714.png,content/swipe/products,product,"editorial shot, long coat on street",black and grey,,,,,191B1C,0.283,878786,0.202,BABABA,0.185,FCFBFB,0.18,464647,0.15,warm charcoal,9.9,high,,0.006,0.994,yes,layer_black_and_grey_editorial_long_coat,1908,2746,4096939,PNG,contact_sheet
content/swipe/products/IMG_0715.png,content/swipe/products,product,group of models in long coats,black,,,,,13191F,0.358,2E3134,0.215,FAF9F8,0.201,A5A19F,0.136,69625D,0.09,warm charcoal,12.4,high,,0.023,0.977,no,,1908,2746,5177180,PNG,contact_sheet
content/swipe/products/IMG_0716.png,content/swipe/products,product,group shot plus coat flat shots,black,,,,,16191D,0.389,F8F8F7,0.29,3C3938,0.14,6C6764,0.108,9D9A96,0.072,warm charcoal,11.3,high,,0.011,0.989,no,layer_black_group_plus_coat,1908,2746,4322738,PNG,contact_sheet
content/swipe/products/IMG_0717.png,content/swipe/products,product,roll-neck jumper with leather skirt,bright violet,,,,,A4A5A7,0.426,FFFFFF,0.209,E4E3E1,0.139,3F2E89,0.119,2D292B,0.107,warm mid grey,13.1,high,,0.014,0.986,yes,bottom_bright_violet_roll-neck_jumper_leather,1908,2746,4612333,PNG,contact_sheet
content/swipe/products/IMG_0718.png,content/swipe/products,product,double-breasted blazer and trousers,olive green,COS,,,,3B3F38,0.697,111211,0.173,C6C5C7,0.061,858586,0.046,,,warm charcoal,6.2,low,little left after background removal; top cluster 70% — may still be a studio backdrop,0.008,0.19,yes,layer_olive_green_cos_double-breasted_blazer_trousers,1908,2746,4157046,PNG,contact_sheet
content/swipe/products/IMG_0719.png,content/swipe/products,product,wool-blend double-breasted blazer,olive green,,,,,424540,0.399,1C1D1E,0.308,FFFFFF,0.234,909091,0.042,,,warm charcoal,6.4,medium,background dominates frame,0.004,0.371,no,layer_olive_green_wool-blend_double-breasted_blazer,1908,2746,5040638,PNG,contact_sheet
content/swipe/products/IMG_0720.png,content/swipe/products,product,blazer with flared trousers,navy blue,,,,,262737,0.47,19191A,0.295,3A3B3C,0.159,A3A2A3,0.068,,,warm charcoal,12.8,low,little left after background removal; top cluster 47% — may still be a studio backdrop,0.014,0.222,no,layer_navy_blue_blazer_flared_trousers,1908,2746,5044071,PNG,contact_sheet
content/swipe/products/IMG_0721.png,content/swipe/products,product,double-breasted peplum blazer,black,,,,,363941,0.466,D1CECB,0.246,090909,0.17,7A7775,0.072,CB8F6A,0.045,warm charcoal,7.8,low,little left after background removal; top cluster 47% — may still be a studio backdrop,0.053,0.136,no,layer_black_double-breasted_peplum_blazer,1908,2746,4868284,PNG,contact_sheet
content/swipe/products/IMG_0722.png,content/swipe/products,product,"editorial shot, suit by the Eiffel Tower",black and grey,,,,,F7F6F7,0.434,B4B4B4,0.246,191919,0.167,3C3D3E,0.076,7B7B7B,0.076,cream,9.5,high,,0.0,1.0,no,,1908,2746,2806414,PNG,contact_sheet
content/swipe/products/IMG_0723.png,content/swipe/products,product,crinkled leather shoulder bag,black,COS,,,,202123,0.306,080909,0.203,37393B,0.202,616366,0.202,ABACAC,0.087,warm charcoal,8.2,low,little left after background removal,0.0,0.205,no,bag_black_cos_crinkled_leather_shoulder,1908,2746,1049252,PNG,contact_sheet
content/swipe/products/IMG_0724.png,content/swipe/products,product,draped gathered shoulder bag,black,COS,,,,131314,0.506,363738,0.205,5C5E61,0.18,878788,0.06,B6B6B7,0.048,warm charcoal,11.7,medium,background dominates frame; top cluster 51% — may still be a studio backdrop,0.0,0.252,yes,bag_black_cos_draped_gathered_shoulder,1908,2746,1267031,PNG,contact_sheet
content/swipe/products/IMG_0725.png,content/swipe/products,product,fringed bag and barrel bag,black and brown,COS,,,,1A191A,0.36,373535,0.237,69696B,0.178,554C48,0.132,B6B2B0,0.092,warm charcoal,9.9,low,little left after background removal,0.025,0.216,no,bag_black_and_brown_cos_fringed_bag_barrel,1908,2746,1482341,PNG,contact_sheet
content/swipe/products/IMG_0726.png,content/swipe/products,product,curved shoulder bag and clutch,black,COS,,,,212224,0.311,37383A,0.254,606367,0.176,090909,0.17,A6A7A7,0.089,warm charcoal,8.0,low,little left after background removal,0.0,0.196,no,bag_black_cos_curved_shoulder_bag,1908,2746,1157559,PNG,contact_sheet
content/swipe/products/IMG_0727.png,content/swipe/products,product,tote bag and top-handle bag,navy and black,COS,,,,322E39,0.405,323334,0.359,0A0A0A,0.112,A3A3A3,0.062,5E5C64,0.062,warm charcoal,9.7,low,little left after background removal,0.0,0.193,no,bag_navy_and_black_cos_tote_bag_top-handle,1908,2746,1292816,PNG,contact_sheet
content/swipe/products/IMG_0728.png,content/swipe/products,product,shoulder bag and hobo bag,black and brown,COS,,,,393A3B,0.323,251F1D,0.285,0E0B0B,0.23,767575,0.084,B5B5B4,0.078,warm charcoal,4.1,low,little left after background removal,0.0,0.141,no,bag_black_and_brown_cos_shoulder_bag_hobo,1908,2746,1387739,PNG,contact_sheet
content/swipe/products/IMG_0729.png,content/swipe/products,product,"roll-neck with leather skirt, swatches",red and black,,,,,A0A0A1,0.471,EFEFEE,0.226,252726,0.16,A73740,0.119,,,warm mid grey,11.5,medium,top cluster 47% — may still be a studio backdrop,0.014,0.986,yes,bottom_red_and_black_roll-neck_leather_skirt,1908,2746,4966768,PNG,contact_sheet
content/swipe/products/IMG_0730.png,content/swipe/products,product,"roll-neck with leather skirt, swatches",red and brown,,,,,A1A0A2,0.465,EEEEEA,0.254,191817,0.121,4C4745,0.091,8C1F2E,0.07,warm mid grey,11.8,medium,top cluster 46% — may still be a studio backdrop,0.007,0.993,no,bottom_red_and_brown_roll-neck_leather_skirt,1908,2746,4716022,PNG,contact_sheet
content/swipe/products/IMG_0731.png,content/swipe/products,product,classic cotton poplin shirt,white,,,,,2A2B2C,0.554,0B0B0B,0.236,C8C5C3,0.124,929292,0.059,,,warm charcoal,5.5,low,little left after background removal; top cluster 55% — may still be a studio backdrop,0.0,0.106,no,top_white_classic_cotton_poplin,1908,2746,2683449,PNG,contact_sheet
content/swipe/products/IMG_0732.png,content/swipe/products,product,funnel-neck shirt with trousers,taupe grey,,,,,BBB5B9,0.582,3A3A3A,0.137,817271,0.127,080908,0.089,CC8B64,0.064,stone,10.3,medium,background dominates frame; top cluster 58% — may still be a studio backdrop,0.026,0.261,no,bottom_taupe_grey_funnel-neck_shirt_trousers,1908,2746,5098379,PNG,contact_sheet
content/swipe/products/IMG_0733.png,content/swipe/products,product,slim cotton raglan t-shirt,white,,,,,F5F4F3,0.397,D0CDC9,0.314,968D81,0.153,4D3832,0.069,191919,0.066,cream,8.3,high,,0.017,0.983,no,top_white_slim_cotton_raglan,1908,2746,2795818,PNG,contact_sheet
content/swipe/products/IMG_0734.png,content/swipe/products,product,"t-shirt on model, flat shots below",white and black,,,,,9F9D9B,0.458,EDEDEB,0.302,6F6860,0.116,42312D,0.068,171617,0.056,warm mid grey,9.8,medium,top cluster 46% — may still be a studio backdrop,0.006,0.994,no,shoes_white_and_black_t-shirt_shots_below,1908,2746,2377173,PNG,contact_sheet
content/swipe/products/IMG_0735.png,content/swipe/products,product,"fine knit cardigan, sunglasses",black,,,,,A5A6A7,0.452,F9F9F9,0.275,1F2020,0.224,6D6258,0.035,,,stone,12.8,medium,top cluster 45% — may still be a studio backdrop,0.005,0.995,no,layer_black_fine_knit_cardigan,1908,2746,4211024,PNG,contact_sheet
content/swipe/products/IMG_0736.png,content/swipe/products,product,"tops listing, long-sleeve and striped top",taupe and black,COS,,,,191A1A,0.426,64605D,0.217,C5BCB7,0.143,383838,0.132,959292,0.082,warm charcoal,9.8,medium,background dominates frame,0.035,0.33,no,top_taupe_and_black_cos_tops_long-sleeve_striped,1908,2746,10377822,PNG,contact_sheet
content/swipe/products/IMG_0737.png,content/swipe/products,product,long-sleeve top with sequinned skirt,taupe and grey,COS,,,,A7A4A1,0.357,867764,0.217,F0F0EF,0.213,4E4845,0.126,191818,0.086,warm taupe,10.9,high,,0.005,0.995,yes,bottom_taupe_and_grey_cos_long-sleeve_top_sequinned,1908,2746,3335405,PNG,contact_sheet
content/swipe/products/IMG_0738.png,content/swipe/products,product,high-neck long-sleeve top,burgundy,,,,,A1A1A3,0.436,FFFFFF,0.15,423333,0.143,201919,0.142,E6E4DF,0.13,warm mid grey,12.1,high,,0.01,0.99,no,top_burgundy_high-neck_long-sleeve_top,1908,2746,4568761,PNG,contact_sheet
content/swipe/products/IMG_0739.png,content/swipe/products,product,"cashmere crew-neck jumper, colour grid",many bright colours,,,,,E0DFDC,0.351,282729,0.343,877F7A,0.225,EB5569,0.048,78395D,0.033,stone,6.0,high,,0.01,0.623,no,top_many_bright_colours_cashmere_crew-neck_jumper,1908,2746,2006137,PNG,contact_sheet
content/swipe/products/IMG_0740.png,content/swipe/products,product,"cashmere crew-neck jumper, flat shots",deep brown,,,,,282221,0.483,D3D4D5,0.197,EAE7BA,0.18,76777A,0.132,,,warm charcoal,6.8,medium,background dominates frame; top cluster 48% — may still be a studio backdrop,0.002,0.44,no,shoes_deep_brown_cashmere_crew-neck_jumper,1908,2746,1503501,PNG,contact_sheet
content/swipe/products/IMG_0741.png,content/swipe/products,product,"cashmere cardigan, flat shot",navy,,,,,2B2B35,0.601,050509,0.25,C2C1C2,0.069,7E7C7C,0.065,,,warm charcoal,9.5,low,little left after background removal; top cluster 60% — may still be a studio backdrop,0.003,0.228,no,layer_navy_cashmere_cardigan,1908,2746,1055424,PNG,contact_sheet
content/swipe/products/IMG_0742.png,content/swipe/products,product,cashmere v-neck jumper on model,magenta pink,,,,,1C1C20,0.449,984C7B,0.256,C0B2A7,0.216,67554B,0.074,,,warm charcoal,10.0,medium,background dominates frame,0.055,0.27,no,top_magenta_pink_cashmere_v-neck_jumper,1908,2746,1649918,PNG,contact_sheet
content/swipe/products/IMG_0743.png,content/swipe/products,product,"cashmere v-neck jumper, flat shot",beige taupe,,,,,BDB0A3,0.456,010101,0.21,353638,0.209,887B74,0.115,,,stone,7.8,low,little left after background removal; top cluster 46% — may still be a studio backdrop,0.001,0.205,no,shoes_beige_taupe_cashmere_v-neck_jumper,1908,2746,928858,PNG,contact_sheet
content/swipe/products/IMG_0744.png,content/swipe/products,product,cashmere turtleneck jumper,beige and brown,,,,,151213,0.392,363132,0.355,C4BCB5,0.173,84746C,0.072,,,warm charcoal,11.6,medium,background dominates frame,0.033,0.269,no,top_beige_and_brown_cashmere_turtleneck_jumper,1908,2746,1311557,PNG,contact_sheet
content/swipe/products/IMG_0745.png,content/swipe/products,product,"turtleneck jumper, detail and flat",beige and black,,,,,111112,0.398,B5A89D,0.37,3D3D3E,0.199,,,,,warm charcoal,12.1,low,little left after background removal,0.059,0.246,no,shoes_beige_and_black_turtleneck_jumper,1908,2746,995050,PNG,contact_sheet
content/swipe/products/IMG_0746.png,content/swipe/products,product,cashmere short cardigan,light grey,,,,,B4B3B2,0.453,343536,0.285,030303,0.151,EFBFCF,0.104,,,stone,9.0,low,little left after background removal; top cluster 45% — may still be a studio backdrop,0.0,0.213,no,layer_light_grey_cashmere_short_cardigan,1908,2746,1007944,PNG,contact_sheet
content/swipe/products/IMG_0747.png,content/swipe/products,product,cashmere polo jumper with jeans,bright red,,,,,B0042E,0.352,1F1D1D,0.332,42546A,0.123,750E1E,0.117,BEB3B3,0.077,rust,15.9,medium,background dominates frame,0.104,0.282,yes,bottom_bright_red_cashmere_polo_jumper,1908,2746,1634551,PNG,contact_sheet
content/swipe/products/IMG_0748.png,content/swipe/products,product,"high-neck button jumper, flat shot",bright red,,,,,A9072A,0.439,2A2B2E,0.253,020101,0.146,5F6367,0.107,B8ADAF,0.055,rust,15.6,medium,background dominates frame,0.003,0.302,no,shoes_bright_red_high-neck_button_jumper,1908,2746,1030039,PNG,contact_sheet
content/swipe/products/IMG_0749.png,content/swipe/products,product,crew-neck jumper and colour stack,pale pink,,,,,E6DAD6,0.32,3B3D40,0.284,060404,0.191,C3875B,0.104,9E9F9F,0.101,stone,5.9,low,background dominates frame; skin band 17% — overlaps dusty rose / salmon,0.174,0.264,no,top_pale_pink_crew-neck_jumper_colour,1908,2746,1924270,PNG,contact_sheet
content/swipe/products/IMG_0750.png,content/swipe/products,product,crew-neck jumper with jeans,pale pink,,,,,3A3839,0.215,6887A1,0.212,010101,0.203,AABDCD,0.193,F3CDC4,0.178,warm charcoal,3.4,low,little left after background removal,0.145,0.214,no,bottom_pale_pink_crew-neck_jumper_jeans,1908,2746,1417635,PNG,contact_sheet
content/swipe/products/IMG_0751.png,content/swipe/products,product,cardigan with wide trousers,grey and brown,,,,,74757A,0.353,3B393A,0.325,0F0C0D,0.174,AEAEAF,0.143,,,warm mid grey,10.6,medium,background dominates frame,0.007,0.398,no,layer_grey_and_brown_cardigan_wide_trousers,1908,2746,2209330,PNG,contact_sheet
content/swipe/products/IMG_0752.png,content/swipe/products,product,merino crew-neck cardigan,light grey,,,,,86898B,0.407,383A3D,0.242,030303,0.212,C7C8CA,0.13,,,warm mid grey,8.0,low,little left after background removal,0.001,0.22,no,layer_light_grey_merino_crew-neck_cardigan,1908,2746,1044975,PNG,contact_sheet
content/swipe/products/IMG_0753.png,content/swipe/products,product,merino crew-neck jumper on model,dark green,,,,,1B1D1C,0.38,BFB4A9,0.232,3F5A4B,0.214,614235,0.103,646F7F,0.071,warm charcoal,9.2,medium,background dominates frame,0.041,0.318,no,top_dark_green_merino_crew-neck_jumper,1908,2746,1622528,PNG,contact_sheet
content/swipe/products/IMG_0754.png,content/swipe/products,product,crew-neck jumper and folded colour stack,deep brown,,,,,171517,0.324,3C3530,0.289,E5E1DD,0.227,5B6560,0.119,9F1D2A,0.042,warm charcoal,11.2,high,,0.029,0.586,no,top_deep_brown_crew-neck_jumper_folded,1908,2746,3086264,PNG,contact_sheet
content/swipe/products/IMG_0755.png,content/swipe/products,product,"merino crew-neck jumper, flat shot",deep brown,,,,,503F35,0.401,070605,0.24,313030,0.234,B1ADAD,0.115,,,chocolate,3.6,low,little left after background removal,0.001,0.233,no,shoes_deep_brown_merino_crew-neck_jumper,1908,2746,1025385,PNG,contact_sheet
content/swipe/products/IMG_0756.png,content/swipe/products,product,ribbed turtleneck with jeans,burgundy,,,,,191718,0.34,49494F,0.29,7C272C,0.253,BBAFAA,0.066,BD1E1B,0.052,warm charcoal,10.4,medium,background dominates frame,0.03,0.332,yes,bottom_burgundy_ribbed_turtleneck_jeans,1908,2746,1672731,PNG,contact_sheet
content/swipe/products/IMG_0757.png,content/swipe/products,product,"stacked ribbed turtlenecks, colour range",many colours,,,,,110E11,0.367,463F3F,0.247,C6231F,0.198,ADA4A1,0.106,7C1618,0.082,warm charcoal,12.8,medium,background dominates frame,0.048,0.445,no,,1908,2746,2349571,PNG,contact_sheet
content/swipe/products/IMG_0758.png,content/swipe/products,product,"ribbed turtleneck, flat shot",bright red,,,,,C12A20,0.32,3B3D3F,0.232,050303,0.214,B7B7BA,0.17,822019,0.065,rust,9.2,low,little left after background removal,0.013,0.217,no,shoes_bright_red_ribbed_turtleneck,1908,2746,1060352,PNG,contact_sheet
content/swipe/products/IMG_0759.png,content/swipe/products,product,ribbed polo jumper with jeans,rust orange,,,,,171619,0.373,464749,0.288,B93326,0.187,C1B9B3,0.079,81281A,0.073,warm charcoal,11.3,medium,background dominates frame,0.051,0.323,no,bottom_rust_orange_ribbed_polo_jumper,1908,2746,1696501,PNG,contact_sheet
content/swipe/products/IMG_0760.png,content/swipe/products,product,stacked jumpers and knit detail,brown and rust,,,,,222122,0.499,6F5643,0.309,B53024,0.117,BEBBB6,0.059,,,warm charcoal,7.6,medium,background dominates frame; top cluster 50% — may still be a studio backdrop,0.009,0.43,no,top_brown_and_rust_stacked_jumpers_knit,1908,2746,2905615,PNG,contact_sheet
content/swipe/products/IMG_0761.png,content/swipe/products,product,"ribbed polo jumper, flat shot",camel tan,,,,,333537,0.338,784E32,0.271,040303,0.243,C7C3C2,0.078,878584,0.07,warm charcoal,4.8,low,little left after background removal,0.023,0.195,no,shoes_camel_tan_ribbed_polo_jumper,1908,2746,1027986,PNG,contact_sheet
content/swipe/products/IMG_0762.png,content/swipe/products,product,polo cardigan with short skirt,burgundy and beige,,,,,3D3034,0.421,0C0809,0.262,D5B994,0.215,887469,0.092,,,warm charcoal,8.0,medium,background dominates frame,0.039,0.267,no,layer_burgundy_and_beige_polo_cardigan_short,1908,2746,1305946,PNG,contact_sheet
content/swipe/products/IMG_0763.png,content/swipe/products,product,"polo-neck cardigan, flat shot",burgundy,,,,,413439,0.529,070506,0.244,D8B98F,0.111,A7A7A8,0.104,,,warm charcoal,8.3,low,little left after background removal; top cluster 53% — may still be a studio backdrop,0.005,0.217,no,layer_burgundy_polo-neck_cardigan,1908,2746,961917,PNG,contact_sheet
content/swipe/products/IMG_0764.png,content/swipe/products,product,hooded utility parka on model,deep brown,,,,,533239,0.444,150C0B,0.29,3A3A3B,0.159,BAB6B5,0.102,,,soft plum,6.2,medium,background dominates frame,0.009,0.295,no,layer_deep_brown_hooded_utility_parka,1908,2746,1172660,PNG,contact_sheet
content/swipe/products/IMG_0765.png,content/swipe/products,product,"hooded parka, flat shot",dark burgundy,,,,,1D1917,0.263,653C46,0.222,3A3B45,0.219,020102,0.183,A7A5AA,0.114,warm charcoal,9.2,medium,background dominates frame,0.0,0.269,no,layer_dark_burgundy_hooded_parka,1908,2746,1038983,PNG,contact_sheet
content/swipe/products/IMG_0766.png,content/swipe/products,product,utility parka with pleated skirt,olive grey,,,,,2E2C2D,0.415,666864,0.228,070606,0.197,5D3737,0.103,C7C3C1,0.058,warm charcoal,4.6,medium,background dominates frame,0.019,0.296,no,layer_olive_grey_utility_parka_pleated,1908,2746,1082089,PNG,contact_sheet
content/swipe/products/IMG_0767.png,content/swipe/products,product,fleece-lined blouson jacket on model,dark green,,,,,194949,0.328,080B0C,0.214,393637,0.202,BBB5B3,0.18,737D87,0.076,deep teal,7.4,medium,background dominates frame,0.035,0.316,yes,layer_dark_green_fleece-lined_blouson_jacket,1908,2746,1679355,PNG,contact_sheet
content/swipe/products/IMG_0768.png,content/swipe/products,product,"blouson jackets, three colourways",green and beige,,,,,25293D,0.322,1D1D1E,0.318,3E5251,0.235,B7AE9E,0.122,,,warm charcoal,14.2,high,,0.0,0.469,no,layer_green_and_beige_blouson_jackets_colourways,1908,2746,2340927,PNG,contact_sheet
content/swipe/products/IMG_0769.png,content/swipe/products,product,"blouson jacket, flat shot",dark green,,,,,292B2E,0.34,26534E,0.265,020202,0.181,63676A,0.14,C6B0AB,0.074,warm charcoal,6.5,low,little left after background removal,0.0,0.248,no,layer_dark_green_blouson_jacket,1908,2746,742836,PNG,contact_sheet
content/swipe/products/IMG_0770.png,content/swipe/products,product,down parka on model,pale blue grey,,,,,151415,0.381,6D7578,0.274,3D3D3D,0.22,C7BBAD,0.121,,,warm charcoal,11.3,medium,background dominates frame,0.027,0.319,no,layer_pale_blue_grey_down_parka,1908,2746,1292252,PNG,contact_sheet
content/swipe/products/IMG_0771.png,content/swipe/products,product,short down puffer jacket,chocolate brown,,,,,674132,0.318,0B0504,0.189,383737,0.173,A69889,0.168,D5CBBD,0.152,chocolate,9.0,medium,background dominates frame,0.098,0.281,yes,layer_chocolate_brown_short_down_puffer,1908,2746,1632640,PNG,contact_sheet
content/swipe/products/IMG_0772.png,content/swipe/products,product,rack of down parkas,brown tones,,,,,3B3C3A,0.429,060505,0.347,B9B9B7,0.177,6B443A,0.038,,,warm charcoal,3.6,low,little left after background removal,0.044,0.169,no,,1908,2746,861259,PNG,contact_sheet
content/swipe/products/IMG_0773.png,content/swipe/products,product,hooded down puffer jacket,cream white,,,,,2A2B2F,0.333,0D0D10,0.276,CDC6BE,0.213,68686A,0.174,,,warm charcoal,6.7,medium,background dominates frame,0.002,0.336,no,layer_cream_white_hooded_down_puffer,1908,2746,1216254,PNG,contact_sheet
content/swipe/products/IMG_0774.png,content/swipe/products,product,"windproof blouson jackets, colourways",green and blue,,,,,343432,0.319,385B53,0.308,090D0C,0.218,B9B5AE,0.151,,,warm charcoal,2.8,medium,background dominates frame,0.027,0.323,no,layer_green_and_blue_windproof_blouson_jackets,1908,2746,1501927,PNG,contact_sheet
content/swipe/products/IMG_0775.png,content/swipe/products,product,long-sleeve t-shirt with trousers,beige and brown,,,,,B5A595,0.28,2F323A,0.235,664B39,0.211,090505,0.205,C8252F,0.07,warm taupe,6.0,medium,background dominates frame,0.039,0.267,no,bottom_beige_and_brown_long-sleeve_t-shirt_trousers,1908,2746,1483084,PNG,contact_sheet
content/swipe/products/IMG_0776.png,content/swipe/products,product,stacked long-sleeve t-shirts,many colours,,,,,282A32,0.416,040406,0.18,545E5C,0.157,CD2C30,0.141,B5A69C,0.106,warm charcoal,8.8,medium,background dominates frame,0.016,0.286,no,,1908,2746,1238895,PNG,contact_sheet
content/swipe/products/IMG_0777.png,content/swipe/products,product,long-sleeve t-shirt on model and flat,green and red,,,,,35413B,0.348,CD2A34,0.268,0B0B0B,0.267,AAA7A7,0.071,213450,0.047,warm charcoal,9.8,low,little left after background removal,0.008,0.231,no,shoes_green_and_red_long-sleeve_t-shirt,1908,2746,919866,PNG,contact_sheet
content/swipe/products/IMG_0778.png,content/swipe/products,product,ribbed henley long-sleeve tee,pale blue,,,,,BCD3EB,0.383,0A0706,0.224,3B3939,0.196,5D728E,0.187,,,stone,18.0,medium,background dominates frame,0.031,0.293,no,top_pale_blue_ribbed_henley_long-sleeve,1908,2746,1555507,PNG,contact_sheet
content/swipe/products/IMG_0779.png,content/swipe/products,product,"stacked henley tees, colour range",pastel blues,,,,,3A3B40,0.313,D3CDC7,0.27,B9D3F0,0.185,020203,0.13,7C899A,0.101,warm charcoal,6.1,medium,background dominates frame,0.002,0.351,no,top_pastel_blues_stacked_henley_tees,1908,2746,2114170,PNG,contact_sheet
content/swipe/products/IMG_0780.png,content/swipe/products,product,hooded long-sleeve t-shirt on model,light grey,,,,,C0BFB9,0.377,333334,0.309,070505,0.188,847F78,0.122,,,stone,5.5,medium,background dominates frame,0.021,0.288,no,top_light_grey_hooded_long-sleeve_t-shirt,1908,2746,1545841,PNG,contact_sheet
content/swipe/products/IMG_0781.png,content/swipe/products,product,stacked hooded tees and fabric detail,grey and brown,,,,,252429,0.468,CACFCC,0.284,AAAEAA,0.166,727470,0.078,,,warm charcoal,8.3,medium,background dominates frame; top cluster 47% — may still be a studio backdrop,0.002,0.396,no,,1908,2746,2303573,PNG,contact_sheet
content/swipe/products/IMG_0782.png,content/swipe/products,product,"hooded long-sleeve tee, flat shot",light grey,,,,,C1C3C0,0.28,060708,0.279,353738,0.176,717475,0.157,9F9593,0.108,stone,6.4,medium,background dominates frame,0.017,0.254,no,shoes_light_grey_hooded_long-sleeve_tee,1908,2746,992922,PNG,contact_sheet
content/swipe/products/IMG_0783.png,content/swipe/products,product,ribbed long-sleeve tee with trousers,rust orange,,,,,CD463D,0.313,3A3B3F,0.232,0B0605,0.204,75614D,0.145,B4B1AE,0.107,rust,10.4,medium,background dominates frame,0.051,0.271,yes,bottom_rust_orange_ribbed_long-sleeve_tee,1908,2746,1546601,PNG,contact_sheet
content/swipe/products/IMG_0784.png,content/swipe/products,product,stacked ribbed tees,red and cream,,,,,1D1E1F,0.305,D6D2CC,0.256,E1453F,0.165,476B78,0.159,583F3C,0.115,warm charcoal,8.8,medium,background dominates frame,0.003,0.375,no,,1908,2746,2259102,PNG,contact_sheet
content/swipe/products/IMG_0785.png,content/swipe/products,product,"ribbed long-sleeve tee, flat shot",cream,,,,,DBD0C1,0.411,010101,0.235,36383A,0.228,9C9386,0.113,,,stone,1.6,low,little left after background removal,0.001,0.185,no,shoes_cream_ribbed_long-sleeve_tee,1908,2746,886048,PNG,contact_sheet
content/swipe/products/IMG_0786.png,content/swipe/products,product,turtleneck top with trousers,pale pink and tan,,,,,1E1C1D,0.444,E6D3C4,0.29,754E1D,0.136,787D7B,0.102,,,warm charcoal,8.9,low,little left after background removal,0.117,0.247,no,bottom_pale_pink_and_tan_turtleneck_top_trousers,1908,2746,1566322,PNG,contact_sheet
content/swipe/products/IMG_0787.png,content/swipe/products,product,"rack of turtleneck tops, colour range",pastel rainbow,,,,,130D0E,0.335,CEC7C4,0.269,423C3D,0.267,DADFAE,0.081,EB8295,0.049,warm charcoal,12.6,medium,skin band 6%,0.063,0.565,yes,top_pastel_rainbow_rack_turtleneck_tops,1908,2746,3089159,PNG,contact_sheet
content/swipe/products/IMG_0788.png,content/swipe/products,product,long-sleeve top with trousers,black and grey,,,,,E0665A,0.266,2C2A2C,0.243,100E0F,0.236,737174,0.171,BAB2B3,0.084,salmon,11.3,medium,background dominates frame,0.049,0.439,no,bottom_black_and_grey_long-sleeve_top_trousers,1908,2746,1151155,PNG,contact_sheet
content/swipe/products/IMG_0789.png,content/swipe/products,product,short fitted t-shirt with jeans,burgundy,,,,,513336,0.398,111117,0.32,CDB39D,0.15,827D7D,0.127,,,soft plum,7.8,medium,background dominates frame,0.126,0.263,no,bottom_burgundy_short_fitted_t-shirt,1908,2746,1591172,PNG,contact_sheet
content/swipe/products/IMG_0790.png,content/swipe/products,product,stacked fitted t-shirts,pale multicolour,,,,,171718,0.367,463F40,0.336,C7BBA6,0.162,6E3138,0.07,4364A6,0.065,warm charcoal,10.6,medium,background dominates frame,0.057,0.365,no,,1908,2746,1556167,PNG,contact_sheet
content/swipe/products/IMG_0791.png,content/swipe/products,product,"fitted t-shirt, flat shot",dark burgundy,,,,,453333,0.625,030202,0.231,B4B0AF,0.133,,,,,chocolate,8.5,low,little left after background removal; top cluster 62% — may still be a studio backdrop,0.0,0.203,no,shoes_dark_burgundy_fitted_t-shirt,1908,2746,733996,PNG,contact_sheet
content/swipe/products/IMG_0792.png,content/swipe/products,product,crew-neck t-shirt with trousers,pale yellow cream,,,,,E1CCAD,0.312,363637,0.201,020201,0.186,665B55,0.181,A39E9F,0.121,stone,7.3,low,little left after background removal,0.069,0.247,no,bottom_pale_yellow_cream_crew-neck_t-shirt_trousers,1908,2746,1120666,PNG,contact_sheet
content/swipe/products/IMG_0793.png,content/swipe/products,product,stacked crew-neck t-shirts,pale multicolour,,,,,393B3F,0.26,868289,0.252,C9C8BC,0.237,020202,0.174,B22F50,0.076,warm charcoal,5.8,medium,background dominates frame,0.001,0.27,no,,1908,2746,1386313,PNG,contact_sheet
content/swipe/products/IMG_0794.png,content/swipe/products,product,oversized hooded long coat,khaki beige,,,,,B7A687,0.401,9A8869,0.227,090503,0.144,373735,0.135,7B6547,0.094,warm taupe,5.7,medium,background dominates frame,0.0,0.379,yes,layer_khaki_beige_oversized_hooded_long,1908,2746,2075958,PNG,contact_sheet
content/swipe/products/IMG_0795.png,content/swipe/products,product,half-zip sweatshirt with trousers,light grey,,,,,B2B2B3,0.357,3A3C40,0.295,090708,0.24,87562A,0.081,,,stone,9.9,medium,background dominates frame,0.02,0.27,no,bottom_light_grey_half-zip_sweatshirt_trousers,1908,2746,1681615,PNG,contact_sheet
content/swipe/products/IMG_0796.png,content/swipe/products,product,"half-zip sweatshirt, flat shot",cream,,,,,2A2B2D,0.399,010101,0.232,BFB9AF,0.183,626569,0.178,,,warm charcoal,5.8,low,little left after background removal,0.001,0.191,no,shoes_cream_half-zip_sweatshirt,1908,2746,796896,PNG,contact_sheet
content/swipe/products/IMG_0797.png,content/swipe/products,product,full-zip active jacket on model,blue grey,,,,,41454C,0.418,81444F,0.208,070707,0.186,648DBF,0.097,B8B3B0,0.091,warm charcoal,8.7,medium,background dominates frame,0.038,0.274,no,layer_blue_grey_full-zip_active_jacket,1908,2746,1210647,PNG,contact_sheet
content/swipe/products/IMG_0798.png,content/swipe/products,product,flared leggings on model,deep brown,,,,,231D1E,0.535,52545A,0.358,CDCAC9,0.061,908D8D,0.04,,,warm charcoal,8.7,medium,background dominates frame; top cluster 54% — may still be a studio backdrop,0.003,0.269,no,bottom_deep_brown_flared_leggings,1908,2746,734569,PNG,contact_sheet
content/swipe/products/IMG_0799.png,content/swipe/products,product,sweatshirt on model and colour rack,dark grey,,,,,3C3A3A,0.491,A1A7B4,0.241,0C0B0C,0.198,D74630,0.035,2E384E,0.035,warm charcoal,2.9,medium,background dominates frame; top cluster 49% — may still be a studio backdrop,0.008,0.355,no,top_dark_grey_sweatshirt_colour_rack,1908,2746,1678355,PNG,contact_sheet
content/swipe/products/IMG_0800.png,content/swipe/products,product,"sweatshirt, flat shot",mid blue,,,,,1C1D1F,0.382,6988B4,0.309,616367,0.123,CEC0BF,0.116,3B4F74,0.07,warm charcoal,9.3,medium,background dominates frame,0.001,0.317,no,shoes_mid_blue_sweatshirt,1908,2746,1217505,PNG,contact_sheet
content/swipe/products/IMG_3462.png,content/swipe/products,product,ballerina flats worn with cropped jeans,yellow and pale blue,Sezane,,,,928473,0.298,B0ACA4,0.23,FEFBF8,0.223,181A1C,0.185,686E6F,0.065,warm mid grey,3.3,high,,0.004,0.996,yes,bottom_yellow_and_pale_blue_sezane_ballerina_flats_cropped,1179,2556,1072833,PNG,contact_sheet
content/swipe/products/IMG_3463.png,content/swipe/products,product,"shoe listing, slingbacks and ballet flats",black and tan,Sezane,,,,A89B8F,0.717,120B0C,0.11,605E5F,0.079,C08555,0.05,6F3827,0.044,warm taupe,5.4,medium,background dominates frame; top cluster 72% — may still be a studio backdrop,0.137,0.436,no,shoes_black_and_tan_sezane_shoe_slingbacks_ballet,1179,2556,1415158,PNG,contact_sheet
content/swipe/products/IMG_3464.png,content/swipe/products,product,ankle boots and long skirt,black and olive,Sezane,,,,95897C,0.321,141413,0.255,B2A99F,0.242,886C4A,0.107,534537,0.075,warm mid grey,3.1,high,,0.001,0.686,no,bottom_black_and_olive_sezane_ankle_boots_long,1179,2556,1676179,PNG,contact_sheet
content/swipe/products/IMG_3465.png,content/swipe/products,product,flat sandals and heeled sandals,brown and burgundy,Sezane,,,,968878,0.32,C2B4A4,0.233,1A1A1D,0.224,7490A5,0.127,804732,0.095,warm mid grey,3.7,high,,0.045,0.656,no,shoes_brown_and_burgundy_sezane_sandals_heeled_sandals,1179,2556,1723082,PNG,contact_sheet
content/swipe/products/IMG_3466.png,content/swipe/products,format,"Vertical reel screenshot, woman in white tee and white trousers in bright living room","White outfit against pale walls and warm wood, one red text overlay for contrast",,,"Full-bleed vertical video, red caption text centred over the body, handle and sound low, icons right",Red text on a white outfit stops the scroll and states the format in three words,959085,0.439,CDCCC6,0.233,72706E,0.142,504A46,0.13,181615,0.057,warm mid grey,4.7,high,,0.008,0.992,yes,,1179,2556,3873702,PNG,opened_reduced
content/swipe/products/IMG_3467.png,content/swipe/products,format,"Shop page screenshot: rust-red shirt, ivory wide trousers, black mules; page names Reformation top","Rust red against ivory and warm grey, black accents, clear warm contrast","shopmy, Reformation",,"Product image left with thumbnail right, then category line, large product title, curator row, description","Picture first, name second, social proof third — the page answers questions in order",C4BFBA,0.356,09090B,0.203,8E352B,0.181,646266,0.132,601614,0.128,stone,4.9,low,little left after background removal,0.017,0.131,yes,,1179,2556,1019434,PNG,opened_reduced
content/swipe/products/IMG_3468.png,content/swipe/products,product,wide cotton poplin trousers,white,J.Crew,,,,191D1F,0.523,D9D5D3,0.341,9D9B9C,0.068,644D45,0.065,,,warm charcoal,10.1,low,little left after background removal; top cluster 52% — may still be a studio backdrop,0.045,0.208,no,bottom_white_j_crew_wide_cotton_poplin,1179,2556,689901,PNG,contact_sheet
content/swipe/visuals/IMG_0026.jpeg,content/swipe/visuals,format,"Substack note with three images: a handbag, an interior, a blank white frame",,,,,,A18E70,0.242,DBD6CF,0.22,5A4D37,0.217,1F1C1B,0.214,626573,0.107,warm taupe,3.1,high,,0.017,0.983,no,,1908,696,296876,JPEG,contact_sheet
content/swipe/visuals/IMG_0028.jpeg,content/swipe/visuals,format,"Substack post section ""Where we Stayed"" with a hotel lobby interior photo",,,,,,1D1919,0.303,7F7F7C,0.215,A58868,0.168,5D4129,0.159,BED1DB,0.155,warm charcoal,9.5,high,,0.015,0.985,no,,1595,2165,852124,JPEG,contact_sheet
content/swipe/visuals/IMG_0030.jpeg,content/swipe/visuals,format,"Substack note with three images: marbled paper, draped fabric, carved facade",,,,,,918465,0.249,645A48,0.247,181819,0.206,CEC0A7,0.162,412C25,0.136,warm mid grey,7.6,high,,0.0,1.0,no,,1908,665,246381,JPEG,contact_sheet
content/swipe/visuals/IMG_0066.png,content/swipe/visuals,visual,back view of a woman in an open-backed tan wrap dress standing in tall ornamental grasses,"warm tan against olive and straw; very low contrast, close hues",,"FIBRE NOT DECLARED — reads as suede, but a colour test cannot tell suede from anything else","halter back, buckle at the waist, wrapped overlapping skirt with a front split","garment and setting share one colour family, so shape has to carry the picture",80703F,0.334,4B441D,0.283,DDA264,0.203,141509,0.13,A8A599,0.049,moss,12.9,high,,0.0,1.0,yes,,1908,2746,16519882,PNG,opened_reduced
content/swipe/visuals/IMG_0102.jpeg,content/swipe/visuals,format,"Substack note with images: green knit sleeve, white flowers, pale green panel",,,,,,383222,0.265,615F43,0.245,8B8F5D,0.193,CECC72,0.178,ABA79C,0.119,warm charcoal,6.5,high,,0.012,0.679,no,,1908,855,274676,JPEG,contact_sheet
content/swipe/visuals/IMG_0106.jpeg,content/swipe/visuals,format,Substack note with garden and outdoor greenery images,,,,,,524E39,0.266,343126,0.257,7C7664,0.208,C9C6C1,0.144,AEA185,0.125,dark olive,8.9,high,,0.0,0.7,no,,1908,847,379529,JPEG,contact_sheet
content/swipe/visuals/IMG_0107.jpeg,content/swipe/visuals,format,"Substack note with landscape, path and white dog images",,,,,,706759,0.327,AAA295,0.218,C5CFD6,0.185,3C3733,0.173,969A63,0.098,warm mid grey,11.2,high,,0.025,0.713,no,,1908,850,344534,JPEG,contact_sheet
content/swipe/visuals/IMG_0108.jpeg,content/swipe/visuals,format,"Substack note ""colors of the week"" with flowers and colour-block swatches",,,,,,7C515B,0.405,BEBAB3,0.305,382421,0.157,655731,0.085,6E6762,0.048,soft plum,9.9,high,,0.01,0.629,no,,1908,911,319449,JPEG,contact_sheet
content/swipe/visuals/IMG_0136.png,content/swipe/visuals,visual,"video frame from a Soft Autumn colour-analysis video: a fawn, two lynx kittens, two owls, captioned ""Color inspiration for Soft Autumn""","muted fawn brown, warm grey, soft ochre, all low chroma",,,"three photos at staggered sizes, overlapping, under a title bar",animals carry the palette relationships better than swatches do,5B5344,0.294,221C16,0.215,C9C0B4,0.17,928A79,0.163,8C6F4E,0.158,chocolate,10.9,high,,0.006,0.994,yes,,2746,1908,3751301,PNG,opened_reduced
content/swipe/visuals/IMG_0137.png,content/swipe/visuals,visual,Video frame with two warm-toned photos of lions,,,,,,936F4B,0.24,C29972,0.237,C8BEB3,0.215,59442F,0.162,1D1B0F,0.147,cinnamon,10.2,high,,0.009,0.991,no,,2746,1908,5261785,PNG,contact_sheet
content/swipe/visuals/IMG_0145.png,content/swipe/visuals,visual,"interior: pale blue-green sofa, two dark red-brown wood tables with glass inlays, chartreuse ottoman, tan cable throw","pale blue-green against chartreuse and red-brown; cool base, two warm accents",,,two low tables layered in front of a long sofa; glossy glass against matte upholstery,two small warm accents lift a cool room without changing its base,5C6F6A,0.286,15120D,0.283,C1D2D3,0.198,9C9850,0.121,4E2818,0.112,deep teal,12.3,high,,0.016,0.984,yes,,1908,2746,10768355,PNG,opened_reduced
content/swipe/visuals/IMG_0146.jpeg,content/swipe/visuals,visual,"Two images: white cottage on a tree-lined lane, and a cream textured surface detail",,,,,,C4B293,0.363,948047,0.209,55502A,0.184,282615,0.145,9EA1A7,0.098,camel,8.4,high,,0.004,0.996,no,,1297,643,265354,JPEG,contact_sheet
content/swipe/visuals/IMG_0147.jpeg,content/swipe/visuals,visual,"two interiors side by side: a cream sunroom with butter-yellow seating; a library with mint-green shelves, dusty-rose window seat and terracotta blinds",left cream and butter; right mint-sage against dusty rose and terracotta,,,"equal-width two-panel layout, same subject twice, one neutral version and one coloured",the right-hand panel is Olive-and-Faded-Rose as a room,B3A172,0.327,6C5D46,0.31,2D2322,0.162,E8E4D6,0.126,ADAEAB,0.075,camel,4.5,high,,0.022,0.978,yes,,1230,630,244808,JPEG,opened_reduced
content/swipe/visuals/IMG_3454.png,content/swipe/visuals,visual,"Phone screenshot of vertical reel: person holding huge pink pompom flower bouquet, white trousers","Dusty pink flowers against pale stone and white trousers, soft warm, narrow range",,,"Full-bleed vertical video, logo overlay centred, caption and handle low left, action icons right",Face hidden by the bouquet makes the colour and shape the subject,534D45,0.331,827D76,0.269,25211E,0.193,C2BFBD,0.147,935983,0.06,warm charcoal,8.0,high,,0.004,0.672,yes,,1179,2556,5266628,PNG,opened_reduced
